pitcher_name,pitcher_id,game_date,season,team,opponent,strikeouts,innings_pitched,batters_faced,hits,walks,is_home,park_k_factor,days_rest,game_id
Gerrit Cole,10000,2019-04-01,2019,ATL,WSN,0,5.3,25,6,1,0,1.01,5,2019_10000_0
Gerrit Cole,10000,2019-04-02,2019,ATL,KCR,4,5.7,27,4,1,0,0.96,1,2019_10000_1
Gerrit Cole,10000,2019-04-04,2019,ATL,CHW,1,5.0,23,2,2,0,0.99,2,2019_10000_2
Gerrit Cole,10000,2019-04-13,2019,ATL,BOS,2,4.7,18,7,1,0,0.98,9,2019_10000_3
Gerrit Cole,10000,2019-04-15,2019,ATL,MIN,2,3.7,18,4,1,0,1.0,2,2019_10000_4
Gerrit Cole,10000,2019-04-21,2019,ATL,LAA,3,6.7,26,6,2,0,0.99,6,2019_10000_5
Gerrit Cole,10000,2019-07-19,2019,ATL,STL,6,7.7,35,8,4,0,1.0,30,2019_10000_6
Gerrit Cole,10000,2019-07-23,2019,ATL,CHC,3,5.7,25,7,3,0,0.97,4,2019_10000_7
Gerrit Cole,10000,2019-07-25,2019,ATL,TEX,3,6.0,25,7,1,1,1.02,2,2019_10000_8
Gerrit Cole,10000,2019-07-31,2019,ATL,SDP,5,3.7,12,5,1,0,1.08,6,2019_10000_9
Gerrit Cole,10000,2019-08-27,2019,ATL,COL,2,6.3,25,6,3,0,0.92,27,2019_10000_10
Gerrit Cole,10000,2019-09-04,2019,ATL,WSN,1,5.7,25,3,2,1,1.02,8,2019_10000_11
Gerrit Cole,10000,2019-09-09,2019,ATL,LAD,3,4.7,22,5,1,1,1.02,5,2019_10000_12
Gerrit Cole,10000,2019-09-20,2019,ATL,NYY,8,6.3,28,6,2,0,0.99,11,2019_10000_13
Gerrit Cole,10000,2019-09-24,2019,ATL,CLE,3,5.3,21,6,1,1,1.02,4,2019_10000_14
Max Scherzer,10001,2019-04-09,2019,ARI,ATL,9,5.7,22,4,2,0,1.02,5,2019_10001_0
Max Scherzer,10001,2019-04-17,2019,ARI,CHW,5,4.7,21,5,1,0,0.99,8,2019_10001_1
Max Scherzer,10001,2019-05-15,2019,ARI,CHW,6,6.0,29,7,2,1,1.03,28,2019_10001_2
Max Scherzer,10001,2019-06-13,2019,ARI,BOS,9,4.7,21,6,2,0,0.98,29,2019_10001_3
Max Scherzer,10001,2019-06-15,2019,ARI,SEA,11,5.3,23,3,2,1,1.03,2,2019_10001_4
Max Scherzer,10001,2019-06-22,2019,ARI,PHI,15,7.0,36,6,3,0,1.01,7,2019_10001_5
Max Scherzer,10001,2019-06-25,2019,ARI,DET,8,8.3,34,5,2,0,1.0,3,2019_10001_6
Max Scherzer,10001,2019-07-05,2019,ARI,HOU,4,5.3,22,6,2,1,1.03,10,2019_10001_7
Max Scherzer,10001,2019-07-06,2019,ARI,HOU,9,7.3,28,7,2,1,1.03,1,2019_10001_8
Max Scherzer,10001,2019-07-12,2019,ARI,COL,6,6.3,30,6,2,1,1.03,6,2019_10001_9
Max Scherzer,10001,2019-07-13,2019,ARI,MIN,4,6.7,30,8,4,1,1.03,1,2019_10001_10
Max Scherzer,10001,2019-07-23,2019,ARI,SEA,9,7.0,29,8,3,0,1.04,10,2019_10001_11
Max Scherzer,10001,2019-07-26,2019,ARI,PHI,16,7.0,33,8,3,1,1.03,3,2019_10001_12
Max Scherzer,10001,2019-07-27,2019,ARI,HOU,15,6.7,29,5,2,0,1.02,1,2019_10001_13
Max Scherzer,10001,2019-07-30,2019,ARI,NYM,8,5.7,21,8,3,1,1.03,3,2019_10001_14
Max Scherzer,10001,2019-08-02,2019,ARI,COL,9,6.3,24,5,0,1,1.03,3,2019_10001_15
Max Scherzer,10001,2019-08-05,2019,ARI,BAL,8,4.3,18,7,1,1,1.03,3,2019_10001_16
Max Scherzer,10001,2019-08-09,2019,ARI,LAA,15,8.7,37,8,4,0,0.99,4,2019_10001_17
Max Scherzer,10001,2019-08-16,2019,ARI,OAK,8,6.0,24,5,3,1,1.03,7,2019_10001_18
Max Scherzer,10001,2019-08-19,2019,ARI,MIN,12,5.0,20,5,2,1,1.03,3,2019_10001_19
Max Scherzer,10001,2019-08-24,2019,ARI,PHI,7,6.0,21,7,2,0,1.01,5,2019_10001_20
Max Scherzer,10001,2019-08-25,2019,ARI,STL,11,6.3,31,4,2,0,1.0,1,2019_10001_21
Max Scherzer,10001,2019-09-04,2019,ARI,NYY,8,5.3,23,6,1,0,0.99,10,2019_10001_22
Max Scherzer,10001,2019-09-07,2019,ARI,TBR,12,6.3,29,6,2,1,1.03,3,2019_10001_23
Max Scherzer,10001,2019-09-19,2019,ARI,COL,2,3.0,13,5,0,0,0.92,12,2019_10001_24
Max Scherzer,10001,2019-09-23,2019,ARI,KCR,15,9.0,38,7,3,0,0.96,4,2019_10001_25
Max Scherzer,10001,2019-09-24,2019,ARI,SDP,12,5.7,26,7,1,1,1.03,1,2019_10001_26
Max Scherzer,10001,2019-09-28,2019,ARI,TBR,19,7.0,29,8,3,0,1.05,4,2019_10001_27
Max Scherzer,10001,2019-09-30,2019,ARI,SEA,9,6.7,28,7,2,1,1.03,2,2019_10001_28
Jacob deGrom,10002,2019-03-31,2019,TEX,MIA,0,5.0,21,4,1,1,0.99,5,2019_10002_0
Jacob deGrom,10002,2019-04-20,2019,TEX,WSN,4,6.0,24,5,2,0,1.01,20,2019_10002_1
Jacob deGrom,10002,2019-04-25,2019,TEX,WSN,1,3.7,16,4,1,0,1.01,5,2019_10002_2
Jacob deGrom,10002,2019-04-28,2019,TEX,DET,2,5.0,22,3,2,1,0.99,3,2019_10002_3
Jacob deGrom,10002,2019-05-01,2019,TEX,BOS,1,6.7,28,9,4,0,0.98,3,2019_10002_4
Jacob deGrom,10002,2019-05-11,2019,TEX,NYY,3,4.0,20,2,2,1,0.99,10,2019_10002_5
Jacob deGrom,10002,2019-05-18,2019,TEX,SEA,2,4.7,18,5,2,0,1.04,7,2019_10002_6
Jacob deGrom,10002,2019-05-23,2019,TEX,ARI,7,6.3,30,5,2,1,0.99,5,2019_10002_7
Jacob deGrom,10002,2019-07-18,2019,TEX,TOR,1,5.0,21,4,1,1,0.99,30,2019_10002_8
Jacob deGrom,10002,2019-07-28,2019,TEX,TBR,4,4.7,19,4,2,0,1.05,10,2019_10002_9
Jacob deGrom,10002,2019-08-10,2019,TEX,SFG,3,5.0,21,6,1,0,1.03,13,2019_10002_10
Jacob deGrom,10002,2019-08-12,2019,TEX,CHW,7,6.0,28,6,2,1,0.99,2,2019_10002_11
Jacob deGrom,10002,2019-08-15,2019,TEX,STL,0,3.0,10,1,0,0,1.0,3,2019_10002_12
Jacob deGrom,10002,2019-08-27,2019,TEX,PIT,1,4.7,17,5,0,0,1.0,12,2019_10002_13
Jacob deGrom,10002,2019-08-29,2019,TEX,CLE,1,6.0,23,6,3,1,0.99,2,2019_10002_14
Jacob deGrom,10002,2019-09-06,2019,TEX,LAD,3,6.0,25,4,2,1,0.99,8,2019_10002_15
Jacob deGrom,10002,2019-09-10,2019,TEX,NYM,2,5.3,22,5,1,0,1.06,4,2019_10002_16
Jacob deGrom,10002,2019-09-11,2019,TEX,TOR,0,4.0,14,6,1,1,0.99,1,2019_10002_17
Jacob deGrom,10002,2019-09-30,2019,TEX,MIL,8,6.3,28,7,1,0,1.05,19,2019_10002_18
Shane Bieber,10003,2019-04-16,2019,STL,CLE,2,4.3,21,7,1,0,1.04,5,2019_10003_0
Shane Bieber,10003,2019-05-02,2019,STL,WSN,3,5.3,21,5,2,1,1.0,16,2019_10003_1
Shane Bieber,10003,2019-05-06,2019,STL,CLE,2,4.7,17,5,1,0,1.04,4,2019_10003_2
Shane Bieber,10003,2019-08-24,2019,STL,COL,3,5.0,20,5,0,0,0.92,30,2019_10003_3
Shane Bieber,10003,2019-09-25,2019,STL,CHC,6,5.0,26,4,2,0,0.97,30,2019_10003_4
Zack Wheeler,10006,2019-04-01,2019,ARI,MIL,8,7.7,33,7,3,0,1.05,5,2019_10006_0
Zack Wheeler,10006,2019-04-09,2019,ARI,WSN,2,6.3,26,6,2,0,1.01,8,2019_10006_1
Zack Wheeler,10006,2019-04-17,2019,ARI,WSN,3,6.0,25,8,3,1,1.03,8,2019_10006_2
Zack Wheeler,10006,2019-04-18,2019,ARI,HOU,6,4.7,22,4,1,0,1.02,1,2019_10006_3
Zack Wheeler,10006,2019-04-19,2019,ARI,MIA,3,4.3,18,1,3,1,1.03,1,2019_10006_4
Zack Wheeler,10006,2019-05-06,2019,ARI,ATL,1,7.3,31,7,2,0,1.02,17,2019_10006_5
Zack Wheeler,10006,2019-05-18,2019,ARI,CIN,8,7.3,32,7,2,0,1.0,12,2019_10006_6
Zack Wheeler,10006,2019-05-22,2019,ARI,BOS,4,7.0,33,6,1,0,0.98,4,2019_10006_7
Zack Wheeler,10006,2019-05-26,2019,ARI,SEA,2,6.7,28,9,2,1,1.03,4,2019_10006_8
Zack Wheeler,10006,2019-05-29,2019,ARI,WSN,7,7.0,35,10,3,1,1.03,3,2019_10006_9
Zack Wheeler,10006,2019-06-07,2019,ARI,CHC,9,7.7,31,11,1,1,1.03,9,2019_10006_10
Zack Wheeler,10006,2019-06-13,2019,ARI,MIL,5,6.0,30,6,1,1,1.03,6,2019_10006_11
Zack Wheeler,10006,2019-06-16,2019,ARI,TBR,6,6.7,27,7,3,0,1.05,3,2019_10006_12
Zack Wheeler,10006,2019-06-27,2019,ARI,ATL,3,4.0,17,4,1,1,1.03,11,2019_10006_13
Zack Wheeler,10006,2019-07-06,2019,ARI,BOS,3,8.0,33,8,1,0,0.98,9,2019_10006_14
Zack Wheeler,10006,2019-07-10,2019,ARI,WSN,10,7.3,32,7,1,0,1.01,4,2019_10006_15
Zack Wheeler,10006,2019-07-26,2019,ARI,SDP,4,5.7,25,7,2,1,1.03,16,2019_10006_16
Zack Wheeler,10006,2019-08-02,2019,ARI,NYM,4,6.0,26,6,2,0,1.06,7,2019_10006_17
Zack Wheeler,10006,2019-08-08,2019,ARI,PIT,5,7.0,30,7,1,0,1.0,6,2019_10006_18
Zack Wheeler,10006,2019-08-14,2019,ARI,SDP,6,3.7,18,6,0,1,1.03,6,2019_10006_19
Zack Wheeler,10006,2019-08-24,2019,ARI,NYY,6,6.3,30,7,1,1,1.03,10,2019_10006_20
Zack Wheeler,10006,2019-08-26,2019,ARI,NYM,8,7.3,38,9,1,0,1.06,2,2019_10006_21
Zack Wheeler,10006,2019-08-29,2019,ARI,NYY,8,5.7,24,6,2,1,1.03,3,2019_10006_22
Zack Wheeler,10006,2019-09-02,2019,ARI,DET,11,8.0,33,10,2,0,1.0,4,2019_10006_23
Zack Wheeler,10006,2019-09-04,2019,ARI,BAL,7,6.7,28,5,1,1,1.03,2,2019_10006_24
Zack Wheeler,10006,2019-09-05,2019,ARI,DET,3,6.0,28,4,1,1,1.03,1,2019_10006_25
Zack Wheeler,10006,2019-09-15,2019,ARI,STL,10,6.0,22,5,0,0,1.0,10,2019_10006_26
Zack Wheeler,10006,2019-09-19,2019,ARI,DET,3,7.3,31,5,2,0,1.0,4,2019_10006_27
Zack Wheeler,10006,2019-09-20,2019,ARI,TEX,10,9.0,41,9,4,1,1.03,1,2019_10006_28
Zack Wheeler,10006,2019-09-28,2019,ARI,KCR,5,7.0,26,6,3,0,0.96,8,2019_10006_29
Aaron Nola,10007,2019-04-06,2019,DET,WSN,1,4.3,20,4,1,1,1.0,5,2019_10007_0
Aaron Nola,10007,2019-04-09,2019,DET,LAA,7,5.3,18,6,2,1,1.0,3,2019_10007_1
Aaron Nola,10007,2019-04-12,2019,DET,KCR,11,5.7,26,7,3,0,0.96,3,2019_10007_2
Aaron Nola,10007,2019-04-19,2019,DET,SDP,7,4.7,19,5,2,0,1.08,7,2019_10007_3
Aaron Nola,10007,2019-04-21,2019,DET,NYY,2,4.0,14,3,2,1,1.0,2,2019_10007_4
Aaron Nola,10007,2019-05-07,2019,DET,CHW,6,6.3,25,6,3,1,1.0,16,2019_10007_5
Aaron Nola,10007,2019-05-11,2019,DET,KCR,5,5.3,23,6,3,1,1.0,4,2019_10007_6
Aaron Nola,10007,2019-05-21,2019,DET,CIN,7,5.0,21,4,0,1,1.0,10,2019_10007_7
Aaron Nola,10007,2019-05-26,2019,DET,SFG,8,6.3,26,7,0,0,1.03,5,2019_10007_8
Aaron Nola,10007,2019-06-07,2019,DET,COL,11,7.0,24,7,2,1,1.0,12,2019_10007_9
Aaron Nola,10007,2019-06-13,2019,DET,CIN,6,7.3,28,6,2,0,1.0,6,2019_10007_10
Aaron Nola,10007,2019-06-16,2019,DET,CLE,9,4.7,25,4,1,0,1.04,3,2019_10007_11
Aaron Nola,10007,2019-06-24,2019,DET,SDP,5,6.3,27,7,3,1,1.0,8,2019_10007_12
Aaron Nola,10007,2019-06-30,2019,DET,MIL,5,6.3,27,7,2,0,1.05,6,2019_10007_13
Aaron Nola,10007,2019-07-07,2019,DET,COL,5,6.0,28,4,3,0,0.92,7,2019_10007_14
Aaron Nola,10007,2019-07-09,2019,DET,SEA,6,5.7,21,5,2,0,1.04,2,2019_10007_15
Aaron Nola,10007,2019-07-10,2019,DET,WSN,8,6.3,27,7,3,0,1.01,1,2019_10007_16
Aaron Nola,10007,2019-07-19,2019,DET,PHI,8,5.0,23,6,1,0,1.01,9,2019_10007_17
Aaron Nola,10007,2019-07-21,2019,DET,TOR,10,7.0,37,8,2,0,1.0,2,2019_10007_18
Aaron Nola,10007,2019-07-22,2019,DET,NYY,4,5.3,19,4,2,1,1.0,1,2019_10007_19
Aaron Nola,10007,2019-08-04,2019,DET,CHC,13,6.0,22,4,1,0,0.97,13,2019_10007_20
Aaron Nola,10007,2019-08-11,2019,DET,WSN,5,6.7,27,7,3,0,1.01,7,2019_10007_21
Aaron Nola,10007,2019-08-17,2019,DET,PIT,7,6.7,29,10,2,1,1.0,6,2019_10007_22
Aaron Nola,10007,2019-08-25,2019,DET,MIL,7,6.0,28,7,2,1,1.0,8,2019_10007_23
Aaron Nola,10007,2019-08-27,2019,DET,LAA,6,7.0,29,6,1,0,0.99,2,2019_10007_24
Aaron Nola,10007,2019-09-02,2019,DET,NYY,4,6.0,27,8,2,1,1.0,6,2019_10007_25
Aaron Nola,10007,2019-09-20,2019,DET,SFG,5,6.3,30,7,2,1,1.0,18,2019_10007_26
Aaron Nola,10007,2019-09-22,2019,DET,COL,8,6.3,26,5,2,1,1.0,2,2019_10007_27
Justin Verlander,10008,2019-03-30,2019,CLE,CHW,6,6.3,28,6,3,0,0.99,5,2019_10008_0
Justin Verlander,10008,2019-04-07,2019,CLE,CIN,2,5.0,18,7,1,1,1.04,8,2019_10008_1
Justin Verlander,10008,2019-04-18,2019,CLE,OAK,4,6.0,27,6,2,1,1.04,11,2019_10008_2
Justin Verlander,10008,2019-05-06,2019,CLE,MIN,2,6.7,30,8,3,1,1.04,18,2019_10008_3
Justin Verlander,10008,2019-05-12,2019,CLE,NYY,5,6.3,22,8,4,1,1.04,6,2019_10008_4
Justin Verlander,10008,2019-05-15,2019,CLE,NYM,6,7.3,27,7,2,1,1.04,3,2019_10008_5
Justin Verlander,10008,2019-05-16,2019,CLE,SEA,3,3.0,11,5,1,1,1.04,1,2019_10008_6
Justin Verlander,10008,2019-05-19,2019,CLE,KCR,6,6.7,29,4,3,1,1.04,3,2019_10008_7
Justin Verlander,10008,2019-05-20,2019,CLE,ATL,3,6.3,29,8,3,0,1.02,1,2019_10008_8
Justin Verlander,10008,2019-05-23,2019,CLE,SDP,7,8.0,33,9,2,1,1.04,3,2019_10008_9
Justin Verlander,10008,2019-05-27,2019,CLE,OAK,4,3.3,14,5,1,1,1.04,4,2019_10008_10
Justin Verlander,10008,2019-05-29,2019,CLE,TOR,3,5.0,23,4,2,1,1.04,2,2019_10008_11
Justin Verlander,10008,2019-05-30,2019,CLE,OAK,7,6.0,25,7,1,0,1.0,1,2019_10008_12
Justin Verlander,10008,2019-05-31,2019,CLE,CHC,7,4.7,18,5,1,1,1.04,1,2019_10008_13
Justin Verlander,10008,2019-06-14,2019,CLE,MIL,3,3.3,12,4,0,1,1.04,14,2019_10008_14
Justin Verlander,10008,2019-06-24,2019,CLE,BOS,3,3.7,15,6,0,1,1.04,10,2019_10008_15
Justin Verlander,10008,2019-06-27,2019,CLE,PIT,6,7.3,28,6,3,1,1.04,3,2019_10008_16
Justin Verlander,10008,2019-07-06,2019,CLE,DET,6,7.0,36,9,2,1,1.04,9,2019_10008_17
Justin Verlander,10008,2019-07-07,2019,CLE,TOR,2,4.0,14,6,2,1,1.04,1,2019_10008_18
Justin Verlander,10008,2019-07-20,2019,CLE,PIT,5,6.0,24,9,1,1,1.04,13,2019_10008_19
Justin Verlander,10008,2019-08-04,2019,CLE,KCR,5,6.3,27,8,1,1,1.04,15,2019_10008_20
Justin Verlander,10008,2019-08-05,2019,CLE,TEX,1,7.3,37,8,3,0,0.99,1,2019_10008_21
Justin Verlander,10008,2019-08-17,2019,CLE,NYY,2,6.7,31,7,3,0,0.99,12,2019_10008_22
Justin Verlander,10008,2019-09-05,2019,CLE,CHW,7,6.3,25,7,2,0,0.99,19,2019_10008_23
Justin Verlander,10008,2019-09-07,2019,CLE,NYM,5,5.7,27,7,2,1,1.04,2,2019_10008_24
Justin Verlander,10008,2019-09-10,2019,CLE,BAL,3,6.7,29,8,1,0,1.0,3,2019_10008_25
Justin Verlander,10008,2019-09-12,2019,CLE,TOR,9,6.0,24,7,0,1,1.04,2,2019_10008_26
Justin Verlander,10008,2019-09-27,2019,CLE,DET,11,6.7,34,7,3,1,1.04,15,2019_10008_27
Justin Verlander,10008,2019-09-29,2019,CLE,HOU,6,6.3,28,9,2,0,1.02,2,2019_10008_28
Justin Verlander,10008,2019-09-30,2019,CLE,WSN,3,6.3,30,6,2,1,1.04,1,2019_10008_29
Yu Darvish,10009,2019-04-07,2019,WSN,TOR,3,4.7,23,7,1,0,1.0,5,2019_10009_0
Yu Darvish,10009,2019-04-12,2019,WSN,SDP,3,5.7,22,4,1,1,1.01,5,2019_10009_1
Yu Darvish,10009,2019-04-16,2019,WSN,OAK,3,6.0,24,7,3,0,1.0,4,2019_10009_2
Yu Darvish,10009,2019-04-23,2019,WSN,LAD,5,6.3,22,8,1,0,1.03,7,2019_10009_3
Yu Darvish,10009,2019-04-28,2019,WSN,STL,6,4.3,16,6,1,0,1.0,5,2019_10009_4
Yu Darvish,10009,2019-05-10,2019,WSN,DET,5,5.3,23,6,2,0,1.0,12,2019_10009_5
Yu Darvish,10009,2019-05-13,2019,WSN,SDP,5,7.0,27,5,1,0,1.08,3,2019_10009_6
Yu Darvish,10009,2019-05-14,2019,WSN,CLE,5,7.7,31,5,3,0,1.04,1,2019_10009_7
Yu Darvish,10009,2019-05-17,2019,WSN,LAD,6,7.0,32,8,3,1,1.01,3,2019_10009_8
Yu Darvish,10009,2019-05-24,2019,WSN,HOU,9,5.0,17,9,2,0,1.02,7,2019_10009_9
Yu Darvish,10009,2019-05-31,2019,WSN,CHW,1,5.0,22,5,2,1,1.01,7,2019_10009_10
Yu Darvish,10009,2019-06-11,2019,WSN,PHI,9,5.7,22,7,2,0,1.01,11,2019_10009_11
Yu Darvish,10009,2019-06-12,2019,WSN,MIA,1,4.7,17,4,1,1,1.01,1,2019_10009_12
Yu Darvish,10009,2019-06-26,2019,WSN,BOS,4,5.3,21,6,1,1,1.01,14,2019_10009_13
Yu Darvish,10009,2019-07-01,2019,WSN,SFG,2,5.7,24,4,2,0,1.03,5,2019_10009_14
Yu Darvish,10009,2019-07-05,2019,WSN,CHC,7,5.7,25,7,3,1,1.01,4,2019_10009_15
Yu Darvish,10009,2019-07-07,2019,WSN,PIT,0,5.7,27,6,1,0,1.0,2,2019_10009_16
Yu Darvish,10009,2019-07-15,2019,WSN,LAD,5,4.7,16,2,1,0,1.03,8,2019_10009_17
Yu Darvish,10009,2019-07-19,2019,WSN,TBR,1,4.3,15,5,2,1,1.01,4,2019_10009_18
Yu Darvish,10009,2019-07-23,2019,WSN,LAA,5,6.7,31,6,2,0,0.99,4,2019_10009_19
Yu Darvish,10009,2019-07-28,2019,WSN,OAK,4,4.3,21,6,1,1,1.01,5,2019_10009_20
Yu Darvish,10009,2019-07-29,2019,WSN,TEX,4,4.3,19,3,2,0,0.99,1,2019_10009_21
Yu Darvish,10009,2019-08-02,2019,WSN,CHC,4,5.0,22,6,2,0,0.97,4,2019_10009_22
Yu Darvish,10009,2019-08-07,2019,WSN,CHW,3,7.0,28,7,2,1,1.01,5,2019_10009_23
Yu Darvish,10009,2019-08-08,2019,WSN,TEX,4,5.7,24,3,1,0,0.99,1,2019_10009_24
Yu Darvish,10009,2019-08-10,2019,WSN,SEA,8,6.3,27,8,2,1,1.01,2,2019_10009_25
Yu Darvish,10009,2019-08-14,2019,WSN,MIL,4,5.7,22,6,1,0,1.05,4,2019_10009_26
Yu Darvish,10009,2019-08-20,2019,WSN,MIL,5,5.0,22,3,3,1,1.01,6,2019_10009_27
Yu Darvish,10009,2019-09-25,2019,WSN,ATL,11,6.7,27,6,3,0,1.02,30,2019_10009_28
Dylan Cease,10010,2019-04-04,2019,TOR,NYM,2,4.0,14,3,2,1,1.0,5,2019_10010_0
Dylan Cease,10010,2019-04-06,2019,TOR,ATL,4,5.3,29,3,2,1,1.0,2,2019_10010_1
Dylan Cease,10010,2019-04-07,2019,TOR,DET,1,6.7,26,5,2,1,1.0,1,2019_10010_2
Dylan Cease,10010,2019-04-10,2019,TOR,DET,3,4.7,18,3,3,1,1.0,3,2019_10010_3
Dylan Cease,10010,2019-04-17,2019,TOR,WSN,4,3.7,19,4,2,0,1.01,7,2019_10010_4
Dylan Cease,10010,2019-04-23,2019,TOR,LAD,4,5.3,19,4,1,1,1.0,6,2019_10010_5
Dylan Cease,10010,2019-04-25,2019,TOR,HOU,7,5.7,24,5,1,0,1.02,2,2019_10010_6
Dylan Cease,10010,2019-04-30,2019,TOR,WSN,2,3.7,18,4,1,0,1.01,5,2019_10010_7
Dylan Cease,10010,2019-05-01,2019,TOR,DET,8,5.7,26,5,2,0,1.0,1,2019_10010_8
Dylan Cease,10010,2019-05-05,2019,TOR,MIA,7,5.7,25,3,2,1,1.0,4,2019_10010_9
Dylan Cease,10010,2019-05-09,2019,TOR,CLE,2,5.3,24,3,1,1,1.0,4,2019_10010_10
Dylan Cease,10010,2019-05-10,2019,TOR,HOU,5,4.3,17,4,1,1,1.0,1,2019_10010_11
Dylan Cease,10010,2019-05-18,2019,TOR,SDP,2,6.7,27,6,2,1,1.0,8,2019_10010_12
Dylan Cease,10010,2019-05-19,2019,TOR,NYY,7,5.0,23,4,1,1,1.0,1,2019_10010_13
Dylan Cease,10010,2019-05-27,2019,TOR,MIN,5,5.0,23,6,1,1,1.0,8,2019_10010_14
Dylan Cease,10010,2019-05-31,2019,TOR,CLE,9,6.3,25,5,3,1,1.0,4,2019_10010_15
Dylan Cease,10010,2019-06-10,2019,TOR,LAD,2,4.0,16,0,1,0,1.03,10,2019_10010_16
Dylan Cease,10010,2019-06-17,2019,TOR,OAK,1,4.7,18,6,0,0,1.0,7,2019_10010_17
Dylan Cease,10010,2019-07-08,2019,TOR,DET,5,4.3,17,3,1,1,1.0,21,2019_10010_18
Dylan Cease,10010,2019-07-11,2019,TOR,SFG,2,5.3,21,6,3,0,1.03,3,2019_10010_19
Dylan Cease,10010,2019-07-20,2019,TOR,HOU,6,6.3,29,8,3,0,1.02,9,2019_10010_20
Dylan Cease,10010,2019-07-25,2019,TOR,PIT,1,5.0,19,6,2,0,1.0,5,2019_10010_21
Dylan Cease,10010,2019-07-28,2019,TOR,ATL,3,5.7,24,5,2,0,1.02,3,2019_10010_22
Dylan Cease,10010,2019-07-30,2019,TOR,HOU,6,5.7,21,6,2,0,1.02,2,2019_10010_23
Dylan Cease,10010,2019-08-05,2019,TOR,DET,0,6.0,23,5,1,0,1.0,6,2019_10010_24
Dylan Cease,10010,2019-08-09,2019,TOR,CLE,5,5.3,22,3,0,0,1.04,4,2019_10010_25
Dylan Cease,10010,2019-08-19,2019,TOR,PHI,4,4.3,18,3,1,1,1.0,10,2019_10010_26
Dylan Cease,10010,2019-08-26,2019,TOR,ATL,6,5.7,24,3,1,0,1.02,7,2019_10010_27
Dylan Cease,10010,2019-09-03,2019,TOR,BOS,8,5.7,26,2,0,1,1.0,8,2019_10010_28
Dylan Cease,10010,2019-09-06,2019,TOR,CHW,2,5.3,22,5,2,0,0.99,3,2019_10010_29
Dylan Cease,10010,2019-09-11,2019,TOR,CHW,10,4.0,24,7,3,0,0.99,5,2019_10010_30
Dylan Cease,10010,2019-09-26,2019,TOR,ARI,2,5.3,23,3,2,1,1.0,15,2019_10010_31
Kevin Gausman,10011,2019-04-22,2019,SDP,TEX,11,6.7,23,6,2,0,0.99,5,2019_10011_0
Kevin Gausman,10011,2019-04-23,2019,SDP,TBR,11,7.7,32,7,3,0,1.05,1,2019_10011_1
Kevin Gausman,10011,2019-05-05,2019,SDP,ATL,2,6.3,26,6,1,1,1.08,12,2019_10011_2
Kevin Gausman,10011,2019-05-06,2019,SDP,MIL,3,5.0,25,6,0,0,1.05,1,2019_10011_3
Kevin Gausman,10011,2019-05-07,2019,SDP,CLE,7,7.0,29,8,2,1,1.08,1,2019_10011_4
Kevin Gausman,10011,2019-05-19,2019,SDP,SEA,2,4.7,22,6,1,1,1.08,12,2019_10011_5
Kevin Gausman,10011,2019-05-26,2019,SDP,KCR,4,4.3,18,5,1,1,1.08,7,2019_10011_6
Kevin Gausman,10011,2019-05-27,2019,SDP,BAL,3,5.3,18,6,3,0,1.0,1,2019_10011_7
Kevin Gausman,10011,2019-06-14,2019,SDP,OAK,3,4.7,20,8,1,1,1.08,18,2019_10011_8
Kevin Gausman,10011,2019-06-16,2019,SDP,DET,7,5.3,18,4,1,1,1.08,2,2019_10011_9
Kevin Gausman,10011,2019-06-23,2019,SDP,ATL,15,5.3,18,5,1,0,1.02,7,2019_10011_10
Kevin Gausman,10011,2019-07-02,2019,SDP,PIT,5,5.7,27,8,2,0,1.0,9,2019_10011_11
Kevin Gausman,10011,2019-07-06,2019,SDP,LAA,8,7.7,33,8,1,1,1.08,4,2019_10011_12
Kevin Gausman,10011,2019-07-07,2019,SDP,BAL,4,6.0,23,7,1,1,1.08,1,2019_10011_13
Kevin Gausman,10011,2019-07-26,2019,SDP,SEA,9,6.0,24,8,1,0,1.04,19,2019_10011_14
Kevin Gausman,10011,2019-08-04,2019,SDP,NYM,3,5.0,21,5,2,0,1.06,9,2019_10011_15
Kevin Gausman,10011,2019-08-13,2019,SDP,LAA,2,5.7,23,7,2,0,0.99,9,2019_10011_16
Kevin Gausman,10011,2019-08-31,2019,SDP,BOS,5,6.7,29,6,3,0,0.98,18,2019_10011_17
Kevin Gausman,10011,2019-09-03,2019,SDP,LAA,10,9.0,37,8,4,0,0.99,3,2019_10011_18
Kevin Gausman,10011,2019-09-22,2019,SDP,STL,7,5.7,22,6,2,1,1.08,19,2019_10011_19
Kevin Gausman,10011,2019-09-28,2019,SDP,ARI,3,6.0,28,7,3,1,1.08,6,2019_10011_20
Robbie Ray,10012,2019-03-28,2019,MIN,PIT,5,5.0,17,5,1,0,1.0,5,2019_10012_0
Robbie Ray,10012,2019-04-17,2019,MIN,COL,6,6.0,26,8,3,0,0.92,20,2019_10012_1
Robbie Ray,10012,2019-04-19,2019,MIN,STL,5,5.3,22,8,2,1,1.0,2,2019_10012_2
Robbie Ray,10012,2019-04-21,2019,MIN,SFG,1,6.0,25,9,2,0,1.03,2,2019_10012_3
Robbie Ray,10012,2019-04-25,2019,MIN,KCR,0,3.0,12,1,0,1,1.0,4,2019_10012_4
Robbie Ray,10012,2019-04-26,2019,MIN,ATL,4,5.3,18,3,1,1,1.0,1,2019_10012_5
Robbie Ray,10012,2019-05-03,2019,MIN,TOR,2,6.0,29,7,1,1,1.0,7,2019_10012_6
Robbie Ray,10012,2019-05-11,2019,MIN,TOR,1,5.7,21,5,2,1,1.0,8,2019_10012_7
Robbie Ray,10012,2019-06-01,2019,MIN,BOS,1,4.3,17,5,0,1,1.0,21,2019_10012_8
Robbie Ray,10012,2019-06-18,2019,MIN,MIL,1,3.7,20,3,0,0,1.05,17,2019_10012_9
Robbie Ray,10012,2019-07-13,2019,MIN,CIN,2,8.3,31,5,3,1,1.0,25,2019_10012_10
Robbie Ray,10012,2019-07-23,2019,MIN,MIA,0,5.0,19,3,2,1,1.0,10,2019_10012_11
Robbie Ray,10012,2019-07-26,2019,MIN,TOR,4,5.3,25,6,3,1,1.0,3,2019_10012_12
Robbie Ray,10012,2019-08-24,2019,MIN,MIA,2,6.0,25,8,2,1,1.0,29,2019_10012_13
Robbie Ray,10012,2019-08-25,2019,MIN,MIA,2,7.0,25,9,1,0,0.98,1,2019_10012_14
Robbie Ray,10012,2019-09-05,2019,MIN,NYY,3,4.3,21,3,0,0,0.99,11,2019_10012_15
Robbie Ray,10012,2019-09-28,2019,MIN,SDP,3,4.0,15,4,2,0,1.08,23,2019_10012_16
Robbie Ray,10012,2019-09-29,2019,MIN,NYY,2,6.3,28,7,3,1,1.0,1,2019_10012_17
Carlos Rodon,10013,2019-03-31,2019,KCR,CHC,12,7.7,35,8,4,0,0.97,5,2019_10013_0
Carlos Rodon,10013,2019-04-09,2019,KCR,BAL,6,5.7,22,6,2,0,1.0,9,2019_10013_1
Carlos Rodon,10013,2019-04-14,2019,KCR,CHW,4,5.7,25,6,3,0,0.99,5,2019_10013_2
Carlos Rodon,10013,2019-04-22,2019,KCR,MIL,3,5.0,19,5,1,0,1.05,8,2019_10013_3
Carlos Rodon,10013,2019-04-24,2019,KCR,SEA,11,7.3,28,8,2,0,1.04,2,2019_10013_4
Carlos Rodon,10013,2019-04-27,2019,KCR,WSN,4,4.3,20,7,1,0,1.01,3,2019_10013_5
Carlos Rodon,10013,2019-04-30,2019,KCR,LAD,4,6.7,23,9,3,0,1.03,3,2019_10013_6
Carlos Rodon,10013,2019-05-03,2019,KCR,MIA,2,5.0,19,7,1,0,0.98,3,2019_10013_7
Carlos Rodon,10013,2019-05-06,2019,KCR,OAK,4,5.3,20,6,2,0,1.0,3,2019_10013_8
Carlos Rodon,10013,2019-05-15,2019,KCR,NYM,13,9.0,39,9,2,0,1.06,9,2019_10013_9
Carlos Rodon,10013,2019-05-17,2019,KCR,PHI,3,5.3,26,3,1,0,1.01,2,2019_10013_10
Carlos Rodon,10013,2019-05-26,2019,KCR,TOR,11,6.3,23,7,0,0,1.0,9,2019_10013_11
Carlos Rodon,10013,2019-06-13,2019,KCR,WSN,7,4.7,23,3,2,1,0.96,18,2019_10013_12
Carlos Rodon,10013,2019-06-18,2019,KCR,CLE,4,4.7,20,4,1,1,0.96,5,2019_10013_13
Carlos Rodon,10013,2019-06-24,2019,KCR,LAD,2,6.7,31,9,3,0,1.03,6,2019_10013_14
Carlos Rodon,10013,2019-07-07,2019,KCR,BOS,5,6.3,31,5,3,1,0.96,13,2019_10013_15
Carlos Rodon,10013,2019-07-09,2019,KCR,OAK,4,7.0,31,6,1,1,0.96,2,2019_10013_16
Carlos Rodon,10013,2019-07-15,2019,KCR,MIN,2,4.7,20,4,2,0,1.0,6,2019_10013_17
Carlos Rodon,10013,2019-07-20,2019,KCR,ARI,6,3.7,13,3,0,1,0.96,5,2019_10013_18
Carlos Rodon,10013,2019-07-22,2019,KCR,BAL,4,6.0,28,6,2,0,1.0,2,2019_10013_19
Carlos Rodon,10013,2019-08-04,2019,KCR,BAL,5,4.7,23,2,1,0,1.0,13,2019_10013_20
Carlos Rodon,10013,2019-08-08,2019,KCR,COL,3,7.3,31,6,2,1,0.96,4,2019_10013_21
Carlos Rodon,10013,2019-08-22,2019,KCR,BAL,4,5.7,24,6,2,1,0.96,14,2019_10013_22
Carlos Rodon,10013,2019-09-27,2019,KCR,CLE,11,6.3,25,7,1,0,1.04,30,2019_10013_23
Carlos Rodon,10013,2019-09-29,2019,KCR,DET,3,5.3,25,4,2,0,1.0,2,2019_10013_24
Logan Webb,10014,2019-03-31,2019,DET,BOS,4,4.0,21,5,1,0,0.98,5,2019_10014_0
Logan Webb,10014,2019-04-05,2019,DET,OAK,6,6.3,26,6,1,0,1.0,5,2019_10014_1
Logan Webb,10014,2019-04-14,2019,DET,PIT,5,4.0,17,6,1,1,1.0,9,2019_10014_2
Logan Webb,10014,2019-04-19,2019,DET,WSN,14,6.3,25,7,4,0,1.01,5,2019_10014_3
Logan Webb,10014,2019-04-24,2019,DET,PHI,5,6.7,27,7,2,0,1.01,5,2019_10014_4
Logan Webb,10014,2019-05-09,2019,DET,PIT,8,7.3,31,7,3,0,1.0,15,2019_10014_5
Logan Webb,10014,2019-05-13,2019,DET,CHW,9,6.3,27,9,3,1,1.0,4,2019_10014_6
Logan Webb,10014,2019-05-24,2019,DET,LAA,9,4.7,21,7,1,0,0.99,11,2019_10014_7
Logan Webb,10014,2019-05-25,2019,DET,PIT,6,4.7,17,4,3,1,1.0,1,2019_10014_8
Logan Webb,10014,2019-05-27,2019,DET,KCR,8,6.3,24,8,1,1,1.0,2,2019_10014_9
Logan Webb,10014,2019-05-28,2019,DET,TOR,6,6.0,25,4,2,1,1.0,1,2019_10014_10
Logan Webb,10014,2019-06-09,2019,DET,SFG,9,6.0,23,8,1,1,1.0,12,2019_10014_11
Logan Webb,10014,2019-06-16,2019,DET,WSN,7,4.7,20,4,2,1,1.0,7,2019_10014_12
Logan Webb,10014,2019-06-24,2019,DET,ARI,11,5.7,19,7,2,1,1.0,8,2019_10014_13
Logan Webb,10014,2019-06-28,2019,DET,ATL,6,7.0,29,8,3,0,1.02,4,2019_10014_14
Logan Webb,10014,2019-06-29,2019,DET,PIT,5,5.0,22,3,1,1,1.0,1,2019_10014_15
Logan Webb,10014,2019-07-03,2019,DET,TOR,5,5.7,29,6,2,1,1.0,4,2019_10014_16
Logan Webb,10014,2019-07-10,2019,DET,CLE,12,6.7,33,8,2,0,1.04,7,2019_10014_17
Logan Webb,10014,2019-07-13,2019,DET,SEA,6,5.3,20,4,2,0,1.04,3,2019_10014_18
Logan Webb,10014,2019-07-16,2019,DET,MIA,10,4.7,17,5,2,1,1.0,3,2019_10014_19
Logan Webb,10014,2019-07-19,2019,DET,PHI,3,6.0,27,5,1,1,1.0,3,2019_10014_20
Logan Webb,10014,2019-07-22,2019,DET,MIN,4,3.7,15,5,1,0,1.0,3,2019_10014_21
Logan Webb,10014,2019-07-28,2019,DET,MIL,11,6.3,26,6,2,0,1.05,6,2019_10014_22
Logan Webb,10014,2019-07-29,2019,DET,LAD,5,5.7,19,5,4,1,1.0,1,2019_10014_23
Logan Webb,10014,2019-08-06,2019,DET,OAK,2,3.0,11,3,1,1,1.0,8,2019_10014_24
Logan Webb,10014,2019-08-17,2019,DET,PIT,4,5.3,22,8,1,0,1.0,11,2019_10014_25
Logan Webb,10014,2019-08-18,2019,DET,CIN,7,5.7,26,8,2,1,1.0,1,2019_10014_26
Logan Webb,10014,2019-09-01,2019,DET,TEX,5,3.0,12,3,1,1,1.0,14,2019_10014_27
Logan Webb,10014,2019-09-07,2019,DET,PHI,6,3.7,12,5,1,0,1.01,6,2019_10014_28
Logan Webb,10014,2019-09-11,2019,DET,SFG,9,5.0,21,1,3,1,1.0,4,2019_10014_29
Logan Webb,10014,2019-09-13,2019,DET,OAK,9,5.3,24,4,1,0,1.0,2,2019_10014_30
Logan Webb,10014,2019-09-16,2019,DET,ATL,4,3.7,13,5,2,1,1.0,3,2019_10014_31
Logan Webb,10014,2019-09-26,2019,DET,CLE,10,6.3,25,7,1,0,1.04,10,2019_10014_32
Framber Valdez,10015,2019-03-29,2019,DET,BAL,7,4.7,19,4,1,1,1.0,5,2019_10015_0
Framber Valdez,10015,2019-04-13,2019,DET,CHC,4,4.7,21,4,2,0,0.97,15,2019_10015_1
Framber Valdez,10015,2019-04-26,2019,DET,CHC,6,5.7,21,5,2,0,0.97,13,2019_10015_2
Framber Valdez,10015,2019-05-06,2019,DET,SDP,3,3.7,17,6,1,1,1.0,10,2019_10015_3
Framber Valdez,10015,2019-05-07,2019,DET,SDP,2,5.7,26,3,2,1,1.0,1,2019_10015_4
Framber Valdez,10015,2019-05-11,2019,DET,MIN,5,4.3,16,4,0,1,1.0,4,2019_10015_5
Framber Valdez,10015,2019-05-22,2019,DET,LAD,3,6.7,23,4,4,0,1.03,11,2019_10015_6
Framber Valdez,10015,2019-05-23,2019,DET,CIN,4,4.0,18,5,2,1,1.0,1,2019_10015_7
Framber Valdez,10015,2019-05-27,2019,DET,ARI,2,5.0,23,3,0,0,1.03,4,2019_10015_8
Framber Valdez,10015,2019-05-29,2019,DET,BOS,4,6.0,23,5,1,1,1.0,2,2019_10015_9
Framber Valdez,10015,2019-05-30,2019,DET,MIA,4,4.0,19,1,2,1,1.0,1,2019_10015_10
Framber Valdez,10015,2019-06-10,2019,DET,COL,8,6.7,31,9,3,1,1.0,11,2019_10015_11
Framber Valdez,10015,2019-06-19,2019,DET,LAA,1,4.3,18,4,1,0,0.99,9,2019_10015_12
Framber Valdez,10015,2019-06-20,2019,DET,HOU,1,5.0,21,5,2,1,1.0,1,2019_10015_13
Framber Valdez,10015,2019-07-02,2019,DET,MIA,3,3.0,15,3,1,0,0.98,12,2019_10015_14
Framber Valdez,10015,2019-07-07,2019,DET,NYY,2,6.7,26,5,2,1,1.0,5,2019_10015_15
Framber Valdez,10015,2019-07-08,2019,DET,TOR,0,4.0,22,4,2,0,1.0,1,2019_10015_16
Framber Valdez,10015,2019-07-09,2019,DET,STL,2,8.3,33,7,4,1,1.0,1,2019_10015_17
Framber Valdez,10015,2019-07-18,2019,DET,TOR,1,5.0,20,6,2,1,1.0,9,2019_10015_18
Framber Valdez,10015,2019-07-19,2019,DET,STL,3,5.3,21,6,3,1,1.0,1,2019_10015_19
Framber Valdez,10015,2019-07-24,2019,DET,MIL,5,6.0,26,6,0,0,1.05,5,2019_10015_20
Framber Valdez,10015,2019-07-29,2019,DET,MIA,8,5.0,24,4,2,0,0.98,5,2019_10015_21
Framber Valdez,10015,2019-08-17,2019,DET,LAA,8,4.7,16,3,3,1,1.0,19,2019_10015_22
Framber Valdez,10015,2019-09-05,2019,DET,NYM,1,5.3,28,5,4,0,1.06,19,2019_10015_23
Framber Valdez,10015,2019-09-14,2019,DET,WSN,2,4.3,19,5,2,1,1.0,9,2019_10015_24
Framber Valdez,10015,2019-09-23,2019,DET,PHI,1,7.3,33,7,2,0,1.01,9,2019_10015_25
Framber Valdez,10015,2019-09-28,2019,DET,PHI,5,4.0,14,3,0,0,1.01,5,2019_10015_26
Tyler Glasnow,10016,2019-04-08,2019,PHI,LAD,6,6.3,28,7,2,0,1.03,5,2019_10016_0
Tyler Glasnow,10016,2019-04-18,2019,PHI,SDP,6,6.0,27,5,0,0,1.08,10,2019_10016_1
Tyler Glasnow,10016,2019-05-01,2019,PHI,CHC,6,5.0,20,6,3,0,0.97,13,2019_10016_2
Tyler Glasnow,10016,2019-05-14,2019,PHI,HOU,1,5.3,20,6,2,1,1.01,13,2019_10016_3
Tyler Glasnow,10016,2019-05-20,2019,PHI,STL,4,4.0,15,2,0,0,1.0,6,2019_10016_4
Tyler Glasnow,10016,2019-05-27,2019,PHI,STL,6,5.7,23,8,3,1,1.01,7,2019_10016_5
Tyler Glasnow,10016,2019-06-07,2019,PHI,KCR,1,4.0,18,6,0,0,0.96,11,2019_10016_6
Tyler Glasnow,10016,2019-06-13,2019,PHI,CLE,3,6.0,28,4,3,1,1.01,6,2019_10016_7
Tyler Glasnow,10016,2019-06-17,2019,PHI,KCR,2,5.7,24,7,0,1,1.01,4,2019_10016_8
Tyler Glasnow,10016,2019-06-28,2019,PHI,KCR,4,5.0,20,5,3,0,0.96,11,2019_10016_9
Tyler Glasnow,10016,2019-07-15,2019,PHI,TBR,4,5.7,25,5,3,1,1.01,17,2019_10016_10
Tyler Glasnow,10016,2019-07-16,2019,PHI,ATL,7,6.3,25,5,2,0,1.02,1,2019_10016_11
Tyler Glasnow,10016,2019-07-17,2019,PHI,BAL,8,5.7,25,6,1,1,1.01,1,2019_10016_12
Tyler Glasnow,10016,2019-07-19,2019,PHI,HOU,5,5.7,26,4,2,0,1.02,2,2019_10016_13
Tyler Glasnow,10016,2019-07-20,2019,PHI,SFG,3,5.0,23,3,2,1,1.01,1,2019_10016_14
Tyler Glasnow,10016,2019-07-21,2019,PHI,CHC,3,3.7,14,5,0,1,1.01,1,2019_10016_15
Tyler Glasnow,10016,2019-07-24,2019,PHI,OAK,5,3.0,12,5,1,0,1.0,3,2019_10016_16
Tyler Glasnow,10016,2019-07-27,2019,PHI,COL,4,6.0,27,6,2,1,1.01,3,2019_10016_17
Tyler Glasnow,10016,2019-07-29,2019,PHI,CHC,1,5.3,21,4,2,1,1.01,2,2019_10016_18
Tyler Glasnow,10016,2019-07-30,2019,PHI,TBR,2,4.3,18,4,0,1,1.01,1,2019_10016_19
Tyler Glasnow,10016,2019-08-04,2019,PHI,MIN,4,4.7,18,3,1,0,1.0,5,2019_10016_20
Tyler Glasnow,10016,2019-08-06,2019,PHI,NYM,5,5.0,19,4,1,1,1.01,2,2019_10016_21
Tyler Glasnow,10016,2019-08-09,2019,PHI,CHC,3,5.0,25,3,2,0,0.97,3,2019_10016_22
Tyler Glasnow,10016,2019-08-14,2019,PHI,HOU,9,5.3,22,4,2,1,1.01,5,2019_10016_23
Tyler Glasnow,10016,2019-09-01,2019,PHI,SDP,2,7.0,34,6,2,1,1.01,18,2019_10016_24
Tyler Glasnow,10016,2019-09-06,2019,PHI,SDP,1,5.0,22,6,0,1,1.01,5,2019_10016_25
Tyler Glasnow,10016,2019-09-12,2019,PHI,SFG,4,4.0,18,6,1,1,1.01,6,2019_10016_26
Tyler Glasnow,10016,2019-09-21,2019,PHI,CIN,4,5.3,21,7,1,0,1.0,9,2019_10016_27
Tyler Glasnow,10016,2019-09-28,2019,PHI,NYY,5,3.7,15,6,2,0,0.99,7,2019_10016_28
Chris Sale,10017,2019-03-28,2019,NYY,CLE,7,5.3,18,3,2,0,1.04,5,2019_10017_0
Chris Sale,10017,2019-04-01,2019,NYY,PHI,4,5.7,20,6,2,1,0.99,4,2019_10017_1
Chris Sale,10017,2019-04-03,2019,NYY,ARI,5,5.0,22,5,1,0,1.03,2,2019_10017_2
Chris Sale,10017,2019-04-05,2019,NYY,DET,5,3.3,15,5,1,0,1.0,2,2019_10017_3
Chris Sale,10017,2019-04-08,2019,NYY,SFG,6,4.3,23,5,1,0,1.03,3,2019_10017_4
Chris Sale,10017,2019-04-12,2019,NYY,DET,2,4.0,17,4,3,0,1.0,4,2019_10017_5
Chris Sale,10017,2019-04-28,2019,NYY,MIN,4,3.7,15,4,0,1,0.99,16,2019_10017_6
Chris Sale,10017,2019-05-03,2019,NYY,HOU,1,4.7,22,4,0,0,1.02,5,2019_10017_7
Chris Sale,10017,2019-05-04,2019,NYY,SFG,6,6.0,27,6,2,1,0.99,1,2019_10017_8
Chris Sale,10017,2019-05-07,2019,NYY,BOS,1,5.7,27,6,0,0,0.98,3,2019_10017_9
Chris Sale,10017,2019-05-17,2019,NYY,SDP,8,8.3,37,9,3,1,0.99,10,2019_10017_10
Chris Sale,10017,2019-05-19,2019,NYY,PIT,2,5.7,27,8,2,0,1.0,2,2019_10017_11
Chris Sale,10017,2019-05-26,2019,NYY,CHW,3,4.3,16,4,1,0,0.99,7,2019_10017_12
Chris Sale,10017,2019-05-27,2019,NYY,KCR,1,4.3,19,4,0,0,0.96,1,2019_10017_13
Chris Sale,10017,2019-06-04,2019,NYY,SFG,2,5.0,20,5,1,0,1.03,8,2019_10017_14
Chris Sale,10017,2019-06-06,2019,NYY,STL,2,6.0,26,8,4,0,1.0,2,2019_10017_15
Chris Sale,10017,2019-06-20,2019,NYY,BOS,6,5.0,20,5,1,0,0.98,14,2019_10017_16
Chris Sale,10017,2019-07-08,2019,NYY,KCR,4,6.0,29,4,1,1,0.99,18,2019_10017_17
Chris Sale,10017,2019-07-10,2019,NYY,DET,5,5.0,23,3,1,1,0.99,2,2019_10017_18
Chris Sale,10017,2019-07-18,2019,NYY,CHC,2,7.0,31,9,2,0,0.97,8,2019_10017_19
Chris Sale,10017,2019-07-19,2019,NYY,BAL,4,4.7,23,6,1,0,1.0,1,2019_10017_20
Chris Sale,10017,2019-08-02,2019,NYY,WSN,5,6.3,31,7,2,1,0.99,14,2019_10017_21
Chris Sale,10017,2019-08-10,2019,NYY,CLE,3,5.0,21,6,1,1,0.99,8,2019_10017_22
Chris Sale,10017,2019-08-13,2019,NYY,SEA,5,6.0,26,5,2,0,1.04,3,2019_10017_23
Chris Sale,10017,2019-08-14,2019,NYY,LAD,2,6.3,28,5,3,1,0.99,1,2019_10017_24
Chris Sale,10017,2019-08-22,2019,NYY,SDP,2,5.7,25,7,1,1,0.99,8,2019_10017_25
Chris Sale,10017,2019-09-03,2019,NYY,SDP,3,6.7,36,5,3,0,1.08,12,2019_10017_26
Chris Sale,10017,2019-09-08,2019,NYY,WSN,2,4.7,16,5,3,0,1.01,5,2019_10017_27
Chris Sale,10017,2019-09-12,2019,NYY,ARI,4,6.0,26,8,2,1,0.99,4,2019_10017_28
Chris Sale,10017,2019-09-14,2019,NYY,TBR,4,6.3,22,6,1,1,0.99,2,2019_10017_29
Chris Sale,10017,2019-09-27,2019,NYY,BAL,4,3.7,16,2,0,1,0.99,13,2019_10017_30
Chris Sale,10017,2019-09-30,2019,NYY,CIN,0,5.0,22,4,1,1,0.99,3,2019_10017_31
Sandy Alcantara,10019,2019-03-29,2019,SFG,SDP,3,4.3,15,2,3,0,1.08,5,2019_10019_0
Sandy Alcantara,10019,2019-05-08,2019,SFG,NYY,1,6.0,27,5,2,1,1.03,30,2019_10019_1
Sandy Alcantara,10019,2019-05-12,2019,SFG,ARI,5,6.7,32,3,4,1,1.03,4,2019_10019_2
Sandy Alcantara,10019,2019-05-26,2019,SFG,TEX,3,5.0,26,6,2,1,1.03,14,2019_10019_3
Sandy Alcantara,10019,2019-06-06,2019,SFG,LAD,5,8.0,32,8,2,0,1.03,11,2019_10019_4
Sandy Alcantara,10019,2019-06-12,2019,SFG,NYM,4,5.3,27,6,1,0,1.06,6,2019_10019_5
Sandy Alcantara,10019,2019-06-14,2019,SFG,TBR,3,6.3,30,6,1,1,1.03,2,2019_10019_6
Sandy Alcantara,10019,2019-06-27,2019,SFG,KCR,5,7.0,31,6,1,0,0.96,13,2019_10019_7
Sandy Alcantara,10019,2019-07-07,2019,SFG,PIT,9,5.7,27,4,2,0,1.0,10,2019_10019_8
Sandy Alcantara,10019,2019-07-13,2019,SFG,COL,7,8.0,39,4,3,0,0.92,6,2019_10019_9
Sandy Alcantara,10019,2019-07-14,2019,SFG,CLE,6,8.3,39,9,4,0,1.04,1,2019_10019_10
Sandy Alcantara,10019,2019-07-22,2019,SFG,NYM,2,3.7,14,3,2,0,1.06,8,2019_10019_11
Sandy Alcantara,10019,2019-07-28,2019,SFG,ATL,5,4.3,18,4,1,0,1.02,6,2019_10019_12
Sandy Alcantara,10019,2019-07-30,2019,SFG,DET,3,6.0,21,8,3,1,1.03,2,2019_10019_13
Sandy Alcantara,10019,2019-08-15,2019,SFG,ARI,6,6.3,29,6,3,1,1.03,16,2019_10019_14
Sandy Alcantara,10019,2019-08-17,2019,SFG,OAK,6,5.0,21,7,1,0,1.0,2,2019_10019_15
Sandy Alcantara,10019,2019-08-19,2019,SFG,CIN,1,5.3,25,5,2,0,1.0,2,2019_10019_16
Sandy Alcantara,10019,2019-08-22,2019,SFG,LAA,7,7.0,28,5,3,1,1.03,3,2019_10019_17
Sandy Alcantara,10019,2019-09-10,2019,SFG,BOS,3,7.3,31,10,3,1,1.03,19,2019_10019_18
Sandy Alcantara,10019,2019-09-17,2019,SFG,MIL,3,3.3,15,3,0,0,1.05,7,2019_10019_19
Sandy Alcantara,10019,2019-09-23,2019,SFG,PHI,4,5.3,26,4,1,1,1.03,6,2019_10019_20
Sandy Alcantara,10019,2019-09-24,2019,SFG,ARI,5,4.7,22,5,2,1,1.03,1,2019_10019_21
Sandy Alcantara,10019,2019-09-26,2019,SFG,ATL,4,8.0,39,12,3,0,1.02,2,2019_10019_22
Sandy Alcantara,10019,2019-09-28,2019,SFG,MIN,9,5.3,25,6,1,1,1.03,2,2019_10019_23
Sandy Alcantara,10019,2019-09-29,2019,SFG,LAD,4,4.7,23,4,2,0,1.03,1,2019_10019_24
Shohei Ohtani,10020,2019-03-30,2019,HOU,MIA,3,7.3,36,8,4,1,1.02,5,2019_10020_0
Shohei Ohtani,10020,2019-04-01,2019,HOU,SFG,17,6.3,30,9,2,1,1.02,2,2019_10020_1
Shohei Ohtani,10020,2019-04-06,2019,HOU,LAA,7,6.7,30,7,2,0,0.99,5,2019_10020_2
Shohei Ohtani,10020,2019-04-11,2019,HOU,KCR,8,8.3,36,9,4,1,1.02,5,2019_10020_3
Shohei Ohtani,10020,2019-04-13,2019,HOU,CHW,9,6.7,28,8,2,1,1.02,2,2019_10020_4
Shohei Ohtani,10020,2019-04-20,2019,HOU,LAD,7,6.3,28,7,2,1,1.02,7,2019_10020_5
Shohei Ohtani,10020,2019-04-28,2019,HOU,MIN,6,9.0,42,9,3,0,1.0,8,2019_10020_6
Shohei Ohtani,10020,2019-04-29,2019,HOU,TEX,8,6.3,31,8,2,0,0.99,1,2019_10020_7
Shohei Ohtani,10020,2019-05-02,2019,HOU,SFG,18,9.0,41,9,3,0,1.03,3,2019_10020_8
Shohei Ohtani,10020,2019-05-07,2019,HOU,NYY,9,6.0,26,6,3,1,1.02,5,2019_10020_9
Shohei Ohtani,10020,2019-05-13,2019,HOU,BAL,4,7.7,33,6,2,1,1.02,6,2019_10020_10
Shohei Ohtani,10020,2019-05-15,2019,HOU,MIN,11,6.3,26,7,2,0,1.0,2,2019_10020_11
Shohei Ohtani,10020,2019-05-18,2019,HOU,NYM,5,6.0,25,4,1,0,1.06,3,2019_10020_12
Shohei Ohtani,10020,2019-05-22,2019,HOU,TOR,5,8.0,38,9,3,1,1.02,4,2019_10020_13
Shohei Ohtani,10020,2019-05-23,2019,HOU,ATL,2,6.3,29,8,2,1,1.02,1,2019_10020_14
Shohei Ohtani,10020,2019-06-11,2019,HOU,LAD,11,6.0,25,6,3,0,1.03,19,2019_10020_15
Shohei Ohtani,10020,2019-06-19,2019,HOU,PIT,12,7.3,31,7,1,0,1.0,8,2019_10020_16
Shohei Ohtani,10020,2019-06-24,2019,HOU,DET,6,6.7,28,7,1,0,1.0,5,2019_10020_17
Shohei Ohtani,10020,2019-06-28,2019,HOU,SFG,1,4.7,22,4,1,0,1.03,4,2019_10020_18
Shohei Ohtani,10020,2019-06-30,2019,HOU,CHW,3,8.0,29,8,2,0,0.99,2,2019_10020_19
Shohei Ohtani,10020,2019-08-02,2019,HOU,TEX,2,6.3,28,6,2,0,0.99,30,2019_10020_20
Shohei Ohtani,10020,2019-08-14,2019,HOU,CHC,5,8.7,38,10,2,1,1.02,12,2019_10020_21
Shohei Ohtani,10020,2019-08-21,2019,HOU,MIA,8,7.3,30,7,3,1,1.02,7,2019_10020_22
Shohei Ohtani,10020,2019-09-10,2019,HOU,BAL,7,8.3,38,7,3,0,1.0,20,2019_10020_23
Shohei Ohtani,10020,2019-09-19,2019,HOU,MIL,11,4.0,19,3,2,1,1.02,9,2019_10020_24
Shohei Ohtani,10020,2019-09-21,2019,HOU,MIA,8,7.3,32,10,3,1,1.02,2,2019_10020_25
Luis Castillo,10021,2019-03-31,2019,PHI,SFG,5,5.3,27,5,3,0,1.03,5,2019_10021_0
Luis Castillo,10021,2019-04-04,2019,PHI,MIL,2,5.0,23,4,1,1,1.01,4,2019_10021_1
Luis Castillo,10021,2019-04-08,2019,PHI,DET,11,6.0,24,6,2,0,1.0,4,2019_10021_2
Luis Castillo,10021,2019-05-10,2019,PHI,MIL,2,5.3,26,5,0,1,1.01,30,2019_10021_3
Luis Castillo,10021,2019-05-11,2019,PHI,MIA,2,3.0,16,1,2,1,1.01,1,2019_10021_4
Luis Castillo,10021,2019-05-17,2019,PHI,NYM,20,8.7,38,8,3,0,1.06,6,2019_10021_5
Luis Castillo,10021,2019-06-02,2019,PHI,ATL,6,4.3,21,2,1,1,1.01,16,2019_10021_6
Luis Castillo,10021,2019-06-19,2019,PHI,OAK,12,7.0,29,6,3,1,1.01,17,2019_10021_7
Luis Castillo,10021,2019-06-22,2019,PHI,LAD,11,5.0,22,3,3,0,1.03,3,2019_10021_8
Luis Castillo,10021,2019-06-26,2019,PHI,KCR,1,4.3,18,5,0,1,1.01,4,2019_10021_9
Luis Castillo,10021,2019-06-29,2019,PHI,SEA,12,7.0,30,7,2,0,1.04,3,2019_10021_10
Luis Castillo,10021,2019-07-09,2019,PHI,DET,9,5.0,17,4,2,0,1.0,10,2019_10021_11
Luis Castillo,10021,2019-07-10,2019,PHI,MIL,18,5.0,21,4,1,1,1.01,1,2019_10021_12
Luis Castillo,10021,2019-07-16,2019,PHI,LAD,2,4.7,21,5,2,0,1.03,6,2019_10021_13
Luis Castillo,10021,2019-07-17,2019,PHI,LAA,9,7.3,30,5,2,1,1.01,1,2019_10021_14
Luis Castillo,10021,2019-07-24,2019,PHI,MIA,7,5.7,23,8,3,1,1.01,7,2019_10021_15
Luis Castillo,10021,2019-08-04,2019,PHI,CHC,9,6.3,26,3,4,1,1.01,11,2019_10021_16
Luis Castillo,10021,2019-08-05,2019,PHI,MIA,5,5.3,23,9,1,0,0.98,1,2019_10021_17
Luis Castillo,10021,2019-08-11,2019,PHI,NYY,14,7.7,33,7,3,1,1.01,6,2019_10021_18
Luis Castillo,10021,2019-08-16,2019,PHI,TEX,11,7.3,34,9,2,0,0.99,5,2019_10021_19
Luis Castillo,10021,2019-08-18,2019,PHI,KCR,8,4.7,16,4,1,0,0.96,2,2019_10021_20
Luis Castillo,10021,2019-08-26,2019,PHI,LAA,7,6.3,28,7,2,0,0.99,8,2019_10021_21
Luis Castillo,10021,2019-08-28,2019,PHI,NYY,3,4.0,18,4,1,0,0.99,2,2019_10021_22
Luis Castillo,10021,2019-09-01,2019,PHI,CLE,4,5.3,22,5,1,0,1.04,4,2019_10021_23
Luis Castillo,10021,2019-09-07,2019,PHI,CLE,10,8.0,35,9,4,0,1.04,6,2019_10021_24
Luis Castillo,10021,2019-09-08,2019,PHI,NYM,6,7.0,30,5,4,0,1.06,1,2019_10021_25
Luis Castillo,10021,2019-09-09,2019,PHI,CIN,6,5.7,24,5,2,1,1.01,1,2019_10021_26
Luis Castillo,10021,2019-09-11,2019,PHI,TBR,8,6.3,28,8,3,1,1.01,2,2019_10021_27
Luis Castillo,10021,2019-09-20,2019,PHI,ATL,4,7.0,31,6,2,1,1.01,9,2019_10021_28
Luis Castillo,10021,2019-09-21,2019,PHI,OAK,7,5.3,20,6,1,0,1.0,1,2019_10021_29
Luis Castillo,10021,2019-09-24,2019,PHI,PIT,7,6.7,26,8,1,1,1.01,3,2019_10021_30
Luis Castillo,10021,2019-09-26,2019,PHI,TEX,6,6.7,23,6,4,0,0.99,2,2019_10021_31
Brandon Woodruff,10022,2019-04-05,2019,WSN,MIN,8,7.3,29,8,2,0,1.0,5,2019_10022_0
Brandon Woodruff,10022,2019-04-23,2019,WSN,TEX,3,6.3,26,6,2,0,0.99,18,2019_10022_1
Brandon Woodruff,10022,2019-05-30,2019,WSN,BAL,2,4.0,15,4,0,0,1.0,30,2019_10022_2
Brandon Woodruff,10022,2019-06-01,2019,WSN,BOS,4,6.0,23,5,3,0,0.98,2,2019_10022_3
Brandon Woodruff,10022,2019-06-03,2019,WSN,MIA,4,6.0,32,4,2,0,0.98,2,2019_10022_4
Brandon Woodruff,10022,2019-06-06,2019,WSN,ARI,5,6.0,25,6,1,1,1.01,3,2019_10022_5
Brandon Woodruff,10022,2019-06-23,2019,WSN,NYY,2,6.3,26,6,2,0,0.99,17,2019_10022_6
Brandon Woodruff,10022,2019-06-27,2019,WSN,BOS,6,5.7,25,5,2,1,1.01,4,2019_10022_7
Brandon Woodruff,10022,2019-07-15,2019,WSN,CIN,3,5.0,21,3,1,0,1.0,18,2019_10022_8
Brandon Woodruff,10022,2019-07-22,2019,WSN,TBR,2,5.3,23,6,3,1,1.01,7,2019_10022_9
Brandon Woodruff,10022,2019-07-23,2019,WSN,PHI,5,4.3,16,6,0,1,1.01,1,2019_10022_10
Brandon Woodruff,10022,2019-07-29,2019,WSN,MIL,0,4.3,18,5,1,0,1.05,6,2019_10022_11
Brandon Woodruff,10022,2019-07-30,2019,WSN,OAK,7,6.3,23,7,1,0,1.0,1,2019_10022_12
Brandon Woodruff,10022,2019-08-01,2019,WSN,COL,4,7.3,29,4,2,0,0.92,2,2019_10022_13
Brandon Woodruff,10022,2019-08-02,2019,WSN,HOU,5,7.0,26,6,2,1,1.01,1,2019_10022_14
Brandon Woodruff,10022,2019-08-06,2019,WSN,NYM,7,6.7,27,6,3,1,1.01,4,2019_10022_15
Brandon Woodruff,10022,2019-08-11,2019,WSN,CHW,8,6.0,26,8,2,0,0.99,5,2019_10022_16
Brandon Woodruff,10022,2019-08-15,2019,WSN,TOR,0,6.3,25,6,2,1,1.01,4,2019_10022_17
Brandon Woodruff,10022,2019-08-21,2019,WSN,CIN,2,5.3,18,6,2,0,1.0,6,2019_10022_18
Brandon Woodruff,10022,2019-08-23,2019,WSN,NYM,4,6.0,27,5,2,0,1.06,2,2019_10022_19
Brandon Woodruff,10022,2019-08-28,2019,WSN,NYM,4,6.7,32,5,2,0,1.06,5,2019_10022_20
Brandon Woodruff,10022,2019-09-26,2019,WSN,KCR,4,5.0,20,6,2,0,0.96,29,2019_10022_21
Max Fried,10023,2019-03-28,2019,CIN,CLE,5,6.3,29,8,2,1,1.0,5,2019_10023_0
Max Fried,10023,2019-04-05,2019,CIN,PHI,4,4.3,18,3,2,1,1.0,8,2019_10023_1
Max Fried,10023,2019-05-02,2019,CIN,CLE,3,4.7,17,4,2,1,1.0,27,2019_10023_2
Max Fried,10023,2019-05-03,2019,CIN,SEA,6,6.0,25,8,0,1,1.0,1,2019_10023_3
Max Fried,10023,2019-05-15,2019,CIN,LAA,2,4.3,17,4,2,1,1.0,12,2019_10023_4
Max Fried,10023,2019-05-17,2019,CIN,STL,1,3.3,12,0,0,1,1.0,2,2019_10023_5
Max Fried,10023,2019-06-14,2019,CIN,MIA,3,5.0,21,6,1,1,1.0,28,2019_10023_6
Max Fried,10023,2019-06-28,2019,CIN,HOU,4,4.0,15,4,0,1,1.0,14,2019_10023_7
Max Fried,10023,2019-07-03,2019,CIN,PHI,1,4.7,18,2,1,0,1.01,5,2019_10023_8
Max Fried,10023,2019-07-05,2019,CIN,HOU,0,3.0,13,1,1,0,1.02,2,2019_10023_9
Max Fried,10023,2019-07-13,2019,CIN,WSN,7,6.0,28,4,1,1,1.0,8,2019_10023_10
Max Fried,10023,2019-07-16,2019,CIN,KCR,3,4.0,15,2,0,0,0.96,3,2019_10023_11
Max Fried,10023,2019-07-22,2019,CIN,LAA,3,5.0,22,5,1,0,0.99,6,2019_10023_12
Max Fried,10023,2019-08-05,2019,CIN,ATL,0,3.7,13,4,0,0,1.02,14,2019_10023_13
Max Fried,10023,2019-08-17,2019,CIN,NYM,1,5.7,19,4,1,1,1.0,12,2019_10023_14
Max Fried,10023,2019-08-21,2019,CIN,NYY,5,4.0,17,3,1,0,0.99,4,2019_10023_15
Max Fried,10023,2019-08-24,2019,CIN,PHI,3,6.7,28,8,2,1,1.0,3,2019_10023_16
Max Fried,10023,2019-08-27,2019,CIN,STL,0,3.7,22,3,1,1,1.0,3,2019_10023_17
Max Fried,10023,2019-08-31,2019,CIN,BOS,11,3.7,21,2,1,0,0.98,4,2019_10023_18
Max Fried,10023,2019-09-08,2019,CIN,NYM,6,6.0,25,5,0,1,1.0,8,2019_10023_19
Max Fried,10023,2019-09-14,2019,CIN,SDP,9,5.7,21,9,2,0,1.08,6,2019_10023_20
Max Fried,10023,2019-09-16,2019,CIN,LAD,1,5.7,27,2,2,0,1.03,2,2019_10023_21
Max Fried,10023,2019-09-22,2019,CIN,CHC,7,4.0,19,4,1,0,0.97,6,2019_10023_22
Max Fried,10023,2019-09-26,2019,CIN,LAD,4,4.7,22,5,2,0,1.03,4,2019_10023_23
Max Fried,10023,2019-09-29,2019,CIN,CHC,5,4.7,20,5,3,1,1.0,3,2019_10023_24
Pablo Lopez,10025,2019-04-05,2019,MIN,COL,8,4.3,16,3,0,1,1.0,5,2019_10025_0
Pablo Lopez,10025,2019-04-08,2019,MIN,LAA,6,6.0,23,6,1,0,0.99,3,2019_10025_1
Pablo Lopez,10025,2019-04-09,2019,MIN,ARI,3,5.7,24,6,2,1,1.0,1,2019_10025_2
Pablo Lopez,10025,2019-04-15,2019,MIN,TOR,2,6.0,25,6,2,0,1.0,6,2019_10025_3
Pablo Lopez,10025,2019-04-16,2019,MIN,STL,4,4.0,21,5,0,1,1.0,1,2019_10025_4
Pablo Lopez,10025,2019-04-18,2019,MIN,ARI,3,5.3,22,6,1,0,1.03,2,2019_10025_5
Pablo Lopez,10025,2019-04-22,2019,MIN,NYM,13,8.3,32,8,4,0,1.06,4,2019_10025_6
Pablo Lopez,10025,2019-04-26,2019,MIN,ARI,3,4.7,20,5,0,0,1.03,4,2019_10025_7
Pablo Lopez,10025,2019-05-03,2019,MIN,PIT,8,4.0,20,4,2,0,1.0,7,2019_10025_8
Pablo Lopez,10025,2019-05-08,2019,MIN,BOS,8,5.3,24,6,0,0,0.98,5,2019_10025_9
Pablo Lopez,10025,2019-05-15,2019,MIN,TEX,2,4.0,19,3,2,1,1.0,7,2019_10025_10
Pablo Lopez,10025,2019-05-17,2019,MIN,TBR,6,7.0,33,10,3,0,1.05,2,2019_10025_11
Pablo Lopez,10025,2019-05-27,2019,MIN,MIA,4,3.3,14,1,1,0,0.98,10,2019_10025_12
Pablo Lopez,10025,2019-06-16,2019,MIN,CHW,5,5.0,24,3,1,1,1.0,20,2019_10025_13
Pablo Lopez,10025,2019-06-17,2019,MIN,NYY,5,4.7,18,1,1,1,1.0,1,2019_10025_14
Pablo Lopez,10025,2019-06-26,2019,MIN,TOR,5,5.0,23,6,1,1,1.0,9,2019_10025_15
Pablo Lopez,10025,2019-07-01,2019,MIN,PIT,3,4.0,20,2,2,1,1.0,5,2019_10025_16
Pablo Lopez,10025,2019-07-05,2019,MIN,MIA,7,6.0,23,7,2,1,1.0,4,2019_10025_17
Pablo Lopez,10025,2019-07-06,2019,MIN,CHW,4,5.7,23,5,3,0,0.99,1,2019_10025_18
Pablo Lopez,10025,2019-07-12,2019,MIN,NYM,3,3.7,17,2,1,0,1.06,6,2019_10025_19
Pablo Lopez,10025,2019-07-16,2019,MIN,NYM,3,5.0,22,6,1,0,1.06,4,2019_10025_20
Pablo Lopez,10025,2019-08-03,2019,MIN,PIT,3,3.7,20,5,0,1,1.0,18,2019_10025_21
Pablo Lopez,10025,2019-08-08,2019,MIN,MIL,10,5.3,19,4,1,0,1.05,5,2019_10025_22
Pablo Lopez,10025,2019-08-13,2019,MIN,TEX,9,5.7,21,6,2,1,1.0,5,2019_10025_23
Pablo Lopez,10025,2019-08-26,2019,MIN,SEA,3,5.3,23,6,3,0,1.04,13,2019_10025_24
Pablo Lopez,10025,2019-08-30,2019,MIN,MIL,2,5.3,21,5,3,0,1.05,4,2019_10025_25
Pablo Lopez,10025,2019-09-04,2019,MIN,LAD,6,4.7,20,3,1,0,1.03,5,2019_10025_26
Pablo Lopez,10025,2019-09-27,2019,MIN,COL,10,6.0,27,7,1,1,1.0,23,2019_10025_27
Pablo Lopez,10025,2019-09-28,2019,MIN,LAD,3,6.0,24,6,1,1,1.0,1,2019_10025_28
Sonny Gray,10027,2019-03-29,2019,TOR,CHW,2,7.7,38,10,3,0,0.99,5,2019_10027_0
Sonny Gray,10027,2019-04-02,2019,TOR,COL,7,5.0,18,1,0,0,0.92,4,2019_10027_1
Sonny Gray,10027,2019-04-26,2019,TOR,CHW,9,7.0,35,7,3,1,1.0,24,2019_10027_2
Sonny Gray,10027,2019-05-06,2019,TOR,SEA,2,4.7,22,3,1,1,1.0,10,2019_10027_3
Sonny Gray,10027,2019-05-07,2019,TOR,SFG,6,5.3,23,6,1,0,1.03,1,2019_10027_4
Sonny Gray,10027,2019-05-09,2019,TOR,HOU,3,5.7,23,7,2,1,1.0,2,2019_10027_5
Sonny Gray,10027,2019-05-11,2019,TOR,CHW,3,6.0,27,7,2,1,1.0,2,2019_10027_6
Sonny Gray,10027,2019-05-13,2019,TOR,SDP,3,4.3,19,5,1,0,1.08,2,2019_10027_7
Sonny Gray,10027,2019-05-15,2019,TOR,TEX,4,4.7,20,5,2,0,0.99,2,2019_10027_8
Sonny Gray,10027,2019-05-18,2019,TOR,SDP,7,5.7,27,6,1,1,1.0,3,2019_10027_9
Sonny Gray,10027,2019-05-21,2019,TOR,CLE,6,5.0,18,7,2,0,1.04,3,2019_10027_10
Sonny Gray,10027,2019-05-22,2019,TOR,BAL,1,3.0,13,5,1,0,1.0,1,2019_10027_11
Sonny Gray,10027,2019-05-30,2019,TOR,PHI,2,6.3,26,7,2,1,1.0,8,2019_10027_12
Sonny Gray,10027,2019-06-06,2019,TOR,CLE,1,4.7,22,2,0,1,1.0,7,2019_10027_13
Sonny Gray,10027,2019-06-21,2019,TOR,BAL,1,5.0,20,5,1,0,1.0,15,2019_10027_14
Sonny Gray,10027,2019-06-23,2019,TOR,SEA,4,6.0,21,6,2,0,1.04,2,2019_10027_15
Sonny Gray,10027,2019-06-26,2019,TOR,CHW,4,8.0,33,11,4,1,1.0,3,2019_10027_16
Sonny Gray,10027,2019-06-28,2019,TOR,LAD,5,5.3,25,6,1,0,1.03,2,2019_10027_17
Sonny Gray,10027,2019-07-03,2019,TOR,DET,5,6.0,29,4,1,1,1.0,5,2019_10027_18
Sonny Gray,10027,2019-07-07,2019,TOR,HOU,3,5.0,21,2,2,0,1.02,4,2019_10027_19
Sonny Gray,10027,2019-07-08,2019,TOR,NYM,9,7.0,34,7,2,0,1.06,1,2019_10027_20
Sonny Gray,10027,2019-07-13,2019,TOR,MIL,11,4.7,20,4,1,1,1.0,5,2019_10027_21
Sonny Gray,10027,2019-07-18,2019,TOR,DET,4,4.3,18,5,1,0,1.0,5,2019_10027_22
Sonny Gray,10027,2019-08-09,2019,TOR,CHC,2,3.3,13,3,1,1,1.0,22,2019_10027_23
Sonny Gray,10027,2019-08-19,2019,TOR,CIN,6,5.3,21,5,3,0,1.0,10,2019_10027_24
Sonny Gray,10027,2019-09-01,2019,TOR,DET,0,5.0,18,6,1,1,1.0,13,2019_10027_25
Sonny Gray,10027,2019-09-12,2019,TOR,MIL,2,5.3,23,5,2,0,1.05,11,2019_10027_26
Sonny Gray,10027,2019-09-13,2019,TOR,SEA,2,5.7,24,4,2,0,1.04,1,2019_10027_27
Sonny Gray,10027,2019-09-14,2019,TOR,LAA,2,5.0,23,4,2,0,0.99,1,2019_10027_28
Sonny Gray,10027,2019-09-23,2019,TOR,NYM,4,3.7,15,2,1,0,1.06,9,2019_10027_29
Sonny Gray,10027,2019-09-28,2019,TOR,DET,5,6.3,25,5,3,1,1.0,5,2019_10027_30
Alek Manoah,10028,2019-03-30,2019,BAL,PHI,8,5.3,18,7,2,1,1.0,5,2019_10028_0
Alek Manoah,10028,2019-03-31,2019,BAL,MIA,14,8.3,36,6,1,0,0.98,1,2019_10028_1
Alek Manoah,10028,2019-04-09,2019,BAL,ATL,12,5.7,25,6,3,0,1.02,9,2019_10028_2
Alek Manoah,10028,2019-04-18,2019,BAL,LAD,18,9.0,41,9,3,0,1.03,9,2019_10028_3
Alek Manoah,10028,2019-04-20,2019,BAL,BOS,16,8.3,34,7,3,0,0.98,2,2019_10028_4
Alek Manoah,10028,2019-04-22,2019,BAL,COL,6,6.0,27,6,1,0,0.92,2,2019_10028_5
Alek Manoah,10028,2019-05-04,2019,BAL,MIN,12,9.0,35,8,3,1,1.0,12,2019_10028_6
Alek Manoah,10028,2019-05-13,2019,BAL,PHI,14,8.7,40,12,2,0,1.01,9,2019_10028_7
Alek Manoah,10028,2019-05-16,2019,BAL,TBR,18,6.3,29,10,2,0,1.05,3,2019_10028_8
Alek Manoah,10028,2019-05-20,2019,BAL,CLE,11,9.0,40,10,3,1,1.0,4,2019_10028_9
Alek Manoah,10028,2019-05-23,2019,BAL,LAD,9,6.7,29,7,3,0,1.03,3,2019_10028_10
Alek Manoah,10028,2019-05-27,2019,BAL,SFG,18,6.3,29,5,4,0,1.03,4,2019_10028_11
Alek Manoah,10028,2019-06-09,2019,BAL,STL,15,6.0,22,7,3,1,1.0,13,2019_10028_12
Alek Manoah,10028,2019-06-13,2019,BAL,PIT,15,7.7,34,9,3,1,1.0,4,2019_10028_13
Alek Manoah,10028,2019-06-16,2019,BAL,CHW,8,6.3,28,5,0,0,0.99,3,2019_10028_14
Alek Manoah,10028,2019-06-24,2019,BAL,TOR,5,7.7,35,7,3,1,1.0,8,2019_10028_15
Alek Manoah,10028,2019-07-04,2019,BAL,STL,11,9.0,41,11,3,0,1.0,10,2019_10028_16
Alek Manoah,10028,2019-07-10,2019,BAL,TEX,10,6.3,26,6,2,1,1.0,6,2019_10028_17
Alek Manoah,10028,2019-07-11,2019,BAL,CHW,16,8.3,33,9,3,1,1.0,1,2019_10028_18
Alek Manoah,10028,2019-07-18,2019,BAL,WSN,8,5.3,21,5,3,0,1.01,7,2019_10028_19
Alek Manoah,10028,2019-07-25,2019,BAL,SDP,13,8.0,36,8,2,1,1.0,7,2019_10028_20
Alek Manoah,10028,2019-08-04,2019,BAL,CHW,11,9.0,45,8,3,0,0.99,10,2019_10028_21
Alek Manoah,10028,2019-08-11,2019,BAL,DET,18,8.7,40,9,5,0,1.0,7,2019_10028_22
Alek Manoah,10028,2019-08-12,2019,BAL,DET,13,8.3,38,9,5,0,1.0,1,2019_10028_23
Alek Manoah,10028,2019-08-15,2019,BAL,STL,9,9.0,41,10,4,1,1.0,3,2019_10028_24
Alek Manoah,10028,2019-08-25,2019,BAL,CIN,6,6.3,25,7,2,0,1.0,10,2019_10028_25
Alek Manoah,10028,2019-09-05,2019,BAL,CHW,15,7.3,36,9,2,1,1.0,11,2019_10028_26
Alek Manoah,10028,2019-09-06,2019,BAL,CHW,7,9.0,40,9,3,0,0.99,1,2019_10028_27
Alek Manoah,10028,2019-09-08,2019,BAL,DET,9,7.0,29,5,2,1,1.0,2,2019_10028_28
Alek Manoah,10028,2019-09-12,2019,BAL,ATL,8,9.0,34,9,4,0,1.02,4,2019_10028_29
Alek Manoah,10028,2019-09-26,2019,BAL,KCR,18,8.3,33,8,3,0,0.96,14,2019_10028_30
Alek Manoah,10028,2019-09-28,2019,BAL,TOR,19,8.7,38,10,3,0,1.0,2,2019_10028_31
Nestor Cortes,10029,2019-03-28,2019,ARI,SFG,9,5.0,19,7,1,0,1.03,5,2019_10029_0
Nestor Cortes,10029,2019-03-30,2019,ARI,BAL,7,7.7,34,10,2,1,1.03,2,2019_10029_1
Nestor Cortes,10029,2019-04-06,2019,ARI,CLE,13,6.7,24,6,2,0,1.04,7,2019_10029_2
Nestor Cortes,10029,2019-04-28,2019,ARI,SFG,8,6.7,27,5,2,0,1.03,22,2019_10029_3
Nestor Cortes,10029,2019-05-02,2019,ARI,TOR,15,7.7,31,7,3,1,1.03,4,2019_10029_4
Nestor Cortes,10029,2019-05-20,2019,ARI,SFG,6,7.0,26,6,1,1,1.03,18,2019_10029_5
Nestor Cortes,10029,2019-05-23,2019,ARI,TBR,6,4.7,17,4,2,1,1.03,3,2019_10029_6
Nestor Cortes,10029,2019-05-29,2019,ARI,TEX,2,3.3,16,5,0,0,0.99,6,2019_10029_7
Nestor Cortes,10029,2019-06-04,2019,ARI,WSN,12,6.3,28,6,1,0,1.01,6,2019_10029_8
Nestor Cortes,10029,2019-06-05,2019,ARI,ATL,2,6.0,25,4,2,0,1.02,1,2019_10029_9
Nestor Cortes,10029,2019-06-09,2019,ARI,SFG,3,3.3,17,1,0,0,1.03,4,2019_10029_10
Nestor Cortes,10029,2019-06-27,2019,ARI,BOS,6,6.0,25,6,2,0,0.98,18,2019_10029_11
Nestor Cortes,10029,2019-07-03,2019,ARI,TEX,7,4.0,17,3,3,1,1.03,6,2019_10029_12
Nestor Cortes,10029,2019-07-05,2019,ARI,KCR,5,7.7,34,8,2,0,0.96,2,2019_10029_13
Nestor Cortes,10029,2019-07-08,2019,ARI,SEA,3,5.0,22,5,1,1,1.03,3,2019_10029_14
Nestor Cortes,10029,2019-07-11,2019,ARI,BOS,7,7.3,32,7,1,1,1.03,3,2019_10029_15
Nestor Cortes,10029,2019-07-15,2019,ARI,WSN,5,3.7,17,3,3,0,1.01,4,2019_10029_16
Nestor Cortes,10029,2019-07-20,2019,ARI,KCR,8,6.0,27,8,1,0,0.96,5,2019_10029_17
Nestor Cortes,10029,2019-08-03,2019,ARI,TBR,10,5.7,30,5,1,1,1.03,14,2019_10029_18
Nestor Cortes,10029,2019-08-08,2019,ARI,MIL,10,8.0,31,7,2,0,1.05,5,2019_10029_19
Nestor Cortes,10029,2019-08-22,2019,ARI,BAL,1,4.7,17,3,1,1,1.03,14,2019_10029_20
Nestor Cortes,10029,2019-08-30,2019,ARI,CIN,10,6.7,29,9,3,1,1.03,8,2019_10029_21
Nestor Cortes,10029,2019-09-18,2019,ARI,PHI,6,6.3,26,9,1,0,1.01,19,2019_10029_22
Nestor Cortes,10029,2019-09-20,2019,ARI,LAD,5,7.7,32,6,2,1,1.03,2,2019_10029_23
Nestor Cortes,10029,2019-09-27,2019,ARI,BAL,9,8.7,39,7,4,1,1.03,7,2019_10029_24
Julio Urias,10030,2019-04-01,2019,ATL,ARI,4,5.0,21,4,2,0,1.03,5,2019_10030_0
Julio Urias,10030,2019-04-05,2019,ATL,CIN,0,3.3,14,3,1,0,1.0,4,2019_10030_1
Julio Urias,10030,2019-04-08,2019,ATL,MIN,3,7.7,33,5,2,1,1.02,3,2019_10030_2
Julio Urias,10030,2019-05-10,2019,ATL,MIL,2,4.3,20,4,0,1,1.02,30,2019_10030_3
Julio Urias,10030,2019-05-12,2019,ATL,TBR,2,5.0,21,6,1,1,1.02,2,2019_10030_4
Julio Urias,10030,2019-05-16,2019,ATL,NYM,4,6.0,21,4,3,1,1.02,4,2019_10030_5
Julio Urias,10030,2019-05-20,2019,ATL,TOR,1,3.0,14,2,0,0,1.0,4,2019_10030_6
Julio Urias,10030,2019-05-31,2019,ATL,NYY,3,5.3,22,7,2,1,1.02,11,2019_10030_7
Julio Urias,10030,2019-06-18,2019,ATL,OAK,1,6.0,27,7,3,0,1.0,18,2019_10030_8
Julio Urias,10030,2019-07-12,2019,ATL,COL,4,6.7,31,7,3,1,1.02,24,2019_10030_9
Julio Urias,10030,2019-07-17,2019,ATL,SDP,3,3.0,13,3,0,1,1.02,5,2019_10030_10
Julio Urias,10030,2019-08-06,2019,ATL,CHC,1,4.3,15,5,2,1,1.02,20,2019_10030_11
Julio Urias,10030,2019-08-11,2019,ATL,LAD,1,3.3,11,4,1,0,1.03,5,2019_10030_12
Julio Urias,10030,2019-08-18,2019,ATL,DET,1,7.7,27,8,2,0,1.0,7,2019_10030_13
Julio Urias,10030,2019-09-04,2019,ATL,HOU,2,4.0,17,4,3,0,1.02,17,2019_10030_14
Julio Urias,10030,2019-09-11,2019,ATL,TEX,3,6.3,25,5,1,0,0.99,7,2019_10030_15
Julio Urias,10030,2019-09-18,2019,ATL,CLE,2,5.3,18,4,2,0,1.04,7,2019_10030_16
Julio Urias,10030,2019-09-21,2019,ATL,CHW,2,4.3,21,5,2,0,0.99,3,2019_10030_17
Julio Urias,10030,2019-09-26,2019,ATL,NYY,1,4.7,18,6,2,0,0.99,5,2019_10030_18
Lance McCullers,10032,2019-03-28,2019,MIN,CLE,8,5.3,24,7,2,1,1.0,5,2019_10032_0
Lance McCullers,10032,2019-04-08,2019,MIN,WSN,2,4.0,16,5,1,1,1.0,11,2019_10032_1
Lance McCullers,10032,2019-04-17,2019,MIN,SFG,1,5.7,21,5,3,1,1.0,9,2019_10032_2
Lance McCullers,10032,2019-04-18,2019,MIN,TOR,6,5.7,24,6,2,1,1.0,1,2019_10032_3
Lance McCullers,10032,2019-04-20,2019,MIN,COL,3,4.0,17,1,1,0,0.92,2,2019_10032_4
Lance McCullers,10032,2019-04-23,2019,MIN,NYY,1,3.7,12,3,0,0,0.99,3,2019_10032_5
Lance McCullers,10032,2019-04-29,2019,MIN,ARI,7,5.0,18,4,0,1,1.0,6,2019_10032_6
Lance McCullers,10032,2019-05-03,2019,MIN,LAD,6,4.7,19,3,1,0,1.03,4,2019_10032_7
Lance McCullers,10032,2019-05-05,2019,MIN,SFG,7,5.7,23,7,2,0,1.03,2,2019_10032_8
Lance McCullers,10032,2019-05-10,2019,MIN,MIA,2,3.0,16,4,0,0,0.98,5,2019_10032_9
Lance McCullers,10032,2019-05-18,2019,MIN,KCR,6,4.0,14,3,1,1,1.0,8,2019_10032_10
Lance McCullers,10032,2019-05-21,2019,MIN,TOR,7,5.7,22,6,1,1,1.0,3,2019_10032_11
Lance McCullers,10032,2019-05-26,2019,MIN,OAK,0,5.3,26,6,2,1,1.0,5,2019_10032_12
Lance McCullers,10032,2019-06-14,2019,MIN,NYY,4,4.3,15,5,1,0,0.99,19,2019_10032_13
Lance McCullers,10032,2019-06-16,2019,MIN,LAD,9,7.0,30,6,3,0,1.03,2,2019_10032_14
Lance McCullers,10032,2019-06-17,2019,MIN,NYY,3,5.3,18,1,3,0,0.99,1,2019_10032_15
Lance McCullers,10032,2019-06-18,2019,MIN,NYM,8,6.0,31,8,2,1,1.0,1,2019_10032_16
Lance McCullers,10032,2019-06-28,2019,MIN,BAL,0,3.0,12,1,0,1,1.0,10,2019_10032_17
Lance McCullers,10032,2019-07-07,2019,MIN,PHI,9,7.0,27,7,3,1,1.0,9,2019_10032_18
Lance McCullers,10032,2019-07-10,2019,MIN,HOU,3,5.3,23,8,0,1,1.0,3,2019_10032_19
Lance McCullers,10032,2019-07-20,2019,MIN,PIT,7,3.3,16,3,0,1,1.0,10,2019_10032_20
Lance McCullers,10032,2019-07-21,2019,MIN,STL,4,7.0,28,6,1,1,1.0,1,2019_10032_21
Lance McCullers,10032,2019-08-03,2019,MIN,SEA,6,4.0,15,5,1,1,1.0,13,2019_10032_22
Lance McCullers,10032,2019-08-08,2019,MIN,NYY,8,5.0,18,3,1,1,1.0,5,2019_10032_23
Lance McCullers,10032,2019-08-11,2019,MIN,NYY,6,6.3,25,4,1,0,0.99,3,2019_10032_24
Lance McCullers,10032,2019-08-15,2019,MIN,TEX,4,3.0,17,0,2,0,0.99,4,2019_10032_25
Lance McCullers,10032,2019-08-29,2019,MIN,BAL,2,5.3,18,7,1,1,1.0,14,2019_10032_26
Lance McCullers,10032,2019-09-05,2019,MIN,CLE,7,9.0,37,8,3,1,1.0,7,2019_10032_27
Lance McCullers,10032,2019-09-25,2019,MIN,SDP,7,4.7,17,3,1,0,1.08,20,2019_10032_28
Lance McCullers,10032,2019-09-29,2019,MIN,BAL,7,6.3,30,8,3,0,1.0,4,2019_10032_29
Marcus Stroman,10033,2019-03-31,2019,PIT,CIN,1,4.7,19,4,1,1,1.0,5,2019_10033_0
Marcus Stroman,10033,2019-04-07,2019,PIT,TEX,3,5.3,19,4,2,1,1.0,7,2019_10033_1
Marcus Stroman,10033,2019-04-14,2019,PIT,MIA,5,4.7,19,6,1,1,1.0,7,2019_10033_2
Marcus Stroman,10033,2019-04-21,2019,PIT,SEA,2,3.0,17,0,1,1,1.0,7,2019_10033_3
Marcus Stroman,10033,2019-04-30,2019,PIT,CHW,0,5.0,22,8,2,1,1.0,9,2019_10033_4
Marcus Stroman,10033,2019-05-03,2019,PIT,BOS,4,3.7,15,5,2,1,1.0,3,2019_10033_5
Marcus Stroman,10033,2019-05-17,2019,PIT,NYM,3,5.0,19,7,0,0,1.06,14,2019_10033_6
Marcus Stroman,10033,2019-06-10,2019,PIT,WSN,7,4.7,19,4,0,1,1.0,24,2019_10033_7
Marcus Stroman,10033,2019-06-14,2019,PIT,COL,3,5.3,22,5,1,0,0.92,4,2019_10033_8
Marcus Stroman,10033,2019-06-17,2019,PIT,ATL,7,6.0,25,6,3,0,1.02,3,2019_10033_9
Marcus Stroman,10033,2019-06-27,2019,PIT,PHI,7,5.3,22,7,1,0,1.01,10,2019_10033_10
Marcus Stroman,10033,2019-07-07,2019,PIT,TBR,1,4.0,16,4,1,0,1.05,10,2019_10033_11
Marcus Stroman,10033,2019-07-08,2019,PIT,TBR,4,4.3,21,6,2,0,1.05,1,2019_10033_12
Marcus Stroman,10033,2019-07-11,2019,PIT,KCR,3,3.3,17,3,0,0,0.96,3,2019_10033_13
Marcus Stroman,10033,2019-07-14,2019,PIT,CHW,3,3.7,16,2,1,0,0.99,3,2019_10033_14
Marcus Stroman,10033,2019-07-23,2019,PIT,MIN,1,6.7,29,6,0,0,1.0,9,2019_10033_15
Marcus Stroman,10033,2019-07-24,2019,PIT,BAL,2,4.7,22,5,1,1,1.0,1,2019_10033_16
Marcus Stroman,10033,2019-07-26,2019,PIT,CLE,6,6.7,28,4,2,1,1.0,2,2019_10033_17
Marcus Stroman,10033,2019-07-28,2019,PIT,LAA,1,7.0,34,9,2,1,1.0,2,2019_10033_18
Marcus Stroman,10033,2019-08-17,2019,PIT,SEA,5,5.3,21,3,1,0,1.04,20,2019_10033_19
Marcus Stroman,10033,2019-08-24,2019,PIT,CHC,3,4.3,21,2,0,1,1.0,7,2019_10033_20
Marcus Stroman,10033,2019-09-03,2019,PIT,TOR,1,4.3,15,3,0,0,1.0,10,2019_10033_21
Marcus Stroman,10033,2019-09-08,2019,PIT,NYM,2,3.7,16,3,0,0,1.06,5,2019_10033_22
Marcus Stroman,10033,2019-09-20,2019,PIT,SFG,4,4.0,14,5,1,0,1.03,12,2019_10033_23
Marcus Stroman,10033,2019-09-23,2019,PIT,STL,1,3.7,17,3,2,0,1.0,3,2019_10033_24
Marcus Stroman,10033,2019-09-29,2019,PIT,OAK,4,5.0,24,5,1,0,1.0,6,2019_10033_25
Jose Berrios,10034,2019-03-28,2019,BOS,HOU,2,3.3,15,5,1,1,0.98,5,2019_10034_0
Jose Berrios,10034,2019-03-31,2019,BOS,TOR,3,5.0,22,7,2,1,0.98,3,2019_10034_1
Jose Berrios,10034,2019-04-02,2019,BOS,NYM,8,7.3,32,9,4,1,0.98,2,2019_10034_2
Jose Berrios,10034,2019-04-03,2019,BOS,MIL,4,4.7,19,6,2,1,0.98,1,2019_10034_3
Jose Berrios,10034,2019-04-10,2019,BOS,KCR,3,4.3,15,6,1,1,0.98,7,2019_10034_4
Jose Berrios,10034,2019-04-19,2019,BOS,PHI,6,6.0,21,8,1,1,0.98,9,2019_10034_5
Jose Berrios,10034,2019-04-25,2019,BOS,TOR,4,5.3,23,8,3,0,1.0,6,2019_10034_6
Jose Berrios,10034,2019-05-12,2019,BOS,TEX,5,6.3,25,7,2,0,0.99,17,2019_10034_7
Jose Berrios,10034,2019-05-24,2019,BOS,PHI,7,6.0,27,8,2,0,1.01,12,2019_10034_8
Jose Berrios,10034,2019-06-04,2019,BOS,CHW,5,6.3,28,9,3,0,0.99,11,2019_10034_9
Jose Berrios,10034,2019-06-10,2019,BOS,OAK,4,5.3,19,4,3,0,1.0,6,2019_10034_10
Jose Berrios,10034,2019-06-23,2019,BOS,DET,3,6.7,32,6,2,0,1.0,13,2019_10034_11
Jose Berrios,10034,2019-06-30,2019,BOS,CHW,7,3.7,12,0,0,1,0.98,7,2019_10034_12
Jose Berrios,10034,2019-07-10,2019,BOS,ARI,10,5.7,22,9,2,0,1.03,10,2019_10034_13
Jose Berrios,10034,2019-07-13,2019,BOS,WSN,7,6.3,25,7,3,0,1.01,3,2019_10034_14
Jose Berrios,10034,2019-07-19,2019,BOS,MIN,5,7.7,31,8,2,0,1.0,6,2019_10034_15
Jose Berrios,10034,2019-07-23,2019,BOS,PHI,7,7.0,30,7,2,0,1.01,4,2019_10034_16
Jose Berrios,10034,2019-07-28,2019,BOS,OAK,2,4.3,15,4,0,1,0.98,5,2019_10034_17
Jose Berrios,10034,2019-07-31,2019,BOS,LAD,3,4.0,14,2,2,0,1.03,3,2019_10034_18
Jose Berrios,10034,2019-08-06,2019,BOS,TEX,4,5.3,18,6,2,0,0.99,6,2019_10034_19
Jose Berrios,10034,2019-08-13,2019,BOS,ARI,5,6.0,22,6,3,0,1.03,7,2019_10034_20
Jose Berrios,10034,2019-08-23,2019,BOS,LAA,6,5.0,18,5,2,0,0.99,10,2019_10034_21
Jose Berrios,10034,2019-09-05,2019,BOS,ARI,7,6.7,24,6,1,1,0.98,13,2019_10034_22
Jose Berrios,10034,2019-09-11,2019,BOS,NYY,5,5.3,22,4,2,1,0.98,6,2019_10034_23
Jose Berrios,10034,2019-09-13,2019,BOS,ARI,8,5.0,22,1,1,1,0.98,2,2019_10034_24
Jose Berrios,10034,2019-09-15,2019,BOS,CHW,2,5.0,23,4,1,1,0.98,2,2019_10034_25
Jose Berrios,10034,2019-09-23,2019,BOS,SDP,3,4.0,17,4,2,0,1.08,8,2019_10034_26
Jose Berrios,10034,2019-09-28,2019,BOS,MIN,3,4.3,19,0,2,0,1.0,5,2019_10034_27
Frankie Montas,10035,2019-04-08,2019,ATL,LAD,3,7.7,32,8,3,1,1.02,5,2019_10035_0
Frankie Montas,10035,2019-04-11,2019,ATL,HOU,1,4.0,19,7,2,1,1.02,3,2019_10035_1
Frankie Montas,10035,2019-04-16,2019,ATL,KCR,2,6.3,24,5,3,0,0.96,5,2019_10035_2
Frankie Montas,10035,2019-04-27,2019,ATL,MIN,2,5.7,25,5,1,0,1.0,11,2019_10035_3
Frankie Montas,10035,2019-04-28,2019,ATL,SEA,3,5.0,17,3,2,1,1.02,1,2019_10035_4
Frankie Montas,10035,2019-05-07,2019,ATL,SDP,2,5.0,21,4,3,0,1.08,9,2019_10035_5
Frankie Montas,10035,2019-05-14,2019,ATL,KCR,0,5.0,21,7,3,0,0.96,7,2019_10035_6
Frankie Montas,10035,2019-05-15,2019,ATL,DET,2,6.0,25,8,3,0,1.0,1,2019_10035_7
Frankie Montas,10035,2019-05-27,2019,ATL,CHW,4,6.0,28,9,3,0,0.99,12,2019_10035_8
Frankie Montas,10035,2019-06-01,2019,ATL,CHW,2,5.0,22,6,3,1,1.02,5,2019_10035_9
Frankie Montas,10035,2019-06-23,2019,ATL,MIA,1,7.3,30,6,2,0,0.98,22,2019_10035_10
Frankie Montas,10035,2019-06-28,2019,ATL,OAK,1,4.3,16,7,1,1,1.02,5,2019_10035_11
Frankie Montas,10035,2019-06-30,2019,ATL,CHW,5,5.0,21,7,3,1,1.02,2,2019_10035_12
Frankie Montas,10035,2019-07-28,2019,ATL,NYY,12,3.7,17,5,1,0,0.99,28,2019_10035_13
Frankie Montas,10035,2019-08-10,2019,ATL,OAK,0,3.3,12,4,0,1,1.02,13,2019_10035_14
Frankie Montas,10035,2019-08-17,2019,ATL,TBR,9,5.3,20,6,0,0,1.05,7,2019_10035_15
Frankie Montas,10035,2019-08-28,2019,ATL,BAL,5,7.7,33,10,2,1,1.02,11,2019_10035_16
Frankie Montas,10035,2019-09-07,2019,ATL,BOS,2,4.3,17,7,2,1,1.02,10,2019_10035_17
Frankie Montas,10035,2019-09-11,2019,ATL,BAL,5,6.0,25,5,1,1,1.02,4,2019_10035_18
Frankie Montas,10035,2019-09-18,2019,ATL,CIN,1,4.0,17,5,1,1,1.02,7,2019_10035_19
Frankie Montas,10035,2019-09-23,2019,ATL,MIA,3,4.0,17,2,1,1,1.02,5,2019_10035_20
Frankie Montas,10035,2019-09-29,2019,ATL,MIA,8,7.0,26,7,2,1,1.02,6,2019_10035_21
Charlie Morton,10036,2019-04-11,2019,NYM,CHC,2,6.0,29,7,1,1,1.06,5,2019_10036_0
Charlie Morton,10036,2019-04-15,2019,NYM,SEA,0,4.3,19,6,1,1,1.06,4,2019_10036_1
Charlie Morton,10036,2019-04-18,2019,NYM,ARI,7,4.7,19,6,2,1,1.06,3,2019_10036_2
Charlie Morton,10036,2019-05-06,2019,NYM,MIN,12,6.3,27,6,2,1,1.06,18,2019_10036_3
Charlie Morton,10036,2019-05-21,2019,NYM,BAL,5,3.3,12,1,1,1,1.06,15,2019_10036_4
Charlie Morton,10036,2019-06-01,2019,NYM,WSN,5,5.0,20,5,2,0,1.01,11,2019_10036_5
Charlie Morton,10036,2019-06-22,2019,NYM,LAD,3,3.0,12,4,0,0,1.03,21,2019_10036_6
Charlie Morton,10036,2019-07-02,2019,NYM,DET,2,3.3,11,3,2,1,1.06,10,2019_10036_7
Charlie Morton,10036,2019-07-11,2019,NYM,CIN,5,7.3,33,10,1,0,1.0,9,2019_10036_8
Charlie Morton,10036,2019-07-12,2019,NYM,STL,4,7.7,29,9,4,0,1.0,1,2019_10036_9
Charlie Morton,10036,2019-07-22,2019,NYM,SDP,6,5.7,19,6,0,1,1.06,10,2019_10036_10
Charlie Morton,10036,2019-07-29,2019,NYM,COL,1,3.3,13,3,1,1,1.06,7,2019_10036_11
Charlie Morton,10036,2019-08-01,2019,NYM,CLE,5,5.0,20,5,2,1,1.06,3,2019_10036_12
Charlie Morton,10036,2019-08-03,2019,NYM,BAL,4,4.3,18,4,3,1,1.06,2,2019_10036_13
Charlie Morton,10036,2019-08-06,2019,NYM,LAA,6,4.0,19,4,0,1,1.06,3,2019_10036_14
Charlie Morton,10036,2019-08-08,2019,NYM,ARI,2,5.0,20,2,1,0,1.03,2,2019_10036_15
Charlie Morton,10036,2019-08-14,2019,NYM,CLE,7,6.3,25,4,2,1,1.06,6,2019_10036_16
Charlie Morton,10036,2019-08-21,2019,NYM,CLE,8,4.3,19,2,0,1,1.06,7,2019_10036_17
Charlie Morton,10036,2019-08-31,2019,NYM,LAA,7,6.7,28,9,1,1,1.06,10,2019_10036_18
Charlie Morton,10036,2019-09-06,2019,NYM,MIL,7,5.7,25,6,2,0,1.05,6,2019_10036_19
Charlie Morton,10036,2019-09-07,2019,NYM,COL,9,6.3,28,6,2,0,0.92,1,2019_10036_20
Charlie Morton,10036,2019-09-10,2019,NYM,HOU,7,7.0,31,6,2,0,1.02,3,2019_10036_21
Charlie Morton,10036,2019-09-15,2019,NYM,PIT,4,4.7,24,3,2,1,1.06,5,2019_10036_22
Charlie Morton,10036,2019-09-27,2019,NYM,MIL,3,4.3,19,5,1,0,1.05,12,2019_10036_23
Charlie Morton,10036,2019-09-28,2019,NYM,ARI,5,6.3,29,9,3,0,1.03,1,2019_10036_24
Kyle Wright,10037,2019-03-29,2019,CHC,ARI,7,8.3,36,8,3,1,0.97,5,2019_10037_0
Kyle Wright,10037,2019-03-31,2019,CHC,ATL,3,8.0,33,7,4,0,1.02,2,2019_10037_1
Kyle Wright,10037,2019-04-02,2019,CHC,MIA,6,7.0,29,11,2,0,0.98,2,2019_10037_2
Kyle Wright,10037,2019-04-11,2019,CHC,PIT,9,6.3,28,8,3,1,0.97,9,2019_10037_3
Kyle Wright,10037,2019-04-24,2019,CHC,NYY,3,7.3,32,8,2,0,0.99,13,2019_10037_4
Kyle Wright,10037,2019-04-30,2019,CHC,MIA,5,4.7,18,5,1,1,0.97,6,2019_10037_5
Kyle Wright,10037,2019-05-23,2019,CHC,BOS,6,7.3,32,6,2,0,0.98,23,2019_10037_6
Kyle Wright,10037,2019-05-26,2019,CHC,OAK,14,5.7,21,4,1,0,1.0,3,2019_10037_7
Kyle Wright,10037,2019-06-08,2019,CHC,KCR,6,4.7,21,3,1,0,0.96,13,2019_10037_8
Kyle Wright,10037,2019-06-17,2019,CHC,SEA,5,5.7,29,6,2,1,0.97,9,2019_10037_9
Kyle Wright,10037,2019-06-22,2019,CHC,NYM,6,6.0,26,9,2,1,0.97,5,2019_10037_10
Kyle Wright,10037,2019-07-01,2019,CHC,ATL,6,7.7,34,9,3,1,0.97,9,2019_10037_11
Kyle Wright,10037,2019-07-14,2019,CHC,NYY,5,4.3,16,3,3,0,0.99,13,2019_10037_12
Kyle Wright,10037,2019-07-15,2019,CHC,OAK,3,3.7,16,1,2,1,0.97,1,2019_10037_13
Kyle Wright,10037,2019-07-17,2019,CHC,ATL,6,5.3,22,6,2,1,0.97,2,2019_10037_14
Kyle Wright,10037,2019-07-21,2019,CHC,SFG,5,4.0,17,5,0,1,0.97,4,2019_10037_15
Kyle Wright,10037,2019-07-23,2019,CHC,TOR,5,6.0,28,6,2,0,1.0,2,2019_10037_16
Kyle Wright,10037,2019-07-27,2019,CHC,DET,6,7.3,30,7,3,0,1.0,4,2019_10037_17
Kyle Wright,10037,2019-08-05,2019,CHC,SFG,1,4.0,20,3,0,0,1.03,9,2019_10037_18
Kyle Wright,10037,2019-08-12,2019,CHC,BAL,8,7.0,33,11,2,1,0.97,7,2019_10037_19
Kyle Wright,10037,2019-09-01,2019,CHC,STL,8,6.3,34,8,2,1,0.97,20,2019_10037_20
Kyle Wright,10037,2019-09-02,2019,CHC,MIA,6,6.3,29,8,3,1,0.97,1,2019_10037_21
Kyle Wright,10037,2019-09-15,2019,CHC,CHW,6,5.0,25,4,2,1,0.97,13,2019_10037_22
Kyle Wright,10037,2019-09-21,2019,CHC,SFG,2,7.3,31,7,3,1,0.97,6,2019_10037_23
Kyle Wright,10037,2019-09-26,2019,CHC,CIN,6,5.7,24,6,2,0,1.0,5,2019_10037_24
Cristian Javier,10038,2019-04-04,2019,TBR,CHC,6,5.7,23,5,1,0,0.97,5,2019_10038_0
Cristian Javier,10038,2019-04-06,2019,TBR,PIT,7,4.3,20,7,1,1,1.05,2,2019_10038_1
Cristian Javier,10038,2019-04-14,2019,TBR,NYM,8,5.7,24,6,1,0,1.06,8,2019_10038_2
Cristian Javier,10038,2019-04-17,2019,TBR,TEX,2,4.0,20,4,1,0,0.99,3,2019_10038_3
Cristian Javier,10038,2019-04-25,2019,TBR,PIT,5,6.0,26,6,2,0,1.0,8,2019_10038_4
Cristian Javier,10038,2019-04-29,2019,TBR,LAD,6,5.3,23,7,1,0,1.03,4,2019_10038_5
Cristian Javier,10038,2019-05-09,2019,TBR,NYM,4,4.0,16,4,1,0,1.06,10,2019_10038_6
Cristian Javier,10038,2019-05-10,2019,TBR,SDP,8,5.3,18,5,4,1,1.05,1,2019_10038_7
Cristian Javier,10038,2019-05-11,2019,TBR,NYM,5,4.0,15,3,2,1,1.05,1,2019_10038_8
Cristian Javier,10038,2019-05-16,2019,TBR,PIT,4,6.0,26,6,4,0,1.0,5,2019_10038_9
Cristian Javier,10038,2019-05-20,2019,TBR,CHC,8,7.7,26,7,4,0,0.97,4,2019_10038_10
Cristian Javier,10038,2019-05-23,2019,TBR,KCR,8,4.7,16,4,1,1,1.05,3,2019_10038_11
Cristian Javier,10038,2019-05-25,2019,TBR,CHC,10,6.3,26,7,2,1,1.05,2,2019_10038_12
Cristian Javier,10038,2019-05-27,2019,TBR,OAK,5,6.3,24,5,2,1,1.05,2,2019_10038_13
Cristian Javier,10038,2019-06-06,2019,TBR,OAK,9,5.0,22,5,1,0,1.0,10,2019_10038_14
Cristian Javier,10038,2019-06-08,2019,TBR,CHW,5,5.0,22,4,2,1,1.05,2,2019_10038_15
Cristian Javier,10038,2019-06-09,2019,TBR,LAA,5,4.0,19,4,1,0,0.99,1,2019_10038_16
Cristian Javier,10038,2019-06-14,2019,TBR,ATL,7,4.3,20,6,0,1,1.05,5,2019_10038_17
Cristian Javier,10038,2019-06-22,2019,TBR,BOS,4,5.7,21,5,3,0,0.98,8,2019_10038_18
Cristian Javier,10038,2019-07-01,2019,TBR,DET,9,6.3,27,6,2,0,1.0,9,2019_10038_19
Cristian Javier,10038,2019-07-06,2019,TBR,NYY,6,7.7,28,7,2,0,0.99,5,2019_10038_20
Cristian Javier,10038,2019-07-07,2019,TBR,COL,6,5.7,23,5,1,0,0.92,1,2019_10038_21
Cristian Javier,10038,2019-07-18,2019,TBR,TOR,2,6.7,31,6,3,1,1.05,11,2019_10038_22
Cristian Javier,10038,2019-08-03,2019,TBR,ARI,10,5.7,22,9,1,1,1.05,16,2019_10038_23
Cristian Javier,10038,2019-08-04,2019,TBR,CHC,3,6.3,27,6,3,0,0.97,1,2019_10038_24
Cristian Javier,10038,2019-08-16,2019,TBR,TEX,6,3.3,17,0,1,1,1.05,12,2019_10038_25
Cristian Javier,10038,2019-09-03,2019,TBR,ATL,4,4.7,16,6,1,1,1.05,18,2019_10038_26
Cristian Javier,10038,2019-09-04,2019,TBR,BAL,10,6.0,26,6,2,0,1.0,1,2019_10038_27
Cristian Javier,10038,2019-09-09,2019,TBR,SFG,14,5.3,20,5,3,0,1.03,5,2019_10038_28
Cristian Javier,10038,2019-09-23,2019,TBR,ARI,1,4.7,16,5,1,0,1.03,14,2019_10038_29
Cristian Javier,10038,2019-09-24,2019,TBR,CHC,3,4.0,14,3,1,0,0.97,1,2019_10038_30
Cristian Javier,10038,2019-09-26,2019,TBR,CLE,8,6.0,21,7,3,0,1.04,2,2019_10038_31
George Kirby,10039,2019-04-03,2019,LAA,OAK,5,5.7,24,8,2,0,1.0,5,2019_10039_0
George Kirby,10039,2019-04-07,2019,LAA,TEX,4,4.7,16,4,1,0,0.99,4,2019_10039_1
George Kirby,10039,2019-04-13,2019,LAA,COL,8,4.3,20,2,0,1,0.99,6,2019_10039_2
George Kirby,10039,2019-04-20,2019,LAA,NYY,1,3.7,16,7,0,1,0.99,7,2019_10039_3
George Kirby,10039,2019-04-28,2019,LAA,NYM,3,3.3,11,3,0,0,1.06,8,2019_10039_4
George Kirby,10039,2019-05-08,2019,LAA,NYY,1,3.0,14,3,1,1,0.99,10,2019_10039_5
George Kirby,10039,2019-05-11,2019,LAA,PHI,1,3.3,13,1,1,0,1.01,3,2019_10039_6
George Kirby,10039,2019-05-17,2019,LAA,LAD,6,5.7,21,3,2,0,1.03,6,2019_10039_7
George Kirby,10039,2019-05-19,2019,LAA,LAD,5,5.7,24,7,1,0,1.03,2,2019_10039_8
George Kirby,10039,2019-05-24,2019,LAA,HOU,1,3.0,12,0,2,0,1.02,5,2019_10039_9
George Kirby,10039,2019-05-25,2019,LAA,TOR,4,3.3,16,6,1,0,1.0,1,2019_10039_10
George Kirby,10039,2019-06-07,2019,LAA,NYM,6,6.0,26,5,1,1,0.99,13,2019_10039_11
George Kirby,10039,2019-06-20,2019,LAA,MIL,6,4.3,17,3,1,1,0.99,13,2019_10039_12
George Kirby,10039,2019-06-30,2019,LAA,DET,4,5.7,27,6,2,0,1.0,10,2019_10039_13
George Kirby,10039,2019-07-08,2019,LAA,STL,2,3.0,12,5,2,0,1.0,8,2019_10039_14
George Kirby,10039,2019-07-09,2019,LAA,CLE,9,5.0,27,4,1,0,1.04,1,2019_10039_15
George Kirby,10039,2019-07-18,2019,LAA,BAL,9,8.0,38,10,3,0,1.0,9,2019_10039_16
George Kirby,10039,2019-07-22,2019,LAA,CHW,3,6.7,26,7,3,0,0.99,4,2019_10039_17
George Kirby,10039,2019-07-27,2019,LAA,STL,12,6.3,29,7,2,0,1.0,5,2019_10039_18
George Kirby,10039,2019-08-03,2019,LAA,SFG,2,3.7,16,5,0,1,0.99,7,2019_10039_19
George Kirby,10039,2019-08-21,2019,LAA,SDP,3,3.3,13,2,1,0,1.08,18,2019_10039_20
George Kirby,10039,2019-08-27,2019,LAA,CHW,4,4.3,16,2,0,0,0.99,6,2019_10039_21
George Kirby,10039,2019-09-06,2019,LAA,CHW,3,4.3,22,3,1,0,0.99,10,2019_10039_22
George Kirby,10039,2019-09-12,2019,LAA,LAD,5,4.3,16,4,1,0,1.03,6,2019_10039_23
George Kirby,10039,2019-09-23,2019,LAA,TOR,7,3.7,19,5,1,0,1.0,11,2019_10039_24
George Kirby,10039,2019-09-25,2019,LAA,PHI,1,3.0,10,3,1,1,0.99,2,2019_10039_25
George Kirby,10039,2019-09-30,2019,LAA,KCR,1,4.0,16,3,2,0,0.96,5,2019_10039_26
Bryce Miller,10040,2019-04-01,2019,TBR,KCR,1,5.0,21,2,2,0,0.96,5,2019_10040_0
Bryce Miller,10040,2019-04-02,2019,TBR,COL,4,5.3,27,9,1,0,0.92,1,2019_10040_1
Bryce Miller,10040,2019-04-03,2019,TBR,MIN,1,3.7,12,2,1,1,1.05,1,2019_10040_2
Bryce Miller,10040,2019-04-07,2019,TBR,COL,4,5.3,24,4,1,1,1.05,4,2019_10040_3
Bryce Miller,10040,2019-04-09,2019,TBR,MIL,3,4.7,23,5,2,1,1.05,2,2019_10040_4
Bryce Miller,10040,2019-04-22,2019,TBR,PIT,3,4.7,18,4,3,1,1.05,13,2019_10040_5
Bryce Miller,10040,2019-04-23,2019,TBR,BOS,1,6.0,21,5,2,1,1.05,1,2019_10040_6
Bryce Miller,10040,2019-05-01,2019,TBR,NYM,9,4.7,19,5,2,0,1.06,8,2019_10040_7
Bryce Miller,10040,2019-05-04,2019,TBR,NYM,4,6.3,26,9,2,1,1.05,3,2019_10040_8
Bryce Miller,10040,2019-05-11,2019,TBR,LAA,6,5.3,19,8,1,0,0.99,7,2019_10040_9
Bryce Miller,10040,2019-05-18,2019,TBR,STL,4,5.7,25,5,1,0,1.0,7,2019_10040_10
Bryce Miller,10040,2019-05-19,2019,TBR,KCR,6,5.3,21,6,2,1,1.05,1,2019_10040_11
Bryce Miller,10040,2019-05-26,2019,TBR,MIL,4,4.7,17,4,1,0,1.05,7,2019_10040_12
Bryce Miller,10040,2019-06-04,2019,TBR,CHW,2,4.7,16,6,0,1,1.05,9,2019_10040_13
Bryce Miller,10040,2019-06-26,2019,TBR,SFG,3,4.7,19,5,1,1,1.05,22,2019_10040_14
Bryce Miller,10040,2019-07-08,2019,TBR,LAD,5,5.3,22,4,1,1,1.05,12,2019_10040_15
Bryce Miller,10040,2019-07-15,2019,TBR,SEA,10,6.7,28,5,2,0,1.04,7,2019_10040_16
Bryce Miller,10040,2019-07-20,2019,TBR,ARI,5,3.0,10,3,1,0,1.03,5,2019_10040_17
Bryce Miller,10040,2019-08-21,2019,TBR,CIN,6,3.7,14,3,1,0,1.0,30,2019_10040_18
Bryce Miller,10040,2019-08-23,2019,TBR,BOS,3,6.0,27,5,2,1,1.05,2,2019_10040_19
Bryce Miller,10040,2019-09-10,2019,TBR,DET,1,5.7,21,6,2,0,1.0,18,2019_10040_20
Seth Lugo,10041,2019-03-31,2019,CHC,TOR,0,5.0,18,5,2,1,0.97,5,2019_10041_0
Seth Lugo,10041,2019-04-03,2019,CHC,SEA,4,3.7,17,3,1,0,1.04,3,2019_10041_1
Seth Lugo,10041,2019-04-07,2019,CHC,WSN,2,4.0,20,3,1,0,1.01,4,2019_10041_2
Seth Lugo,10041,2019-04-13,2019,CHC,BAL,5,7.0,26,9,3,1,0.97,6,2019_10041_3
Seth Lugo,10041,2019-04-15,2019,CHC,CIN,6,6.3,28,5,1,1,0.97,2,2019_10041_4
Seth Lugo,10041,2019-04-16,2019,CHC,SDP,7,5.7,22,2,2,1,0.97,1,2019_10041_5
Seth Lugo,10041,2019-04-19,2019,CHC,NYY,2,5.7,24,7,2,0,0.99,3,2019_10041_6
Seth Lugo,10041,2019-04-21,2019,CHC,STL,5,6.0,24,6,1,1,0.97,2,2019_10041_7
Seth Lugo,10041,2019-04-25,2019,CHC,TEX,5,6.0,23,5,2,0,0.99,4,2019_10041_8
Seth Lugo,10041,2019-05-02,2019,CHC,TBR,6,6.3,25,7,1,1,0.97,7,2019_10041_9
Seth Lugo,10041,2019-05-08,2019,CHC,SEA,4,3.7,20,4,1,1,0.97,6,2019_10041_10
Seth Lugo,10041,2019-05-18,2019,CHC,PHI,5,5.0,23,4,2,1,0.97,10,2019_10041_11
Seth Lugo,10041,2019-05-21,2019,CHC,LAD,2,3.7,12,1,0,0,1.03,3,2019_10041_12
Seth Lugo,10041,2019-05-28,2019,CHC,TEX,5,5.7,23,8,2,1,0.97,7,2019_10041_13
Seth Lugo,10041,2019-06-06,2019,CHC,TBR,3,4.3,21,5,2,0,1.05,9,2019_10041_14
Seth Lugo,10041,2019-06-11,2019,CHC,WSN,1,4.0,17,3,1,0,1.01,5,2019_10041_15
Seth Lugo,10041,2019-06-13,2019,CHC,ATL,1,4.3,21,3,2,1,0.97,2,2019_10041_16
Seth Lugo,10041,2019-07-20,2019,CHC,TBR,2,5.3,20,5,2,1,0.97,30,2019_10041_17
Seth Lugo,10041,2019-07-23,2019,CHC,SDP,2,4.7,17,8,2,1,0.97,3,2019_10041_18
Seth Lugo,10041,2019-08-10,2019,CHC,DET,3,4.3,17,4,2,0,1.0,18,2019_10041_19
Seth Lugo,10041,2019-08-18,2019,CHC,SDP,1,5.0,23,7,3,0,1.08,8,2019_10041_20
Seth Lugo,10041,2019-08-19,2019,CHC,BAL,4,4.7,18,5,2,0,1.0,1,2019_10041_21
Seth Lugo,10041,2019-08-21,2019,CHC,PIT,0,4.7,22,5,0,0,1.0,2,2019_10041_22
Seth Lugo,10041,2019-08-23,2019,CHC,ATL,4,5.0,21,6,1,0,1.02,2,2019_10041_23
Seth Lugo,10041,2019-08-24,2019,CHC,DET,4,4.3,16,3,1,1,0.97,1,2019_10041_24
Seth Lugo,10041,2019-08-26,2019,CHC,TOR,4,4.7,21,4,0,0,1.0,2,2019_10041_25
Seth Lugo,10041,2019-08-28,2019,CHC,KCR,0,3.0,10,6,0,0,0.96,2,2019_10041_26
Seth Lugo,10041,2019-09-03,2019,CHC,HOU,0,5.0,21,7,0,1,0.97,6,2019_10041_27
Seth Lugo,10041,2019-09-08,2019,CHC,TOR,2,3.7,19,7,1,1,0.97,5,2019_10041_28
Seth Lugo,10041,2019-09-20,2019,CHC,TBR,1,3.0,13,4,0,1,0.97,12,2019_10041_29
Seth Lugo,10041,2019-09-30,2019,CHC,NYY,2,4.7,21,3,0,1,0.97,10,2019_10041_30
Ranger Suarez,10042,2019-03-30,2019,CLE,OAK,5,5.3,21,5,3,1,1.04,5,2019_10042_0
Ranger Suarez,10042,2019-04-01,2019,CLE,TOR,8,7.3,33,6,4,1,1.04,2,2019_10042_1
Ranger Suarez,10042,2019-04-10,2019,CLE,BOS,5,6.0,29,6,2,1,1.04,9,2019_10042_2
Ranger Suarez,10042,2019-04-12,2019,CLE,STL,0,6.0,23,7,2,0,1.0,2,2019_10042_3
Ranger Suarez,10042,2019-05-18,2019,CLE,NYY,4,3.3,17,3,1,1,1.04,30,2019_10042_4
Ranger Suarez,10042,2019-05-31,2019,CLE,HOU,2,3.0,14,3,2,1,1.04,13,2019_10042_5
Ranger Suarez,10042,2019-06-01,2019,CLE,PIT,4,3.7,14,0,1,0,1.0,1,2019_10042_6
Ranger Suarez,10042,2019-06-02,2019,CLE,MIL,3,3.0,15,5,1,1,1.04,1,2019_10042_7
Ranger Suarez,10042,2019-06-06,2019,CLE,DET,4,4.0,18,5,1,1,1.04,4,2019_10042_8
Ranger Suarez,10042,2019-06-09,2019,CLE,BAL,2,5.0,17,4,3,1,1.04,3,2019_10042_9
Ranger Suarez,10042,2019-06-26,2019,CLE,OAK,8,5.7,21,6,2,1,1.04,17,2019_10042_10
Ranger Suarez,10042,2019-07-06,2019,CLE,BAL,2,4.7,24,5,1,1,1.04,10,2019_10042_11
Ranger Suarez,10042,2019-07-07,2019,CLE,CHC,1,3.7,17,3,2,1,1.04,1,2019_10042_12
Ranger Suarez,10042,2019-07-12,2019,CLE,MIN,2,3.7,13,4,2,0,1.0,5,2019_10042_13
Ranger Suarez,10042,2019-07-17,2019,CLE,TEX,9,6.7,26,5,3,0,0.99,5,2019_10042_14
Ranger Suarez,10042,2019-07-22,2019,CLE,PIT,4,3.0,11,2,1,0,1.0,5,2019_10042_15
Ranger Suarez,10042,2019-07-24,2019,CLE,MIN,7,5.0,19,5,1,1,1.04,2,2019_10042_16
Ranger Suarez,10042,2019-07-25,2019,CLE,BAL,2,4.3,16,6,0,1,1.04,1,2019_10042_17
Ranger Suarez,10042,2019-07-29,2019,CLE,LAA,0,4.7,17,6,3,0,0.99,4,2019_10042_18
Ranger Suarez,10042,2019-08-03,2019,CLE,DET,3,4.7,22,5,3,1,1.04,5,2019_10042_19
Ranger Suarez,10042,2019-08-04,2019,CLE,BAL,6,6.3,25,8,3,0,1.0,1,2019_10042_20
Ranger Suarez,10042,2019-08-16,2019,CLE,WSN,4,3.7,15,1,0,0,1.01,12,2019_10042_21
Ranger Suarez,10042,2019-08-19,2019,CLE,STL,10,6.3,24,7,1,1,1.04,3,2019_10042_22
Ranger Suarez,10042,2019-08-22,2019,CLE,WSN,1,4.0,17,6,1,1,1.04,3,2019_10042_23
Ranger Suarez,10042,2019-09-15,2019,CLE,SFG,7,4.7,16,4,3,0,1.03,24,2019_10042_24
Ranger Suarez,10042,2019-09-21,2019,CLE,PHI,2,4.0,20,6,2,1,1.04,6,2019_10042_25
Ranger Suarez,10042,2019-09-22,2019,CLE,NYY,4,6.0,21,7,2,0,0.99,1,2019_10042_26
Ranger Suarez,10042,2019-09-25,2019,CLE,PHI,6,5.3,25,8,2,1,1.04,3,2019_10042_27
Tanner Houck,10043,2019-04-04,2019,KCR,SFG,3,4.7,22,5,2,0,1.03,5,2019_10043_0
Tanner Houck,10043,2019-04-17,2019,KCR,WSN,3,3.7,19,2,1,0,1.01,13,2019_10043_1
Tanner Houck,10043,2019-04-20,2019,KCR,LAA,1,3.7,15,1,1,0,0.99,3,2019_10043_2
Tanner Houck,10043,2019-05-10,2019,KCR,ATL,2,4.0,21,3,2,1,0.96,20,2019_10043_3
Tanner Houck,10043,2019-05-11,2019,KCR,BAL,1,3.3,15,1,1,0,1.0,1,2019_10043_4
Tanner Houck,10043,2019-05-13,2019,KCR,WSN,1,6.0,26,4,3,0,1.01,2,2019_10043_5
Tanner Houck,10043,2019-05-19,2019,KCR,OAK,1,3.0,13,3,0,0,1.0,6,2019_10043_6
Tanner Houck,10043,2019-05-22,2019,KCR,TEX,2,6.3,27,8,2,1,0.96,3,2019_10043_7
Tanner Houck,10043,2019-05-25,2019,KCR,TOR,0,3.0,15,2,2,1,0.96,3,2019_10043_8
Tanner Houck,10043,2019-05-27,2019,KCR,CLE,1,3.3,14,1,0,1,0.96,2,2019_10043_9
Tanner Houck,10043,2019-05-29,2019,KCR,HOU,2,5.0,21,9,1,1,0.96,2,2019_10043_10
Tanner Houck,10043,2019-06-03,2019,KCR,BAL,4,4.0,14,4,1,0,1.0,5,2019_10043_11
Tanner Houck,10043,2019-06-09,2019,KCR,NYM,2,4.7,17,6,2,1,0.96,6,2019_10043_12
Tanner Houck,10043,2019-06-14,2019,KCR,STL,3,6.7,28,7,2,1,0.96,5,2019_10043_13
Tanner Houck,10043,2019-06-21,2019,KCR,SFG,4,6.3,32,8,2,0,1.03,7,2019_10043_14
Tanner Houck,10043,2019-06-28,2019,KCR,SDP,0,7.0,31,3,1,1,0.96,7,2019_10043_15
Tanner Houck,10043,2019-07-10,2019,KCR,DET,4,6.7,29,9,2,0,1.0,12,2019_10043_16
Tanner Houck,10043,2019-07-16,2019,KCR,BOS,2,3.0,18,2,0,1,0.96,6,2019_10043_17
Tanner Houck,10043,2019-08-19,2019,KCR,LAD,0,5.3,24,5,2,1,0.96,30,2019_10043_18
Tanner Houck,10043,2019-08-21,2019,KCR,CHC,3,7.3,31,6,3,0,0.97,2,2019_10043_19
Tanner Houck,10043,2019-09-03,2019,KCR,SFG,7,5.0,23,6,1,0,1.03,13,2019_10043_20
Tanner Houck,10043,2019-09-06,2019,KCR,ATL,1,5.0,23,6,1,0,1.02,3,2019_10043_21
Tanner Houck,10043,2019-09-07,2019,KCR,BAL,4,4.0,15,4,1,1,0.96,1,2019_10043_22
Tanner Houck,10043,2019-09-19,2019,KCR,CIN,4,4.0,14,6,0,1,0.96,12,2019_10043_23
Tanner Houck,10043,2019-09-22,2019,KCR,SEA,3,4.7,23,5,1,0,1.04,3,2019_10043_24
Grayson Rodriguez,10044,2019-04-04,2019,PHI,CLE,9,6.0,24,6,2,0,1.04,5,2019_10044_0
Grayson Rodriguez,10044,2019-04-14,2019,PHI,STL,10,5.3,21,6,0,1,1.01,10,2019_10044_1
Grayson Rodriguez,10044,2019-04-17,2019,PHI,MIN,6,5.3,23,5,2,1,1.01,3,2019_10044_2
Grayson Rodriguez,10044,2019-04-19,2019,PHI,CIN,12,6.7,28,6,3,0,1.0,2,2019_10044_3
Grayson Rodriguez,10044,2019-04-23,2019,PHI,OAK,8,5.3,26,6,2,0,1.0,4,2019_10044_4
Grayson Rodriguez,10044,2019-05-10,2019,PHI,CLE,7,4.7,24,5,2,1,1.01,17,2019_10044_5
Grayson Rodriguez,10044,2019-05-14,2019,PHI,LAD,4,6.3,25,7,1,1,1.01,4,2019_10044_6
Grayson Rodriguez,10044,2019-05-23,2019,PHI,MIN,5,4.0,18,6,0,0,1.0,9,2019_10044_7
Grayson Rodriguez,10044,2019-05-30,2019,PHI,CIN,15,8.7,36,10,3,1,1.01,7,2019_10044_8
Grayson Rodriguez,10044,2019-06-01,2019,PHI,NYY,6,3.3,18,5,1,0,0.99,2,2019_10044_9
Grayson Rodriguez,10044,2019-06-04,2019,PHI,CLE,7,6.0,28,7,1,1,1.01,3,2019_10044_10
Grayson Rodriguez,10044,2019-06-05,2019,PHI,STL,7,4.7,24,5,2,1,1.01,1,2019_10044_11
Grayson Rodriguez,10044,2019-06-06,2019,PHI,CLE,5,5.7,22,8,2,1,1.01,1,2019_10044_12
Grayson Rodriguez,10044,2019-06-13,2019,PHI,PIT,3,7.7,32,10,1,0,1.0,7,2019_10044_13
Grayson Rodriguez,10044,2019-06-19,2019,PHI,MIL,5,9.0,37,8,3,1,1.01,6,2019_10044_14
Grayson Rodriguez,10044,2019-07-18,2019,PHI,SFG,7,5.3,26,5,2,0,1.03,29,2019_10044_15
Grayson Rodriguez,10044,2019-07-22,2019,PHI,TBR,3,5.0,25,3,2,1,1.01,4,2019_10044_16
Grayson Rodriguez,10044,2019-07-23,2019,PHI,SFG,9,6.0,28,5,2,1,1.01,1,2019_10044_17
Grayson Rodriguez,10044,2019-07-27,2019,PHI,CHC,4,4.0,16,5,0,1,1.01,4,2019_10044_18
Grayson Rodriguez,10044,2019-07-31,2019,PHI,OAK,15,8.7,32,9,4,1,1.01,4,2019_10044_19
Grayson Rodriguez,10044,2019-08-02,2019,PHI,HOU,7,5.7,21,6,1,0,1.02,2,2019_10044_20
Grayson Rodriguez,10044,2019-08-06,2019,PHI,SEA,5,7.0,30,6,1,0,1.04,4,2019_10044_21
Grayson Rodriguez,10044,2019-08-07,2019,PHI,ATL,9,4.0,15,6,0,1,1.01,1,2019_10044_22
Grayson Rodriguez,10044,2019-08-10,2019,PHI,MIN,4,7.3,32,7,2,1,1.01,3,2019_10044_23
Grayson Rodriguez,10044,2019-08-12,2019,PHI,MIL,10,7.7,32,9,2,1,1.01,2,2019_10044_24
Grayson Rodriguez,10044,2019-08-13,2019,PHI,BAL,9,5.7,23,8,1,1,1.01,1,2019_10044_25
Grayson Rodriguez,10044,2019-08-21,2019,PHI,OAK,4,4.7,17,2,3,1,1.01,8,2019_10044_26
Grayson Rodriguez,10044,2019-08-27,2019,PHI,CLE,5,6.7,27,8,2,0,1.04,6,2019_10044_27
Grayson Rodriguez,10044,2019-09-03,2019,PHI,TEX,9,5.7,23,6,1,1,1.01,7,2019_10044_28
Grayson Rodriguez,10044,2019-09-09,2019,PHI,SFG,14,7.0,31,11,3,0,1.03,6,2019_10044_29
Grayson Rodriguez,10044,2019-09-15,2019,PHI,MIL,4,4.7,22,3,2,1,1.01,6,2019_10044_30
Grayson Rodriguez,10044,2019-09-19,2019,PHI,OAK,4,6.0,26,9,2,1,1.01,4,2019_10044_31
JP Sears,10046,2019-04-29,2019,TBR,CIN,1,3.0,15,3,0,1,1.05,5,2019_10046_0
JP Sears,10046,2019-05-11,2019,TBR,MIN,2,3.0,11,2,0,0,1.0,12,2019_10046_1
JP Sears,10046,2019-06-07,2019,TBR,ATL,1,3.0,17,5,0,0,1.02,27,2019_10046_2
JP Sears,10046,2019-06-22,2019,TBR,MIN,1,3.7,13,3,1,0,1.0,15,2019_10046_3
JP Sears,10046,2019-08-17,2019,TBR,MIA,3,4.7,20,7,0,1,1.05,30,2019_10046_4
JP Sears,10046,2019-08-29,2019,TBR,KCR,4,3.0,11,0,2,1,1.05,12,2019_10046_5
JP Sears,10046,2019-09-07,2019,TBR,SFG,1,4.0,18,5,2,1,1.05,9,2019_10046_6
Michael King,10047,2019-04-14,2019,SFG,BOS,2,7.0,27,7,2,1,1.03,5,2019_10047_0
Michael King,10047,2019-04-24,2019,SFG,HOU,13,5.7,21,7,1,1,1.03,10,2019_10047_1
Michael King,10047,2019-04-25,2019,SFG,BAL,3,7.3,34,8,2,0,1.0,1,2019_10047_2
Michael King,10047,2019-04-28,2019,SFG,DET,7,6.7,24,7,3,0,1.0,3,2019_10047_3
Michael King,10047,2019-05-05,2019,SFG,CIN,8,6.7,32,7,1,0,1.0,7,2019_10047_4
Michael King,10047,2019-05-13,2019,SFG,PIT,20,9.0,40,9,3,0,1.0,8,2019_10047_5
Michael King,10047,2019-05-15,2019,SFG,NYM,6,5.7,21,7,1,1,1.03,2,2019_10047_6
Michael King,10047,2019-05-19,2019,SFG,BOS,5,5.7,25,7,1,0,0.98,4,2019_10047_7
Michael King,10047,2019-05-21,2019,SFG,CHC,3,4.7,17,7,1,0,0.97,2,2019_10047_8
Michael King,10047,2019-05-24,2019,SFG,NYM,6,7.3,34,7,2,0,1.06,3,2019_10047_9
Michael King,10047,2019-06-10,2019,SFG,TBR,8,5.3,24,3,1,0,1.05,17,2019_10047_10
Michael King,10047,2019-06-13,2019,SFG,KCR,5,6.3,30,9,3,1,1.03,3,2019_10047_11
Michael King,10047,2019-06-16,2019,SFG,TOR,7,6.3,26,6,2,0,1.0,3,2019_10047_12
Michael King,10047,2019-06-17,2019,SFG,WSN,8,7.7,33,9,3,0,1.01,1,2019_10047_13
Michael King,10047,2019-06-22,2019,SFG,BAL,7,9.0,37,9,3,1,1.03,5,2019_10047_14
Michael King,10047,2019-06-28,2019,SFG,NYM,5,7.7,35,6,4,0,1.06,6,2019_10047_15
Michael King,10047,2019-07-03,2019,SFG,NYM,12,7.0,27,8,2,1,1.03,5,2019_10047_16
Michael King,10047,2019-07-17,2019,SFG,COL,15,6.3,27,9,3,0,0.92,14,2019_10047_17
Michael King,10047,2019-08-06,2019,SFG,ATL,7,4.7,19,3,0,1,1.03,20,2019_10047_18
Michael King,10047,2019-08-14,2019,SFG,MIN,4,5.0,18,6,1,0,1.0,8,2019_10047_19
Michael King,10047,2019-08-18,2019,SFG,CHW,3,6.3,25,6,3,0,0.99,4,2019_10047_20
Michael King,10047,2019-08-19,2019,SFG,HOU,6,5.7,24,6,1,0,1.02,1,2019_10047_21
Michael King,10047,2019-08-22,2019,SFG,SDP,14,7.3,27,6,2,1,1.03,3,2019_10047_22
Michael King,10047,2019-08-26,2019,SFG,ARI,15,8.0,36,6,2,0,1.03,4,2019_10047_23
Michael King,10047,2019-09-07,2019,SFG,HOU,3,5.7,27,6,1,0,1.02,12,2019_10047_24
Michael King,10047,2019-09-11,2019,SFG,BOS,9,6.7,29,11,3,1,1.03,4,2019_10047_25
Michael King,10047,2019-09-22,2019,SFG,SEA,3,7.0,32,7,2,0,1.04,11,2019_10047_26
Michael King,10047,2019-09-30,2019,SFG,LAD,11,6.7,26,6,4,1,1.03,8,2019_10047_27
Patrick Corbin,10048,2019-04-07,2019,BOS,SEA,8,7.0,28,9,3,0,1.04,5,2019_10048_0
Patrick Corbin,10048,2019-04-16,2019,BOS,MIA,6,3.3,13,5,0,1,0.98,9,2019_10048_1
Patrick Corbin,10048,2019-04-19,2019,BOS,TBR,5,6.7,32,6,2,1,0.98,3,2019_10048_2
Patrick Corbin,10048,2019-05-01,2019,BOS,HOU,6,5.0,19,6,2,1,0.98,12,2019_10048_3
Patrick Corbin,10048,2019-05-02,2019,BOS,KCR,3,3.7,19,1,0,0,0.96,1,2019_10048_4
Patrick Corbin,10048,2019-05-08,2019,BOS,PIT,4,6.0,25,7,0,0,1.0,6,2019_10048_5
Patrick Corbin,10048,2019-05-09,2019,BOS,CIN,1,4.3,21,4,2,0,1.0,1,2019_10048_6
Patrick Corbin,10048,2019-05-19,2019,BOS,MIL,5,5.3,22,7,2,0,1.05,10,2019_10048_7
Patrick Corbin,10048,2019-05-20,2019,BOS,SEA,0,3.3,15,2,3,1,0.98,1,2019_10048_8
Patrick Corbin,10048,2019-05-25,2019,BOS,CIN,2,4.7,19,5,1,1,0.98,5,2019_10048_9
Patrick Corbin,10048,2019-05-27,2019,BOS,CLE,3,5.3,27,8,2,0,1.04,2,2019_10048_10
Patrick Corbin,10048,2019-05-28,2019,BOS,OAK,2,3.7,18,5,2,1,0.98,1,2019_10048_11
Patrick Corbin,10048,2019-05-30,2019,BOS,SEA,6,4.3,19,3,0,0,1.04,2,2019_10048_12
Patrick Corbin,10048,2019-06-20,2019,BOS,DET,5,5.0,22,7,0,1,0.98,21,2019_10048_13
Patrick Corbin,10048,2019-06-22,2019,BOS,BAL,7,5.7,25,5,1,0,1.0,2,2019_10048_14
Patrick Corbin,10048,2019-06-25,2019,BOS,NYY,4,5.0,22,6,1,1,0.98,3,2019_10048_15
Patrick Corbin,10048,2019-07-08,2019,BOS,TBR,5,5.7,21,6,2,1,0.98,13,2019_10048_16
Patrick Corbin,10048,2019-07-13,2019,BOS,TOR,2,3.3,11,5,0,0,1.0,5,2019_10048_17
Patrick Corbin,10048,2019-07-18,2019,BOS,LAA,7,5.0,24,3,2,1,0.98,5,2019_10048_18
Patrick Corbin,10048,2019-07-25,2019,BOS,TEX,2,4.0,19,3,0,1,0.98,7,2019_10048_19
Patrick Corbin,10048,2019-07-27,2019,BOS,ARI,4,4.0,21,5,1,0,1.03,2,2019_10048_20
Patrick Corbin,10048,2019-08-02,2019,BOS,STL,6,5.7,23,5,3,1,0.98,6,2019_10048_21
Patrick Corbin,10048,2019-08-09,2019,BOS,HOU,4,5.3,22,6,2,1,0.98,7,2019_10048_22
Patrick Corbin,10048,2019-08-13,2019,BOS,SDP,3,6.3,29,5,2,1,0.98,4,2019_10048_23
Patrick Corbin,10048,2019-08-18,2019,BOS,WSN,2,3.3,15,4,0,0,1.01,5,2019_10048_24
Patrick Corbin,10048,2019-08-20,2019,BOS,CIN,4,4.0,17,3,0,0,1.0,2,2019_10048_25
Patrick Corbin,10048,2019-08-21,2019,BOS,MIA,8,5.3,26,3,1,1,0.98,1,2019_10048_26
Patrick Corbin,10048,2019-08-30,2019,BOS,KCR,2,3.3,14,6,1,0,0.96,9,2019_10048_27
Patrick Corbin,10048,2019-09-06,2019,BOS,NYY,5,5.0,24,2,1,0,0.99,7,2019_10048_28
Patrick Corbin,10048,2019-09-09,2019,BOS,SFG,9,4.3,18,7,2,0,1.03,3,2019_10048_29
Patrick Corbin,10048,2019-09-19,2019,BOS,MIL,7,5.0,23,6,1,1,0.98,10,2019_10048_30
Patrick Corbin,10048,2019-09-23,2019,BOS,BAL,8,6.0,28,4,1,0,1.0,4,2019_10048_31
Kyle Hendricks,10049,2019-03-28,2019,TEX,TOR,6,5.0,20,5,0,0,1.0,5,2019_10049_0
Kyle Hendricks,10049,2019-04-01,2019,TEX,ARI,4,5.0,19,5,3,1,0.99,4,2019_10049_1
Kyle Hendricks,10049,2019-04-03,2019,TEX,CHC,1,3.0,16,2,0,1,0.99,2,2019_10049_2
Kyle Hendricks,10049,2019-04-07,2019,TEX,BAL,3,4.3,16,6,2,1,0.99,4,2019_10049_3
Kyle Hendricks,10049,2019-04-24,2019,TEX,SFG,4,5.7,24,4,1,1,0.99,17,2019_10049_4
Kyle Hendricks,10049,2019-05-01,2019,TEX,SEA,3,6.7,26,5,2,1,0.99,7,2019_10049_5
Kyle Hendricks,10049,2019-05-07,2019,TEX,CHW,4,6.7,29,8,3,0,0.99,6,2019_10049_6
Kyle Hendricks,10049,2019-05-09,2019,TEX,TOR,9,6.7,25,10,3,0,1.0,2,2019_10049_7
Kyle Hendricks,10049,2019-05-14,2019,TEX,LAA,5,6.0,25,7,2,1,0.99,5,2019_10049_8
Kyle Hendricks,10049,2019-05-18,2019,TEX,CHC,10,6.0,24,7,1,0,0.97,4,2019_10049_9
Kyle Hendricks,10049,2019-05-26,2019,TEX,MIA,2,4.0,18,6,0,1,0.99,8,2019_10049_10
Kyle Hendricks,10049,2019-05-30,2019,TEX,CLE,12,6.3,24,7,2,0,1.04,4,2019_10049_11
Kyle Hendricks,10049,2019-06-05,2019,TEX,MIA,4,5.7,24,8,0,0,0.98,6,2019_10049_12
Kyle Hendricks,10049,2019-06-08,2019,TEX,MIN,7,4.3,21,3,0,1,0.99,3,2019_10049_13
Kyle Hendricks,10049,2019-06-10,2019,TEX,BOS,0,3.0,11,2,0,0,0.98,2,2019_10049_14
Kyle Hendricks,10049,2019-06-12,2019,TEX,MIA,6,6.0,25,7,2,1,0.99,2,2019_10049_15
Kyle Hendricks,10049,2019-06-29,2019,TEX,STL,1,4.3,20,3,2,1,0.99,17,2019_10049_16
Kyle Hendricks,10049,2019-07-04,2019,TEX,WSN,16,6.7,29,7,2,1,0.99,5,2019_10049_17
Kyle Hendricks,10049,2019-07-14,2019,TEX,CLE,0,3.0,13,2,0,1,0.99,10,2019_10049_18
Kyle Hendricks,10049,2019-07-16,2019,TEX,WSN,9,4.0,16,3,1,0,1.01,2,2019_10049_19
Kyle Hendricks,10049,2019-07-20,2019,TEX,DET,1,5.3,25,3,2,0,1.0,4,2019_10049_20
Kyle Hendricks,10049,2019-07-23,2019,TEX,NYY,5,7.0,27,6,1,0,0.99,3,2019_10049_21
Kyle Hendricks,10049,2019-08-06,2019,TEX,PHI,0,5.0,21,7,2,0,1.01,14,2019_10049_22
Kyle Hendricks,10049,2019-08-19,2019,TEX,CHC,8,5.3,21,4,3,0,0.97,13,2019_10049_23
Kyle Hendricks,10049,2019-08-23,2019,TEX,CHC,5,6.0,30,6,3,1,0.99,4,2019_10049_24
Kyle Hendricks,10049,2019-08-24,2019,TEX,HOU,3,5.3,24,8,0,1,0.99,1,2019_10049_25
Kyle Hendricks,10049,2019-08-25,2019,TEX,KCR,9,6.7,27,8,2,1,0.99,1,2019_10049_26
Kyle Hendricks,10049,2019-08-26,2019,TEX,CIN,7,5.0,21,5,2,0,1.0,1,2019_10049_27
Kyle Hendricks,10049,2019-09-03,2019,TEX,ARI,8,5.3,22,5,0,1,0.99,8,2019_10049_28
Kyle Hendricks,10049,2019-09-06,2019,TEX,STL,8,6.0,26,10,2,0,1.0,3,2019_10049_29
Kyle Hendricks,10049,2019-09-07,2019,TEX,DET,6,3.7,14,3,1,0,1.0,1,2019_10049_30
Kyle Hendricks,10049,2019-09-15,2019,TEX,NYY,0,3.0,12,2,0,0,0.99,8,2019_10049_31
Kyle Hendricks,10049,2019-09-16,2019,TEX,TOR,7,3.7,17,2,1,1,0.99,1,2019_10049_32
Jon Gray,10050,2019-03-30,2019,TBR,CLE,18,9.0,37,10,3,1,1.05,5,2019_10050_0
Jon Gray,10050,2019-04-06,2019,TBR,CHC,10,5.7,23,9,2,1,1.05,7,2019_10050_1
Jon Gray,10050,2019-04-20,2019,TBR,SFG,8,9.0,37,9,2,0,1.03,14,2019_10050_2
Jon Gray,10050,2019-04-26,2019,TBR,NYY,9,8.7,35,11,3,1,1.05,6,2019_10050_3
Jon Gray,10050,2019-05-13,2019,TBR,SFG,9,7.3,32,8,3,0,1.03,17,2019_10050_4
Jon Gray,10050,2019-05-22,2019,TBR,SDP,12,9.0,42,12,4,1,1.05,9,2019_10050_5
Jon Gray,10050,2019-05-29,2019,TBR,ATL,10,6.7,30,4,2,0,1.02,7,2019_10050_6
Jon Gray,10050,2019-05-30,2019,TBR,KCR,9,9.0,37,10,3,1,1.05,1,2019_10050_7
Jon Gray,10050,2019-05-31,2019,TBR,LAA,8,9.0,41,9,3,0,0.99,1,2019_10050_8
Jon Gray,10050,2019-06-01,2019,TBR,TOR,12,7.3,27,9,2,0,1.0,1,2019_10050_9
Jon Gray,10050,2019-06-03,2019,TBR,SEA,5,9.0,41,8,3,1,1.05,2,2019_10050_10
Jon Gray,10050,2019-06-07,2019,TBR,TEX,15,9.0,39,12,1,1,1.05,4,2019_10050_11
Jon Gray,10050,2019-06-08,2019,TBR,NYM,7,5.3,23,7,2,0,1.06,1,2019_10050_12
Jon Gray,10050,2019-06-09,2019,TBR,TEX,7,7.7,33,7,3,0,0.99,1,2019_10050_13
Jon Gray,10050,2019-06-13,2019,TBR,TOR,17,8.0,35,9,1,1,1.05,4,2019_10050_14
Jon Gray,10050,2019-06-17,2019,TBR,HOU,7,7.0,27,8,3,0,1.02,4,2019_10050_15
Jon Gray,10050,2019-07-02,2019,TBR,MIA,6,6.3,30,6,1,1,1.05,15,2019_10050_16
Jon Gray,10050,2019-07-14,2019,TBR,NYY,6,9.0,38,8,5,0,0.99,12,2019_10050_17
Jon Gray,10050,2019-07-15,2019,TBR,CLE,12,7.0,29,11,2,1,1.05,1,2019_10050_18
Jon Gray,10050,2019-07-19,2019,TBR,LAD,20,8.0,34,9,3,0,1.03,4,2019_10050_19
Jon Gray,10050,2019-07-20,2019,TBR,TOR,8,6.3,25,7,2,0,1.0,1,2019_10050_20
Jon Gray,10050,2019-08-17,2019,TBR,SEA,9,5.7,24,7,2,0,1.04,28,2019_10050_21
Jon Gray,10050,2019-08-21,2019,TBR,BOS,5,7.0,24,7,1,1,1.05,4,2019_10050_22
Jon Gray,10050,2019-08-29,2019,TBR,SDP,10,9.0,39,12,3,0,1.08,8,2019_10050_23
Jon Gray,10050,2019-09-03,2019,TBR,NYM,11,7.0,29,8,2,0,1.06,5,2019_10050_24
Jon Gray,10050,2019-09-08,2019,TBR,STL,10,6.7,31,12,2,0,1.0,5,2019_10050_25
Jon Gray,10050,2019-09-13,2019,TBR,WSN,6,6.3,26,7,1,0,1.01,5,2019_10050_26
Jon Gray,10050,2019-09-17,2019,TBR,PIT,8,6.3,26,6,4,1,1.05,4,2019_10050_27
Jon Gray,10050,2019-09-29,2019,TBR,CHC,14,7.7,33,7,3,1,1.05,12,2019_10050_28
German Marquez,10051,2019-03-28,2019,OAK,SFG,2,6.3,28,7,3,1,1.0,5,2019_10051_0
German Marquez,10051,2019-03-29,2019,OAK,HOU,10,4.7,17,3,2,0,1.02,1,2019_10051_1
German Marquez,10051,2019-03-30,2019,OAK,LAA,5,5.3,22,4,3,0,0.99,1,2019_10051_2
German Marquez,10051,2019-04-02,2019,OAK,MIN,2,5.0,20,4,2,1,1.0,3,2019_10051_3
German Marquez,10051,2019-04-12,2019,OAK,CIN,2,6.0,27,5,1,0,1.0,10,2019_10051_4
German Marquez,10051,2019-04-25,2019,OAK,PHI,1,5.3,20,5,1,1,1.0,13,2019_10051_5
German Marquez,10051,2019-05-28,2019,OAK,PIT,4,5.7,27,7,4,0,1.0,30,2019_10051_6
German Marquez,10051,2019-05-30,2019,OAK,CHC,3,5.3,22,4,3,1,1.0,2,2019_10051_7
German Marquez,10051,2019-06-23,2019,OAK,CIN,1,5.3,23,6,0,0,1.0,24,2019_10051_8
German Marquez,10051,2019-06-26,2019,OAK,WSN,7,5.0,25,5,1,1,1.0,3,2019_10051_9
German Marquez,10051,2019-06-29,2019,OAK,PIT,6,5.3,21,2,1,0,1.0,3,2019_10051_10
German Marquez,10051,2019-07-08,2019,OAK,PHI,10,6.0,23,5,3,0,1.01,9,2019_10051_11
German Marquez,10051,2019-07-11,2019,OAK,SFG,7,5.7,24,6,2,1,1.0,3,2019_10051_12
German Marquez,10051,2019-07-16,2019,OAK,MIL,2,5.0,20,4,2,0,1.05,5,2019_10051_13
German Marquez,10051,2019-07-24,2019,OAK,WSN,2,6.0,26,8,1,1,1.0,8,2019_10051_14
German Marquez,10051,2019-08-03,2019,OAK,DET,3,4.0,15,4,1,0,1.0,10,2019_10051_15
German Marquez,10051,2019-08-24,2019,OAK,PHI,3,7.3,31,9,3,1,1.0,21,2019_10051_16
Mike Clevinger,10052,2019-03-30,2019,CLE,DET,1,4.3,17,4,1,1,1.04,5,2019_10052_0
Mike Clevinger,10052,2019-04-03,2019,CLE,CHW,2,4.0,15,2,2,1,1.04,4,2019_10052_1
Mike Clevinger,10052,2019-04-05,2019,CLE,MIA,6,6.0,23,5,1,1,1.04,2,2019_10052_2
Mike Clevinger,10052,2019-04-19,2019,CLE,BAL,5,7.7,34,7,2,1,1.04,14,2019_10052_3
Mike Clevinger,10052,2019-05-18,2019,CLE,NYY,3,5.3,22,2,3,1,1.04,29,2019_10052_4
Mike Clevinger,10052,2019-05-29,2019,CLE,SEA,6,7.3,32,7,3,0,1.04,11,2019_10052_5
Mike Clevinger,10052,2019-06-07,2019,CLE,SFG,1,5.0,24,5,2,1,1.04,9,2019_10052_6
Mike Clevinger,10052,2019-06-09,2019,CLE,DET,3,4.7,21,5,1,0,1.0,2,2019_10052_7
Mike Clevinger,10052,2019-06-18,2019,CLE,PIT,2,5.0,18,0,2,1,1.04,9,2019_10052_8
Mike Clevinger,10052,2019-06-26,2019,CLE,PHI,3,4.7,21,5,0,0,1.01,8,2019_10052_9
Mike Clevinger,10052,2019-07-15,2019,CLE,LAD,7,8.7,37,10,3,0,1.03,19,2019_10052_10
Mike Clevinger,10052,2019-07-20,2019,CLE,COL,4,4.0,21,1,2,1,1.04,5,2019_10052_11
Mike Clevinger,10052,2019-08-01,2019,CLE,TBR,1,3.7,19,4,1,0,1.05,12,2019_10052_12
Mike Clevinger,10052,2019-08-05,2019,CLE,SFG,5,6.0,30,6,1,1,1.04,4,2019_10052_13
Mike Clevinger,10052,2019-08-07,2019,CLE,TOR,3,4.0,16,4,2,1,1.04,2,2019_10052_14
Mike Clevinger,10052,2019-08-14,2019,CLE,OAK,2,4.0,20,4,1,1,1.04,7,2019_10052_15
Mike Clevinger,10052,2019-08-20,2019,CLE,MIL,5,6.3,25,6,1,0,1.05,6,2019_10052_16
Mike Clevinger,10052,2019-08-31,2019,CLE,NYM,1,3.0,16,4,2,0,1.06,11,2019_10052_17
Mike Clevinger,10052,2019-09-03,2019,CLE,CHW,6,5.7,29,3,3,0,0.99,3,2019_10052_18
Mike Clevinger,10052,2019-09-30,2019,CLE,NYM,2,6.3,27,7,2,1,1.04,27,2019_10052_19
Zach Eflin,10053,2019-03-28,2019,CIN,KCR,6,5.7,21,4,0,0,0.96,5,2019_10053_0
Zach Eflin,10053,2019-03-30,2019,CIN,NYM,1,4.3,17,4,1,0,1.06,2,2019_10053_1
Zach Eflin,10053,2019-04-06,2019,CIN,TOR,6,8.0,30,8,3,1,1.0,7,2019_10053_2
Zach Eflin,10053,2019-04-08,2019,CIN,PIT,6,5.7,24,6,3,1,1.0,2,2019_10053_3
Zach Eflin,10053,2019-04-13,2019,CIN,TEX,0,5.3,26,4,1,1,1.0,5,2019_10053_4
Zach Eflin,10053,2019-04-19,2019,CIN,DET,11,8.0,35,9,2,0,1.0,6,2019_10053_5
Zach Eflin,10053,2019-04-23,2019,CIN,BOS,1,7.7,34,10,2,1,1.0,4,2019_10053_6
Zach Eflin,10053,2019-04-26,2019,CIN,SFG,8,8.7,40,12,2,0,1.03,3,2019_10053_7
Zach Eflin,10053,2019-05-02,2019,CIN,HOU,3,4.7,18,3,2,0,1.02,6,2019_10053_8
Zach Eflin,10053,2019-05-05,2019,CIN,LAA,3,7.0,30,8,2,1,1.0,3,2019_10053_9
Zach Eflin,10053,2019-05-26,2019,CIN,WSN,3,7.0,32,10,3,1,1.0,21,2019_10053_10
Zach Eflin,10053,2019-05-30,2019,CIN,SEA,2,7.3,29,7,2,1,1.0,4,2019_10053_11
Zach Eflin,10053,2019-06-03,2019,CIN,KCR,2,5.3,22,5,1,0,0.96,4,2019_10053_12
Zach Eflin,10053,2019-06-30,2019,CIN,CHW,11,6.3,25,9,2,1,1.0,27,2019_10053_13
Zach Eflin,10053,2019-07-03,2019,CIN,PHI,4,3.3,11,3,1,1,1.0,3,2019_10053_14
Zach Eflin,10053,2019-07-05,2019,CIN,TEX,6,5.3,21,7,3,1,1.0,2,2019_10053_15
Zach Eflin,10053,2019-07-16,2019,CIN,BOS,2,5.3,21,6,1,0,0.98,11,2019_10053_16
Zach Eflin,10053,2019-07-19,2019,CIN,CLE,7,7.7,35,8,4,0,1.04,3,2019_10053_17
Zach Eflin,10053,2019-07-24,2019,CIN,PIT,3,5.7,23,5,1,0,1.0,5,2019_10053_18
Zach Eflin,10053,2019-07-31,2019,CIN,LAA,4,6.7,28,7,2,1,1.0,7,2019_10053_19
Zach Eflin,10053,2019-08-19,2019,CIN,HOU,8,5.7,24,7,2,0,1.02,19,2019_10053_20
Zach Eflin,10053,2019-08-26,2019,CIN,CHC,6,9.0,37,11,4,1,1.0,7,2019_10053_21
Zach Eflin,10053,2019-08-27,2019,CIN,NYM,2,3.3,15,0,0,0,1.06,1,2019_10053_22
Zach Eflin,10053,2019-09-04,2019,CIN,TOR,2,4.3,15,3,1,0,1.0,8,2019_10053_23
Zach Eflin,10053,2019-09-08,2019,CIN,HOU,1,4.3,20,4,2,0,1.02,4,2019_10053_24
Zach Eflin,10053,2019-09-21,2019,CIN,COL,9,7.0,34,9,3,0,0.92,13,2019_10053_25
Zach Eflin,10053,2019-09-26,2019,CIN,ARI,4,6.3,26,8,3,1,1.0,5,2019_10053_26
Zach Eflin,10053,2019-09-27,2019,CIN,NYM,2,4.0,20,2,0,1,1.0,1,2019_10053_27
Zach Eflin,10053,2019-09-28,2019,CIN,PHI,5,7.3,34,6,2,1,1.0,1,2019_10053_28
Brady Singer,10055,2019-03-29,2019,NYY,SDP,5,4.0,14,6,0,1,0.99,5,2019_10055_0
Brady Singer,10055,2019-03-31,2019,NYY,LAA,8,7.3,29,6,3,1,0.99,2,2019_10055_1
Brady Singer,10055,2019-04-10,2019,NYY,STL,10,5.0,23,7,0,0,1.0,10,2019_10055_2
Brady Singer,10055,2019-04-29,2019,NYY,CLE,1,3.3,14,3,1,1,0.99,19,2019_10055_3
Brady Singer,10055,2019-05-05,2019,NYY,DET,2,5.0,22,6,2,1,0.99,6,2019_10055_4
Brady Singer,10055,2019-05-10,2019,NYY,ATL,1,4.0,20,5,1,0,1.02,5,2019_10055_5
Brady Singer,10055,2019-05-13,2019,NYY,SEA,2,4.3,16,6,0,1,0.99,3,2019_10055_6
Brady Singer,10055,2019-05-18,2019,NYY,CIN,0,6.0,25,6,2,0,1.0,5,2019_10055_7
Brady Singer,10055,2019-05-25,2019,NYY,TEX,4,4.7,21,6,0,0,0.99,7,2019_10055_8
Brady Singer,10055,2019-05-31,2019,NYY,OAK,1,5.3,27,7,1,1,0.99,6,2019_10055_9
Brady Singer,10055,2019-06-06,2019,NYY,MIN,2,5.0,17,5,2,1,0.99,6,2019_10055_10
Brady Singer,10055,2019-06-08,2019,NYY,MIN,6,5.3,22,3,2,1,0.99,2,2019_10055_11
Brady Singer,10055,2019-06-14,2019,NYY,TEX,0,3.0,12,5,1,1,0.99,6,2019_10055_12
Brady Singer,10055,2019-06-16,2019,NYY,MIA,2,3.0,10,5,1,0,0.98,2,2019_10055_13
Brady Singer,10055,2019-06-20,2019,NYY,KCR,1,4.3,18,5,1,0,0.96,4,2019_10055_14
Brady Singer,10055,2019-07-06,2019,NYY,SFG,2,4.0,22,5,2,1,0.99,16,2019_10055_15
Brady Singer,10055,2019-07-10,2019,NYY,CLE,3,4.3,18,4,1,1,0.99,4,2019_10055_16
Brady Singer,10055,2019-07-17,2019,NYY,PIT,7,6.0,23,6,2,0,1.0,7,2019_10055_17
Brady Singer,10055,2019-08-08,2019,NYY,LAD,2,3.0,10,3,1,1,0.99,22,2019_10055_18
Brady Singer,10055,2019-08-19,2019,NYY,ATL,3,4.3,18,4,2,1,0.99,11,2019_10055_19
Brady Singer,10055,2019-08-20,2019,NYY,ATL,2,4.3,18,4,1,1,0.99,1,2019_10055_20
Brady Singer,10055,2019-08-27,2019,NYY,BOS,8,4.3,15,5,2,1,0.99,7,2019_10055_21
Merrill Kelly,10056,2019-04-15,2019,SEA,KCR,5,7.3,36,7,2,0,0.96,5,2019_10056_0
Merrill Kelly,10056,2019-04-23,2019,SEA,MIL,9,6.3,25,8,4,1,1.04,8,2019_10056_1
Merrill Kelly,10056,2019-04-30,2019,SEA,CIN,5,4.7,22,4,2,1,1.04,7,2019_10056_2
Merrill Kelly,10056,2019-05-09,2019,SEA,SFG,3,5.7,25,7,3,0,1.03,9,2019_10056_3
Merrill Kelly,10056,2019-05-28,2019,SEA,TEX,6,5.7,26,7,2,0,0.99,19,2019_10056_4
Merrill Kelly,10056,2019-05-30,2019,SEA,TBR,3,3.0,13,4,0,1,1.04,2,2019_10056_5
Merrill Kelly,10056,2019-06-02,2019,SEA,KCR,6,5.7,23,4,2,1,1.04,3,2019_10056_6
Merrill Kelly,10056,2019-06-08,2019,SEA,LAA,2,4.3,19,6,2,1,1.04,6,2019_10056_7
Merrill Kelly,10056,2019-06-10,2019,SEA,CIN,3,6.7,32,10,1,0,1.0,2,2019_10056_8
Merrill Kelly,10056,2019-06-16,2019,SEA,LAD,4,4.0,14,4,2,0,1.03,6,2019_10056_9
Merrill Kelly,10056,2019-06-24,2019,SEA,SDP,6,6.0,29,7,1,1,1.04,8,2019_10056_10
Merrill Kelly,10056,2019-07-04,2019,SEA,WSN,4,3.7,20,5,2,0,1.01,10,2019_10056_11
Merrill Kelly,10056,2019-07-07,2019,SEA,MIA,0,4.3,21,7,0,0,0.98,3,2019_10056_12
Merrill Kelly,10056,2019-07-10,2019,SEA,STL,1,4.0,15,5,0,0,1.0,3,2019_10056_13
Merrill Kelly,10056,2019-07-19,2019,SEA,CHW,8,6.3,25,5,2,1,1.04,9,2019_10056_14
Merrill Kelly,10056,2019-07-21,2019,SEA,BAL,4,4.7,19,3,0,1,1.04,2,2019_10056_15
Merrill Kelly,10056,2019-07-22,2019,SEA,HOU,5,5.7,25,6,3,1,1.04,1,2019_10056_16
Merrill Kelly,10056,2019-07-25,2019,SEA,BOS,0,3.7,14,0,1,1,1.04,3,2019_10056_17
Merrill Kelly,10056,2019-07-28,2019,SEA,COL,5,4.0,16,5,1,1,1.04,3,2019_10056_18
Merrill Kelly,10056,2019-08-02,2019,SEA,LAA,2,3.0,10,4,0,1,1.04,5,2019_10056_19
Merrill Kelly,10056,2019-08-09,2019,SEA,DET,2,3.7,14,4,2,1,1.04,7,2019_10056_20
Merrill Kelly,10056,2019-08-12,2019,SEA,DET,1,3.7,13,2,1,0,1.0,3,2019_10056_21
Merrill Kelly,10056,2019-08-14,2019,SEA,STL,2,5.3,26,4,1,1,1.04,2,2019_10056_22
Merrill Kelly,10056,2019-08-18,2019,SEA,MIL,7,5.0,20,4,2,1,1.04,4,2019_10056_23
Merrill Kelly,10056,2019-08-23,2019,SEA,BAL,5,6.7,31,7,3,1,1.04,5,2019_10056_24
Merrill Kelly,10056,2019-08-26,2019,SEA,MIN,5,7.0,26,4,2,1,1.04,3,2019_10056_25
Merrill Kelly,10056,2019-09-10,2019,SEA,MIA,11,5.7,25,6,1,1,1.04,15,2019_10056_26
Merrill Kelly,10056,2019-09-16,2019,SEA,CIN,4,5.3,24,6,0,0,1.0,6,2019_10056_27
Merrill Kelly,10056,2019-09-17,2019,SEA,NYY,1,3.0,10,3,2,0,0.99,1,2019_10056_28
Merrill Kelly,10056,2019-09-22,2019,SEA,TBR,7,5.7,25,6,2,1,1.04,5,2019_10056_29
Merrill Kelly,10056,2019-09-23,2019,SEA,ARI,2,3.7,13,4,2,1,1.04,1,2019_10056_30
Merrill Kelly,10056,2019-09-24,2019,SEA,COL,3,6.0,27,9,4,1,1.04,1,2019_10056_31
Nathan Eovaldi,10057,2019-03-30,2019,TOR,TEX,6,5.3,19,4,1,0,0.99,5,2019_10057_0
Nathan Eovaldi,10057,2019-04-17,2019,TOR,LAA,11,6.3,29,7,1,1,1.0,18,2019_10057_1
Nathan Eovaldi,10057,2019-04-26,2019,TOR,HOU,11,5.7,22,4,1,1,1.0,9,2019_10057_2
Nathan Eovaldi,10057,2019-05-02,2019,TOR,LAD,3,7.0,29,7,2,1,1.0,6,2019_10057_3
Nathan Eovaldi,10057,2019-05-11,2019,TOR,OAK,5,6.0,29,6,2,0,1.0,9,2019_10057_4
Nathan Eovaldi,10057,2019-05-15,2019,TOR,TEX,7,5.0,24,6,1,0,0.99,4,2019_10057_5
Nathan Eovaldi,10057,2019-05-28,2019,TOR,TEX,5,6.0,25,5,2,1,1.0,13,2019_10057_6
Nathan Eovaldi,10057,2019-05-30,2019,TOR,COL,9,5.7,25,4,2,1,1.0,2,2019_10057_7
Nathan Eovaldi,10057,2019-06-03,2019,TOR,MIA,3,7.3,31,9,4,1,1.0,4,2019_10057_8
Nathan Eovaldi,10057,2019-06-26,2019,TOR,ARI,5,5.0,21,6,2,0,1.03,23,2019_10057_9
Nathan Eovaldi,10057,2019-07-07,2019,TOR,TEX,8,7.0,29,8,1,1,1.0,11,2019_10057_10
Nathan Eovaldi,10057,2019-07-10,2019,TOR,LAA,0,5.3,21,6,1,1,1.0,3,2019_10057_11
Nathan Eovaldi,10057,2019-07-13,2019,TOR,MIN,7,6.0,23,7,2,0,1.0,3,2019_10057_12
Nathan Eovaldi,10057,2019-07-25,2019,TOR,CLE,3,5.0,23,3,1,1,1.0,12,2019_10057_13
Nathan Eovaldi,10057,2019-08-01,2019,TOR,LAD,3,7.0,29,7,2,1,1.0,7,2019_10057_14
Nathan Eovaldi,10057,2019-08-11,2019,TOR,CHW,4,5.3,20,5,2,0,0.99,10,2019_10057_15
Nathan Eovaldi,10057,2019-08-22,2019,TOR,WSN,3,4.7,21,2,1,0,1.01,11,2019_10057_16
Nathan Eovaldi,10057,2019-09-15,2019,TOR,HOU,5,4.3,23,5,1,0,1.02,24,2019_10057_17
Nathan Eovaldi,10057,2019-09-16,2019,TOR,ARI,4,7.0,30,8,1,0,1.03,1,2019_10057_18
Nathan Eovaldi,10057,2019-09-21,2019,TOR,NYY,4,4.0,14,3,0,0,0.99,5,2019_10057_19
Nathan Eovaldi,10057,2019-09-25,2019,TOR,HOU,3,4.7,18,5,1,0,1.02,4,2019_10057_20
Jameson Taillon,10058,2019-04-14,2019,SEA,NYM,5,5.0,20,5,2,0,1.06,5,2019_10058_0
Jameson Taillon,10058,2019-04-23,2019,SEA,MIL,10,6.3,26,5,2,1,1.04,9,2019_10058_1
Jameson Taillon,10058,2019-04-24,2019,SEA,TOR,5,5.3,22,5,1,1,1.04,1,2019_10058_2
Jameson Taillon,10058,2019-04-26,2019,SEA,LAD,7,7.0,34,8,3,0,1.03,2,2019_10058_3
Jameson Taillon,10058,2019-04-27,2019,SEA,PHI,7,6.0,26,4,1,0,1.01,1,2019_10058_4
Jameson Taillon,10058,2019-05-05,2019,SEA,LAD,11,6.3,27,6,1,0,1.03,8,2019_10058_5
Jameson Taillon,10058,2019-05-09,2019,SEA,LAA,6,5.7,25,5,3,1,1.04,4,2019_10058_6
Jameson Taillon,10058,2019-05-10,2019,SEA,MIN,7,6.7,23,8,3,0,1.0,1,2019_10058_7
Jameson Taillon,10058,2019-05-18,2019,SEA,MIA,7,6.3,28,5,3,1,1.04,8,2019_10058_8
Jameson Taillon,10058,2019-05-23,2019,SEA,MIA,3,5.0,17,6,1,1,1.04,5,2019_10058_9
Jameson Taillon,10058,2019-05-29,2019,SEA,CLE,6,7.7,33,8,3,0,1.04,6,2019_10058_10
Jameson Taillon,10058,2019-06-02,2019,SEA,CHC,3,4.7,16,5,0,0,0.97,4,2019_10058_11
Jameson Taillon,10058,2019-06-05,2019,SEA,STL,13,6.3,29,8,2,1,1.04,3,2019_10058_12
Jameson Taillon,10058,2019-06-13,2019,SEA,NYM,8,6.0,27,5,3,0,1.06,8,2019_10058_13
Jameson Taillon,10058,2019-06-18,2019,SEA,BOS,5,6.7,26,9,1,0,0.98,5,2019_10058_14
Jameson Taillon,10058,2019-06-21,2019,SEA,NYM,4,5.3,20,6,4,1,1.04,3,2019_10058_15
Jameson Taillon,10058,2019-06-24,2019,SEA,OAK,8,6.7,26,4,3,0,1.0,3,2019_10058_16
Jameson Taillon,10058,2019-07-01,2019,SEA,NYY,2,5.7,23,7,3,0,0.99,7,2019_10058_17
Jameson Taillon,10058,2019-07-26,2019,SEA,CHC,8,5.7,22,6,3,1,1.04,25,2019_10058_18
Jameson Taillon,10058,2019-08-03,2019,SEA,BOS,9,6.3,27,5,1,0,0.98,8,2019_10058_19
Jameson Taillon,10058,2019-08-05,2019,SEA,COL,1,6.7,25,7,3,0,0.92,2,2019_10058_20
Jameson Taillon,10058,2019-08-06,2019,SEA,MIN,13,7.3,34,9,3,1,1.04,1,2019_10058_21
Jameson Taillon,10058,2019-08-09,2019,SEA,MIN,14,7.3,35,5,3,0,1.0,3,2019_10058_22
Jameson Taillon,10058,2019-08-13,2019,SEA,SDP,13,6.7,31,6,3,0,1.08,4,2019_10058_23
Jameson Taillon,10058,2019-08-20,2019,SEA,ATL,2,4.0,18,3,1,1,1.04,7,2019_10058_24
Jameson Taillon,10058,2019-08-25,2019,SEA,HOU,6,4.3,19,3,2,1,1.04,5,2019_10058_25
Jameson Taillon,10058,2019-09-03,2019,SEA,NYY,12,7.3,30,8,3,1,1.04,9,2019_10058_26
Jameson Taillon,10058,2019-09-06,2019,SEA,PIT,10,5.3,25,4,2,0,1.0,3,2019_10058_27
Jameson Taillon,10058,2019-09-07,2019,SEA,KCR,10,6.7,29,7,2,1,1.04,1,2019_10058_28
Jameson Taillon,10058,2019-09-20,2019,SEA,MIA,7,6.3,27,7,2,1,1.04,13,2019_10058_29
Jameson Taillon,10058,2019-09-28,2019,SEA,BOS,9,6.7,27,8,2,0,0.98,8,2019_10058_30
Tyler Anderson,10059,2019-03-28,2019,NYY,CHC,6,5.3,19,2,2,1,0.99,5,2019_10059_0
Tyler Anderson,10059,2019-04-06,2019,NYY,MIN,2,4.7,16,4,1,1,0.99,9,2019_10059_1
Tyler Anderson,10059,2019-04-11,2019,NYY,MIN,1,6.0,28,5,1,0,1.0,5,2019_10059_2
Tyler Anderson,10059,2019-04-14,2019,NYY,BAL,1,6.0,24,6,2,1,0.99,3,2019_10059_3
Tyler Anderson,10059,2019-04-24,2019,NYY,HOU,2,4.7,22,7,1,0,1.02,10,2019_10059_4
Tyler Anderson,10059,2019-05-08,2019,NYY,PHI,12,7.7,33,9,3,1,0.99,14,2019_10059_5
Tyler Anderson,10059,2019-05-17,2019,NYY,HOU,4,5.0,24,7,1,1,0.99,9,2019_10059_6
Tyler Anderson,10059,2019-05-19,2019,NYY,ATL,1,4.0,14,2,3,0,1.02,2,2019_10059_7
Tyler Anderson,10059,2019-05-23,2019,NYY,STL,7,6.7,29,4,2,0,1.0,4,2019_10059_8
Tyler Anderson,10059,2019-05-26,2019,NYY,TEX,2,4.7,21,2,1,1,0.99,3,2019_10059_9
Tyler Anderson,10059,2019-06-04,2019,NYY,KCR,3,4.0,17,8,2,0,0.96,9,2019_10059_10
Tyler Anderson,10059,2019-06-22,2019,NYY,TOR,5,5.3,23,6,1,0,1.0,18,2019_10059_11
Tyler Anderson,10059,2019-06-23,2019,NYY,BOS,4,6.7,29,7,0,0,0.98,1,2019_10059_12
Tyler Anderson,10059,2019-06-29,2019,NYY,CHC,8,6.0,27,6,3,0,0.97,6,2019_10059_13
Tyler Anderson,10059,2019-07-03,2019,NYY,MIN,7,4.0,17,3,2,1,0.99,4,2019_10059_14
Tyler Anderson,10059,2019-07-27,2019,NYY,SEA,1,5.3,22,6,1,0,1.04,24,2019_10059_15
Tyler Anderson,10059,2019-07-30,2019,NYY,CLE,2,3.0,16,2,1,1,0.99,3,2019_10059_16
Tyler Anderson,10059,2019-08-03,2019,NYY,TBR,6,5.0,23,7,0,0,1.05,4,2019_10059_17
Tyler Anderson,10059,2019-08-04,2019,NYY,KCR,2,3.3,16,3,1,1,0.99,1,2019_10059_18
Tyler Anderson,10059,2019-08-05,2019,NYY,TOR,3,4.3,21,2,0,1,0.99,1,2019_10059_19
Tyler Anderson,10059,2019-08-09,2019,NYY,PIT,3,4.0,20,4,0,0,1.0,4,2019_10059_20
Tyler Anderson,10059,2019-08-14,2019,NYY,ARI,7,7.0,29,8,1,0,1.03,5,2019_10059_21
Tyler Anderson,10059,2019-09-05,2019,NYY,PHI,0,4.0,19,4,1,0,1.01,22,2019_10059_22
Tyler Anderson,10059,2019-09-07,2019,NYY,STL,7,6.3,25,9,3,0,1.0,2,2019_10059_23
Tyler Anderson,10059,2019-09-11,2019,NYY,LAD,0,3.7,14,5,2,1,0.99,4,2019_10059_24
Tyler Anderson,10059,2019-09-14,2019,NYY,BAL,1,4.3,19,4,1,0,1.0,3,2019_10059_25
Tyler Anderson,10059,2019-09-25,2019,NYY,BOS,2,6.3,30,6,2,1,0.99,11,2019_10059_26
Jordan Montgomery,10060,2019-03-31,2019,PIT,MIL,5,6.0,23,6,1,1,1.0,5,2019_10060_0
Jordan Montgomery,10060,2019-04-11,2019,PIT,WSN,2,6.3,29,7,2,1,1.0,11,2019_10060_1
Jordan Montgomery,10060,2019-04-16,2019,PIT,CLE,5,6.7,30,7,2,1,1.0,5,2019_10060_2
Jordan Montgomery,10060,2019-04-17,2019,PIT,PHI,2,3.3,15,4,1,1,1.0,1,2019_10060_3
Jordan Montgomery,10060,2019-04-26,2019,PIT,CHW,2,6.7,31,6,2,1,1.0,9,2019_10060_4
Jordan Montgomery,10060,2019-05-04,2019,PIT,ARI,5,4.3,16,6,1,1,1.0,8,2019_10060_5
Jordan Montgomery,10060,2019-05-12,2019,PIT,COL,3,5.7,24,6,1,1,1.0,8,2019_10060_6
Jordan Montgomery,10060,2019-06-13,2019,PIT,MIN,3,5.3,21,6,1,0,1.0,30,2019_10060_7
Jordan Montgomery,10060,2019-07-08,2019,PIT,NYY,4,4.0,15,4,1,1,1.0,25,2019_10060_8
Jordan Montgomery,10060,2019-07-13,2019,PIT,MIN,2,3.7,16,4,2,1,1.0,5,2019_10060_9
Jordan Montgomery,10060,2019-08-10,2019,PIT,MIN,0,3.3,12,3,0,1,1.0,28,2019_10060_10
Jordan Montgomery,10060,2019-08-13,2019,PIT,LAD,5,5.3,27,5,0,1,1.0,3,2019_10060_11
Jordan Montgomery,10060,2019-08-24,2019,PIT,MIN,6,6.7,25,5,1,1,1.0,11,2019_10060_12
Jordan Montgomery,10060,2019-08-26,2019,PIT,LAA,2,5.0,20,5,1,1,1.0,2,2019_10060_13
Jordan Montgomery,10060,2019-08-28,2019,PIT,HOU,7,5.3,18,6,1,1,1.0,2,2019_10060_14
Jordan Montgomery,10060,2019-08-31,2019,PIT,ARI,2,6.3,26,5,3,0,1.03,3,2019_10060_15
Jordan Montgomery,10060,2019-09-02,2019,PIT,MIL,4,3.7,17,4,1,1,1.0,2,2019_10060_16
Jordan Montgomery,10060,2019-09-07,2019,PIT,ATL,2,3.0,13,4,0,0,1.02,5,2019_10060_17
Jordan Montgomery,10060,2019-09-10,2019,PIT,SFG,11,7.0,32,8,3,1,1.0,3,2019_10060_18
Jordan Montgomery,10060,2019-09-11,2019,PIT,CIN,9,4.7,17,6,1,0,1.0,1,2019_10060_19
Jordan Montgomery,10060,2019-09-16,2019,PIT,NYY,7,4.0,14,6,2,0,0.99,5,2019_10060_20
Jordan Montgomery,10060,2019-09-20,2019,PIT,LAA,5,5.0,20,4,3,1,1.0,4,2019_10060_21
Jordan Montgomery,10060,2019-09-23,2019,PIT,STL,2,5.0,17,5,1,0,1.0,3,2019_10060_22
Mitch Keller,10062,2019-04-12,2019,WSN,MIL,3,3.3,13,1,2,1,1.01,5,2019_10062_0
Mitch Keller,10062,2019-04-21,2019,WSN,STL,13,7.3,30,7,3,0,1.0,9,2019_10062_1
Mitch Keller,10062,2019-04-22,2019,WSN,CHC,7,8.0,32,10,3,1,1.01,1,2019_10062_2
Mitch Keller,10062,2019-04-26,2019,WSN,ATL,1,4.7,22,6,2,1,1.01,4,2019_10062_3
Mitch Keller,10062,2019-04-27,2019,WSN,LAA,12,5.3,25,5,2,0,0.99,1,2019_10062_4
Mitch Keller,10062,2019-04-29,2019,WSN,MIL,9,5.0,19,6,2,0,1.05,2,2019_10062_5
Mitch Keller,10062,2019-05-06,2019,WSN,OAK,13,6.7,25,5,2,1,1.01,7,2019_10062_6
Mitch Keller,10062,2019-05-16,2019,WSN,HOU,10,6.0,22,1,1,0,1.02,10,2019_10062_7
Mitch Keller,10062,2019-05-18,2019,WSN,TBR,8,7.0,33,10,1,0,1.05,2,2019_10062_8
Mitch Keller,10062,2019-05-19,2019,WSN,CIN,9,4.7,19,3,3,0,1.0,1,2019_10062_9
Mitch Keller,10062,2019-05-30,2019,WSN,SEA,15,8.3,37,8,2,0,1.04,11,2019_10062_10
Mitch Keller,10062,2019-06-12,2019,WSN,CHC,3,5.0,24,4,3,1,1.01,13,2019_10062_11
Mitch Keller,10062,2019-06-14,2019,WSN,OAK,11,7.3,29,5,1,1,1.01,2,2019_10062_12
Mitch Keller,10062,2019-06-20,2019,WSN,TOR,10,6.0,27,5,3,1,1.01,6,2019_10062_13
Mitch Keller,10062,2019-06-22,2019,WSN,ARI,10,5.3,22,4,2,1,1.01,2,2019_10062_14
Mitch Keller,10062,2019-06-30,2019,WSN,MIN,9,7.3,31,10,3,1,1.01,8,2019_10062_15
Mitch Keller,10062,2019-07-14,2019,WSN,HOU,20,8.0,34,8,3,0,1.02,14,2019_10062_16
Mitch Keller,10062,2019-07-15,2019,WSN,CLE,10,5.0,19,3,2,0,1.04,1,2019_10062_17
Mitch Keller,10062,2019-07-31,2019,WSN,BOS,7,7.0,30,7,2,0,0.98,16,2019_10062_18
Mitch Keller,10062,2019-08-01,2019,WSN,MIA,11,6.0,26,9,1,1,1.01,1,2019_10062_19
Mitch Keller,10062,2019-08-04,2019,WSN,TEX,10,6.7,28,6,1,0,0.99,3,2019_10062_20
Mitch Keller,10062,2019-08-07,2019,WSN,LAD,11,7.3,30,10,2,0,1.03,3,2019_10062_21
Mitch Keller,10062,2019-08-19,2019,WSN,PIT,17,6.7,28,6,2,1,1.01,12,2019_10062_22
Mitch Keller,10062,2019-08-22,2019,WSN,CIN,11,5.7,28,9,3,0,1.0,3,2019_10062_23
Mitch Keller,10062,2019-08-28,2019,WSN,BOS,6,7.0,33,9,3,1,1.01,6,2019_10062_24
Mitch Keller,10062,2019-09-12,2019,WSN,CHC,7,6.7,28,8,3,1,1.01,15,2019_10062_25
Mitch Keller,10062,2019-09-14,2019,WSN,MIA,5,9.0,39,8,3,0,0.98,2,2019_10062_26
Mitch Keller,10062,2019-09-16,2019,WSN,ATL,9,5.7,22,7,2,1,1.01,2,2019_10062_27
Mitch Keller,10062,2019-09-21,2019,WSN,TEX,14,8.0,36,11,2,0,0.99,5,2019_10062_28
Bailey Ober,10063,2019-04-02,2019,TOR,WSN,8,6.3,27,9,4,1,1.0,5,2019_10063_0
Bailey Ober,10063,2019-04-03,2019,TOR,BOS,3,4.0,20,6,1,1,1.0,1,2019_10063_1
Bailey Ober,10063,2019-04-26,2019,TOR,CLE,3,6.0,27,8,1,0,1.04,23,2019_10063_2
Bailey Ober,10063,2019-05-02,2019,TOR,NYY,7,6.7,28,7,2,0,0.99,6,2019_10063_3
Bailey Ober,10063,2019-05-05,2019,TOR,CHC,2,5.7,25,6,3,1,1.0,3,2019_10063_4
Bailey Ober,10063,2019-05-11,2019,TOR,CIN,4,5.0,21,7,1,1,1.0,6,2019_10063_5
Bailey Ober,10063,2019-05-17,2019,TOR,HOU,9,6.7,30,8,2,0,1.02,6,2019_10063_6
Bailey Ober,10063,2019-06-01,2019,TOR,COL,1,6.0,26,6,2,0,0.92,15,2019_10063_7
Bailey Ober,10063,2019-06-09,2019,TOR,TEX,6,7.3,32,8,3,1,1.0,8,2019_10063_8
Bailey Ober,10063,2019-06-17,2019,TOR,MIL,7,6.3,25,10,1,0,1.05,8,2019_10063_9
Bailey Ober,10063,2019-06-27,2019,TOR,WSN,5,5.7,23,7,1,0,1.01,10,2019_10063_10
Bailey Ober,10063,2019-06-30,2019,TOR,CHW,7,5.0,25,5,1,0,0.99,3,2019_10063_11
Bailey Ober,10063,2019-07-01,2019,TOR,CHC,5,5.0,23,5,4,0,0.97,1,2019_10063_12
Bailey Ober,10063,2019-07-03,2019,TOR,DET,7,5.7,25,6,3,0,1.0,2,2019_10063_13
Bailey Ober,10063,2019-07-04,2019,TOR,ARI,3,4.7,17,6,3,1,1.0,1,2019_10063_14
Bailey Ober,10063,2019-07-10,2019,TOR,CLE,9,6.3,26,10,2,1,1.0,6,2019_10063_15
Bailey Ober,10063,2019-07-13,2019,TOR,SFG,6,7.7,29,7,3,0,1.03,3,2019_10063_16
Bailey Ober,10063,2019-07-14,2019,TOR,SFG,1,5.7,21,4,3,1,1.0,1,2019_10063_17
Bailey Ober,10063,2019-07-18,2019,TOR,MIA,4,7.0,30,6,3,1,1.0,4,2019_10063_18
Bailey Ober,10063,2019-07-21,2019,TOR,BAL,6,9.0,37,10,5,0,1.0,3,2019_10063_19
Bailey Ober,10063,2019-07-26,2019,TOR,PIT,5,5.0,23,6,2,1,1.0,5,2019_10063_20
Bailey Ober,10063,2019-08-16,2019,TOR,HOU,2,9.0,41,7,4,0,1.02,21,2019_10063_21
Bailey Ober,10063,2019-08-19,2019,TOR,STL,3,7.3,33,7,2,0,1.0,3,2019_10063_22
Bailey Ober,10063,2019-08-22,2019,TOR,CLE,3,4.7,24,6,0,0,1.04,3,2019_10063_23
Bailey Ober,10063,2019-09-02,2019,TOR,TBR,3,5.3,22,6,3,0,1.05,11,2019_10063_24
Bailey Ober,10063,2019-09-06,2019,TOR,TEX,4,7.0,33,8,2,0,0.99,4,2019_10063_25
Bailey Ober,10063,2019-09-10,2019,TOR,COL,2,6.3,27,8,3,0,0.92,4,2019_10063_26
Bailey Ober,10063,2019-09-28,2019,TOR,SEA,5,7.0,26,9,3,0,1.04,18,2019_10063_27
Miles Mikolas,10064,2019-03-30,2019,CHC,PIT,6,4.0,17,4,1,0,1.0,5,2019_10064_0
Miles Mikolas,10064,2019-04-11,2019,CHC,KCR,4,3.3,13,4,1,1,0.97,12,2019_10064_1
Miles Mikolas,10064,2019-04-16,2019,CHC,TEX,4,4.7,16,8,2,1,0.97,5,2019_10064_2
Miles Mikolas,10064,2019-04-27,2019,CHC,NYY,8,3.7,15,2,1,0,0.99,11,2019_10064_3
Miles Mikolas,10064,2019-05-14,2019,CHC,BOS,5,5.3,23,6,1,0,0.98,17,2019_10064_4
Miles Mikolas,10064,2019-05-18,2019,CHC,STL,3,4.0,14,2,1,0,1.0,4,2019_10064_5
Miles Mikolas,10064,2019-05-27,2019,CHC,ATL,4,4.3,17,6,1,1,0.97,9,2019_10064_6
Miles Mikolas,10064,2019-05-29,2019,CHC,BOS,3,4.3,15,5,1,1,0.97,2,2019_10064_7
Miles Mikolas,10064,2019-06-11,2019,CHC,LAD,5,4.3,18,3,1,0,1.03,13,2019_10064_8
Miles Mikolas,10064,2019-06-20,2019,CHC,MIL,1,4.7,21,5,0,0,1.05,9,2019_10064_9
Miles Mikolas,10064,2019-06-21,2019,CHC,COL,5,6.3,28,9,1,1,0.97,1,2019_10064_10
Miles Mikolas,10064,2019-06-26,2019,CHC,NYY,4,5.0,22,7,3,0,0.99,5,2019_10064_11
Miles Mikolas,10064,2019-07-04,2019,CHC,LAD,6,3.7,12,3,1,0,1.03,8,2019_10064_12
Miles Mikolas,10064,2019-07-11,2019,CHC,BOS,5,7.0,28,8,2,1,0.97,7,2019_10064_13
Miles Mikolas,10064,2019-07-13,2019,CHC,BOS,0,4.0,14,5,1,1,0.97,2,2019_10064_14
Miles Mikolas,10064,2019-07-16,2019,CHC,NYM,7,5.0,20,9,2,1,0.97,3,2019_10064_15
Miles Mikolas,10064,2019-07-21,2019,CHC,STL,4,5.0,24,3,1,0,1.0,5,2019_10064_16
Miles Mikolas,10064,2019-07-31,2019,CHC,LAA,4,3.0,10,4,0,1,0.97,10,2019_10064_17
Miles Mikolas,10064,2019-08-14,2019,CHC,COL,13,7.0,32,9,3,0,0.92,14,2019_10064_18
Miles Mikolas,10064,2019-08-17,2019,CHC,MIL,15,7.0,33,7,0,0,1.05,3,2019_10064_19
Miles Mikolas,10064,2019-08-23,2019,CHC,LAA,12,5.3,24,6,2,0,0.99,6,2019_10064_20
Miles Mikolas,10064,2019-08-28,2019,CHC,KCR,3,3.3,11,4,1,1,0.97,5,2019_10064_21
Miles Mikolas,10064,2019-08-29,2019,CHC,TOR,2,3.0,10,4,0,0,1.0,1,2019_10064_22
Miles Mikolas,10064,2019-09-06,2019,CHC,HOU,6,4.7,21,4,1,0,1.02,8,2019_10064_23
Miles Mikolas,10064,2019-09-15,2019,CHC,DET,5,4.0,14,4,1,0,1.0,9,2019_10064_24
Miles Mikolas,10064,2019-09-18,2019,CHC,SEA,2,5.7,24,3,1,0,1.04,3,2019_10064_25
Miles Mikolas,10064,2019-09-26,2019,CHC,KCR,5,4.7,19,5,1,1,0.97,8,2019_10064_26
Miles Mikolas,10064,2019-09-27,2019,CHC,CHW,6,5.0,25,7,1,0,0.99,1,2019_10064_27
Martin Perez,10065,2019-03-30,2019,SFG,PIT,1,3.0,16,0,2,1,1.03,5,2019_10065_0
Martin Perez,10065,2019-04-10,2019,SFG,LAA,3,5.7,24,7,0,0,0.99,11,2019_10065_1
Martin Perez,10065,2019-04-29,2019,SFG,MIA,5,3.0,11,1,1,1,1.03,19,2019_10065_2
Martin Perez,10065,2019-05-04,2019,SFG,MIL,0,4.7,19,6,1,0,1.05,5,2019_10065_3
Martin Perez,10065,2019-05-06,2019,SFG,NYM,5,5.0,21,4,0,1,1.03,2,2019_10065_4
Martin Perez,10065,2019-05-09,2019,SFG,TEX,1,6.3,31,6,2,0,0.99,3,2019_10065_5
Martin Perez,10065,2019-05-10,2019,SFG,MIA,1,3.3,14,3,1,1,1.03,1,2019_10065_6
Martin Perez,10065,2019-05-12,2019,SFG,MIA,1,4.7,16,4,1,1,1.03,2,2019_10065_7
Martin Perez,10065,2019-05-16,2019,SFG,STL,3,5.7,26,5,0,1,1.03,4,2019_10065_8
Martin Perez,10065,2019-05-20,2019,SFG,BAL,2,4.7,21,5,2,1,1.03,4,2019_10065_9
Martin Perez,10065,2019-05-23,2019,SFG,PIT,4,4.3,19,5,0,1,1.03,3,2019_10065_10
Martin Perez,10065,2019-06-11,2019,SFG,PHI,6,4.0,15,5,0,0,1.01,19,2019_10065_11
Martin Perez,10065,2019-06-15,2019,SFG,MIN,4,3.7,15,3,1,0,1.0,4,2019_10065_12
Martin Perez,10065,2019-06-16,2019,SFG,ATL,1,4.0,18,5,1,1,1.03,1,2019_10065_13
Martin Perez,10065,2019-06-25,2019,SFG,BAL,6,5.7,23,4,1,1,1.03,9,2019_10065_14
Martin Perez,10065,2019-06-29,2019,SFG,MIA,6,5.3,22,6,1,0,0.98,4,2019_10065_15
Martin Perez,10065,2019-07-01,2019,SFG,OAK,6,4.0,18,3,0,0,1.0,2,2019_10065_16
Martin Perez,10065,2019-07-04,2019,SFG,DET,6,5.3,21,9,2,1,1.03,3,2019_10065_17
Martin Perez,10065,2019-07-10,2019,SFG,STL,5,5.7,25,4,0,1,1.03,6,2019_10065_18
Martin Perez,10065,2019-07-12,2019,SFG,OAK,3,3.3,14,5,1,0,1.0,2,2019_10065_19
Martin Perez,10065,2019-07-15,2019,SFG,ARI,6,6.3,26,7,3,0,1.03,3,2019_10065_20
Martin Perez,10065,2019-07-24,2019,SFG,BOS,6,5.3,22,5,2,1,1.03,9,2019_10065_21
Martin Perez,10065,2019-08-11,2019,SFG,WSN,8,3.7,15,6,1,1,1.03,18,2019_10065_22
Martin Perez,10065,2019-08-12,2019,SFG,WSN,3,6.0,29,3,2,1,1.03,1,2019_10065_23
Martin Perez,10065,2019-08-14,2019,SFG,NYM,1,3.3,11,3,2,1,1.03,2,2019_10065_24
Martin Perez,10065,2019-08-28,2019,SFG,PHI,3,7.3,30,7,4,0,1.01,14,2019_10065_25
Martin Perez,10065,2019-09-07,2019,SFG,BOS,4,4.0,19,0,0,0,0.98,10,2019_10065_26
Martin Perez,10065,2019-09-14,2019,SFG,ATL,3,5.7,24,7,2,0,1.02,7,2019_10065_27
Martin Perez,10065,2019-09-27,2019,SFG,LAD,6,4.7,20,7,0,0,1.03,13,2019_10065_28
Michael Wacha,10067,2019-04-08,2019,COL,LAA,5,4.3,15,1,1,0,0.99,5,2019_10067_0
Michael Wacha,10067,2019-04-15,2019,COL,SEA,1,4.7,22,2,1,1,0.92,7,2019_10067_1
Michael Wacha,10067,2019-04-16,2019,COL,HOU,3,4.7,23,4,1,0,1.02,1,2019_10067_2
Michael Wacha,10067,2019-04-28,2019,COL,KCR,8,6.0,25,6,2,0,0.96,12,2019_10067_3
Michael Wacha,10067,2019-05-11,2019,COL,CHC,6,5.7,23,7,0,1,0.92,13,2019_10067_4
Michael Wacha,10067,2019-05-19,2019,COL,CHW,4,4.3,19,4,2,1,0.92,8,2019_10067_5
Michael Wacha,10067,2019-05-30,2019,COL,STL,4,5.7,27,7,1,1,0.92,11,2019_10067_6
Michael Wacha,10067,2019-06-01,2019,COL,ARI,3,4.3,15,2,2,1,0.92,2,2019_10067_7
Michael Wacha,10067,2019-06-05,2019,COL,LAD,3,6.0,27,5,2,0,1.03,4,2019_10067_8
Michael Wacha,10067,2019-06-15,2019,COL,CLE,3,6.7,26,8,3,0,1.04,10,2019_10067_9
Michael Wacha,10067,2019-06-22,2019,COL,TEX,3,3.3,11,4,1,0,0.99,7,2019_10067_10
Michael Wacha,10067,2019-06-26,2019,COL,SDP,0,4.0,14,5,2,0,1.08,4,2019_10067_11
Michael Wacha,10067,2019-06-30,2019,COL,CHC,4,4.3,16,0,3,1,0.92,4,2019_10067_12
Michael Wacha,10067,2019-07-01,2019,COL,SEA,10,6.0,29,8,1,1,0.92,1,2019_10067_13
Michael Wacha,10067,2019-07-10,2019,COL,KCR,4,6.3,28,6,2,0,0.96,9,2019_10067_14
Michael Wacha,10067,2019-07-20,2019,COL,PIT,4,4.3,20,5,2,1,0.92,10,2019_10067_15
Michael Wacha,10067,2019-07-21,2019,COL,CHW,4,3.3,13,6,2,0,0.99,1,2019_10067_16
Michael Wacha,10067,2019-07-24,2019,COL,CHC,0,5.7,28,6,1,1,0.92,3,2019_10067_17
Michael Wacha,10067,2019-08-04,2019,COL,LAA,3,5.0,22,5,1,0,0.99,11,2019_10067_18
Michael Wacha,10067,2019-08-11,2019,COL,CIN,1,5.3,26,6,2,1,0.92,7,2019_10067_19
Michael Wacha,10067,2019-08-14,2019,COL,DET,2,5.0,20,4,3,0,1.0,3,2019_10067_20
Michael Wacha,10067,2019-09-07,2019,COL,NYM,8,5.3,25,2,1,0,1.06,24,2019_10067_21
Michael Wacha,10067,2019-09-22,2019,COL,MIL,0,4.3,19,2,2,1,0.92,15,2019_10067_22
Wade Miley,10068,2019-04-01,2019,PHI,OAK,15,8.3,38,6,3,0,1.0,5,2019_10068_0
Wade Miley,10068,2019-04-06,2019,PHI,WSN,11,7.7,33,9,3,1,1.01,5,2019_10068_1
Wade Miley,10068,2019-04-12,2019,PHI,DET,17,6.7,23,8,3,0,1.0,6,2019_10068_2
Wade Miley,10068,2019-04-15,2019,PHI,TOR,13,6.7,30,5,2,1,1.01,3,2019_10068_3
Wade Miley,10068,2019-04-24,2019,PHI,WSN,7,9.0,37,9,2,0,1.01,9,2019_10068_4
Wade Miley,10068,2019-05-01,2019,PHI,KCR,5,6.7,29,5,2,0,0.96,7,2019_10068_5
Wade Miley,10068,2019-05-03,2019,PHI,NYM,8,6.7,27,8,2,0,1.06,2,2019_10068_6
Wade Miley,10068,2019-05-16,2019,PHI,SFG,11,7.0,28,8,3,0,1.03,13,2019_10068_7
Wade Miley,10068,2019-05-23,2019,PHI,COL,2,4.3,19,4,1,0,0.92,7,2019_10068_8
Wade Miley,10068,2019-05-29,2019,PHI,SEA,4,5.7,23,5,0,1,1.01,6,2019_10068_9
Wade Miley,10068,2019-06-09,2019,PHI,TEX,3,8.0,35,10,3,0,0.99,11,2019_10068_10
Wade Miley,10068,2019-06-17,2019,PHI,DET,6,6.0,26,7,3,0,1.0,8,2019_10068_11
Wade Miley,10068,2019-06-19,2019,PHI,COL,4,5.7,22,8,2,1,1.01,2,2019_10068_12
Wade Miley,10068,2019-06-25,2019,PHI,OAK,12,9.0,38,10,4,1,1.01,6,2019_10068_13
Wade Miley,10068,2019-06-26,2019,PHI,SEA,7,6.3,26,3,1,1,1.01,1,2019_10068_14
Wade Miley,10068,2019-06-28,2019,PHI,TOR,12,8.0,32,9,4,0,1.0,2,2019_10068_15
Wade Miley,10068,2019-07-11,2019,PHI,CHW,13,9.0,34,10,2,0,0.99,13,2019_10068_16
Wade Miley,10068,2019-07-12,2019,PHI,OAK,10,8.0,29,7,4,1,1.01,1,2019_10068_17
Wade Miley,10068,2019-07-14,2019,PHI,SDP,6,6.3,29,7,1,0,1.08,2,2019_10068_18
Wade Miley,10068,2019-07-19,2019,PHI,HOU,14,7.7,36,10,3,0,1.02,5,2019_10068_19
Wade Miley,10068,2019-07-22,2019,PHI,CHC,9,9.0,39,8,3,0,0.97,3,2019_10068_20
Wade Miley,10068,2019-07-24,2019,PHI,MIN,5,6.0,26,4,4,0,1.0,2,2019_10068_21
Wade Miley,10068,2019-08-09,2019,PHI,LAD,8,7.3,31,7,4,0,1.03,16,2019_10068_22
Wade Miley,10068,2019-08-16,2019,PHI,NYY,4,8.0,33,12,3,0,0.99,7,2019_10068_23
Wade Miley,10068,2019-08-21,2019,PHI,NYY,5,5.3,19,3,2,1,1.01,5,2019_10068_24
Wade Miley,10068,2019-08-31,2019,PHI,COL,8,7.3,35,8,2,1,1.01,10,2019_10068_25
Wade Miley,10068,2019-09-05,2019,PHI,DET,5,5.0,22,4,2,0,1.0,5,2019_10068_26
Wade Miley,10068,2019-09-10,2019,PHI,NYY,9,6.7,30,8,4,0,0.99,5,2019_10068_27
Wade Miley,10068,2019-09-16,2019,PHI,LAA,10,6.3,25,9,2,0,0.99,6,2019_10068_28
Wade Miley,10068,2019-09-18,2019,PHI,SEA,5,5.3,22,6,2,0,1.04,2,2019_10068_29
Wade Miley,10068,2019-09-27,2019,PHI,CIN,7,6.3,26,7,3,1,1.01,9,2019_10068_30
Wade Miley,10068,2019-09-28,2019,PHI,KCR,4,5.7,28,5,1,1,1.01,1,2019_10068_31
Wade Miley,10068,2019-09-29,2019,PHI,NYY,10,6.7,27,9,3,1,1.01,1,2019_10068_32
Luke Weaver,10069,2019-03-30,2019,DET,TOR,8,5.3,19,6,3,1,1.0,5,2019_10069_0
Luke Weaver,10069,2019-04-03,2019,DET,ATL,8,5.3,20,3,2,1,1.0,4,2019_10069_1
Luke Weaver,10069,2019-04-07,2019,DET,MIN,7,4.7,19,4,2,1,1.0,4,2019_10069_2
Luke Weaver,10069,2019-04-08,2019,DET,NYY,7,5.3,21,3,1,0,0.99,1,2019_10069_3
Luke Weaver,10069,2019-04-16,2019,DET,STL,13,5.7,25,8,2,1,1.0,8,2019_10069_4
Luke Weaver,10069,2019-04-17,2019,DET,COL,4,4.0,18,2,3,1,1.0,1,2019_10069_5
Luke Weaver,10069,2019-05-01,2019,DET,OAK,1,3.3,14,3,0,1,1.0,14,2019_10069_6
Luke Weaver,10069,2019-05-09,2019,DET,NYM,2,4.7,20,5,1,0,1.06,8,2019_10069_7
Luke Weaver,10069,2019-05-16,2019,DET,OAK,6,5.7,23,3,2,0,1.0,7,2019_10069_8
Luke Weaver,10069,2019-05-24,2019,DET,TOR,13,8.0,35,9,2,0,1.0,8,2019_10069_9
Luke Weaver,10069,2019-05-25,2019,DET,CHW,4,3.0,13,3,1,1,1.0,1,2019_10069_10
Luke Weaver,10069,2019-05-29,2019,DET,CHC,3,6.0,21,6,2,0,0.97,4,2019_10069_11
Luke Weaver,10069,2019-05-31,2019,DET,NYM,6,5.3,23,5,3,0,1.06,2,2019_10069_12
Luke Weaver,10069,2019-06-05,2019,DET,CIN,2,4.7,21,6,1,0,1.0,5,2019_10069_13
Luke Weaver,10069,2019-06-12,2019,DET,CHC,1,3.0,12,1,0,0,0.97,7,2019_10069_14
Luke Weaver,10069,2019-06-16,2019,DET,ATL,6,6.0,28,5,1,0,1.02,4,2019_10069_15
Luke Weaver,10069,2019-06-20,2019,DET,CLE,4,4.0,17,3,1,0,1.04,4,2019_10069_16
Luke Weaver,10069,2019-07-04,2019,DET,NYY,5,5.0,23,7,1,1,1.0,14,2019_10069_17
Luke Weaver,10069,2019-07-05,2019,DET,COL,5,5.3,18,8,2,0,0.92,1,2019_10069_18
Luke Weaver,10069,2019-07-06,2019,DET,COL,5,5.3,23,6,2,1,1.0,1,2019_10069_19
Luke Weaver,10069,2019-07-08,2019,DET,PHI,6,3.0,17,3,0,1,1.0,2,2019_10069_20
Luke Weaver,10069,2019-07-16,2019,DET,PHI,4,4.7,21,3,2,1,1.0,8,2019_10069_21
Luke Weaver,10069,2019-07-23,2019,DET,CIN,3,4.0,16,5,1,1,1.0,7,2019_10069_22
Luke Weaver,10069,2019-07-25,2019,DET,CHW,5,6.0,26,6,1,1,1.0,2,2019_10069_23
Luke Weaver,10069,2019-07-28,2019,DET,CLE,5,6.7,27,8,2,0,1.04,3,2019_10069_24
Luke Weaver,10069,2019-07-30,2019,DET,NYY,6,4.7,19,5,2,1,1.0,2,2019_10069_25
Luke Weaver,10069,2019-08-02,2019,DET,BOS,3,3.7,16,1,1,1,1.0,3,2019_10069_26
Luke Weaver,10069,2019-08-04,2019,DET,ATL,4,7.0,27,7,2,1,1.0,2,2019_10069_27
Luke Weaver,10069,2019-08-20,2019,DET,MIA,5,4.7,19,3,1,1,1.0,16,2019_10069_28
Luke Weaver,10069,2019-08-23,2019,DET,PHI,10,4.3,17,3,2,1,1.0,3,2019_10069_29
Luke Weaver,10069,2019-09-09,2019,DET,SFG,5,7.3,31,5,2,1,1.0,17,2019_10069_30
Luke Weaver,10069,2019-09-15,2019,DET,TEX,2,4.7,20,6,2,1,1.0,6,2019_10069_31
Luke Weaver,10069,2019-09-26,2019,DET,STL,8,5.0,24,4,2,0,1.0,11,2019_10069_32
Kutter Crawford,10071,2019-04-02,2019,STL,LAD,7,6.0,23,6,2,0,1.03,5,2019_10071_0
Kutter Crawford,10071,2019-04-10,2019,STL,ARI,9,7.0,30,6,3,1,1.0,8,2019_10071_1
Kutter Crawford,10071,2019-04-20,2019,STL,BOS,2,4.0,19,2,0,1,1.0,10,2019_10071_2
Kutter Crawford,10071,2019-04-27,2019,STL,TBR,4,6.3,29,5,3,1,1.0,7,2019_10071_3
Kutter Crawford,10071,2019-04-28,2019,STL,TBR,6,4.3,21,4,2,1,1.0,1,2019_10071_4
Kutter Crawford,10071,2019-04-29,2019,STL,TBR,4,6.3,26,7,2,0,1.05,1,2019_10071_5
Kutter Crawford,10071,2019-05-20,2019,STL,MIL,3,5.7,29,5,3,1,1.0,21,2019_10071_6
Kutter Crawford,10071,2019-05-21,2019,STL,MIA,1,6.7,27,6,3,0,0.98,1,2019_10071_7
Kutter Crawford,10071,2019-05-31,2019,STL,DET,7,6.7,27,8,2,0,1.0,10,2019_10071_8
Kutter Crawford,10071,2019-06-15,2019,STL,BOS,3,5.3,24,5,1,1,1.0,15,2019_10071_9
Kutter Crawford,10071,2019-06-16,2019,STL,NYY,1,6.3,27,6,2,0,0.99,1,2019_10071_10
Kutter Crawford,10071,2019-06-20,2019,STL,CIN,4,6.0,29,5,2,0,1.0,4,2019_10071_11
Kutter Crawford,10071,2019-07-09,2019,STL,SFG,3,5.7,24,5,3,0,1.03,19,2019_10071_12
Kutter Crawford,10071,2019-07-13,2019,STL,MIN,4,4.3,16,3,1,0,1.0,4,2019_10071_13
Kutter Crawford,10071,2019-07-22,2019,STL,SEA,7,6.3,26,7,3,1,1.0,9,2019_10071_14
Kutter Crawford,10071,2019-07-23,2019,STL,MIA,6,5.0,24,5,1,0,0.98,1,2019_10071_15
Kutter Crawford,10071,2019-07-25,2019,STL,MIA,2,3.0,19,5,1,0,0.98,2,2019_10071_16
Kutter Crawford,10071,2019-07-29,2019,STL,PIT,2,7.7,35,8,3,0,1.0,4,2019_10071_17
Kutter Crawford,10071,2019-08-07,2019,STL,CHW,18,7.0,31,5,3,1,1.0,9,2019_10071_18
Kutter Crawford,10071,2019-08-17,2019,STL,TBR,6,7.3,27,7,3,1,1.0,10,2019_10071_19
Kutter Crawford,10071,2019-08-24,2019,STL,NYY,5,6.3,30,5,2,1,1.0,7,2019_10071_20
Kutter Crawford,10071,2019-09-02,2019,STL,BOS,7,7.0,29,4,4,1,1.0,9,2019_10071_21
Kutter Crawford,10071,2019-09-09,2019,STL,LAA,7,4.3,15,4,1,1,1.0,7,2019_10071_22
Kutter Crawford,10071,2019-09-15,2019,STL,MIN,3,6.7,27,6,2,0,1.0,6,2019_10071_23
Kutter Crawford,10071,2019-09-17,2019,STL,PIT,6,6.0,27,4,2,0,1.0,2,2019_10071_24
Kutter Crawford,10071,2019-09-18,2019,STL,LAD,3,6.0,30,9,2,1,1.0,1,2019_10071_25
Kutter Crawford,10071,2019-09-22,2019,STL,TBR,3,6.3,22,6,2,1,1.0,4,2019_10071_26
Kutter Crawford,10071,2019-09-28,2019,STL,TOR,10,8.0,32,7,3,1,1.0,6,2019_10071_27
Rich Hill,10073,2019-03-29,2019,CHW,CLE,7,4.0,19,2,0,1,0.99,5,2019_10073_0
Rich Hill,10073,2019-03-31,2019,CHW,MIA,5,5.3,19,5,1,0,0.98,2,2019_10073_1
Rich Hill,10073,2019-04-04,2019,CHW,MIA,5,5.3,21,4,2,1,0.99,4,2019_10073_2
Rich Hill,10073,2019-04-18,2019,CHW,PIT,0,4.0,17,2,0,1,0.99,14,2019_10073_3
Rich Hill,10073,2019-04-25,2019,CHW,STL,1,3.0,11,5,0,0,1.0,7,2019_10073_4
Rich Hill,10073,2019-04-28,2019,CHW,CLE,5,5.7,26,7,1,1,0.99,3,2019_10073_5
Rich Hill,10073,2019-05-04,2019,CHW,WSN,2,4.7,17,6,0,1,0.99,6,2019_10073_6
Rich Hill,10073,2019-05-07,2019,CHW,TOR,1,3.7,16,3,0,0,1.0,3,2019_10073_7
Rich Hill,10073,2019-05-16,2019,CHW,DET,2,3.3,15,5,0,1,0.99,9,2019_10073_8
Rich Hill,10073,2019-05-17,2019,CHW,KCR,1,4.0,16,4,2,1,0.99,1,2019_10073_9
Rich Hill,10073,2019-05-18,2019,CHW,OAK,1,3.3,17,2,0,1,0.99,1,2019_10073_10
Rich Hill,10073,2019-05-20,2019,CHW,BOS,2,4.3,22,6,0,0,0.98,2,2019_10073_11
Rich Hill,10073,2019-05-29,2019,CHW,HOU,3,4.7,20,5,1,0,1.02,9,2019_10073_12
Rich Hill,10073,2019-06-08,2019,CHW,OAK,1,4.0,18,4,1,1,0.99,10,2019_10073_13
Rich Hill,10073,2019-06-14,2019,CHW,NYY,2,4.0,18,5,2,1,0.99,6,2019_10073_14
Rich Hill,10073,2019-06-21,2019,CHW,CHC,5,3.0,16,2,1,1,0.99,7,2019_10073_15
Rich Hill,10073,2019-07-11,2019,CHW,CHC,2,3.0,17,3,0,1,0.99,20,2019_10073_16
Rich Hill,10073,2019-07-21,2019,CHW,LAD,1,3.0,13,1,0,1,0.99,10,2019_10073_17
Rich Hill,10073,2019-07-22,2019,CHW,CIN,0,3.3,11,2,1,1,0.99,1,2019_10073_18
Rich Hill,10073,2019-08-06,2019,CHW,PHI,0,4.3,24,5,0,0,1.01,15,2019_10073_19
Rich Hill,10073,2019-08-14,2019,CHW,PHI,2,3.0,10,3,0,0,1.01,8,2019_10073_20
Rich Hill,10073,2019-08-16,2019,CHW,TBR,3,5.3,26,7,2,0,1.05,2,2019_10073_21
Rich Hill,10073,2019-08-28,2019,CHW,NYM,3,5.0,21,2,3,0,1.06,12,2019_10073_22
Rich Hill,10073,2019-09-05,2019,CHW,ATL,0,3.0,12,3,1,1,0.99,8,2019_10073_23
Rich Hill,10073,2019-09-11,2019,CHW,WSN,2,3.0,13,2,1,0,1.01,6,2019_10073_24
Rich Hill,10073,2019-09-16,2019,CHW,CLE,1,6.3,29,6,3,0,1.04,5,2019_10073_25
Rich Hill,10073,2019-09-23,2019,CHW,PHI,4,4.0,14,8,0,0,1.01,7,2019_10073_26
Rich Hill,10073,2019-09-24,2019,CHW,CHC,1,4.0,17,4,1,1,0.99,1,2019_10073_27
Dallas Keuchel,10075,2019-03-31,2019,TOR,SDP,3,5.3,21,7,2,0,1.08,5,2019_10075_0
Dallas Keuchel,10075,2019-04-19,2019,TOR,BAL,5,5.0,23,5,1,0,1.0,19,2019_10075_1
Dallas Keuchel,10075,2019-04-22,2019,TOR,SEA,14,4.3,20,6,0,0,1.04,3,2019_10075_2
Dallas Keuchel,10075,2019-05-01,2019,TOR,CIN,11,6.3,25,7,1,0,1.0,9,2019_10075_3
Dallas Keuchel,10075,2019-05-03,2019,TOR,WSN,16,8.0,35,9,4,1,1.0,2,2019_10075_4
Dallas Keuchel,10075,2019-05-05,2019,TOR,DET,20,7.3,31,8,3,1,1.0,2,2019_10075_5
Dallas Keuchel,10075,2019-05-10,2019,TOR,BAL,12,7.0,29,9,1,0,1.0,5,2019_10075_6
Dallas Keuchel,10075,2019-05-16,2019,TOR,CIN,4,4.7,21,4,1,0,1.0,6,2019_10075_7
Dallas Keuchel,10075,2019-05-21,2019,TOR,HOU,12,6.3,26,5,2,0,1.02,5,2019_10075_8
Dallas Keuchel,10075,2019-05-24,2019,TOR,CLE,7,5.7,28,5,2,0,1.04,3,2019_10075_9
Dallas Keuchel,10075,2019-06-10,2019,TOR,SFG,7,5.0,22,4,2,1,1.0,17,2019_10075_10
Dallas Keuchel,10075,2019-06-11,2019,TOR,BOS,9,6.7,34,8,3,1,1.0,1,2019_10075_11
Dallas Keuchel,10075,2019-06-22,2019,TOR,ATL,11,6.3,26,7,1,0,1.02,11,2019_10075_12
Dallas Keuchel,10075,2019-06-26,2019,TOR,SEA,14,7.3,26,9,3,0,1.04,4,2019_10075_13
Dallas Keuchel,10075,2019-07-08,2019,TOR,NYY,5,5.7,29,6,2,0,0.99,12,2019_10075_14
Dallas Keuchel,10075,2019-07-15,2019,TOR,MIL,14,6.3,24,6,4,1,1.0,7,2019_10075_15
Dallas Keuchel,10075,2019-07-18,2019,TOR,TBR,12,6.3,27,8,3,0,1.05,3,2019_10075_16
Dallas Keuchel,10075,2019-07-19,2019,TOR,LAD,13,6.7,29,8,3,0,1.03,1,2019_10075_17
Dallas Keuchel,10075,2019-07-20,2019,TOR,HOU,11,6.0,28,5,1,0,1.02,1,2019_10075_18
Dallas Keuchel,10075,2019-07-23,2019,TOR,NYY,6,5.7,25,6,1,0,0.99,3,2019_10075_19
Dallas Keuchel,10075,2019-07-24,2019,TOR,MIA,3,6.7,33,6,2,1,1.0,1,2019_10075_20
Dallas Keuchel,10075,2019-07-30,2019,TOR,SFG,2,5.7,26,3,2,0,1.03,6,2019_10075_21
Dallas Keuchel,10075,2019-08-03,2019,TOR,MIA,12,5.0,21,5,2,1,1.0,4,2019_10075_22
Dallas Keuchel,10075,2019-08-07,2019,TOR,BAL,12,4.7,17,4,2,1,1.0,4,2019_10075_23
Dallas Keuchel,10075,2019-08-13,2019,TOR,ATL,7,7.0,26,8,3,1,1.0,6,2019_10075_24
Dallas Keuchel,10075,2019-08-30,2019,TOR,MIA,8,6.0,27,5,2,0,0.98,17,2019_10075_25
Dallas Keuchel,10075,2019-09-05,2019,TOR,MIN,15,7.3,37,10,3,1,1.0,6,2019_10075_26
Dallas Keuchel,10075,2019-09-07,2019,TOR,SDP,11,4.7,20,3,3,1,1.0,2,2019_10075_27
Dallas Keuchel,10075,2019-09-22,2019,TOR,WSN,5,6.7,25,7,3,1,1.0,15,2019_10075_28
Dallas Keuchel,10075,2019-09-25,2019,TOR,SDP,10,5.7,25,5,0,1,1.0,3,2019_10075_29
Dallas Keuchel,10075,2019-09-28,2019,TOR,BOS,9,4.3,20,9,1,0,0.98,3,2019_10075_30
Dallas Keuchel,10075,2019-09-29,2019,TOR,NYY,8,5.0,20,5,2,0,0.99,1,2019_10075_31
Zach Davies,10076,2019-04-06,2019,SFG,CLE,2,6.7,28,7,1,1,1.03,5,2019_10076_0
Zach Davies,10076,2019-04-18,2019,SFG,WSN,3,6.7,25,9,2,0,1.01,12,2019_10076_1
Zach Davies,10076,2019-04-22,2019,SFG,HOU,6,6.3,24,5,1,0,1.02,4,2019_10076_2
Zach Davies,10076,2019-04-26,2019,SFG,CHC,0,3.0,13,1,1,0,0.97,4,2019_10076_3
Zach Davies,10076,2019-04-28,2019,SFG,BOS,8,4.7,20,4,1,1,1.03,2,2019_10076_4
Zach Davies,10076,2019-05-02,2019,SFG,TBR,3,5.0,21,4,3,0,1.05,4,2019_10076_5
Zach Davies,10076,2019-05-06,2019,SFG,LAA,2,6.3,28,6,3,1,1.03,4,2019_10076_6
Zach Davies,10076,2019-05-10,2019,SFG,ARI,5,5.3,25,5,1,1,1.03,4,2019_10076_7
Zach Davies,10076,2019-05-11,2019,SFG,CHC,6,5.3,23,4,0,0,0.97,1,2019_10076_8
Zach Davies,10076,2019-05-12,2019,SFG,WSN,3,4.3,16,5,2,1,1.03,1,2019_10076_9
Zach Davies,10076,2019-05-19,2019,SFG,OAK,4,5.0,20,4,1,0,1.0,7,2019_10076_10
Zach Davies,10076,2019-05-31,2019,SFG,MIA,3,6.0,21,4,2,0,0.98,12,2019_10076_11
Zach Davies,10076,2019-06-02,2019,SFG,LAD,4,4.7,20,4,2,0,1.03,2,2019_10076_12
Zach Davies,10076,2019-06-12,2019,SFG,SDP,8,6.3,27,6,1,1,1.03,10,2019_10076_13
Zach Davies,10076,2019-06-28,2019,SFG,MIA,6,5.7,24,7,2,1,1.03,16,2019_10076_14
Zach Davies,10076,2019-06-30,2019,SFG,MIA,3,5.0,18,5,3,1,1.03,2,2019_10076_15
Zach Davies,10076,2019-07-12,2019,SFG,ARI,4,4.3,17,6,1,0,1.03,12,2019_10076_16
Zach Davies,10076,2019-07-14,2019,SFG,KCR,6,3.0,10,1,1,1,1.03,2,2019_10076_17
Zach Davies,10076,2019-08-08,2019,SFG,NYM,6,4.3,18,6,1,1,1.03,25,2019_10076_18
Zach Davies,10076,2019-08-11,2019,SFG,BAL,4,6.7,27,7,3,0,1.0,3,2019_10076_19
Zach Davies,10076,2019-08-23,2019,SFG,NYY,10,6.0,23,5,2,0,0.99,12,2019_10076_20
Zach Davies,10076,2019-08-26,2019,SFG,ATL,4,4.7,17,8,2,1,1.03,3,2019_10076_21
Zach Davies,10076,2019-08-31,2019,SFG,TBR,10,8.0,32,12,3,0,1.05,5,2019_10076_22
Zach Davies,10076,2019-09-02,2019,SFG,COL,6,4.7,22,5,2,0,0.92,2,2019_10076_23
Zach Davies,10076,2019-09-08,2019,SFG,OAK,4,5.3,22,5,3,1,1.03,6,2019_10076_24
Zach Davies,10076,2019-09-09,2019,SFG,NYY,5,6.0,25,4,2,0,0.99,1,2019_10076_25
Zach Davies,10076,2019-09-10,2019,SFG,CIN,3,5.0,23,5,2,1,1.03,1,2019_10076_26
Zach Davies,10076,2019-09-16,2019,SFG,NYY,0,4.3,18,3,2,1,1.03,6,2019_10076_27
Zach Davies,10076,2019-09-19,2019,SFG,NYY,8,3.7,15,6,1,0,0.99,3,2019_10076_28
Zach Davies,10076,2019-09-23,2019,SFG,STL,3,5.3,26,7,2,1,1.03,4,2019_10076_29
Zach Davies,10076,2019-09-29,2019,SFG,PHI,8,4.3,16,2,1,0,1.01,6,2019_10076_30
Glenn Otto,10077,2019-03-31,2019,LAD,SEA,3,5.0,20,2,2,1,1.03,5,2019_10077_0
Glenn Otto,10077,2019-04-02,2019,LAD,TEX,18,6.7,32,9,1,1,1.03,2,2019_10077_1
Glenn Otto,10077,2019-04-05,2019,LAD,SDP,11,6.7,31,5,2,0,1.08,3,2019_10077_2
Glenn Otto,10077,2019-04-10,2019,LAD,SFG,5,5.3,19,4,2,1,1.03,5,2019_10077_3
Glenn Otto,10077,2019-04-11,2019,LAD,BAL,3,3.0,10,0,1,1,1.03,1,2019_10077_4
Glenn Otto,10077,2019-04-13,2019,LAD,CLE,3,5.3,25,8,3,0,1.04,2,2019_10077_5
Glenn Otto,10077,2019-04-14,2019,LAD,SDP,6,5.0,19,4,2,0,1.08,1,2019_10077_6
Glenn Otto,10077,2019-04-23,2019,LAD,MIA,7,7.0,32,7,3,0,0.98,9,2019_10077_7
Glenn Otto,10077,2019-04-26,2019,LAD,KCR,7,6.0,26,6,2,1,1.03,3,2019_10077_8
Glenn Otto,10077,2019-05-01,2019,LAD,NYM,1,3.0,10,1,0,1,1.03,5,2019_10077_9
Glenn Otto,10077,2019-06-16,2019,LAD,TBR,9,5.3,25,3,1,1,1.03,30,2019_10077_10
Glenn Otto,10077,2019-06-20,2019,LAD,MIL,6,4.7,22,6,1,0,1.05,4,2019_10077_11
Glenn Otto,10077,2019-07-03,2019,LAD,TBR,7,4.0,19,3,1,1,1.03,13,2019_10077_12
Glenn Otto,10077,2019-07-05,2019,LAD,ARI,8,4.7,24,4,1,0,1.03,2,2019_10077_13
Glenn Otto,10077,2019-07-12,2019,LAD,MIN,9,4.3,19,6,1,1,1.03,7,2019_10077_14
Glenn Otto,10077,2019-07-19,2019,LAD,WSN,10,6.0,26,8,4,1,1.03,7,2019_10077_15
Glenn Otto,10077,2019-07-25,2019,LAD,SFG,9,6.0,29,7,1,1,1.03,6,2019_10077_16
Glenn Otto,10077,2019-08-08,2019,LAD,SDP,5,4.7,21,4,1,0,1.08,14,2019_10077_17
Glenn Otto,10077,2019-08-09,2019,LAD,MIA,2,4.0,17,4,2,1,1.03,1,2019_10077_18
Glenn Otto,10077,2019-08-11,2019,LAD,PIT,7,6.0,24,5,2,1,1.03,2,2019_10077_19
Glenn Otto,10077,2019-08-13,2019,LAD,LAA,8,6.7,29,6,2,1,1.03,2,2019_10077_20
Glenn Otto,10077,2019-08-17,2019,LAD,MIL,8,6.0,27,5,1,0,1.05,4,2019_10077_21
Glenn Otto,10077,2019-08-23,2019,LAD,KCR,16,5.3,25,2,2,0,0.96,6,2019_10077_22
Glenn Otto,10077,2019-08-24,2019,LAD,SDP,2,4.3,20,3,3,1,1.03,1,2019_10077_23
Glenn Otto,10077,2019-09-12,2019,LAD,LAA,8,8.0,34,10,3,0,0.99,19,2019_10077_24
Glenn Otto,10077,2019-09-13,2019,LAD,CHW,7,6.0,28,8,0,0,0.99,1,2019_10077_25
Glenn Otto,10077,2019-09-23,2019,LAD,SEA,10,5.3,25,7,2,0,1.04,10,2019_10077_26
Glenn Otto,10077,2019-09-26,2019,LAD,TEX,9,8.0,32,8,3,0,0.99,3,2019_10077_27
Spenser Watkins,10078,2019-03-28,2019,KCR,TOR,0,4.3,18,4,2,1,0.96,5,2019_10078_0
Spenser Watkins,10078,2019-04-01,2019,KCR,NYM,3,4.3,24,6,2,0,1.06,4,2019_10078_1
Spenser Watkins,10078,2019-04-09,2019,KCR,LAD,3,6.0,28,4,0,0,1.03,8,2019_10078_2
Spenser Watkins,10078,2019-04-12,2019,KCR,MIA,4,4.0,19,4,0,0,0.98,3,2019_10078_3
Spenser Watkins,10078,2019-04-22,2019,KCR,NYY,5,5.3,21,3,1,1,0.96,10,2019_10078_4
Spenser Watkins,10078,2019-04-26,2019,KCR,DET,11,5.0,21,3,0,1,0.96,4,2019_10078_5
Spenser Watkins,10078,2019-04-27,2019,KCR,COL,8,5.3,22,5,1,1,0.96,1,2019_10078_6
Spenser Watkins,10078,2019-05-19,2019,KCR,SEA,0,4.0,16,4,1,1,0.96,22,2019_10078_7
Spenser Watkins,10078,2019-05-21,2019,KCR,TBR,7,7.7,30,9,3,0,1.05,2,2019_10078_8
Spenser Watkins,10078,2019-05-23,2019,KCR,TEX,2,5.7,26,5,2,1,0.96,2,2019_10078_9
Spenser Watkins,10078,2019-05-29,2019,KCR,CIN,2,3.0,16,0,1,0,1.0,6,2019_10078_10
Spenser Watkins,10078,2019-06-20,2019,KCR,TBR,4,5.3,23,8,2,0,1.05,22,2019_10078_11
Spenser Watkins,10078,2019-06-23,2019,KCR,SEA,3,6.0,27,3,1,0,1.04,3,2019_10078_12
Spenser Watkins,10078,2019-06-30,2019,KCR,CIN,3,3.0,15,5,0,0,1.0,7,2019_10078_13
Spenser Watkins,10078,2019-07-05,2019,KCR,TOR,6,5.0,21,7,1,1,0.96,5,2019_10078_14
Spenser Watkins,10078,2019-07-09,2019,KCR,MIL,5,3.0,13,4,2,0,1.05,4,2019_10078_15
Spenser Watkins,10078,2019-07-14,2019,KCR,PIT,4,3.0,13,5,1,1,0.96,5,2019_10078_16
Spenser Watkins,10078,2019-07-22,2019,KCR,BOS,9,6.0,24,6,1,0,0.98,8,2019_10078_17
Spenser Watkins,10078,2019-07-29,2019,KCR,OAK,2,5.3,22,4,1,1,0.96,7,2019_10078_18
Spenser Watkins,10078,2019-08-11,2019,KCR,TOR,5,6.7,29,7,3,0,1.0,13,2019_10078_19
Spenser Watkins,10078,2019-08-22,2019,KCR,OAK,3,4.0,19,5,2,0,1.0,11,2019_10078_20
Spenser Watkins,10078,2019-08-26,2019,KCR,COL,1,3.7,13,4,2,1,0.96,4,2019_10078_21
Spenser Watkins,10078,2019-09-10,2019,KCR,BOS,6,5.7,23,6,1,1,0.96,15,2019_10078_22
Spenser Watkins,10078,2019-09-11,2019,KCR,SEA,1,5.7,23,5,0,1,0.96,1,2019_10078_23
Spenser Watkins,10078,2019-09-17,2019,KCR,WSN,4,4.0,18,7,1,0,1.01,6,2019_10078_24
Austin Gomber,10079,2019-03-28,2019,TOR,LAD,11,5.7,24,6,4,0,1.03,5,2019_10079_0
Austin Gomber,10079,2019-04-01,2019,TOR,CLE,7,4.3,16,4,3,0,1.04,4,2019_10079_1
Austin Gomber,10079,2019-04-13,2019,TOR,DET,1,5.0,22,7,1,0,1.0,12,2019_10079_2
Austin Gomber,10079,2019-04-29,2019,TOR,DET,7,4.3,16,4,2,1,1.0,16,2019_10079_3
Austin Gomber,10079,2019-05-03,2019,TOR,STL,4,5.0,22,5,1,0,1.0,4,2019_10079_4
Austin Gomber,10079,2019-05-07,2019,TOR,HOU,5,5.0,22,4,0,0,1.02,4,2019_10079_5
Austin Gomber,10079,2019-05-08,2019,TOR,SDP,3,6.0,21,5,3,1,1.0,1,2019_10079_6
Austin Gomber,10079,2019-05-31,2019,TOR,HOU,0,4.3,23,5,2,1,1.0,23,2019_10079_7
Austin Gomber,10079,2019-06-02,2019,TOR,CHC,3,6.3,25,5,4,1,1.0,2,2019_10079_8
Austin Gomber,10079,2019-06-06,2019,TOR,CIN,4,4.7,23,4,0,1,1.0,4,2019_10079_9
Austin Gomber,10079,2019-06-25,2019,TOR,PHI,0,3.3,11,5,0,0,1.01,19,2019_10079_10
Austin Gomber,10079,2019-07-05,2019,TOR,PIT,15,6.3,26,6,2,0,1.0,10,2019_10079_11
Austin Gomber,10079,2019-07-12,2019,TOR,OAK,4,6.3,26,8,2,1,1.0,7,2019_10079_12
Austin Gomber,10079,2019-07-16,2019,TOR,CHW,3,4.3,19,4,2,0,0.99,4,2019_10079_13
Austin Gomber,10079,2019-07-19,2019,TOR,SFG,3,4.0,14,5,1,0,1.03,3,2019_10079_14
Austin Gomber,10079,2019-07-31,2019,TOR,CIN,5,5.7,26,6,1,0,1.0,12,2019_10079_15
Austin Gomber,10079,2019-08-05,2019,TOR,SDP,3,6.3,29,6,0,0,1.08,5,2019_10079_16
Austin Gomber,10079,2019-08-07,2019,TOR,COL,1,5.3,23,2,2,1,1.0,2,2019_10079_17
Austin Gomber,10079,2019-08-18,2019,TOR,PHI,0,4.7,22,5,2,0,1.01,11,2019_10079_18
Austin Gomber,10079,2019-08-23,2019,TOR,ARI,3,5.0,18,5,1,0,1.03,5,2019_10079_19
Austin Gomber,10079,2019-08-31,2019,TOR,TEX,6,5.0,21,5,1,0,0.99,8,2019_10079_20
Austin Gomber,10079,2019-09-06,2019,TOR,BAL,2,4.7,21,3,1,1,1.0,6,2019_10079_21
Austin Gomber,10079,2019-09-09,2019,TOR,DET,5,5.0,22,4,1,1,1.0,3,2019_10079_22
Austin Gomber,10079,2019-09-14,2019,TOR,SFG,6,5.7,24,3,2,0,1.03,5,2019_10079_23
Chad Kuhl,10080,2019-03-29,2019,SDP,CIN,3,4.3,20,5,1,0,1.0,5,2019_10080_0
Chad Kuhl,10080,2019-04-05,2019,SDP,MIA,8,5.0,24,6,0,1,1.08,7,2019_10080_1
Chad Kuhl,10080,2019-04-11,2019,SDP,ATL,8,4.7,18,5,1,1,1.08,6,2019_10080_2
Chad Kuhl,10080,2019-04-16,2019,SDP,MIN,10,5.0,18,5,1,1,1.08,5,2019_10080_3
Chad Kuhl,10080,2019-04-23,2019,SDP,BOS,8,5.3,22,7,2,1,1.08,7,2019_10080_4
Chad Kuhl,10080,2019-04-26,2019,SDP,DET,2,3.0,12,2,2,0,1.0,3,2019_10080_5
Chad Kuhl,10080,2019-04-29,2019,SDP,MIL,4,5.3,25,3,1,0,1.05,3,2019_10080_6
Chad Kuhl,10080,2019-04-30,2019,SDP,MIN,3,5.7,30,5,1,0,1.0,1,2019_10080_7
Chad Kuhl,10080,2019-05-01,2019,SDP,COL,3,6.3,29,6,2,1,1.08,1,2019_10080_8
Chad Kuhl,10080,2019-05-04,2019,SDP,MIL,8,6.7,27,6,2,0,1.05,3,2019_10080_9
Chad Kuhl,10080,2019-05-06,2019,SDP,KCR,7,3.3,16,7,0,1,1.08,2,2019_10080_10
Chad Kuhl,10080,2019-05-09,2019,SDP,NYY,3,4.7,21,4,1,0,0.99,3,2019_10080_11
Chad Kuhl,10080,2019-05-10,2019,SDP,HOU,5,6.7,29,6,2,0,1.02,1,2019_10080_12
Chad Kuhl,10080,2019-05-15,2019,SDP,CLE,13,7.3,33,12,0,0,1.04,5,2019_10080_13
Chad Kuhl,10080,2019-05-29,2019,SDP,DET,4,6.0,25,10,2,0,1.0,14,2019_10080_14
Chad Kuhl,10080,2019-06-02,2019,SDP,SFG,10,6.7,27,7,3,1,1.08,4,2019_10080_15
Chad Kuhl,10080,2019-06-04,2019,SDP,MIA,8,5.0,21,6,3,0,0.98,2,2019_10080_16
Chad Kuhl,10080,2019-06-07,2019,SDP,ARI,3,6.3,31,6,2,1,1.08,3,2019_10080_17
Chad Kuhl,10080,2019-06-17,2019,SDP,TBR,6,5.3,20,4,2,0,1.05,10,2019_10080_18
Chad Kuhl,10080,2019-06-18,2019,SDP,MIN,2,5.0,19,9,2,1,1.08,1,2019_10080_19
Chad Kuhl,10080,2019-07-06,2019,SDP,BAL,7,3.0,10,4,0,0,1.0,18,2019_10080_20
Chad Kuhl,10080,2019-07-08,2019,SDP,NYY,1,3.7,20,3,1,1,1.08,2,2019_10080_21
Chad Kuhl,10080,2019-07-26,2019,SDP,WSN,9,6.0,26,7,2,0,1.01,18,2019_10080_22
Chad Kuhl,10080,2019-08-09,2019,SDP,CIN,10,6.7,29,8,2,1,1.08,14,2019_10080_23
Chad Kuhl,10080,2019-08-11,2019,SDP,ATL,14,6.7,27,8,3,1,1.08,2,2019_10080_24
Chad Kuhl,10080,2019-08-19,2019,SDP,SEA,11,6.0,23,6,1,1,1.08,8,2019_10080_25
Chad Kuhl,10080,2019-08-24,2019,SDP,ATL,7,3.7,12,6,1,0,1.02,5,2019_10080_26
Chad Kuhl,10080,2019-08-25,2019,SDP,LAA,6,5.7,25,6,2,0,0.99,1,2019_10080_27
Chad Kuhl,10080,2019-08-28,2019,SDP,MIN,9,6.7,30,5,3,1,1.08,3,2019_10080_28
Chad Kuhl,10080,2019-09-15,2019,SDP,TEX,12,5.3,28,6,2,1,1.08,18,2019_10080_29
Chad Kuhl,10080,2019-09-19,2019,SDP,CIN,4,5.0,23,5,1,0,1.0,4,2019_10080_30
Chad Kuhl,10080,2019-09-28,2019,SDP,NYY,9,6.7,30,4,3,0,0.99,9,2019_10080_31
Antonio Senzatela,10081,2019-05-01,2019,PHI,STL,2,6.0,28,4,2,0,1.0,5,2019_10081_0
Antonio Senzatela,10081,2019-05-02,2019,PHI,TOR,2,5.3,23,9,3,0,1.0,1,2019_10081_1
Antonio Senzatela,10081,2019-05-08,2019,PHI,TOR,4,3.0,12,4,1,1,1.01,6,2019_10081_2
Antonio Senzatela,10081,2019-05-12,2019,PHI,NYM,5,5.0,19,5,1,1,1.01,4,2019_10081_3
Antonio Senzatela,10081,2019-05-15,2019,PHI,ARI,2,5.7,26,5,1,0,1.03,3,2019_10081_4
Antonio Senzatela,10081,2019-05-16,2019,PHI,CHW,1,4.3,18,3,2,1,1.01,1,2019_10081_5
Antonio Senzatela,10081,2019-05-24,2019,PHI,KCR,1,3.0,11,3,1,0,0.96,8,2019_10081_6
Antonio Senzatela,10081,2019-05-26,2019,PHI,TEX,4,3.0,14,4,1,0,0.99,2,2019_10081_7
Antonio Senzatela,10081,2019-05-28,2019,PHI,NYM,4,4.3,20,5,1,1,1.01,2,2019_10081_8
Antonio Senzatela,10081,2019-05-29,2019,PHI,PIT,2,3.0,16,3,1,1,1.01,1,2019_10081_9
Antonio Senzatela,10081,2019-05-31,2019,PHI,TEX,1,3.0,12,4,0,0,0.99,2,2019_10081_10
Antonio Senzatela,10081,2019-06-07,2019,PHI,TEX,4,5.3,21,6,3,1,1.01,7,2019_10081_11
Antonio Senzatela,10081,2019-06-13,2019,PHI,TOR,4,5.3,21,3,2,0,1.0,6,2019_10081_12
Antonio Senzatela,10081,2019-06-15,2019,PHI,ATL,3,4.7,19,3,1,0,1.02,2,2019_10081_13
Antonio Senzatela,10081,2019-06-18,2019,PHI,SEA,1,5.3,20,8,2,1,1.01,3,2019_10081_14
Antonio Senzatela,10081,2019-06-21,2019,PHI,TOR,0,5.7,22,4,2,0,1.0,3,2019_10081_15
Antonio Senzatela,10081,2019-06-25,2019,PHI,TEX,6,4.0,17,4,0,1,1.01,4,2019_10081_16
Antonio Senzatela,10081,2019-07-20,2019,PHI,MIL,1,4.0,16,3,2,1,1.01,25,2019_10081_17
Antonio Senzatela,10081,2019-08-05,2019,PHI,OAK,2,3.7,14,4,2,1,1.01,16,2019_10081_18
Antonio Senzatela,10081,2019-08-18,2019,PHI,TOR,2,5.7,26,8,1,1,1.01,13,2019_10081_19
Antonio Senzatela,10081,2019-08-20,2019,PHI,SFG,1,5.0,17,5,4,0,1.03,2,2019_10081_20
Antonio Senzatela,10081,2019-08-23,2019,PHI,MIL,6,7.0,32,11,1,1,1.01,3,2019_10081_21
Antonio Senzatela,10081,2019-08-24,2019,PHI,MIN,2,3.3,15,4,1,0,1.0,1,2019_10081_22
Antonio Senzatela,10081,2019-09-18,2019,PHI,TEX,4,5.3,21,7,1,1,1.01,25,2019_10081_23
Antonio Senzatela,10081,2019-09-27,2019,PHI,HOU,5,5.7,20,8,1,1,1.01,9,2019_10081_24
Antonio Senzatela,10081,2019-09-30,2019,PHI,STL,0,6.0,21,5,2,1,1.01,3,2019_10081_25
Zach Thompson,10082,2019-04-10,2019,ATL,TBR,3,5.3,21,5,2,0,1.05,5,2019_10082_0
Zach Thompson,10082,2019-04-29,2019,ATL,DET,1,5.3,21,3,2,1,1.02,19,2019_10082_1
Zach Thompson,10082,2019-05-09,2019,ATL,MIN,7,5.3,27,6,2,0,1.0,10,2019_10082_2
Zach Thompson,10082,2019-05-30,2019,ATL,CIN,9,6.7,31,6,3,0,1.0,21,2019_10082_3
Zach Thompson,10082,2019-06-02,2019,ATL,DET,6,6.7,27,8,1,1,1.02,3,2019_10082_4
Zach Thompson,10082,2019-06-03,2019,ATL,DET,8,7.7,35,12,3,0,1.0,1,2019_10082_5
Zach Thompson,10082,2019-06-19,2019,ATL,MIL,9,5.0,21,5,1,1,1.02,16,2019_10082_6
Zach Thompson,10082,2019-06-22,2019,ATL,TEX,4,5.0,20,1,3,0,0.99,3,2019_10082_7
Zach Thompson,10082,2019-06-27,2019,ATL,CLE,2,4.0,15,4,1,0,1.04,5,2019_10082_8
Zach Thompson,10082,2019-06-29,2019,ATL,CHW,1,6.3,28,6,2,1,1.02,2,2019_10082_9
Zach Thompson,10082,2019-07-12,2019,ATL,WSN,4,4.0,20,5,1,0,1.01,13,2019_10082_10
Zach Thompson,10082,2019-07-18,2019,ATL,OAK,10,5.7,28,8,1,1,1.02,6,2019_10082_11
Zach Thompson,10082,2019-07-22,2019,ATL,MIA,9,7.0,26,9,3,1,1.02,4,2019_10082_12
Zach Thompson,10082,2019-07-28,2019,ATL,HOU,11,5.3,23,6,1,0,1.02,6,2019_10082_13
Zach Thompson,10082,2019-08-03,2019,ATL,TEX,1,3.7,13,3,0,0,0.99,6,2019_10082_14
Zach Thompson,10082,2019-08-06,2019,ATL,CLE,5,5.7,27,6,0,0,1.04,3,2019_10082_15
Zach Thompson,10082,2019-08-08,2019,ATL,BOS,7,5.7,25,8,0,1,1.02,2,2019_10082_16
Zach Thompson,10082,2019-08-26,2019,ATL,OAK,11,7.0,29,8,2,0,1.0,18,2019_10082_17
Zach Thompson,10082,2019-08-30,2019,ATL,NYY,8,4.3,17,3,3,1,1.02,4,2019_10082_18
Zach Thompson,10082,2019-09-06,2019,ATL,DET,10,5.3,23,5,1,1,1.02,7,2019_10082_19
Zach Thompson,10082,2019-09-08,2019,ATL,TOR,13,7.0,26,9,2,1,1.02,2,2019_10082_20
Zach Thompson,10082,2019-09-11,2019,ATL,DET,8,6.7,26,8,3,1,1.02,3,2019_10082_21
Zach Thompson,10082,2019-09-12,2019,ATL,NYY,4,6.3,29,5,1,0,0.99,1,2019_10082_22
Zach Thompson,10082,2019-09-21,2019,ATL,TOR,2,5.7,25,5,2,0,1.0,9,2019_10082_23
Zach Thompson,10082,2019-09-24,2019,ATL,KCR,12,6.0,24,7,2,1,1.02,3,2019_10082_24
Zach Thompson,10082,2019-09-27,2019,ATL,KCR,4,5.0,19,7,4,1,1.02,3,2019_10082_25
Jose Urquidy,10083,2019-03-28,2019,PIT,CIN,11,9.0,35,9,1,0,1.0,5,2019_10083_0
Jose Urquidy,10083,2019-04-02,2019,PIT,CLE,6,6.0,25,5,2,0,1.04,5,2019_10083_1
Jose Urquidy,10083,2019-04-04,2019,PIT,KCR,10,6.3,26,5,3,1,1.0,2,2019_10083_2
Jose Urquidy,10083,2019-04-08,2019,PIT,NYM,15,4.7,16,5,1,1,1.0,4,2019_10083_3
Jose Urquidy,10083,2019-04-11,2019,PIT,MIN,9,5.3,25,5,1,1,1.0,3,2019_10083_4
Jose Urquidy,10083,2019-04-12,2019,PIT,LAD,5,6.0,25,10,2,0,1.03,1,2019_10083_5
Jose Urquidy,10083,2019-04-19,2019,PIT,DET,4,4.3,19,6,0,0,1.0,7,2019_10083_6
Jose Urquidy,10083,2019-04-28,2019,PIT,SFG,13,7.0,32,7,3,1,1.0,9,2019_10083_7
Jose Urquidy,10083,2019-05-01,2019,PIT,SDP,5,3.0,15,2,0,0,1.08,3,2019_10083_8
Jose Urquidy,10083,2019-05-11,2019,PIT,KCR,7,5.7,24,5,3,0,0.96,10,2019_10083_9
Jose Urquidy,10083,2019-05-16,2019,PIT,BAL,4,3.3,16,2,0,0,1.0,5,2019_10083_10
Jose Urquidy,10083,2019-05-19,2019,PIT,CLE,4,5.7,20,6,1,0,1.04,3,2019_10083_11
Jose Urquidy,10083,2019-05-25,2019,PIT,STL,9,6.0,25,5,2,1,1.0,6,2019_10083_12
Jose Urquidy,10083,2019-05-30,2019,PIT,ATL,9,6.7,29,4,2,1,1.0,5,2019_10083_13
Jose Urquidy,10083,2019-06-07,2019,PIT,BOS,13,7.0,28,7,4,1,1.0,8,2019_10083_14
Jose Urquidy,10083,2019-06-08,2019,PIT,LAA,7,5.7,20,4,1,0,0.99,1,2019_10083_15
Jose Urquidy,10083,2019-06-09,2019,PIT,MIA,7,4.0,15,3,1,0,0.98,1,2019_10083_16
Jose Urquidy,10083,2019-06-20,2019,PIT,STL,12,4.7,18,3,1,0,1.0,11,2019_10083_17
Jose Urquidy,10083,2019-06-27,2019,PIT,ARI,4,8.7,39,7,4,1,1.0,7,2019_10083_18
Jose Urquidy,10083,2019-07-02,2019,PIT,CLE,4,3.3,12,3,1,1,1.0,5,2019_10083_19
Jose Urquidy,10083,2019-07-05,2019,PIT,ATL,6,3.0,14,3,2,1,1.0,3,2019_10083_20
Jose Urquidy,10083,2019-07-14,2019,PIT,SFG,2,4.0,21,7,3,1,1.0,9,2019_10083_21
Jose Urquidy,10083,2019-07-17,2019,PIT,SFG,3,7.3,31,7,3,0,1.03,3,2019_10083_22
Jose Urquidy,10083,2019-08-04,2019,PIT,TBR,14,5.0,22,6,1,0,1.05,18,2019_10083_23
Jose Urquidy,10083,2019-08-05,2019,PIT,ARI,5,6.3,24,8,2,1,1.0,1,2019_10083_24
Jose Urquidy,10083,2019-09-02,2019,PIT,ATL,10,6.0,26,6,1,1,1.0,28,2019_10083_25
Jose Urquidy,10083,2019-09-03,2019,PIT,TOR,3,3.3,16,4,1,0,1.0,1,2019_10083_26
Jose Urquidy,10083,2019-09-08,2019,PIT,SDP,9,6.7,26,6,2,1,1.0,5,2019_10083_27
Jose Urquidy,10083,2019-09-09,2019,PIT,STL,3,6.3,26,6,2,0,1.0,1,2019_10083_28
Jose Urquidy,10083,2019-09-23,2019,PIT,CHC,11,7.3,31,9,1,1,1.0,14,2019_10083_29
Jose Urquidy,10083,2019-09-25,2019,PIT,NYM,12,6.3,28,5,2,0,1.06,2,2019_10083_30
Jose Urquidy,10083,2019-09-26,2019,PIT,SDP,16,7.0,26,8,1,0,1.08,1,2019_10083_31
Yoan Lopez,10084,2019-03-31,2019,TOR,KCR,4,4.7,20,5,1,0,0.96,5,2019_10084_0
Yoan Lopez,10084,2019-04-10,2019,TOR,KCR,3,7.0,30,7,3,1,1.0,10,2019_10084_1
Yoan Lopez,10084,2019-04-17,2019,TOR,STL,7,5.7,26,5,3,1,1.0,7,2019_10084_2
Yoan Lopez,10084,2019-04-22,2019,TOR,PIT,5,5.0,23,6,1,0,1.0,5,2019_10084_3
Yoan Lopez,10084,2019-05-01,2019,TOR,MIL,7,5.0,25,5,1,0,1.05,9,2019_10084_4
Yoan Lopez,10084,2019-05-02,2019,TOR,CHW,1,3.7,15,2,2,0,0.99,1,2019_10084_5
Yoan Lopez,10084,2019-05-09,2019,TOR,BAL,1,3.0,10,5,0,0,1.0,7,2019_10084_6
Yoan Lopez,10084,2019-05-23,2019,TOR,OAK,6,3.0,10,4,0,1,1.0,14,2019_10084_7
Yoan Lopez,10084,2019-05-25,2019,TOR,HOU,1,3.3,12,2,2,0,1.02,2,2019_10084_8
Yoan Lopez,10084,2019-06-25,2019,TOR,SEA,3,6.3,26,8,1,1,1.0,30,2019_10084_9
Yoan Lopez,10084,2019-07-03,2019,TOR,STL,4,5.7,26,3,1,1,1.0,8,2019_10084_10
Yoan Lopez,10084,2019-07-10,2019,TOR,LAA,2,3.0,12,4,0,1,1.0,7,2019_10084_11
Yoan Lopez,10084,2019-07-23,2019,TOR,LAD,3,5.3,23,9,1,0,1.03,13,2019_10084_12
Yoan Lopez,10084,2019-07-29,2019,TOR,SDP,7,5.3,26,6,2,1,1.0,6,2019_10084_13
Yoan Lopez,10084,2019-08-11,2019,TOR,SDP,0,3.0,18,4,0,1,1.0,13,2019_10084_14
Yoan Lopez,10084,2019-09-04,2019,TOR,CHW,4,4.3,17,7,1,1,1.0,24,2019_10084_15
Yoan Lopez,10084,2019-09-14,2019,TOR,LAD,4,5.3,23,6,3,1,1.0,10,2019_10084_16
Yoan Lopez,10084,2019-09-20,2019,TOR,SEA,1,6.0,31,8,2,0,1.04,6,2019_10084_17
Yoan Lopez,10084,2019-09-21,2019,TOR,CHC,6,7.0,30,6,2,0,0.97,1,2019_10084_18
Jake Irvin,10085,2019-03-30,2019,KCR,WSN,1,3.7,13,2,2,1,0.96,5,2019_10085_0
Jake Irvin,10085,2019-04-01,2019,KCR,LAA,6,5.7,28,4,0,1,0.96,2,2019_10085_1
Jake Irvin,10085,2019-04-02,2019,KCR,CIN,4,4.3,19,6,3,1,0.96,1,2019_10085_2
Jake Irvin,10085,2019-04-04,2019,KCR,ATL,4,6.0,25,3,1,0,1.02,2,2019_10085_3
Jake Irvin,10085,2019-04-14,2019,KCR,CIN,3,5.3,24,7,2,0,1.0,10,2019_10085_4
Jake Irvin,10085,2019-04-18,2019,KCR,OAK,1,3.3,14,2,2,1,0.96,4,2019_10085_5
Jake Irvin,10085,2019-04-26,2019,KCR,LAD,5,6.0,23,7,4,1,0.96,8,2019_10085_6
Jake Irvin,10085,2019-05-18,2019,KCR,SDP,1,6.0,22,3,2,1,0.96,22,2019_10085_7
Jake Irvin,10085,2019-05-25,2019,KCR,CHC,9,6.0,21,7,3,0,0.97,7,2019_10085_8
Jake Irvin,10085,2019-06-09,2019,KCR,LAD,7,4.7,21,4,0,0,1.03,15,2019_10085_9
Jake Irvin,10085,2019-06-15,2019,KCR,CIN,3,7.3,32,8,2,1,0.96,6,2019_10085_10
Jake Irvin,10085,2019-06-23,2019,KCR,TEX,1,7.0,31,8,2,0,0.99,8,2019_10085_11
Jake Irvin,10085,2019-06-27,2019,KCR,DET,6,6.7,24,6,3,0,1.0,4,2019_10085_12
Jake Irvin,10085,2019-07-03,2019,KCR,CIN,5,5.0,26,4,1,0,1.0,6,2019_10085_13
Jake Irvin,10085,2019-07-17,2019,KCR,WSN,3,6.3,26,5,3,1,0.96,14,2019_10085_14
Jake Irvin,10085,2019-07-19,2019,KCR,LAA,4,3.3,16,5,0,0,0.99,2,2019_10085_15
Jake Irvin,10085,2019-07-26,2019,KCR,CHW,2,3.0,15,3,0,1,0.96,7,2019_10085_16
Jake Irvin,10085,2019-08-02,2019,KCR,COL,7,5.7,27,4,2,0,0.92,7,2019_10085_17
Jake Irvin,10085,2019-08-06,2019,KCR,SFG,1,5.0,26,7,3,1,0.96,4,2019_10085_18
Jake Irvin,10085,2019-08-22,2019,KCR,BOS,1,4.0,14,5,1,1,0.96,16,2019_10085_19
Jake Irvin,10085,2019-08-26,2019,KCR,BOS,3,3.3,17,4,1,1,0.96,4,2019_10085_20
Jake Irvin,10085,2019-09-01,2019,KCR,MIN,4,5.0,17,6,0,1,0.96,6,2019_10085_21
Jake Irvin,10085,2019-09-10,2019,KCR,TEX,6,6.7,27,7,2,0,0.99,9,2019_10085_22
Jake Irvin,10085,2019-09-16,2019,KCR,SDP,4,6.0,22,6,1,0,1.08,6,2019_10085_23
Jake Irvin,10085,2019-09-25,2019,KCR,CHC,6,6.0,27,7,1,0,0.97,9,2019_10085_24
Cade Cavalli,10087,2019-04-05,2019,PIT,CHC,3,3.7,17,4,3,0,0.97,5,2019_10087_0
Cade Cavalli,10087,2019-04-06,2019,PIT,ATL,6,6.0,23,6,2,0,1.02,1,2019_10087_1
Cade Cavalli,10087,2019-04-07,2019,PIT,BOS,3,4.7,20,6,1,0,0.98,1,2019_10087_2
Cade Cavalli,10087,2019-04-26,2019,PIT,ARI,4,4.3,18,3,2,1,1.0,19,2019_10087_3
Cade Cavalli,10087,2019-04-27,2019,PIT,KCR,2,5.7,25,2,1,1,1.0,1,2019_10087_4
Cade Cavalli,10087,2019-05-03,2019,PIT,MIL,4,5.0,18,5,3,1,1.0,6,2019_10087_5
Cade Cavalli,10087,2019-05-05,2019,PIT,TEX,1,3.3,11,1,2,1,1.0,2,2019_10087_6
Cade Cavalli,10087,2019-05-06,2019,PIT,SDP,3,5.3,27,4,2,1,1.0,1,2019_10087_7
Cade Cavalli,10087,2019-05-08,2019,PIT,OAK,8,5.3,20,7,1,1,1.0,2,2019_10087_8
Cade Cavalli,10087,2019-05-16,2019,PIT,MIN,9,5.3,21,6,4,1,1.0,8,2019_10087_9
Cade Cavalli,10087,2019-06-04,2019,PIT,TOR,1,4.3,22,3,1,0,1.0,19,2019_10087_10
Cade Cavalli,10087,2019-06-05,2019,PIT,KCR,4,5.3,23,3,1,1,1.0,1,2019_10087_11
Cade Cavalli,10087,2019-06-07,2019,PIT,MIA,7,7.7,32,8,2,0,0.98,2,2019_10087_12
Cade Cavalli,10087,2019-06-14,2019,PIT,TOR,4,5.7,23,7,2,1,1.0,7,2019_10087_13
Cade Cavalli,10087,2019-06-16,2019,PIT,CHW,8,5.0,22,8,1,0,0.99,2,2019_10087_14
Cade Cavalli,10087,2019-06-29,2019,PIT,OAK,5,4.0,15,5,3,0,1.0,13,2019_10087_15
Cade Cavalli,10087,2019-07-13,2019,PIT,SEA,5,3.3,13,3,2,1,1.0,14,2019_10087_16
Cade Cavalli,10087,2019-07-14,2019,PIT,MIL,2,4.0,18,4,2,0,1.05,1,2019_10087_17
Cade Cavalli,10087,2019-07-28,2019,PIT,CLE,2,4.0,16,4,1,1,1.0,14,2019_10087_18
Cade Cavalli,10087,2019-08-01,2019,PIT,CIN,4,5.0,21,5,1,0,1.0,4,2019_10087_19
Cade Cavalli,10087,2019-08-17,2019,PIT,CIN,5,4.0,16,3,0,1,1.0,16,2019_10087_20
Cade Cavalli,10087,2019-08-29,2019,PIT,CIN,2,4.3,19,4,1,0,1.0,12,2019_10087_21
Cade Cavalli,10087,2019-09-03,2019,PIT,SFG,5,5.7,21,5,1,1,1.0,5,2019_10087_22
Cade Cavalli,10087,2019-09-11,2019,PIT,MIN,5,6.0,26,5,2,0,1.0,8,2019_10087_23
Cade Cavalli,10087,2019-09-16,2019,PIT,LAA,5,6.0,22,6,2,0,0.99,5,2019_10087_24
Cade Cavalli,10087,2019-09-21,2019,PIT,TOR,4,5.0,20,5,3,0,1.0,5,2019_10087_25
Cade Cavalli,10087,2019-09-29,2019,PIT,NYY,4,5.7,22,5,2,0,0.99,8,2019_10087_26
Colin Rea,10088,2019-04-18,2019,TBR,WSN,5,5.7,27,7,1,1,1.05,5,2019_10088_0
Colin Rea,10088,2019-04-21,2019,TBR,NYY,1,4.0,18,5,2,0,0.99,3,2019_10088_1
Colin Rea,10088,2019-04-23,2019,TBR,LAA,1,6.7,29,7,3,0,0.99,2,2019_10088_2
Colin Rea,10088,2019-04-26,2019,TBR,LAA,2,4.3,15,5,0,1,1.05,3,2019_10088_3
Colin Rea,10088,2019-05-06,2019,TBR,CHC,7,8.3,36,8,2,0,0.97,10,2019_10088_4
Colin Rea,10088,2019-05-09,2019,TBR,KCR,10,6.7,27,8,2,1,1.05,3,2019_10088_5
Colin Rea,10088,2019-05-12,2019,TBR,DET,3,5.7,22,5,0,0,1.0,3,2019_10088_6
Colin Rea,10088,2019-05-14,2019,TBR,NYY,0,4.3,17,5,4,1,1.05,2,2019_10088_7
Colin Rea,10088,2019-05-16,2019,TBR,CHW,11,6.0,24,5,0,1,1.05,2,2019_10088_8
Colin Rea,10088,2019-06-02,2019,TBR,NYY,2,3.3,14,2,0,0,0.99,17,2019_10088_9
Colin Rea,10088,2019-06-06,2019,TBR,PIT,7,5.7,25,6,2,1,1.05,4,2019_10088_10
Colin Rea,10088,2019-06-21,2019,TBR,CHC,2,5.7,23,5,2,0,0.97,15,2019_10088_11
Colin Rea,10088,2019-06-28,2019,TBR,COL,9,6.7,25,5,2,1,1.05,7,2019_10088_12
Colin Rea,10088,2019-07-10,2019,TBR,COL,8,5.0,18,6,2,1,1.05,12,2019_10088_13
Colin Rea,10088,2019-07-14,2019,TBR,SFG,5,4.3,16,6,2,1,1.05,4,2019_10088_14
Colin Rea,10088,2019-07-19,2019,TBR,WSN,5,6.3,27,4,1,1,1.05,5,2019_10088_15
Colin Rea,10088,2019-08-01,2019,TBR,STL,7,5.3,29,8,1,0,1.0,13,2019_10088_16
Colin Rea,10088,2019-08-04,2019,TBR,MIL,6,8.7,38,7,2,0,1.05,3,2019_10088_17
Colin Rea,10088,2019-08-08,2019,TBR,ATL,1,3.3,18,4,2,0,1.02,4,2019_10088_18
Colin Rea,10088,2019-08-09,2019,TBR,CIN,4,6.0,21,7,2,0,1.0,1,2019_10088_19
Colin Rea,10088,2019-08-11,2019,TBR,LAA,7,6.7,29,8,2,0,0.99,2,2019_10088_20
Colin Rea,10088,2019-08-12,2019,TBR,SFG,2,5.3,22,5,1,0,1.03,1,2019_10088_21
Colin Rea,10088,2019-08-22,2019,TBR,PIT,9,6.3,28,8,1,0,1.0,10,2019_10088_22
Colin Rea,10088,2019-08-27,2019,TBR,NYY,5,6.0,26,6,2,0,0.99,5,2019_10088_23
Colin Rea,10088,2019-09-07,2019,TBR,STL,8,4.7,21,5,1,1,1.05,11,2019_10088_24
Colin Rea,10088,2019-09-10,2019,TBR,BOS,3,4.7,23,7,2,1,1.05,3,2019_10088_25
Colin Rea,10088,2019-09-19,2019,TBR,SEA,4,5.0,24,4,1,0,1.04,9,2019_10088_26
Colin Rea,10088,2019-09-23,2019,TBR,DET,6,4.3,17,4,2,0,1.0,4,2019_10088_27
Colin Rea,10088,2019-09-27,2019,TBR,SEA,8,8.0,32,9,2,0,1.04,4,2019_10088_28
Colin Rea,10088,2019-09-28,2019,TBR,SFG,6,6.0,25,5,0,0,1.03,1,2019_10088_29
