pitcher_name,pitcher_id,game_date,season,team,opponent,strikeouts,innings_pitched,batters_faced,pitches_thrown,hits,walks,home_runs,is_home,park_k_factor,game_id
Keegan Akin,akink001,2020-08-31,2020,BAL,TOR,6,4.3,17,81,3,2,0,0,1.0,TOR202008310
Keegan Akin,akink001,2020-09-05,2020,BAL,NYA,8,5.3,23,91,3,4,0,1,1.0,BAL202009050
Keegan Akin,akink001,2020-09-11,2020,BAL,NYA,1,0.7,7,39,3,1,0,0,0.99,NYA202009112
Keegan Akin,akink001,2020-09-16,2020,BAL,ATL,9,5.0,19,93,3,1,0,1,1.0,BAL202009160
Keegan Akin,akink001,2020-09-22,2020,BAL,BOS,6,4.0,21,94,8,0,0,0,0.98,BOS202009220
Keegan Akin,akink001,2020-09-27,2020,BAL,TOR,4,3.0,15,51,5,1,2,0,1.0,TOR202009270
Sandy Alcántara,alcas001,2020-07-24,2020,MIA,PHI,7,6.7,24,87,3,2,1,0,1.01,PHI202007240
Sandy Alcántara,alcas001,2020-08-30,2020,MIA,TBA,2,4.0,22,84,6,2,2,1,0.98,MIA202008300
Sandy Alcántara,alcas001,2020-09-05,2020,MIA,TBA,8,6.0,24,101,3,3,0,0,1.05,TBA202009050
Sandy Alcántara,alcas001,2020-09-10,2020,MIA,PHI,4,6.0,26,100,7,2,1,1,0.98,MIA202009100
Sandy Alcántara,alcas001,2020-09-15,2020,MIA,BOS,5,6.0,25,92,5,2,0,1,0.98,MIA202009150
Sandy Alcántara,alcas001,2020-09-20,2020,MIA,WAS,4,6.0,24,100,5,2,0,1,0.98,MIA202009201
Sandy Alcántara,alcas001,2020-09-25,2020,MIA,NYA,9,7.3,27,97,6,2,0,0,0.99,NYA202009250
Tyler Alexander,alext001,2020-08-11,2020,DET,CHA,2,3.7,17,58,4,3,2,1,1.0,DET202008110
Tyler Alexander,alext001,2020-09-04,2020,DET,MIN,4,4.0,18,59,7,0,0,0,1.0,MIN202009042
Kolby Allard,allak001,2020-08-02,2020,TEX,SFN,3,4.0,17,75,2,2,0,0,1.03,SFN202008020
Kolby Allard,allak001,2020-08-08,2020,TEX,ANA,6,5.0,18,94,2,1,0,1,0.99,TEX202008080
Kolby Allard,allak001,2020-08-16,2020,TEX,COL,4,3.0,17,65,8,1,1,0,0.92,COL202008160
Kolby Allard,allak001,2020-08-21,2020,TEX,SEA,1,0.7,9,38,5,2,0,0,1.04,SEA202008210
Kolby Allard,allak001,2020-08-26,2020,TEX,OAK,5,5.3,22,91,1,4,0,1,0.99,TEX202008260
Kolby Allard,allak001,2020-09-02,2020,TEX,HOU,4,7.0,24,79,2,2,1,0,1.02,HOU202009020
Kolby Allard,allak001,2020-09-07,2020,TEX,SEA,5,3.7,21,95,5,4,2,0,1.04,SEA202009070
Kolby Allard,allak001,2020-09-12,2020,TEX,OAK,1,1.0,10,44,5,2,0,1,0.99,TEX202009122
Adbert Alzolay,alzoa001,2020-08-19,2020,CHN,SLN,6,5.0,18,70,2,1,0,1,0.97,CHN202008192
Adbert Alzolay,alzoa001,2020-09-05,2020,CHN,SLN,4,2.7,16,78,2,5,0,1,0.97,CHN202009051
Adbert Alzolay,alzoa001,2020-09-10,2020,CHN,CIN,2,3.7,16,74,3,2,0,1,0.97,CHN202009100
Adbert Alzolay,alzoa001,2020-09-27,2020,CHN,CHA,8,5.0,18,82,2,2,1,0,0.99,CHA202009270
Brett Anderson,andeb004,2020-08-03,2020,MIL,CHA,2,3.0,15,52,5,0,0,1,1.05,MIL202008030
Brett Anderson,andeb004,2020-08-08,2020,MIL,CIN,2,3.7,19,68,4,2,1,1,1.05,MIL202008080
Brett Anderson,andeb004,2020-08-13,2020,MIL,CHN,5,4.3,20,86,5,2,1,0,0.97,CHN202008130
Brett Anderson,andeb004,2020-08-19,2020,MIL,MIN,5,6.0,22,87,5,0,0,0,1.0,MIN202008190
Brett Anderson,andeb004,2020-08-24,2020,MIL,CIN,3,6.0,21,74,5,1,2,1,1.05,MIL202008240
Brett Anderson,andeb004,2020-08-29,2020,MIL,PIT,3,5.0,24,85,9,0,1,1,1.05,MIL202008290
Brett Anderson,andeb004,2020-09-06,2020,MIL,CLE,1,5.0,22,84,6,2,0,0,1.04,CLE202009060
Brett Anderson,andeb004,2020-09-15,2020,MIL,SLN,3,6.0,25,97,5,2,0,1,1.05,MIL202009150
Brett Anderson,andeb004,2020-09-22,2020,MIL,CIN,7,6.0,25,80,4,0,1,0,1.0,CIN202009220
Brett Anderson,andeb004,2020-09-27,2020,MIL,SLN,1,2.0,9,38,2,1,0,0,1.0,SLN202009270
Chase Anderson,andec001,2020-08-08,2020,TOR,BOS,1,3.0,11,45,1,2,0,0,0.98,BOS202008080
Chase Anderson,andec001,2020-08-15,2020,TOR,TBA,3,3.0,14,59,5,0,1,1,1.0,TOR202008150
Chase Anderson,andec001,2020-08-20,2020,TOR,PHI,3,3.7,16,78,4,1,1,1,1.0,TOR202008201
Chase Anderson,andec001,2020-08-25,2020,TOR,BOS,3,5.0,23,83,7,1,0,1,1.0,TOR202008250
Chase Anderson,andec001,2020-08-31,2020,TOR,BAL,8,5.0,18,84,3,0,0,1,1.0,TOR202008310
Chase Anderson,andec001,2020-09-05,2020,TOR,BOS,3,4.0,21,79,9,1,3,0,0.98,BOS202009050
Chase Anderson,andec001,2020-09-11,2020,TOR,NYN,4,2.7,15,67,4,3,1,1,1.0,TOR202009110
Ian Anderson,andei001,2020-08-26,2020,ATL,NYA,6,6.0,22,90,1,2,1,1,1.02,ATL202008261
Ian Anderson,andei001,2020-09-01,2020,ATL,BOS,8,6.0,26,96,6,1,0,0,0.98,BOS202009010
Ian Anderson,andei001,2020-09-07,2020,ATL,MIA,4,3.0,16,83,2,4,0,1,1.02,ATL202009070
Ian Anderson,andei001,2020-09-12,2020,ATL,WAS,9,7.0,25,99,1,3,0,0,1.01,WAS202009120
Ian Anderson,andei001,2020-09-19,2020,ATL,NYN,8,4.7,22,99,4,4,0,0,1.06,NYN202009190
Ian Anderson,andei001,2020-09-24,2020,ATL,MIA,6,5.7,27,104,7,0,0,1,1.02,ATL202009240
Tyler Anderson,andet002,2020-07-24,2020,SFN,LAN,0,1.7,11,38,3,3,1,0,1.03,LAN202007240
Tyler Anderson,andet002,2020-08-06,2020,SFN,COL,3,5.0,18,66,2,2,0,0,0.92,COL202008060
Tyler Anderson,andet002,2020-08-11,2020,SFN,HOU,2,5.0,22,80,5,3,1,0,1.02,HOU202008110
Tyler Anderson,andet002,2020-08-17,2020,SFN,ANA,8,5.0,24,83,8,1,1,0,0.99,ANA202008170
Tyler Anderson,andet002,2020-08-22,2020,SFN,ARI,4,9.0,32,103,3,0,0,1,1.03,SFN202008220
Tyler Anderson,andet002,2020-08-28,2020,SFN,ARI,3,4.7,25,88,9,3,0,0,1.03,ARI202008280
Tyler Anderson,andet002,2020-09-04,2020,SFN,ARI,2,4.0,20,69,7,1,1,1,1.03,SFN202009040
Tyler Anderson,andet002,2020-09-09,2020,SFN,SEA,4,6.0,22,100,3,1,0,1,1.03,SFN202009090
Tyler Anderson,andet002,2020-09-17,2020,SFN,SEA,3,2.0,12,49,4,1,0,1,1.03,SFN202009170
Tyler Anderson,andet002,2020-09-20,2020,SFN,OAK,4,5.7,25,105,4,3,0,0,1.0,OAK202009200
Tyler Anderson,andet002,2020-09-25,2020,SFN,SDN,4,6.0,26,98,5,4,0,1,1.03,SFN202009251
Matt Andriese,andrm001,2020-07-31,2020,ANA,HOU,1,1.7,12,43,4,3,0,1,0.99,ANA202007310
Tejay Antone,antot001,2020-08-05,2020,CIN,CLE,4,4.3,17,82,2,4,0,0,1.04,CLE202008050
Tejay Antone,antot001,2020-08-29,2020,CIN,CHN,5,4.0,16,65,3,1,2,1,1.0,CIN202008292
Tejay Antone,antot001,2020-09-06,2020,CIN,PIT,6,5.0,21,82,5,2,0,0,1.0,PIT202009060
Tejay Antone,antot001,2020-09-12,2020,CIN,SLN,3,3.0,16,68,4,3,1,0,1.0,SLN202009120
Jake Arrieta,arrij001,2020-08-03,2020,PHI,NYA,4,5.0,20,78,7,0,2,0,0.99,NYA202008030
Jake Arrieta,arrij001,2020-08-08,2020,PHI,ATL,6,6.0,21,89,3,1,0,1,1.01,PHI202008080
Jake Arrieta,arrij001,2020-08-13,2020,PHI,BAL,4,4.7,20,77,7,1,0,1,1.01,PHI202008130
Jake Arrieta,arrij001,2020-08-19,2020,PHI,BOS,3,4.3,20,79,5,4,1,0,0.98,BOS202008190
Jake Arrieta,arrij001,2020-08-25,2020,PHI,WAS,1,5.0,17,54,3,1,1,0,1.01,WAS202008250
Jake Arrieta,arrij001,2020-08-30,2020,PHI,ATL,0,1.3,13,46,6,3,0,1,1.01,PHI202008300
Jake Arrieta,arrij001,2020-09-04,2020,PHI,NYN,7,7.0,27,102,7,1,1,0,1.06,NYN202009040
Jake Arrieta,arrij001,2020-09-10,2020,PHI,MIA,3,5.7,26,106,5,4,0,0,0.98,MIA202009100
Jake Arrieta,arrij001,2020-09-15,2020,PHI,NYN,4,5.3,26,97,8,1,1,1,1.01,PHI202009150
Michel Báez,baezm001,2020-08-29,2020,SDN,COL,3,2.3,11,41,4,0,0,0,0.92,COL202008290
Homer Bailey,bailh001,2020-07-28,2020,MIN,SLN,4,5.0,20,80,4,2,1,1,1.0,MIN202007280
Homer Bailey,bailh001,2020-09-22,2020,MIN,DET,3,3.0,13,53,2,1,0,1,1.0,MIN202009220
Caleb Baragar,barac001,2020-09-23,2020,SFN,COL,0,1.0,4,12,1,0,0,1,1.03,SFN202009230
Jaime Barría,barrj003,2020-08-31,2020,ANA,SEA,3,4.3,19,71,5,2,0,1,0.99,ANA202008310
Jaime Barría,barrj003,2020-09-06,2020,ANA,HOU,6,5.0,19,86,3,2,2,1,0.99,ANA202009060
Jaime Barría,barrj003,2020-09-12,2020,ANA,COL,2,5.3,24,85,5,2,0,0,0.92,COL202009120
Jaime Barría,barrj003,2020-09-18,2020,ANA,TEX,8,6.3,25,97,6,0,0,1,0.99,ANA202009180
Jaime Barría,barrj003,2020-09-23,2020,ANA,SDN,0,2.0,9,32,3,0,1,0,1.08,SDN202009230
Chris Bassitt,bassc001,2020-07-27,2020,OAK,ANA,5,4.0,17,66,5,1,0,1,1.0,OAK202007270
Chris Bassitt,bassc001,2020-08-02,2020,OAK,SEA,7,5.7,21,83,3,0,0,0,1.04,SEA202008020
Chris Bassitt,bassc001,2020-08-07,2020,OAK,HOU,3,7.0,27,92,3,3,0,1,1.0,OAK202008070
Chris Bassitt,bassc001,2020-08-12,2020,OAK,ANA,4,5.7,22,80,5,0,2,0,0.99,ANA202008120
Chris Bassitt,bassc001,2020-08-17,2020,OAK,ARI,3,5.3,25,87,5,3,1,0,1.03,ARI202008170
Chris Bassitt,bassc001,2020-08-22,2020,OAK,ANA,6,5.7,27,105,6,2,0,1,1.0,OAK202008220
Chris Bassitt,bassc001,2020-08-29,2020,OAK,HOU,2,3.0,18,62,6,3,2,0,1.02,HOU202008291
Chris Bassitt,bassc001,2020-09-07,2020,OAK,HOU,4,7.0,28,89,7,0,0,1,1.0,OAK202009070
Chris Bassitt,bassc001,2020-09-12,2020,OAK,TEX,8,6.0,25,100,8,2,1,0,0.99,TEX202009122
Chris Bassitt,bassc001,2020-09-18,2020,OAK,SFN,7,6.7,26,101,3,3,0,1,1.0,OAK202009180
Chris Bassitt,bassc001,2020-09-25,2020,OAK,SEA,6,7.0,25,81,5,0,0,1,1.0,OAK202009250
Trevor Bauer,bauet001,2020-07-26,2020,CIN,DET,13,6.3,22,105,2,1,1,1,1.0,CIN202007260
Trevor Bauer,bauet001,2020-08-02,2020,CIN,DET,7,7.0,25,111,2,2,0,0,1.0,DET202008022
Trevor Bauer,bauet001,2020-08-07,2020,CIN,MIL,12,6.0,22,103,3,1,1,0,1.05,MIL202008070
Trevor Bauer,bauet001,2020-08-19,2020,CIN,KCA,9,7.0,25,97,1,3,0,0,0.96,KCA202008192
Trevor Bauer,bauet001,2020-08-24,2020,CIN,MIL,8,6.3,29,109,7,2,2,0,1.05,MIL202008240
Trevor Bauer,bauet001,2020-08-29,2020,CIN,CHN,5,5.3,22,112,4,2,2,1,1.0,CIN202008291
Trevor Bauer,bauet001,2020-09-04,2020,CIN,PIT,7,6.0,25,100,6,2,0,0,1.0,PIT202009042
Trevor Bauer,bauet001,2020-09-09,2020,CIN,CHN,10,7.7,27,112,3,0,0,0,0.97,CHN202009090
Trevor Bauer,bauet001,2020-09-14,2020,CIN,PIT,12,6.3,25,105,4,2,1,1,1.0,CIN202009141
Trevor Bauer,bauet001,2020-09-19,2020,CIN,CHA,5,7.0,27,107,5,1,2,1,1.0,CIN202009190
Trevor Bauer,bauet001,2020-09-23,2020,CIN,MIL,12,8.0,29,104,4,1,0,1,1.0,CIN202009230
Wes Benjamin,benjw001,2020-09-23,2020,TEX,ARI,3,5.0,23,80,7,1,1,0,1.03,ARI202009230
José Berríos,berrj001,2020-07-24,2020,MIN,CHA,1,4.0,19,75,7,1,1,0,0.99,CHA202007240
José Berríos,berrj001,2020-07-30,2020,MIN,CLE,6,5.0,21,96,3,2,1,1,1.0,MIN202007300
José Berríos,berrj001,2020-08-04,2020,MIN,PIT,6,6.0,24,98,4,3,0,1,1.0,MIN202008040
José Berríos,berrj001,2020-08-09,2020,MIN,KCA,4,5.3,27,96,8,3,1,0,0.96,KCA202008090
José Berríos,berrj001,2020-08-15,2020,MIN,KCA,7,4.0,20,82,5,4,1,1,1.0,MIN202008152
José Berríos,berrj001,2020-08-20,2020,MIN,MIL,9,6.0,20,89,1,1,0,1,1.0,MIN202008200
José Berríos,berrj001,2020-08-26,2020,MIN,CLE,6,5.7,26,105,7,4,1,0,1.04,CLE202008260
José Berríos,berrj001,2020-09-02,2020,MIN,CHA,8,6.0,25,99,3,2,0,1,1.0,MIN202009020
José Berríos,berrj001,2020-09-08,2020,MIN,SLN,8,5.0,21,101,4,2,1,0,1.0,SLN202009081
José Berríos,berrj001,2020-09-14,2020,MIN,CHA,2,5.0,23,93,6,1,0,0,0.99,CHA202009140
José Berríos,berrj001,2020-09-20,2020,MIN,CHN,4,6.0,23,85,4,1,0,0,0.97,CHN202009200
José Berríos,berrj001,2020-09-25,2020,MIN,CIN,7,5.0,22,81,5,2,2,1,1.0,MIN202009250
Shane Bieber,biebs001,2020-07-24,2020,CLE,KCA,14,6.0,23,97,4,1,0,1,1.04,CLE202007240
Shane Bieber,biebs001,2020-07-30,2020,CLE,MIN,13,8.0,27,102,3,0,0,0,1.0,MIN202007300
Shane Bieber,biebs001,2020-08-04,2020,CLE,CIN,8,7.7,29,106,5,2,2,0,1.0,CIN202008040
Shane Bieber,biebs001,2020-08-09,2020,CLE,CHA,8,6.0,22,101,4,2,2,0,0.99,CHA202008090
Shane Bieber,biebs001,2020-08-15,2020,CLE,DET,11,7.0,25,98,3,1,0,0,1.0,DET202008150
Shane Bieber,biebs001,2020-08-20,2020,CLE,PIT,11,6.0,24,99,6,0,0,0,1.0,PIT202008200
Shane Bieber,biebs001,2020-08-25,2020,CLE,MIN,10,6.0,25,102,4,3,0,1,1.04,CLE202008250
Shane Bieber,biebs001,2020-08-31,2020,CLE,KCA,9,6.0,23,105,1,4,0,0,0.96,KCA202008310
Shane Bieber,biebs001,2020-09-06,2020,CLE,MIL,10,5.0,21,103,5,1,0,1,1.04,CLE202009060
Shane Bieber,biebs001,2020-09-11,2020,CLE,MIN,8,7.0,28,109,5,2,2,0,1.0,MIN202009110
Shane Bieber,biebs001,2020-09-17,2020,CLE,DET,10,7.7,29,118,4,2,1,0,1.0,DET202009170
Shane Bieber,biebs001,2020-09-23,2020,CLE,CHA,10,5.0,21,98,2,3,0,1,1.04,CLE202009230
Brandon Bielak,bielb001,2020-08-06,2020,HOU,ARI,1,5.0,19,82,2,3,0,0,1.03,ARI202008060
Brandon Bielak,bielb001,2020-08-11,2020,HOU,SFN,4,5.0,21,84,6,1,1,1,1.02,HOU202008110
Brandon Bielak,bielb001,2020-08-17,2020,HOU,COL,4,6.0,22,87,1,4,1,1,1.02,HOU202008170
Brandon Bielak,bielb001,2020-08-22,2020,HOU,SDN,2,1.3,11,28,5,1,4,0,1.08,SDN202008220
Brandon Bielak,bielb001,2020-08-25,2020,HOU,ANA,0,0.7,8,35,3,3,0,1,1.02,HOU202008252
Brandon Bielak,bielb001,2020-09-05,2020,HOU,ANA,5,3.7,18,77,7,0,2,0,0.99,ANA202009051
Paul Blackburn,blacp001,2020-09-26,2020,OAK,SEA,2,2.3,14,48,5,2,0,1,1.0,OAK202009262
Ronald Bolaños,bolar001,2020-07-26,2020,KCA,CLE,1,2.0,9,32,3,1,0,0,1.04,CLE202007260
Ronald Bolaños,bolar001,2020-08-01,2020,KCA,CHA,1,1.7,12,41,5,2,2,1,0.96,KCA202008010
Matt Boyd,boydm001,2020-07-24,2020,DET,CIN,2,5.0,23,88,6,2,1,0,1.0,CIN202007240
Matt Boyd,boydm001,2020-07-29,2020,DET,KCA,6,5.0,24,89,9,0,0,1,1.0,DET202007290
Matt Boyd,boydm001,2020-08-07,2020,DET,PIT,5,4.7,24,95,8,3,2,0,1.0,PIT202008070
Matt Boyd,boydm001,2020-08-12,2020,DET,CHA,5,4.7,25,88,7,3,2,1,1.0,DET202008120
Matt Boyd,boydm001,2020-08-17,2020,DET,CHA,9,4.0,19,90,4,2,3,0,0.99,CHA202008170
Matt Boyd,boydm001,2020-08-22,2020,DET,CLE,6,5.3,22,90,5,1,0,0,1.04,CLE202008220
Matt Boyd,boydm001,2020-08-29,2020,DET,MIN,6,6.0,23,87,4,0,1,1,1.0,DET202008291
Matt Boyd,boydm001,2020-09-04,2020,DET,MIN,8,6.0,22,89,4,0,2,0,1.0,MIN202009041
Matt Boyd,boydm001,2020-09-09,2020,DET,MIL,2,3.0,19,78,8,4,2,1,1.0,DET202009090
Matt Boyd,boydm001,2020-09-15,2020,DET,KCA,5,5.7,23,105,2,4,0,1,1.0,DET202009150
Matt Boyd,boydm001,2020-09-20,2020,DET,CLE,3,5.0,21,87,5,1,1,1,1.0,DET202009200
Matt Boyd,boydm001,2020-09-26,2020,DET,KCA,3,6.0,26,95,5,2,1,0,0.96,KCA202009260
Ryan Brasier,brasr001,2020-08-10,2020,BOS,TBA,1,1.0,5,19,1,1,0,1,0.98,BOS202008100
Steven Brault,braus002,2020-07-27,2020,PIT,MIL,1,2.0,8,37,1,2,0,1,1.0,PIT202007270
Steven Brault,braus002,2020-08-02,2020,PIT,CHN,4,3.0,9,35,0,0,0,0,0.97,CHN202008020
Steven Brault,braus002,2020-08-09,2020,PIT,DET,1,2.0,7,26,0,1,0,1,1.0,PIT202008090
Steven Brault,braus002,2020-08-19,2020,PIT,CLE,3,5.0,17,80,2,1,0,1,1.0,PIT202008190
Steven Brault,braus002,2020-08-25,2020,PIT,CHA,0,3.0,17,71,5,4,0,0,0.99,CHA202008250
Steven Brault,braus002,2020-08-30,2020,PIT,MIL,5,3.0,15,68,3,1,0,0,1.05,MIL202008300
Steven Brault,braus002,2020-09-04,2020,PIT,CIN,6,4.7,23,96,7,2,1,1,1.0,PIT202009041
Steven Brault,braus002,2020-09-11,2020,PIT,KCA,4,4.0,20,97,4,3,1,0,0.96,KCA202009110
Steven Brault,braus002,2020-09-17,2020,PIT,SLN,8,9.0,30,110,2,2,0,1,1.0,PIT202009170
Steven Brault,braus002,2020-09-22,2020,PIT,CHN,6,7.0,26,94,2,3,0,1,1.0,PIT202009220
Ben Braymer,brayb002,2020-09-20,2020,WAS,MIA,4,5.0,19,86,1,3,0,0,0.98,MIA202009202
Colten Brewer,brewc002,2020-08-14,2020,BOS,NYA,2,2.7,15,73,4,3,0,0,0.99,NYA202008140
Colten Brewer,brewc002,2020-08-21,2020,BOS,BAL,2,4.0,16,71,3,2,0,0,1.0,BAL202008210
Colten Brewer,brewc002,2020-08-26,2020,BOS,TOR,4,3.7,18,80,5,2,3,0,1.0,TOR202008260
Colten Brewer,brewc002,2020-08-31,2020,BOS,ATL,4,4.0,22,76,8,2,1,1,0.98,BOS202008310
Austin Brice,brica001,2020-08-02,2020,BOS,NYA,3,1.0,6,29,0,2,0,0,0.99,NYA202008020
JT Brubaker,brubj001,2020-08-06,2020,PIT,MIN,2,3.0,15,52,4,2,1,1,1.0,PIT202008060
JT Brubaker,brubj001,2020-08-18,2020,PIT,CLE,1,3.0,16,57,3,3,0,1,1.0,PIT202008180
JT Brubaker,brubj001,2020-08-23,2020,PIT,MIL,6,4.0,17,76,4,1,0,1,1.0,PIT202008230
JT Brubaker,brubj001,2020-08-29,2020,PIT,MIL,6,5.0,21,85,3,3,1,0,1.05,MIL202008290
JT Brubaker,brubj001,2020-09-03,2020,PIT,CHN,5,5.0,22,86,7,1,0,1,1.0,PIT202009030
JT Brubaker,brubj001,2020-09-09,2020,PIT,CHA,5,5.3,25,98,7,2,2,1,1.0,PIT202009090
JT Brubaker,brubj001,2020-09-16,2020,PIT,CIN,4,5.3,21,92,5,1,0,0,1.0,CIN202009160
JT Brubaker,brubj001,2020-09-21,2020,PIT,CHN,9,6.7,25,98,4,1,0,1,1.0,PIT202009210
JT Brubaker,brubj001,2020-09-27,2020,PIT,CLE,3,5.0,23,89,7,2,2,0,1.04,CLE202009270
Kris Bubic,bubik001,2020-07-31,2020,KCA,CHA,3,4.0,18,76,3,1,1,1,0.96,KCA202007310
Kris Bubic,bubik001,2020-08-05,2020,KCA,CHN,6,6.0,22,88,4,2,0,1,0.96,KCA202008050
Kris Bubic,bubik001,2020-08-11,2020,KCA,CIN,6,5.0,22,100,7,1,2,0,1.0,CIN202008110
Kris Bubic,bubik001,2020-08-17,2020,KCA,MIN,4,4.3,20,96,4,4,1,0,1.0,MIN202008170
Kris Bubic,bubik001,2020-08-23,2020,KCA,MIN,0,3.3,21,73,9,2,0,1,0.96,KCA202008230
Kris Bubic,bubik001,2020-08-30,2020,KCA,CHA,8,5.3,25,106,6,2,0,0,0.99,CHA202008300
Kris Bubic,bubik001,2020-09-05,2020,KCA,CHA,4,7.0,27,106,4,1,2,1,0.96,KCA202009050
Kris Bubic,bubik001,2020-09-11,2020,KCA,PIT,6,5.0,23,92,6,2,0,1,0.96,KCA202009110
Kris Bubic,bubik001,2020-09-19,2020,KCA,MIL,7,5.3,20,101,1,4,0,0,1.05,MIL202009190
Kris Bubic,bubik001,2020-09-24,2020,KCA,DET,5,4.7,24,94,8,3,2,1,0.96,KCA202009240
Walker Buehler,buehw001,2020-07-28,2020,LAN,HOU,3,3.7,15,56,3,1,1,0,1.02,HOU202007280
Walker Buehler,buehw001,2020-08-03,2020,LAN,SDN,3,5.0,20,79,3,3,3,0,1.08,SDN202008030
Walker Buehler,buehw001,2020-08-09,2020,LAN,SFN,6,5.7,23,87,1,4,0,1,1.03,LAN202008090
Walker Buehler,buehw001,2020-08-15,2020,LAN,ANA,5,4.7,22,89,6,1,1,0,0.99,ANA202008150
Walker Buehler,buehw001,2020-08-21,2020,LAN,COL,11,6.0,22,92,4,0,0,1,1.03,LAN202008210
Walker Buehler,buehw001,2020-09-02,2020,LAN,ARI,6,5.0,19,71,2,1,0,1,1.03,LAN202009020
Walker Buehler,buehw001,2020-09-08,2020,LAN,ARI,2,2.7,13,61,4,0,2,0,1.03,ARI202009080
Walker Buehler,buehw001,2020-09-24,2020,LAN,OAK,6,4.0,13,65,1,1,0,1,1.03,LAN202009240
Madison Bumgarner,bumgm001,2020-07-24,2020,ARI,SDN,4,5.7,23,100,4,3,0,0,1.08,SDN202007240
Madison Bumgarner,bumgm001,2020-07-29,2020,ARI,TEX,5,5.3,22,88,4,1,1,0,0.99,TEX202007290
Madison Bumgarner,bumgm001,2020-08-04,2020,ARI,HOU,2,4.3,26,83,7,2,2,1,1.03,ARI202008040
Madison Bumgarner,bumgm001,2020-08-09,2020,ARI,SDN,2,2.0,12,46,5,1,4,0,1.08,SDN202008090
Madison Bumgarner,bumgm001,2020-09-05,2020,ARI,SFN,2,4.0,17,72,3,2,2,0,1.03,SFN202009050
Madison Bumgarner,bumgm001,2020-09-10,2020,ARI,LAN,2,5.0,24,93,7,2,2,1,1.03,ARI202009100
Madison Bumgarner,bumgm001,2020-09-15,2020,ARI,ANA,2,5.3,29,81,13,1,2,0,0.99,ANA202009150
Madison Bumgarner,bumgm001,2020-09-20,2020,ARI,HOU,7,5.0,18,80,2,1,0,0,1.02,HOU202009200
Madison Bumgarner,bumgm001,2020-09-27,2020,ARI,COL,4,5.0,19,66,2,0,0,1,1.03,ARI202009270
Dylan Bundy,bundd001,2020-07-25,2020,ANA,OAK,7,6.7,24,90,3,0,0,0,1.0,OAK202007250
Dylan Bundy,bundd001,2020-07-30,2020,ANA,SEA,8,6.0,24,90,4,2,1,1,0.99,ANA202007300
Dylan Bundy,bundd001,2020-08-06,2020,ANA,SEA,10,9.0,32,107,4,0,1,0,1.04,SEA202008060
Dylan Bundy,bundd001,2020-08-11,2020,ANA,OAK,10,7.0,26,103,4,1,0,1,0.99,ANA202008110
Dylan Bundy,bundd001,2020-08-18,2020,ANA,SFN,3,4.0,20,73,4,4,2,1,0.99,ANA202008180
Dylan Bundy,bundd001,2020-08-23,2020,ANA,OAK,6,5.7,26,97,7,1,0,0,1.0,OAK202008230
Dylan Bundy,bundd001,2020-08-29,2020,ANA,SEA,3,5.3,21,85,4,3,0,1,0.99,ANA202008290
Dylan Bundy,bundd001,2020-09-04,2020,ANA,HOU,8,7.0,29,101,6,1,0,1,0.99,ANA202009040
Dylan Bundy,bundd001,2020-09-10,2020,ANA,TEX,12,7.3,27,105,4,1,0,0,0.99,TEX202009100
Dylan Bundy,bundd001,2020-09-16,2020,ANA,ARI,2,2.7,16,63,6,2,0,1,0.99,ANA202009160
Dylan Bundy,bundd001,2020-09-21,2020,ANA,TEX,3,5.0,22,101,5,2,1,1,0.99,ANA202009210
Corbin Burnes,burnc002,2020-07-25,2020,MIL,CHN,6,3.3,16,75,2,3,0,0,0.97,CHN202007250
Corbin Burnes,burnc002,2020-08-18,2020,MIL,MIN,5,5.0,21,83,2,3,0,0,1.0,MIN202008180
Corbin Burnes,burnc002,2020-08-23,2020,MIL,PIT,7,5.3,22,87,5,2,0,0,1.0,PIT202008230
Corbin Burnes,burnc002,2020-08-28,2020,MIL,PIT,10,6.0,22,93,3,1,0,1,1.05,MIL202008280
Corbin Burnes,burnc002,2020-09-04,2020,MIL,CLE,7,6.0,23,90,3,2,0,0,1.04,CLE202009040
Corbin Burnes,burnc002,2020-09-09,2020,MIL,DET,11,7.0,22,90,1,0,0,0,1.0,DET202009090
Corbin Burnes,burnc002,2020-09-14,2020,MIL,SLN,10,4.7,23,101,5,3,0,1,1.05,MIL202009142
Corbin Burnes,burnc002,2020-09-19,2020,MIL,KCA,9,6.0,22,100,4,0,0,1,1.05,MIL202009190
Corbin Burnes,burnc002,2020-09-24,2020,MIL,SLN,5,3.7,19,81,6,2,1,0,1.0,SLN202009240
Trevor Cahill,cahit001,2020-08-12,2020,SFN,HOU,2,1.7,9,54,0,4,0,0,1.02,HOU202008120
Trevor Cahill,cahit001,2020-08-18,2020,SFN,ANA,4,4.0,16,65,4,1,1,0,0.99,ANA202008180
Trevor Cahill,cahit001,2020-08-23,2020,SFN,ARI,8,5.3,20,88,1,2,0,1,1.03,SFN202008230
Trevor Cahill,cahit001,2020-08-29,2020,SFN,ARI,4,3.3,15,67,2,2,1,0,1.03,ARI202008290
Trevor Cahill,cahit001,2020-09-05,2020,SFN,ARI,2,2.7,12,42,2,2,0,1,1.03,SFN202009050
Trevor Cahill,cahit001,2020-09-10,2020,SFN,SDN,3,3.0,14,50,5,0,1,0,1.08,SDN202009100
Griffin Canning,canng001,2020-07-27,2020,ANA,OAK,7,4.7,20,82,4,2,1,0,1.0,OAK202007270
Griffin Canning,canng001,2020-08-01,2020,ANA,HOU,5,6.0,25,86,6,2,0,1,0.99,ANA202008010
Griffin Canning,canng001,2020-08-07,2020,ANA,TEX,4,3.7,19,88,3,6,0,0,0.99,TEX202008070
Griffin Canning,canng001,2020-08-12,2020,ANA,OAK,2,4.0,18,63,6,0,3,1,0.99,ANA202008120
Griffin Canning,canng001,2020-08-17,2020,ANA,SFN,2,4.7,21,86,6,0,1,1,0.99,ANA202008170
Griffin Canning,canng001,2020-08-22,2020,ANA,OAK,3,4.7,21,78,6,2,1,0,1.0,OAK202008220
Griffin Canning,canng001,2020-08-30,2020,ANA,SEA,7,8.0,26,94,4,1,1,1,0.99,ANA202008300
Griffin Canning,canng001,2020-09-05,2020,ANA,HOU,4,4.0,18,77,4,2,1,1,0.99,ANA202009051
Griffin Canning,canng001,2020-09-11,2020,ANA,COL,5,5.7,24,99,7,1,0,0,0.92,COL202009110
Griffin Canning,canng001,2020-09-17,2020,ANA,ARI,7,5.0,23,104,6,2,0,1,0.99,ANA202009170
Griffin Canning,canng001,2020-09-22,2020,ANA,SDN,10,6.0,23,108,2,5,0,0,1.08,SDN202009220
Carlos Carrasco,carrc003,2020-07-26,2020,CLE,KCA,10,6.0,24,87,5,1,0,1,1.04,CLE202007260
Carlos Carrasco,carrc003,2020-08-01,2020,CLE,MIN,5,6.0,24,84,6,1,3,0,1.0,MIN202008010
Carlos Carrasco,carrc003,2020-08-06,2020,CLE,CIN,8,6.0,23,97,1,4,0,1,1.04,CLE202008060
Carlos Carrasco,carrc003,2020-08-12,2020,CLE,CHN,7,4.3,22,101,4,5,1,1,1.04,CLE202008120
Carlos Carrasco,carrc003,2020-08-18,2020,CLE,PIT,5,4.3,21,91,5,3,0,0,1.0,PIT202008180
Carlos Carrasco,carrc003,2020-08-23,2020,CLE,DET,4,3.3,18,67,7,1,2,1,1.04,CLE202008230
Carlos Carrasco,carrc003,2020-08-29,2020,CLE,SLN,6,6.0,21,85,2,2,0,0,1.0,SLN202008290
Carlos Carrasco,carrc003,2020-09-04,2020,CLE,MIL,7,6.0,25,97,6,3,0,1,1.04,CLE202009040
Carlos Carrasco,carrc003,2020-09-09,2020,CLE,KCA,6,7.0,27,101,7,0,0,1,1.04,CLE202009090
Carlos Carrasco,carrc003,2020-09-15,2020,CLE,CHN,5,6.0,27,86,8,1,1,0,0.97,CHN202009150
Carlos Carrasco,carrc003,2020-09-20,2020,CLE,DET,11,7.0,25,109,1,3,0,0,1.0,DET202009200
Carlos Carrasco,carrc003,2020-09-25,2020,CLE,PIT,8,6.0,23,94,3,3,1,1,1.04,CLE202009250
Daniel Castano,castd003,2020-08-08,2020,MIA,NYN,4,4.3,20,76,5,1,2,0,1.06,NYN202008080
Daniel Castano,castd003,2020-08-15,2020,MIA,ATL,2,6.0,22,77,4,2,1,1,0.98,MIA202008150
Daniel Castano,castd003,2020-08-22,2020,MIA,WAS,1,0.3,4,23,1,2,0,0,1.01,WAS202008221
Daniel Castano,castd003,2020-08-25,2020,MIA,NYN,1,4.7,22,90,6,3,0,0,1.06,NYN202008251
Daniel Castano,castd003,2020-09-11,2020,MIA,PHI,1,3.7,16,46,5,1,0,1,0.98,MIA202009112
Daniel Castano,castd003,2020-09-18,2020,MIA,WAS,1,4.3,18,63,5,0,0,1,0.98,MIA202009182
Luis Castillo,castl003,2020-07-25,2020,CIN,DET,11,6.0,25,91,6,1,0,1,1.0,CIN202007250
Luis Castillo,castl003,2020-07-31,2020,CIN,DET,6,6.0,26,92,8,1,0,0,1.0,DET202007310
Luis Castillo,castl003,2020-08-06,2020,CIN,CLE,9,5.0,23,105,4,4,1,0,1.04,CLE202008060
Luis Castillo,castl003,2020-08-11,2020,CIN,KCA,5,6.0,27,94,7,2,0,1,1.0,CIN202008110
Luis Castillo,castl003,2020-08-19,2020,CIN,KCA,5,3.3,18,89,5,2,0,0,0.96,KCA202008191
Luis Castillo,castl003,2020-08-25,2020,CIN,MIL,9,6.0,26,113,5,4,0,0,1.05,MIL202008250
Luis Castillo,castl003,2020-08-30,2020,CIN,CHN,7,5.0,22,93,5,1,3,1,1.0,CIN202008300
Luis Castillo,castl003,2020-09-04,2020,CIN,PIT,8,6.0,26,93,7,2,0,0,1.0,PIT202009041
Luis Castillo,castl003,2020-09-11,2020,CIN,SLN,6,9.0,31,112,2,3,0,0,1.0,SLN202009110
Luis Castillo,castl003,2020-09-16,2020,CIN,PIT,10,7.0,24,91,3,1,0,1,1.0,CIN202009160
Luis Castillo,castl003,2020-09-21,2020,CIN,MIL,9,6.7,26,101,4,3,1,1,1.0,CIN202009210
Luis Castillo,castl003,2020-09-26,2020,CIN,MIN,4,4.0,18,77,6,0,0,0,1.0,MIN202009260
Ryan Castellani,castr005,2020-08-08,2020,COL,SEA,3,4.0,14,60,0,1,0,0,1.04,SEA202008080
Ryan Castellani,castr005,2020-08-14,2020,COL,TEX,7,4.7,18,88,2,2,1,1,0.92,COL202008140
Ryan Castellani,castr005,2020-08-19,2020,COL,HOU,1,5.7,24,87,8,1,2,1,0.92,COL202008190
Ryan Castellani,castr005,2020-08-24,2020,COL,ARI,3,6.0,23,82,3,3,2,0,1.03,ARI202008240
Ryan Castellani,castr005,2020-08-30,2020,COL,SDN,2,2.0,14,50,6,1,1,1,0.92,COL202008300
Ryan Castellani,castr005,2020-09-06,2020,COL,LAN,1,4.3,20,87,6,4,3,0,1.03,LAN202009060
Ryan Castellani,castr005,2020-09-13,2020,COL,ANA,4,5.7,23,96,1,6,0,1,0.92,COL202009130
Ryan Castellani,castr005,2020-09-18,2020,COL,LAN,1,4.3,21,85,4,3,2,1,0.92,COL202009180
Ryan Castellani,castr005,2020-09-23,2020,COL,SFN,1,4.7,24,96,5,5,1,0,1.03,SFN202009230
Dylan Cease,ceasd001,2020-07-28,2020,CHA,CLE,1,2.3,15,64,7,0,2,0,1.04,CLE202007281
Dylan Cease,ceasd001,2020-08-02,2020,CHA,KCA,4,6.0,23,83,5,1,1,0,0.96,KCA202008020
Dylan Cease,ceasd001,2020-08-07,2020,CHA,CLE,4,5.0,20,99,2,5,0,1,0.99,CHA202008070
Dylan Cease,ceasd001,2020-08-12,2020,CHA,DET,5,6.0,25,101,7,0,2,0,1.0,DET202008120
Dylan Cease,ceasd001,2020-08-18,2020,CHA,DET,3,6.3,27,105,5,3,1,1,0.99,CHA202008180
Dylan Cease,ceasd001,2020-08-23,2020,CHA,CHN,5,6.0,24,103,4,3,1,0,0.97,CHN202008230
Dylan Cease,ceasd001,2020-08-29,2020,CHA,KCA,5,4.3,19,93,1,6,1,1,0.99,CHA202008290
Dylan Cease,ceasd001,2020-09-03,2020,CHA,KCA,1,5.0,23,96,4,2,1,0,0.96,KCA202009030
Dylan Cease,ceasd001,2020-09-08,2020,CHA,PIT,2,5.0,19,79,5,0,0,0,1.0,PIT202009080
Dylan Cease,ceasd001,2020-09-14,2020,CHA,MIN,4,4.7,22,99,5,5,0,1,0.99,CHA202009140
Dylan Cease,ceasd001,2020-09-20,2020,CHA,CIN,5,3.0,17,80,0,7,0,0,1.0,CIN202009200
Dylan Cease,ceasd001,2020-09-25,2020,CHA,CHN,5,4.7,21,84,5,2,3,1,0.99,CHA202009250
Tyler Chatwood,chatt001,2020-07-26,2020,CHN,MIL,8,6.0,23,84,3,2,0,1,0.97,CHN202007260
Tyler Chatwood,chatt001,2020-08-01,2020,CHN,PIT,11,6.7,24,96,3,2,0,1,0.97,CHN202008010
Tyler Chatwood,chatt001,2020-08-06,2020,CHN,KCA,4,2.3,18,63,11,0,2,0,0.96,KCA202008060
Tyler Chatwood,chatt001,2020-08-25,2020,CHN,DET,2,1.3,12,55,3,5,0,0,1.0,DET202008250
Tyler Chatwood,chatt001,2020-08-30,2020,CHN,CIN,0,2.3,9,35,2,0,0,0,1.0,CIN202008300
Yonny Chirinos,chiry001,2020-07-28,2020,TBA,ATL,4,4.0,17,68,4,2,0,1,1.05,TBA202007280
Yonny Chirinos,chiry001,2020-08-02,2020,TBA,BAL,3,4.7,22,72,5,2,1,0,1.0,BAL202008020
Yonny Chirinos,chiry001,2020-08-16,2020,TBA,TOR,3,2.7,13,50,5,0,1,0,1.0,TOR202008160
Aaron Civale,civaa001,2020-07-28,2020,CLE,CHA,9,6.0,26,100,7,1,1,1,1.04,CLE202007281
Aaron Civale,civaa001,2020-08-02,2020,CLE,MIN,9,6.0,22,106,5,0,1,0,1.0,MIN202008020
Aaron Civale,civaa001,2020-08-07,2020,CLE,CHA,5,7.0,26,97,5,1,0,0,0.99,CHA202008070
Aaron Civale,civaa001,2020-08-14,2020,CLE,DET,3,6.0,27,96,8,1,1,0,1.0,DET202008140
Aaron Civale,civaa001,2020-08-19,2020,CLE,PIT,6,9.0,31,109,5,0,0,0,1.0,PIT202008190
Aaron Civale,civaa001,2020-08-24,2020,CLE,MIN,8,6.0,26,95,7,1,2,1,1.04,CLE202008240
Aaron Civale,civaa001,2020-08-30,2020,CLE,SLN,3,6.0,25,103,8,2,0,0,1.0,SLN202008300
Aaron Civale,civaa001,2020-09-05,2020,CLE,MIL,6,6.0,26,100,5,3,1,1,1.04,CLE202009050
Aaron Civale,civaa001,2020-09-10,2020,CLE,KCA,7,6.0,26,101,7,1,1,1,1.04,CLE202009100
Aaron Civale,civaa001,2020-09-16,2020,CLE,CHN,3,6.0,27,107,7,3,0,0,0.97,CHN202009160
Aaron Civale,civaa001,2020-09-21,2020,CLE,CHA,6,6.0,28,105,8,3,1,1,1.04,CLE202009210
Aaron Civale,civaa001,2020-09-26,2020,CLE,PIT,4,4.0,22,82,10,0,3,1,1.04,CLE202009260
Taylor Clarke,clart003,2020-08-24,2020,ARI,COL,4,4.0,17,70,4,2,1,1,1.03,ARI202008240
Taylor Clarke,clart003,2020-08-30,2020,ARI,SFN,7,5.0,18,81,1,1,1,1,1.03,ARI202008300
Taylor Clarke,clart003,2020-09-04,2020,ARI,SFN,2,3.0,18,81,6,3,0,0,1.03,SFN202009040
Taylor Clarke,clart003,2020-09-09,2020,ARI,LAN,5,6.0,26,86,6,2,2,1,1.03,ARI202009090
Taylor Clarke,clart003,2020-09-25,2020,ARI,COL,5,5.0,23,87,6,3,0,1,1.03,ARI202009252
Mike Clevinger,clevm001,2020-07-25,2020,CLE,KCA,6,7.0,25,90,4,0,2,1,1.04,CLE202007250
Mike Clevinger,clevm001,2020-07-31,2020,CLE,MIN,5,4.0,20,88,6,5,2,0,1.0,MIN202007310
Mike Clevinger,clevm001,2020-08-05,2020,CLE,CIN,4,5.7,23,104,2,5,0,1,1.04,CLE202008050
Mike Clevinger,clevm001,2020-08-26,2020,CLE,MIN,6,6.0,25,86,8,1,1,1,1.04,CLE202008260
Mike Clevinger,clevm001,2020-09-03,2020,SDN,ANA,2,6.0,22,87,7,1,0,0,0.99,ANA202009030
Mike Clevinger,clevm001,2020-09-08,2020,SDN,COL,8,5.0,21,84,5,1,1,1,1.08,SDN202009080
Mike Clevinger,clevm001,2020-09-13,2020,SDN,SFN,7,7.0,23,99,2,1,0,1,1.08,SDN202009131
Mike Clevinger,clevm001,2020-09-23,2020,SDN,ANA,2,1.0,3,12,0,0,0,1,1.08,SDN202009230
Tyler Clippard,clipt001,2020-08-02,2020,MIN,CLE,1,2.0,6,21,0,0,0,1,1.0,MIN202008020
Tyler Clippard,clipt001,2020-08-11,2020,MIN,MIL,2,1.0,4,16,1,0,1,0,1.05,MIL202008110
Alex Cobb,cobba001,2020-07-25,2020,BAL,BOS,6,5.3,22,78,4,0,1,0,0.98,BOS202007250
Alex Cobb,cobba001,2020-07-31,2020,BAL,TBA,2,4.0,19,87,4,3,0,1,1.0,BAL202007310
Alex Cobb,cobba001,2020-08-05,2020,BAL,MIA,7,5.0,21,86,2,3,1,1,1.0,BAL202008051
Alex Cobb,cobba001,2020-08-11,2020,BAL,PHI,2,5.3,22,71,3,2,1,0,1.01,PHI202008110
Alex Cobb,cobba001,2020-08-17,2020,BAL,TOR,4,6.7,29,88,8,1,1,1,1.0,BAL202008170
Alex Cobb,cobba001,2020-08-22,2020,BAL,BOS,1,5.0,21,81,6,1,1,1,1.0,BAL202008220
Alex Cobb,cobba001,2020-08-29,2020,BAL,TOR,2,4.0,22,76,8,2,0,0,1.0,TOR202008290
Alex Cobb,cobba001,2020-09-11,2020,BAL,NYA,5,4.0,19,60,7,1,3,0,0.99,NYA202009111
Alex Cobb,cobba001,2020-09-18,2020,BAL,TBA,5,6.0,25,91,4,3,0,1,1.0,BAL202009180
Alex Cobb,cobba001,2020-09-24,2020,BAL,BOS,4,7.0,26,89,6,2,0,0,0.98,BOS202009240
Kyle Cody,codyk001,2020-09-04,2020,TEX,SEA,2,3.0,11,45,1,2,0,0,1.04,SEA202009040
Kyle Cody,codyk001,2020-09-09,2020,TEX,ANA,3,2.3,13,55,3,3,0,1,0.99,TEX202009090
Kyle Cody,codyk001,2020-09-15,2020,TEX,HOU,1,3.0,14,74,4,2,1,0,1.02,HOU202009150
Kyle Cody,codyk001,2020-09-20,2020,TEX,ANA,5,5.0,18,61,3,0,0,0,0.99,ANA202009200
Kyle Cody,codyk001,2020-09-25,2020,TEX,HOU,1,5.0,20,73,3,3,0,1,0.99,TEX202009250
Gerrit Cole,coleg001,2020-07-23,2020,NYA,WAS,5,5.0,18,75,1,1,1,0,1.01,WAS202007230
Gerrit Cole,coleg001,2020-07-29,2020,NYA,BAL,7,6.7,26,102,4,2,1,0,1.0,BAL202007290
Gerrit Cole,coleg001,2020-08-03,2020,NYA,PHI,4,6.0,23,91,5,1,1,1,0.99,NYA202008030
Gerrit Cole,coleg001,2020-08-08,2020,NYA,TBA,10,4.7,21,107,6,1,1,0,1.05,TBA202008081
Gerrit Cole,coleg001,2020-08-14,2020,NYA,BOS,8,7.0,24,95,4,0,1,1,0.99,NYA202008140
Gerrit Cole,coleg001,2020-08-19,2020,NYA,TBA,10,6.7,27,109,6,1,2,1,0.99,NYA202008190
Gerrit Cole,coleg001,2020-08-26,2020,NYA,ATL,9,5.0,22,103,5,2,3,0,1.02,ATL202008261
Gerrit Cole,coleg001,2020-08-31,2020,NYA,TBA,7,5.0,27,103,8,4,2,1,0.99,NYA202008310
Gerrit Cole,coleg001,2020-09-05,2020,NYA,BAL,10,6.0,25,101,4,2,1,0,1.0,BAL202009050
Gerrit Cole,coleg001,2020-09-11,2020,NYA,BAL,9,7.0,25,114,2,1,0,1,0.99,NYA202009111
Gerrit Cole,coleg001,2020-09-16,2020,NYA,TOR,8,7.0,26,95,3,2,0,1,0.99,NYA202009160
Gerrit Cole,coleg001,2020-09-22,2020,NYA,TOR,7,7.0,24,108,5,0,1,0,1.0,TOR202009220
Patrick Corbin,corbp001,2020-07-26,2020,WAS,NYA,8,6.3,21,75,2,0,1,1,1.01,WAS202007260
Patrick Corbin,corbp001,2020-08-04,2020,WAS,NYN,8,5.7,26,102,8,1,1,1,1.01,WAS202008040
Patrick Corbin,corbp001,2020-08-10,2020,WAS,NYN,4,6.0,25,87,5,2,0,0,1.06,NYN202008100
Patrick Corbin,corbp001,2020-08-15,2020,WAS,BAL,2,5.0,24,94,8,1,1,0,1.0,BAL202008150
Patrick Corbin,corbp001,2020-08-21,2020,WAS,MIA,9,6.3,28,102,8,2,1,1,1.01,WAS202008210
Patrick Corbin,corbp001,2020-08-26,2020,WAS,PHI,3,6.0,25,96,7,2,1,1,1.01,WAS202008260
Patrick Corbin,corbp001,2020-09-01,2020,WAS,PHI,2,5.0,23,92,5,3,1,0,1.01,PHI202009010
Patrick Corbin,corbp001,2020-09-06,2020,WAS,ATL,6,5.3,28,106,9,4,1,0,1.02,ATL202009060
Patrick Corbin,corbp001,2020-09-12,2020,WAS,ATL,8,7.0,30,108,9,0,0,1,1.01,WAS202009120
Patrick Corbin,corbp001,2020-09-19,2020,WAS,MIA,7,6.0,31,93,14,0,2,0,0.98,MIA202009190
Patrick Corbin,corbp001,2020-09-24,2020,WAS,NYN,3,7.0,34,113,10,3,1,1,1.01,WAS202009240
Néstor Cortés,cortn001,2020-08-14,2020,SEA,HOU,1,0.3,9,41,5,2,2,0,1.02,HOU202008140
Wil Crowe,croww001,2020-08-22,2020,WAS,MIA,2,3.7,18,64,6,2,1,1,1.01,WAS202008222
Wil Crowe,croww001,2020-09-04,2020,WAS,ATL,3,2.3,15,68,4,4,2,0,1.02,ATL202009042
Wil Crowe,croww001,2020-09-18,2020,WAS,MIA,3,2.3,13,62,4,2,2,0,0.98,MIA202009182
Johnny Cueto,cuetj001,2020-07-23,2020,SFN,LAN,3,4.0,18,63,5,1,0,0,1.03,LAN202007230
Johnny Cueto,cuetj001,2020-07-29,2020,SFN,SDN,4,3.7,18,87,4,3,1,1,1.03,SFN202007290
Johnny Cueto,cuetj001,2020-08-03,2020,SFN,COL,4,5.0,22,85,5,2,1,0,0.92,COL202008030
Johnny Cueto,cuetj001,2020-08-08,2020,SFN,LAN,3,5.7,22,93,2,3,1,0,1.03,LAN202008080
Johnny Cueto,cuetj001,2020-08-14,2020,SFN,OAK,5,7.0,26,104,3,2,0,1,1.03,SFN202008140
Johnny Cueto,cuetj001,2020-08-19,2020,SFN,ANA,8,5.7,22,112,4,1,0,1,1.03,SFN202008190
Johnny Cueto,cuetj001,2020-08-25,2020,SFN,LAN,6,4.0,21,86,8,1,2,1,1.03,SFN202008250
Johnny Cueto,cuetj001,2020-08-30,2020,SFN,ARI,6,6.7,26,106,3,3,1,0,1.03,ARI202008300
Johnny Cueto,cuetj001,2020-09-06,2020,SFN,ARI,7,5.7,26,109,7,3,1,1,1.03,SFN202009060
Johnny Cueto,cuetj001,2020-09-13,2020,SFN,SDN,2,5.3,26,103,7,3,0,0,1.08,SDN202009131
Johnny Cueto,cuetj001,2020-09-21,2020,SFN,COL,4,4.3,25,97,8,3,1,1,1.03,SFN202009210
Johnny Cueto,cuetj001,2020-09-26,2020,SFN,SDN,4,6.3,25,100,5,1,1,1,1.03,SFN202009260
John Curtiss,curtj003,2020-08-20,2020,TBA,NYA,1,1.3,8,38,3,1,1,0,0.99,NYA202008200
John Curtiss,curtj003,2020-09-15,2020,TBA,WAS,1,1.3,5,23,0,1,0,1,1.05,TBA202009150
John Curtiss,curtj003,2020-09-26,2020,TBA,PHI,0,0.7,5,15,3,0,0,1,1.05,TBA202009260
Yu Darvish,darvy001,2020-07-25,2020,CHN,MIL,5,4.0,20,73,6,0,0,1,0.97,CHN202007250
Yu Darvish,darvy001,2020-07-31,2020,CHN,PIT,7,6.0,20,86,2,1,0,1,0.97,CHN202007310
Yu Darvish,darvy001,2020-08-05,2020,CHN,KCA,4,7.0,25,93,5,1,0,0,0.96,KCA202008050
Yu Darvish,darvy001,2020-08-13,2020,CHN,MIL,11,7.0,25,100,1,2,1,1,0.97,CHN202008130
Yu Darvish,darvy001,2020-08-18,2020,CHN,SLN,7,6.0,25,98,8,1,0,1,0.97,CHN202008180
Yu Darvish,darvy001,2020-08-23,2020,CHN,CHA,10,7.0,27,103,6,1,1,1,0.97,CHN202008230
Yu Darvish,darvy001,2020-08-29,2020,CHN,CIN,8,6.0,27,105,7,2,0,0,1.0,CIN202008291
Yu Darvish,darvy001,2020-09-04,2020,CHN,SLN,11,7.0,22,101,1,0,1,1,0.97,CHN202009040
Yu Darvish,darvy001,2020-09-09,2020,CHN,CIN,9,6.0,23,98,2,3,1,1,0.97,CHN202009090
Yu Darvish,darvy001,2020-09-15,2020,CHN,CLE,7,7.0,30,100,9,1,0,1,0.97,CHN202009150
Yu Darvish,darvy001,2020-09-20,2020,CHN,MIN,9,6.0,28,99,9,1,1,1,0.97,CHN202009200
Yu Darvish,darvy001,2020-09-25,2020,CHN,CHA,5,7.0,25,94,3,1,0,0,0.99,CHA202009250
Tucker Davidson,davit005,2020-09-26,2020,ATL,BOS,2,1.7,13,53,3,4,1,1,1.02,ATL202009260
Zach Davies,daviz001,2020-07-28,2020,SDN,SFN,5,5.0,19,81,5,0,0,0,1.03,SFN202007280
Zach Davies,daviz001,2020-08-02,2020,SDN,COL,2,5.0,20,70,4,1,2,0,0.92,COL202008020
Zach Davies,daviz001,2020-08-07,2020,SDN,ARI,6,5.7,20,84,3,0,0,1,1.08,SDN202008070
Zach Davies,daviz001,2020-08-12,2020,SDN,LAN,5,7.0,26,84,4,2,0,0,1.03,LAN202008120
Zach Davies,daviz001,2020-08-17,2020,SDN,TEX,6,5.0,20,85,3,2,0,0,0.99,TEX202008170
Zach Davies,daviz001,2020-08-22,2020,SDN,HOU,7,8.0,30,109,4,2,1,1,1.08,SDN202008220
Zach Davies,daviz001,2020-08-28,2020,SDN,COL,6,5.7,24,93,5,2,1,0,0.92,COL202008280
Zach Davies,daviz001,2020-09-04,2020,SDN,OAK,5,7.0,27,105,4,4,0,0,1.0,OAK202009040
Zach Davies,daviz001,2020-09-09,2020,SDN,COL,8,6.0,25,99,5,2,2,1,1.08,SDN202009090
Zach Davies,daviz001,2020-09-15,2020,SDN,LAN,5,6.0,25,94,8,1,1,1,1.08,SDN202009150
Zach Davies,daviz001,2020-09-22,2020,SDN,ANA,5,6.0,28,97,7,3,2,1,1.08,SDN202009220
Zach Davies,daviz001,2020-09-26,2020,SDN,SFN,3,3.0,12,51,3,0,0,0,1.03,SFN202009260
Jacob deGrom,degrj001,2020-07-24,2020,NYN,ATL,8,5.0,17,72,1,1,0,1,1.06,NYN202007240
Jacob deGrom,degrj001,2020-07-29,2020,NYN,BOS,4,6.0,21,88,3,1,0,1,1.06,NYN202007290
Jacob deGrom,degrj001,2020-08-03,2020,NYN,ATL,10,6.0,24,104,5,1,1,0,1.02,ATL202008030
Jacob deGrom,degrj001,2020-08-09,2020,NYN,MIA,6,5.0,24,96,7,2,1,1,1.06,NYN202008090
Jacob deGrom,degrj001,2020-08-19,2020,NYN,MIA,7,6.0,23,91,4,0,0,0,0.98,MIA202008190
Jacob deGrom,degrj001,2020-08-26,2020,NYN,MIA,14,7.0,24,104,2,2,0,1,1.06,NYN202008260
Jacob deGrom,degrj001,2020-08-31,2020,NYN,MIA,9,6.0,27,103,6,2,1,1,1.06,NYN202008310
Jacob deGrom,degrj001,2020-09-06,2020,NYN,PHI,12,7.0,26,108,3,2,1,1,1.06,NYN202009060
Jacob deGrom,degrj001,2020-09-11,2020,NYN,TOR,9,6.0,23,102,3,2,0,0,1.0,TOR202009110
Jacob deGrom,degrj001,2020-09-16,2020,NYN,PHI,1,2.0,11,40,4,1,0,0,1.01,PHI202009160
Jacob deGrom,degrj001,2020-09-21,2020,NYN,TBA,14,7.0,26,112,4,2,1,1,1.06,NYN202009210
Jacob deGrom,degrj001,2020-09-26,2020,NYN,WAS,10,5.0,22,113,5,2,2,0,1.01,WAS202009261
Chase De Jong,dejoc001,2020-09-08,2020,HOU,OAK,3,3.0,15,51,5,1,1,0,1.0,OAK202009082
Chase De Jong,dejoc001,2020-09-27,2020,HOU,TEX,6,3.7,19,79,6,2,1,0,0.99,TEX202009270
Anthony DeSclafani,desca001,2020-08-02,2020,CIN,DET,2,5.0,18,64,3,0,0,0,1.0,DET202008021
Anthony DeSclafani,desca001,2020-08-08,2020,CIN,MIL,6,6.0,20,88,2,1,0,0,1.05,MIL202008080
Anthony DeSclafani,desca001,2020-08-13,2020,CIN,PIT,1,2.0,17,52,9,2,3,1,1.0,CIN202008130
Anthony DeSclafani,desca001,2020-08-21,2020,CIN,SLN,2,4.3,21,81,3,4,0,0,1.0,SLN202008210
Anthony DeSclafani,desca001,2020-08-31,2020,CIN,SLN,3,3.7,23,92,7,4,1,1,1.0,CIN202008310
Anthony DeSclafani,desca001,2020-09-05,2020,CIN,PIT,2,4.0,21,83,6,3,1,0,1.0,PIT202009050
Anthony DeSclafani,desca001,2020-09-14,2020,CIN,PIT,7,4.7,22,84,7,1,2,1,1.0,CIN202009142
Randy Dobnak,dobnr001,2020-07-25,2020,MIN,CHA,3,4.0,17,73,3,2,0,0,0.99,CHA202007250
Randy Dobnak,dobnr001,2020-07-31,2020,MIN,CLE,4,5.0,19,94,3,2,0,1,1.0,MIN202007310
Randy Dobnak,dobnr001,2020-08-05,2020,MIN,PIT,1,6.0,20,71,3,0,0,0,1.0,PIT202008050
Randy Dobnak,dobnr001,2020-08-10,2020,MIN,MIL,3,5.0,20,79,4,1,0,0,1.05,MIL202008100
Randy Dobnak,dobnr001,2020-08-16,2020,MIN,KCA,3,5.3,20,74,3,1,2,1,1.0,MIN202008160
Randy Dobnak,dobnr001,2020-08-22,2020,MIN,KCA,2,5.0,23,81,8,1,1,0,0.96,KCA202008220
Randy Dobnak,dobnr001,2020-08-29,2020,MIN,DET,1,4.3,24,73,12,2,0,0,1.0,DET202008291
Randy Dobnak,dobnr001,2020-09-04,2020,MIN,DET,4,5.0,18,61,4,1,0,1,1.0,MIN202009041
Randy Dobnak,dobnr001,2020-09-08,2020,MIN,SLN,2,2.7,15,47,2,2,0,0,1.0,SLN202009082
Randy Dobnak,dobnr001,2020-09-15,2020,MIN,CHA,4,4.3,24,97,8,1,0,0,0.99,CHA202009150
Danny Duffy,duffd001,2020-07-24,2020,KCA,CLE,2,4.3,17,65,3,0,0,0,1.04,CLE202007240
Danny Duffy,duffd001,2020-07-29,2020,KCA,DET,8,5.0,21,75,3,1,1,0,1.0,DET202007290
Danny Duffy,duffd001,2020-08-03,2020,KCA,CHN,6,6.0,25,103,3,4,0,0,0.97,CHN202008030
Danny Duffy,duffd001,2020-08-08,2020,KCA,MIN,4,4.0,18,88,5,1,2,1,0.96,KCA202008080
Danny Duffy,duffd001,2020-08-15,2020,KCA,MIN,8,5.0,19,84,2,1,1,0,1.0,MIN202008152
Danny Duffy,duffd001,2020-08-21,2020,KCA,MIN,6,5.0,20,81,4,2,0,1,0.96,KCA202008210
Danny Duffy,duffd001,2020-08-28,2020,KCA,CHA,6,5.7,24,92,7,1,2,0,0.99,CHA202008280
Danny Duffy,duffd001,2020-09-03,2020,KCA,CHA,3,6.0,28,98,7,5,2,1,0.96,KCA202009030
Danny Duffy,duffd001,2020-09-09,2020,KCA,CLE,4,5.7,25,101,4,4,0,0,1.04,CLE202009090
Danny Duffy,duffd001,2020-09-18,2020,KCA,MIL,5,3.7,19,63,7,2,2,0,1.05,MIL202009180
Danny Duffy,duffd001,2020-09-23,2020,KCA,SLN,5,5.7,23,82,6,1,0,1,0.96,KCA202009230
Robert Dugger,duggr001,2020-07-26,2020,MIA,PHI,2,3.3,17,62,6,1,1,0,1.01,PHI202007260
Dane Dunning,dunnd001,2020-08-19,2020,CHA,DET,7,4.3,19,73,5,1,1,1,0.99,CHA202008190
Dane Dunning,dunnd001,2020-08-30,2020,CHA,KCA,7,5.0,16,79,0,1,0,1,0.99,CHA202008300
Dane Dunning,dunnd001,2020-09-04,2020,CHA,KCA,4,4.7,24,88,5,4,0,0,0.96,KCA202009040
Dane Dunning,dunnd001,2020-09-09,2020,CHA,PIT,3,6.0,22,78,3,1,0,0,1.0,PIT202009090
Dane Dunning,dunnd001,2020-09-15,2020,CHA,MIN,7,7.0,27,102,3,2,1,1,0.99,CHA202009150
Dane Dunning,dunnd001,2020-09-21,2020,CHA,CLE,5,4.0,19,87,6,1,1,0,1.04,CLE202009210
Dane Dunning,dunnd001,2020-09-26,2020,CHA,CHN,2,3.0,15,64,3,3,1,1,0.99,CHA202009260
Justin Dunn,dunnj002,2020-07-29,2020,SEA,ANA,2,3.0,14,65,1,3,1,0,0.99,ANA202007290
Justin Dunn,dunnj002,2020-08-04,2020,SEA,ANA,4,4.0,18,76,3,4,2,1,1.04,SEA202008040
Justin Dunn,dunnj002,2020-08-10,2020,SEA,TEX,2,6.0,28,90,7,3,0,0,0.99,TEX202008100
Justin Dunn,dunnj002,2020-08-17,2020,SEA,LAN,1,2.0,12,43,5,1,2,0,1.03,LAN202008170
Justin Dunn,dunnj002,2020-08-23,2020,SEA,TEX,6,6.0,21,80,1,1,0,1,1.04,SEA202008230
Justin Dunn,dunnj002,2020-08-30,2020,SEA,ANA,6,6.0,23,96,1,4,0,0,0.99,ANA202008300
Justin Dunn,dunnj002,2020-09-06,2020,SEA,TEX,4,6.0,24,93,4,4,2,1,1.04,SEA202009060
Justin Dunn,dunnj002,2020-09-13,2020,SEA,ARI,5,2.0,12,66,1,5,0,0,1.03,ARI202009130
Justin Dunn,dunnj002,2020-09-20,2020,SEA,SDN,6,5.7,24,106,2,4,1,0,1.08,SDN202009200
Justin Dunn,dunnj002,2020-09-26,2020,SEA,OAK,2,5.0,22,86,6,2,2,0,1.0,OAK202009262
Zach Eflin,efliz001,2020-08-06,2020,PHI,NYA,5,4.0,17,77,4,1,0,1,1.01,PHI202008060
Zach Eflin,efliz001,2020-08-12,2020,PHI,BAL,10,6.0,26,88,7,1,2,1,1.01,PHI202008120
Zach Eflin,efliz001,2020-08-18,2020,PHI,BOS,8,4.0,19,86,5,3,0,0,0.98,BOS202008180
Zach Eflin,efliz001,2020-08-23,2020,PHI,ATL,6,5.3,25,92,6,3,0,0,1.02,ATL202008230
Zach Eflin,efliz001,2020-08-29,2020,PHI,ATL,8,7.0,24,83,4,0,1,1,1.01,PHI202008290
Zach Eflin,efliz001,2020-09-03,2020,PHI,WAS,5,6.0,25,82,7,0,1,1,1.01,PHI202009030
Zach Eflin,efliz001,2020-09-08,2020,PHI,BOS,6,5.0,24,88,8,1,3,1,1.01,PHI202009081
Zach Eflin,efliz001,2020-09-13,2020,PHI,MIA,4,4.0,21,91,8,2,0,0,0.98,MIA202009132
Zach Eflin,efliz001,2020-09-18,2020,PHI,TOR,9,7.0,25,92,4,2,0,1,1.01,PHI202009181
Zach Eflin,efliz001,2020-09-23,2020,PHI,WAS,9,8.0,30,98,6,1,1,0,1.01,WAS202009230
Nathan Eovaldi,eovan001,2020-07-24,2020,BOS,BAL,4,6.0,23,89,5,1,0,1,0.98,BOS202007240
Nathan Eovaldi,eovan001,2020-07-29,2020,BOS,NYN,4,5.0,22,89,8,1,1,0,1.06,NYN202007290
Nathan Eovaldi,eovan001,2020-08-04,2020,BOS,TBA,6,5.0,22,85,6,1,0,0,1.05,TBA202008040
Nathan Eovaldi,eovan001,2020-08-09,2020,BOS,TOR,10,6.0,24,91,6,0,2,1,0.98,BOS202008090
Nathan Eovaldi,eovan001,2020-08-15,2020,BOS,NYA,3,5.3,27,83,9,2,3,0,0.99,NYA202008150
Nathan Eovaldi,eovan001,2020-08-20,2020,BOS,BAL,6,7.0,27,97,5,1,1,0,1.0,BAL202008200
Nathan Eovaldi,eovan001,2020-09-12,2020,BOS,TBA,4,3.0,12,40,3,0,1,0,1.05,TBA202009120
Nathan Eovaldi,eovan001,2020-09-17,2020,BOS,MIA,7,5.0,19,76,2,0,0,0,0.98,MIA202009170
Nathan Eovaldi,eovan001,2020-09-23,2020,BOS,BAL,8,6.0,23,92,7,1,0,1,0.98,BOS202009230
Robbie Erlin,erlir001,2020-08-16,2020,ATL,MIA,5,4.0,13,68,1,0,0,0,0.98,MIA202008160
Robbie Erlin,erlir001,2020-08-22,2020,ATL,PHI,3,4.0,17,67,2,2,1,1,1.02,ATL202008220
Robbie Erlin,erlir001,2020-08-28,2020,ATL,PHI,3,4.0,18,68,4,2,2,0,1.01,PHI202008280
Robbie Erlin,erlir001,2020-09-02,2020,ATL,BOS,3,4.0,20,74,6,2,1,0,0.98,BOS202009020
Robbie Erlin,erlir001,2020-09-10,2020,ATL,WAS,1,1.7,11,35,6,0,1,0,1.01,WAS202009100
Thomas Eshelman,eshet001,2020-08-08,2020,BAL,WAS,2,4.0,15,57,5,0,1,0,1.01,WAS202008080
Thomas Eshelman,eshet001,2020-08-13,2020,BAL,PHI,2,5.0,19,68,4,0,1,0,1.01,PHI202008130
Thomas Eshelman,eshet001,2020-09-04,2020,BAL,NYA,1,2.3,14,47,3,3,1,1,1.0,BAL202009041
Thomas Eshelman,eshet001,2020-09-15,2020,BAL,ATL,4,3.3,17,67,6,1,1,1,1.0,BAL202009150
Paolo Espino,espip001,2020-09-22,2020,WAS,PHI,4,4.0,18,66,7,0,1,1,1.01,WAS202009222
Pete Fairbanks,fairp001,2020-09-16,2020,TBA,WAS,2,1.0,4,20,1,0,0,1,1.05,TBA202009160
Pete Fairbanks,fairp001,2020-09-21,2020,TBA,NYN,2,1.7,5,25,0,1,0,0,1.06,NYN202009210
Erick Fedde,fedde001,2020-07-25,2020,WAS,NYA,3,4.0,19,68,4,1,1,1,1.01,WAS202007250
Erick Fedde,fedde001,2020-07-30,2020,WAS,TOR,0,3.3,17,56,6,2,1,1,1.01,WAS202007300
Erick Fedde,fedde001,2020-08-25,2020,WAS,PHI,1,5.0,22,87,7,1,1,1,1.01,WAS202008250
Erick Fedde,fedde001,2020-08-31,2020,WAS,PHI,4,6.0,24,85,4,1,2,0,1.01,PHI202008310
Erick Fedde,fedde001,2020-09-05,2020,WAS,ATL,2,3.7,21,92,6,4,3,0,1.02,ATL202009050
Erick Fedde,fedde001,2020-09-11,2020,WAS,ATL,5,5.0,26,108,6,4,0,1,1.01,WAS202009110
Erick Fedde,fedde001,2020-09-18,2020,WAS,MIA,6,6.0,22,91,1,2,0,0,0.98,MIA202009181
Erick Fedde,fedde001,2020-09-23,2020,WAS,PHI,5,7.0,27,103,5,1,2,1,1.01,WAS202009230
Caleb Ferguson,fergc001,2020-08-27,2020,LAN,SFN,0,1.0,3,15,0,0,0,0,1.03,SFN202008272
Mike Fiers,fierm001,2020-07-26,2020,OAK,ANA,0,4.0,19,64,7,0,1,1,1.0,OAK202007260
Mike Fiers,fierm001,2020-08-01,2020,OAK,SEA,3,6.0,22,79,4,1,0,0,1.04,SEA202008010
Mike Fiers,fierm001,2020-08-06,2020,OAK,TEX,2,6.0,26,80,7,2,2,1,1.0,OAK202008060
Mike Fiers,fierm001,2020-08-11,2020,OAK,ANA,2,3.7,20,76,7,2,3,0,0.99,ANA202008110
Mike Fiers,fierm001,2020-08-16,2020,OAK,SFN,4,6.0,25,91,7,1,1,0,1.03,SFN202008160
Mike Fiers,fierm001,2020-08-21,2020,OAK,ANA,3,5.3,27,88,7,3,0,1,1.0,OAK202008210
Mike Fiers,fierm001,2020-08-26,2020,OAK,TEX,7,6.0,23,91,3,2,0,0,0.99,TEX202008260
Mike Fiers,fierm001,2020-09-06,2020,OAK,SDN,4,5.0,23,90,5,2,0,1,1.0,OAK202009060
Mike Fiers,fierm001,2020-09-11,2020,OAK,TEX,5,6.0,25,100,6,2,1,0,0.99,TEX202009110
Mike Fiers,fierm001,2020-09-16,2020,OAK,COL,4,6.0,25,77,7,0,0,0,0.92,COL202009160
Mike Fiers,fierm001,2020-09-24,2020,OAK,LAN,3,5.0,22,80,5,1,1,0,1.03,LAN202009240
Jack Flaherty,flahj002,2020-07-24,2020,SLN,PIT,6,7.0,27,89,6,0,0,1,1.0,SLN202007240
Jack Flaherty,flahj002,2020-08-19,2020,SLN,CHN,3,1.7,9,41,1,2,1,0,0.97,CHN202008191
Jack Flaherty,flahj002,2020-08-24,2020,SLN,KCA,3,5.0,17,64,1,0,0,1,1.0,SLN202008240
Jack Flaherty,flahj002,2020-08-29,2020,SLN,CLE,5,5.0,20,83,3,2,1,1,1.0,SLN202008290
Jack Flaherty,flahj002,2020-09-04,2020,SLN,CHN,4,2.7,15,69,4,2,0,0,0.97,CHN202009040
Jack Flaherty,flahj002,2020-09-10,2020,SLN,DET,6,5.0,20,95,4,2,1,1,1.0,SLN202009101
Jack Flaherty,flahj002,2020-09-15,2020,SLN,MIL,6,3.0,19,81,8,2,2,0,1.05,MIL202009150
Jack Flaherty,flahj002,2020-09-20,2020,SLN,PIT,11,6.0,21,102,2,2,0,0,1.0,PIT202009200
Jack Flaherty,flahj002,2020-09-25,2020,SLN,MIL,5,5.0,22,95,4,4,1,1,1.0,SLN202009251
Josh Fleming,flemj001,2020-08-23,2020,TBA,TOR,3,5.0,21,72,4,2,1,1,1.05,TBA202008230
Josh Fleming,flemj001,2020-08-29,2020,TBA,MIA,6,5.3,18,74,3,0,0,0,0.98,MIA202008290
Josh Fleming,flemj001,2020-09-04,2020,TBA,MIA,2,5.0,21,73,7,0,2,1,1.05,TBA202009040
Josh Fleming,flemj001,2020-09-10,2020,TBA,BOS,5,4.3,20,75,6,2,2,1,1.05,TBA202009100
Josh Fleming,flemj001,2020-09-27,2020,TBA,PHI,5,6.0,23,90,4,1,0,1,1.05,TBA202009270
Mike Foltynewicz,foltm001,2020-07-27,2020,ATL,TBA,3,3.3,16,70,4,4,3,0,1.05,TBA202007270
Matt Foster,fostm001,2020-08-08,2020,CHA,CLE,3,2.0,6,28,0,1,0,1,0.99,CHA202008080
Matt Foster,fostm001,2020-08-15,2020,CHA,SLN,2,2.0,6,25,0,0,0,1,0.99,CHA202008152
Kyle Freeland,freek001,2020-07-26,2020,COL,TEX,5,6.0,23,80,4,3,1,0,0.99,TEX202007260
Kyle Freeland,freek001,2020-08-01,2020,COL,SDN,4,6.0,20,83,2,1,0,1,0.92,COL202008010
Kyle Freeland,freek001,2020-08-06,2020,COL,SFN,2,6.7,27,98,8,2,1,1,0.92,COL202008060
Kyle Freeland,freek001,2020-08-11,2020,COL,ARI,2,7.0,28,87,7,1,2,1,0.92,COL202008110
Kyle Freeland,freek001,2020-08-17,2020,COL,HOU,5,6.0,25,95,7,0,0,0,1.02,HOU202008170
Kyle Freeland,freek001,2020-08-22,2020,COL,LAN,6,6.0,23,94,4,3,1,0,1.03,LAN202008220
Kyle Freeland,freek001,2020-08-28,2020,COL,SDN,2,4.3,25,77,11,0,0,1,0.92,COL202008280
Kyle Freeland,freek001,2020-09-02,2020,COL,SFN,2,2.0,15,61,8,1,1,1,0.92,COL202009020
Kyle Freeland,freek001,2020-09-07,2020,COL,SDN,6,6.0,24,99,3,3,0,0,1.08,SDN202009070
Kyle Freeland,freek001,2020-09-12,2020,COL,ANA,4,6.0,26,92,4,2,0,1,0.92,COL202009120
Kyle Freeland,freek001,2020-09-17,2020,COL,LAN,5,6.3,27,96,6,2,1,1,0.92,COL202009170
Kyle Freeland,freek001,2020-09-22,2020,COL,SFN,1,6.0,24,101,5,3,1,0,1.03,SFN202009220
Kyle Freeland,freek001,2020-09-27,2020,COL,ARI,2,2.3,17,61,8,2,1,0,1.03,ARI202009270
Max Fried,friem001,2020-07-25,2020,ATL,NYN,5,5.0,20,67,2,2,0,0,1.06,NYN202007250
Max Fried,friem001,2020-07-30,2020,ATL,TBA,7,6.7,23,85,3,1,0,1,1.02,ATL202007300
Max Fried,friem001,2020-08-04,2020,ATL,TOR,3,6.0,22,80,4,2,0,1,1.02,ATL202008040
Max Fried,friem001,2020-08-09,2020,ATL,PHI,6,5.0,21,91,4,1,0,0,1.01,PHI202008092
Max Fried,friem001,2020-08-15,2020,ATL,MIA,7,6.3,24,103,4,3,0,0,0.98,MIA202008150
Max Fried,friem001,2020-08-21,2020,ATL,PHI,5,5.0,21,91,5,2,0,1,1.02,ATL202008210
Max Fried,friem001,2020-08-26,2020,ATL,NYA,5,6.0,22,97,4,1,0,1,1.02,ATL202008262
Max Fried,friem001,2020-08-31,2020,ATL,BOS,5,5.0,21,93,5,2,0,0,0.98,BOS202008310
Max Fried,friem001,2020-09-05,2020,ATL,WAS,4,5.0,23,90,5,3,0,1,1.02,ATL202009050
Max Fried,friem001,2020-09-18,2020,ATL,NYN,3,5.0,21,80,3,2,0,0,1.06,NYN202009180
Max Fried,friem001,2020-09-23,2020,ATL,MIA,0,1.0,6,22,3,0,2,1,1.02,ATL202009230
Michael Fulmer,fulmm001,2020-07-27,2020,DET,KCA,2,2.7,14,47,5,1,3,1,1.0,DET202007270
Michael Fulmer,fulmm001,2020-08-10,2020,DET,CHA,2,3.0,13,55,3,1,0,1,1.0,DET202008100
Michael Fulmer,fulmm001,2020-08-16,2020,DET,CLE,2,2.7,14,58,5,2,2,1,1.0,DET202008160
Michael Fulmer,fulmm001,2020-08-21,2020,DET,CLE,4,3.0,15,63,5,1,1,0,1.04,CLE202008210
Michael Fulmer,fulmm001,2020-08-26,2020,DET,CHN,1,3.0,13,46,3,2,0,1,1.0,DET202008260
Michael Fulmer,fulmm001,2020-09-01,2020,DET,MIL,6,3.0,13,65,3,2,0,0,1.05,MIL202009010
Michael Fulmer,fulmm001,2020-09-07,2020,DET,MIN,0,2.3,12,47,4,1,1,0,1.0,MIN202009070
Michael Fulmer,fulmm001,2020-09-12,2020,DET,CHA,1,2.7,17,59,9,1,0,0,0.99,CHA202009120
Michael Fulmer,fulmm001,2020-09-18,2020,DET,CLE,2,3.0,11,44,1,1,0,1,1.0,DET202009180
Michael Fulmer,fulmm001,2020-09-24,2020,DET,KCA,0,2.3,14,42,7,0,1,0,0.96,KCA202009240
Zac Gallen,gallz001,2020-07-26,2020,ARI,SDN,6,4.0,19,88,2,5,1,0,1.08,SDN202007260
Zac Gallen,gallz001,2020-07-31,2020,ARI,LAN,9,6.0,25,98,5,1,1,1,1.03,ARI202007310
Zac Gallen,gallz001,2020-08-06,2020,ARI,HOU,6,6.0,23,92,6,1,1,1,1.03,ARI202008060
Zac Gallen,gallz001,2020-08-11,2020,ARI,COL,7,7.0,27,91,7,0,1,0,0.92,COL202008110
Zac Gallen,gallz001,2020-08-17,2020,ARI,OAK,8,7.0,25,97,3,1,1,1,1.03,ARI202008170
Zac Gallen,gallz001,2020-08-22,2020,ARI,SFN,6,6.0,24,95,3,4,0,0,1.03,SFN202008220
Zac Gallen,gallz001,2020-08-28,2020,ARI,SFN,5,7.0,27,92,5,1,1,1,1.03,ARI202008280
Zac Gallen,gallz001,2020-09-02,2020,ARI,LAN,7,7.0,24,97,1,2,0,0,1.03,LAN202009020
Zac Gallen,gallz001,2020-09-07,2020,ARI,SFN,6,5.0,21,82,5,2,0,0,1.03,SFN202009070
Zac Gallen,gallz001,2020-09-12,2020,ARI,SEA,6,5.0,26,98,7,5,2,1,1.03,ARI202009120
Zac Gallen,gallz001,2020-09-18,2020,ARI,HOU,6,6.0,26,94,6,1,1,0,1.02,HOU202009180
Zac Gallen,gallz001,2020-09-25,2020,ARI,COL,10,6.0,24,91,5,2,0,1,1.03,ARI202009251
Deivi García,garcd003,2020-08-30,2020,NYA,NYN,6,6.0,22,75,4,0,0,1,0.99,NYA202008302
Deivi García,garcd003,2020-09-04,2020,NYA,BAL,6,4.7,22,95,5,2,1,0,1.0,BAL202009042
Deivi García,garcd003,2020-09-09,2020,NYA,TOR,6,7.0,26,95,5,0,1,0,1.0,TOR202009090
Deivi García,garcd003,2020-09-15,2020,NYA,TOR,6,7.0,29,88,6,2,2,1,0.99,NYA202009150
Deivi García,garcd003,2020-09-20,2020,NYA,BOS,2,3.0,18,76,8,1,2,0,0.98,BOS202009200
Deivi García,garcd003,2020-09-26,2020,NYA,MIA,7,6.7,29,103,7,1,0,1,0.99,NYA202009260
Luis García,garcl005,2020-09-01,2020,TEX,HOU,2,1.0,5,23,1,1,0,0,1.02,HOU202009010
Luis García,garcl005,2020-09-11,2020,TEX,OAK,0,0.0,4,23,1,3,1,1,0.99,TEX202009110
Luis García,garcl007,2020-09-09,2020,HOU,OAK,4,5.0,18,86,1,2,0,0,1.0,OAK202009090
Rony García,garcr007,2020-07-28,2020,DET,KCA,3,3.0,12,42,3,0,1,1,1.0,DET202007280
Rony García,garcr007,2020-08-02,2020,DET,CIN,2,2.0,11,48,3,2,2,1,1.0,DET202008021
Braxton Garrett,garrb001,2020-09-13,2020,MIA,PHI,6,5.0,18,75,3,2,1,1,0.98,MIA202009132
Braxton Garrett,garrb001,2020-09-20,2020,MIA,WAS,2,2.7,16,62,5,3,2,1,0.98,MIA202009202
Kevin Gausman,gausk001,2020-07-30,2020,SFN,SDN,8,4.3,19,73,6,0,0,1,1.03,SFN202007300
Kevin Gausman,gausk001,2020-08-04,2020,SFN,COL,7,5.3,24,83,5,1,1,0,0.92,COL202008040
Kevin Gausman,gausk001,2020-08-09,2020,SFN,LAN,6,6.3,21,80,3,0,0,0,1.03,LAN202008090
Kevin Gausman,gausk001,2020-08-15,2020,SFN,OAK,11,5.7,25,106,5,3,2,1,1.03,SFN202008150
Kevin Gausman,gausk001,2020-08-20,2020,SFN,ANA,8,5.3,26,101,9,1,1,1,1.03,SFN202008200
Kevin Gausman,gausk001,2020-08-27,2020,SFN,LAN,6,4.7,19,93,3,2,1,1,1.03,SFN202008272
Kevin Gausman,gausk001,2020-09-01,2020,SFN,COL,5,5.0,19,87,2,1,2,0,0.92,COL202009010
Kevin Gausman,gausk001,2020-09-07,2020,SFN,ARI,9,6.0,23,100,2,3,0,1,1.03,SFN202009070
Kevin Gausman,gausk001,2020-09-19,2020,SFN,OAK,6,6.0,21,84,1,3,0,0,1.0,OAK202009190
Kevin Gausman,gausk001,2020-09-24,2020,SFN,COL,9,6.0,27,100,8,1,0,1,1.03,SFN202009240
Kyle Gibson,gibsk002,2020-07-28,2020,TEX,ARI,4,5.0,22,93,5,3,0,1,0.99,TEX202007280
Kyle Gibson,gibsk002,2020-08-05,2020,TEX,OAK,9,6.0,24,103,4,2,2,0,1.0,OAK202008050
Kyle Gibson,gibsk002,2020-08-10,2020,TEX,SEA,2,4.3,23,89,9,1,1,1,0.99,TEX202008100
Kyle Gibson,gibsk002,2020-08-15,2020,TEX,COL,2,6.3,28,79,7,1,0,0,0.92,COL202008150
Kyle Gibson,gibsk002,2020-08-20,2020,TEX,SDN,3,5.0,24,90,6,3,1,0,1.08,SDN202008200
Kyle Gibson,gibsk002,2020-08-25,2020,TEX,OAK,6,6.3,27,95,6,2,2,1,0.99,TEX202008250
Kyle Gibson,gibsk002,2020-08-30,2020,TEX,LAN,8,5.0,24,102,5,4,3,1,0.99,TEX202008300
Kyle Gibson,gibsk002,2020-09-05,2020,TEX,SEA,4,4.7,23,104,6,3,0,0,1.04,SEA202009050
Kyle Gibson,gibsk002,2020-09-10,2020,TEX,ANA,3,5.7,28,102,10,3,2,1,0.99,TEX202009100
Kyle Gibson,gibsk002,2020-09-16,2020,TEX,HOU,9,9.0,32,114,4,3,0,0,1.02,HOU202009160
Kyle Gibson,gibsk002,2020-09-21,2020,TEX,ANA,4,4.0,22,78,5,4,1,0,0.99,ANA202009210
Kyle Gibson,gibsk002,2020-09-26,2020,TEX,HOU,4,6.0,24,81,6,1,0,1,0.99,TEX202009260
Lucas Giolito,gioll001,2020-07-24,2020,CHA,MIN,3,3.7,20,80,6,3,2,1,0.99,CHA202007240
Lucas Giolito,gioll001,2020-07-29,2020,CHA,CLE,6,6.0,22,85,4,2,0,0,1.04,CLE202007290
Lucas Giolito,gioll001,2020-08-04,2020,CHA,MIL,9,6.0,23,103,4,3,1,0,1.05,MIL202008040
Lucas Giolito,gioll001,2020-08-09,2020,CHA,CLE,9,7.0,28,102,4,5,0,1,0.99,CHA202008090
Lucas Giolito,gioll001,2020-08-15,2020,CHA,SLN,5,5.0,24,94,6,2,0,1,0.99,CHA202008151
Lucas Giolito,gioll001,2020-08-20,2020,CHA,DET,13,7.0,25,110,3,1,0,1,0.99,CHA202008200
Lucas Giolito,gioll001,2020-08-25,2020,CHA,PIT,13,9.0,28,101,0,1,0,1,0.99,CHA202008250
Lucas Giolito,gioll001,2020-08-31,2020,CHA,MIN,8,5.0,22,94,4,1,1,0,1.0,MIN202008310
Lucas Giolito,gioll001,2020-09-05,2020,CHA,KCA,9,6.0,23,104,5,0,1,0,0.96,KCA202009050
Lucas Giolito,gioll001,2020-09-11,2020,CHA,DET,7,5.7,25,114,4,4,0,1,0.99,CHA202009110
Lucas Giolito,gioll001,2020-09-16,2020,CHA,MIN,4,6.0,24,104,3,3,2,1,0.99,CHA202009160
Lucas Giolito,gioll001,2020-09-23,2020,CHA,CLE,11,6.0,24,119,4,3,1,0,1.04,CLE202009230
Tyler Glasnow,glast001,2020-07-27,2020,TBA,ATL,9,4.0,15,72,1,2,1,1,1.05,TBA202007270
Tyler Glasnow,glast001,2020-08-01,2020,TBA,BAL,5,4.7,20,88,3,3,1,0,1.0,BAL202008010
Tyler Glasnow,glast001,2020-08-08,2020,TBA,NYA,5,2.7,16,71,5,3,1,1,1.05,TBA202008081
Tyler Glasnow,glast001,2020-08-13,2020,TBA,BOS,8,4.0,22,84,8,2,0,0,0.98,BOS202008130
Tyler Glasnow,glast001,2020-08-19,2020,TBA,NYA,8,5.7,22,88,2,3,1,0,0.99,NYA202008190
Tyler Glasnow,glast001,2020-08-25,2020,TBA,BAL,13,7.0,27,96,5,1,1,1,1.05,TBA202008250
Tyler Glasnow,glast001,2020-08-31,2020,TBA,NYA,9,6.0,22,87,2,1,0,0,0.99,NYA202008310
Tyler Glasnow,glast001,2020-09-06,2020,TBA,MIA,9,5.3,23,105,4,3,1,1,1.05,TBA202009060
Tyler Glasnow,glast001,2020-09-12,2020,TBA,BOS,7,7.0,28,102,6,1,2,1,1.05,TBA202009120
Tyler Glasnow,glast001,2020-09-18,2020,TBA,BAL,10,5.0,21,95,4,2,1,0,1.0,BAL202009180
Tyler Glasnow,glast001,2020-09-23,2020,TBA,NYN,8,6.0,22,76,3,1,2,0,1.06,NYN202009230
Zack Godley,godlz001,2020-08-01,2020,BOS,NYA,1,3.3,18,69,6,2,2,0,0.99,NYA202008010
Zack Godley,godlz001,2020-08-08,2020,BOS,TOR,3,4.0,16,67,3,2,0,1,0.98,BOS202008080
Zack Godley,godlz001,2020-08-12,2020,BOS,TBA,3,3.0,21,70,10,2,3,1,0.98,BOS202008120
Zack Godley,godlz001,2020-08-18,2020,BOS,PHI,4,4.0,18,84,4,1,0,1,0.98,BOS202008180
Zack Godley,godlz001,2020-08-23,2020,BOS,BAL,3,2.7,16,70,2,5,0,0,1.0,BAL202008230
Zack Godley,godlz001,2020-08-30,2020,BOS,WAS,3,4.7,24,85,8,1,2,1,0.98,BOS202008300
Zack Godley,godlz001,2020-09-04,2020,BOS,TOR,4,3.0,14,51,5,1,2,1,0.98,BOS202009041
Austin Gomber,gomba001,2020-09-05,2020,SLN,CHN,5,2.7,12,55,1,3,0,0,0.97,CHN202009052
Austin Gomber,gomba001,2020-09-10,2020,SLN,DET,6,3.0,14,63,5,1,0,1,1.0,SLN202009102
Austin Gomber,gomba001,2020-09-22,2020,SLN,KCA,3,6.0,21,76,4,0,0,0,0.96,KCA202009220
Austin Gomber,gomba001,2020-09-27,2020,SLN,MIL,3,4.0,15,75,1,2,0,1,1.0,SLN202009270
Tony Gonsolin,gonst001,2020-07-31,2020,LAN,ARI,1,4.0,13,63,1,1,0,0,1.03,ARI202007310
Tony Gonsolin,gonst001,2020-08-12,2020,LAN,SDN,8,4.7,18,82,3,1,0,1,1.03,LAN202008120
Tony Gonsolin,gonst001,2020-08-18,2020,LAN,SEA,3,6.0,20,84,2,0,0,1,1.03,LAN202008180
Tony Gonsolin,gonst001,2020-08-30,2020,LAN,TEX,5,3.0,14,62,3,3,0,0,0.99,TEX202008300
Tony Gonsolin,gonst001,2020-09-05,2020,LAN,COL,8,6.0,21,75,3,0,1,1,1.03,LAN202009050
Tony Gonsolin,gonst001,2020-09-15,2020,LAN,SDN,2,7.0,25,90,4,0,0,0,1.08,SDN202009150
Tony Gonsolin,gonst001,2020-09-20,2020,LAN,COL,10,5.0,19,82,3,1,0,0,0.92,COL202009200
Tony Gonsolin,gonst001,2020-09-26,2020,LAN,ANA,6,6.0,24,87,7,0,0,1,1.03,LAN202009260
Chi Chi González,gonzc002,2020-08-03,2020,COL,SFN,3,3.0,15,51,5,1,2,1,0.92,COL202008030
Chi Chi González,gonzc002,2020-09-08,2020,COL,SDN,1,0.3,5,31,0,3,0,0,1.08,SDN202009080
Chi Chi González,gonzc002,2020-09-19,2020,COL,LAN,2,5.0,20,79,4,1,1,1,0.92,COL202009190
Chi Chi González,gonzc002,2020-09-24,2020,COL,SFN,4,5.3,25,93,8,2,0,0,1.03,SFN202009240
Gio Gonzalez,gonzg003,2020-08-01,2020,CHA,KCA,6,3.7,18,77,5,3,0,0,0.96,KCA202008010
Gio Gonzalez,gonzg003,2020-08-06,2020,CHA,MIL,3,4.3,25,98,8,3,2,1,0.99,CHA202008060
Gio Gonzalez,gonzg003,2020-08-11,2020,CHA,DET,2,4.7,20,72,6,1,1,0,1.0,DET202008110
Gio Gonzalez,gonzg003,2020-08-17,2020,CHA,DET,10,4.7,21,99,6,2,0,1,0.99,CHA202008170
Marco Gonzales,gonzm005,2020-07-24,2020,SEA,HOU,2,4.3,20,73,5,1,0,0,1.02,HOU202007240
Marco Gonzales,gonzm005,2020-07-30,2020,SEA,ANA,6,6.3,23,94,3,1,1,0,0.99,ANA202007300
Marco Gonzales,gonzm005,2020-08-05,2020,SEA,ANA,7,7.0,24,99,3,0,3,1,1.04,SEA202008050
Marco Gonzales,gonzm005,2020-08-11,2020,SEA,TEX,2,5.0,25,89,7,1,0,0,0.99,TEX202008110
Marco Gonzales,gonzm005,2020-08-18,2020,SEA,LAN,9,7.0,25,102,5,0,0,0,1.03,LAN202008180
Marco Gonzales,gonzm005,2020-08-25,2020,SEA,SDN,5,5.0,24,98,9,0,1,0,1.08,SDN202008250
Marco Gonzales,gonzm005,2020-08-31,2020,SEA,ANA,8,9.0,31,102,4,1,1,0,0.99,ANA202008310
Marco Gonzales,gonzm005,2020-09-07,2020,SEA,TEX,7,7.0,24,102,4,0,0,1,1.04,SEA202009070
Marco Gonzales,gonzm005,2020-09-14,2020,SEA,OAK,7,6.0,28,103,6,1,2,1,1.04,SEA202009141
Marco Gonzales,gonzm005,2020-09-21,2020,SEA,HOU,6,8.0,31,98,7,1,0,1,1.04,SEA202009210
Marco Gonzales,gonzm005,2020-09-27,2020,SEA,OAK,5,5.0,22,97,6,1,0,0,1.0,OAK202009270
Victor González,gonzv001,2020-09-27,2020,LAN,ANA,1,1.0,4,16,1,0,0,1,1.03,LAN202009270
Nick Goody,goodn001,2020-09-12,2020,TEX,OAK,1,1.0,3,13,0,0,0,1,0.99,TEX202009121
Brusdar Graterol,gratb002,2020-09-13,2020,LAN,HOU,3,1.0,4,12,1,0,0,1,1.03,LAN202009130
Brusdar Graterol,gratb002,2020-09-16,2020,LAN,SDN,1,1.3,5,15,1,1,0,0,1.08,SDN202009160
Kendall Graveman,gravk001,2020-07-27,2020,SEA,HOU,7,4.0,21,88,6,3,2,0,1.02,HOU202007270
Kendall Graveman,gravk001,2020-08-02,2020,SEA,OAK,3,4.7,19,96,3,2,0,1,1.04,SEA202008020
Jon Gray,grayj003,2020-07-25,2020,COL,TEX,3,4.7,19,79,3,3,0,0,0.99,TEX202007250
Jon Gray,grayj003,2020-07-31,2020,COL,SDN,2,5.7,23,88,4,1,0,1,0.92,COL202007310
Jon Gray,grayj003,2020-08-05,2020,COL,SFN,2,6.0,24,92,5,0,1,1,0.92,COL202008050
Jon Gray,grayj003,2020-08-10,2020,COL,ARI,2,3.3,22,67,11,0,1,1,0.92,COL202008100
Jon Gray,grayj003,2020-08-16,2020,COL,TEX,7,7.0,25,98,3,2,2,1,0.92,COL202008160
Jon Gray,grayj003,2020-08-21,2020,COL,LAN,0,3.7,20,74,7,2,0,0,1.03,LAN202008210
Jon Gray,grayj003,2020-08-26,2020,COL,ARI,5,6.0,24,96,3,3,0,0,1.03,ARI202008260
Jon Gray,grayj003,2020-09-01,2020,COL,SFN,1,2.7,17,64,9,0,2,1,0.92,COL202009010
Sonny Gray,grays001,2020-07-24,2020,CIN,DET,9,6.0,21,90,3,2,1,1,1.0,CIN202007240
Sonny Gray,grays001,2020-07-29,2020,CIN,CHN,11,6.7,24,92,1,1,0,1,1.0,CIN202007290
Sonny Gray,grays001,2020-08-03,2020,CIN,CLE,8,6.0,23,102,4,2,1,1,1.0,CIN202008030
Sonny Gray,grays001,2020-08-09,2020,CIN,MIL,7,5.3,27,101,6,3,0,0,1.05,MIL202008090
Sonny Gray,grays001,2020-08-14,2020,CIN,PIT,10,6.7,26,110,5,1,1,1,1.0,CIN202008140
Sonny Gray,grays001,2020-08-20,2020,CIN,SLN,6,6.0,25,99,4,4,0,0,1.0,SLN202008200
Sonny Gray,grays001,2020-08-27,2020,CIN,MIL,4,5.0,21,85,4,2,0,0,1.05,MIL202008271
Sonny Gray,grays001,2020-09-01,2020,CIN,SLN,1,0.7,10,38,5,3,0,1,1.0,CIN202009010
Sonny Gray,grays001,2020-09-10,2020,CIN,CHN,4,3.3,19,84,6,3,0,0,0.97,CHN202009100
Sonny Gray,grays001,2020-09-22,2020,CIN,MIL,8,5.0,18,80,2,1,1,1,1.0,CIN202009220
Sonny Gray,grays001,2020-09-27,2020,CIN,MIN,4,5.3,21,87,2,4,0,0,1.0,MIN202009270
Zack Greinke,greiz001,2020-07-26,2020,HOU,SEA,2,3.3,16,58,4,2,0,1,1.02,HOU202007260
Zack Greinke,greiz001,2020-08-01,2020,HOU,ANA,4,5.7,20,83,3,0,0,0,0.99,ANA202008010
Zack Greinke,greiz001,2020-08-07,2020,HOU,OAK,5,6.0,23,84,5,1,0,0,1.0,OAK202008070
Zack Greinke,greiz001,2020-08-12,2020,HOU,SFN,7,6.3,27,91,7,1,0,1,1.02,HOU202008120
Zack Greinke,greiz001,2020-08-18,2020,HOU,COL,7,8.0,26,97,3,0,0,1,1.02,HOU202008180
Zack Greinke,greiz001,2020-08-23,2020,HOU,SDN,4,6.0,24,106,4,2,0,0,1.08,SDN202008230
Zack Greinke,greiz001,2020-08-29,2020,HOU,OAK,6,5.0,21,96,6,0,2,1,1.02,HOU202008292
Zack Greinke,greiz001,2020-09-03,2020,HOU,TEX,9,6.0,25,104,6,1,0,1,1.02,HOU202009030
Zack Greinke,greiz001,2020-09-08,2020,HOU,OAK,6,6.0,26,92,7,1,1,0,1.0,OAK202009081
Zack Greinke,greiz001,2020-09-13,2020,HOU,LAN,3,5.0,22,65,8,0,2,0,1.03,LAN202009130
Zack Greinke,greiz001,2020-09-18,2020,HOU,ARI,9,5.0,20,89,6,0,1,1,1.02,HOU202009180
Zack Greinke,greiz001,2020-09-23,2020,HOU,SEA,5,4.7,23,92,8,1,0,0,1.04,SEA202009230
Robert Gsellman,gselr001,2020-08-12,2020,NYN,WAS,1,2.0,10,33,4,0,1,1,1.06,NYN202008120
Robert Gsellman,gselr001,2020-08-17,2020,NYN,MIA,1,1.7,11,47,3,2,0,0,0.98,MIA202008170
Robert Gsellman,gselr001,2020-08-29,2020,NYN,NYA,4,4.0,15,57,4,0,1,0,0.99,NYA202008290
Robert Gsellman,gselr001,2020-09-03,2020,NYN,NYA,0,1.7,13,52,4,4,0,1,1.06,NYN202009030
David Hale,haled001,2020-09-18,2020,PHI,TOR,1,3.3,14,34,4,0,1,1,1.01,PHI202009182
David Hale,haled001,2020-09-22,2020,PHI,WAS,1,1.0,4,11,1,0,0,0,1.01,WAS202009222
Matt Hall,hallm002,2020-07-28,2020,BOS,NYN,3,2.7,14,51,3,2,0,1,0.98,BOS202007280
Cole Hamels,hamec001,2020-09-16,2020,ATL,BAL,2,3.3,14,52,3,1,0,0,1.0,BAL202009160
J. A. Happ,happj001,2020-07-30,2020,NYA,BAL,2,4.0,18,69,4,2,2,0,1.0,BAL202007300
J. A. Happ,happj001,2020-08-05,2020,NYA,PHI,1,3.0,18,66,3,6,1,0,1.01,PHI202008051
J. A. Happ,happj001,2020-08-16,2020,NYA,BOS,3,5.7,20,75,3,2,1,1,0.99,NYA202008160
J. A. Happ,happj001,2020-08-29,2020,NYA,NYN,5,7.3,23,90,3,0,0,1,0.99,NYA202008290
J. A. Happ,happj001,2020-09-03,2020,NYA,NYN,4,5.0,23,93,8,1,1,0,1.06,NYN202009030
J. A. Happ,happj001,2020-09-08,2020,NYA,TOR,10,6.3,24,113,4,2,1,0,1.0,TOR202009080
J. A. Happ,happj001,2020-09-13,2020,NYA,BAL,5,5.0,19,73,5,0,1,1,0.99,NYA202009130
J. A. Happ,happj001,2020-09-19,2020,NYA,BOS,9,8.0,29,113,4,0,0,0,0.98,BOS202009190
J. A. Happ,happj001,2020-09-25,2020,NYA,MIA,3,5.0,22,96,3,2,1,1,0.99,NYA202009250
Kyle Hart,hartk002,2020-08-13,2020,BOS,TBA,4,2.0,17,72,7,3,2,1,0.98,BOS202008130
Kyle Hart,hartk002,2020-08-19,2020,BOS,PHI,5,3.7,18,73,2,4,0,1,0.98,BOS202008190
Kyle Hart,hartk002,2020-08-25,2020,BOS,TOR,3,3.3,19,70,8,3,0,0,1.0,TOR202008250
Matt Harvey,harvm001,2020-08-19,2020,KCA,CIN,4,3.0,15,54,4,2,2,1,0.96,KCA202008192
Matt Harvey,harvm001,2020-08-25,2020,KCA,SLN,2,2.7,14,54,5,2,0,0,1.0,SLN202008250
Matt Harvey,harvm001,2020-09-01,2020,KCA,CLE,0,1.3,11,40,7,1,3,1,0.96,KCA202009010
Matt Harvey,harvm001,2020-09-06,2020,KCA,CHA,2,2.3,11,40,4,0,0,1,0.96,KCA202009060
Thomas Hatch,hatct001,2020-07-26,2020,TOR,TBA,3,2.3,9,47,0,2,0,0,1.05,TBA202007260
Andrew Heaney,heana001,2020-07-24,2020,ANA,OAK,6,4.7,16,67,2,0,1,0,1.0,OAK202007240
Andrew Heaney,heana001,2020-07-29,2020,ANA,SEA,6,5.0,19,64,5,1,0,1,0.99,ANA202007290
Andrew Heaney,heana001,2020-08-04,2020,ANA,SEA,3,5.7,23,87,3,4,0,0,1.04,SEA202008040
Andrew Heaney,heana001,2020-08-09,2020,ANA,TEX,4,3.7,19,77,8,0,0,0,0.99,TEX202008090
Andrew Heaney,heana001,2020-08-15,2020,ANA,LAN,6,5.7,25,101,5,4,0,1,0.99,ANA202008150
Andrew Heaney,heana001,2020-08-21,2020,ANA,OAK,6,4.7,23,97,6,2,1,0,1.0,OAK202008210
Andrew Heaney,heana001,2020-08-28,2020,ANA,SEA,10,7.7,29,104,4,2,0,1,0.99,ANA202008280
Andrew Heaney,heana001,2020-09-03,2020,ANA,SDN,6,7.0,25,117,3,2,0,1,0.99,ANA202009030
Andrew Heaney,heana001,2020-09-08,2020,ANA,TEX,4,5.0,22,84,5,1,1,0,0.99,TEX202009080
Andrew Heaney,heana001,2020-09-13,2020,ANA,COL,8,7.0,28,98,8,0,1,0,0.92,COL202009130
Andrew Heaney,heana001,2020-09-19,2020,ANA,TEX,8,6.7,28,103,6,1,2,1,0.99,ANA202009190
Andrew Heaney,heana001,2020-09-25,2020,ANA,LAN,3,4.0,22,86,8,2,3,0,1.03,LAN202009250
Kyle Hendricks,hendk001,2020-07-24,2020,CHN,MIL,9,9.0,30,103,3,0,0,1,0.97,CHN202007240
Kyle Hendricks,hendk001,2020-07-29,2020,CHN,CIN,3,4.3,21,85,7,2,1,0,1.0,CIN202007290
Kyle Hendricks,hendk001,2020-08-04,2020,CHN,KCA,3,7.0,27,94,7,0,0,1,0.97,CHN202008040
Kyle Hendricks,hendk001,2020-08-12,2020,CHN,CLE,5,6.0,25,90,7,0,0,0,1.04,CLE202008120
Kyle Hendricks,hendk001,2020-08-17,2020,CHN,SLN,5,6.3,24,96,3,1,1,1,0.97,CHN202008171
Kyle Hendricks,hendk001,2020-08-22,2020,CHN,CHA,3,5.3,23,92,7,1,2,1,0.97,CHN202008220
Kyle Hendricks,hendk001,2020-08-28,2020,CHN,CIN,6,6.0,28,98,10,0,2,0,1.0,CIN202008280
Kyle Hendricks,hendk001,2020-09-02,2020,CHN,PIT,6,6.0,25,102,6,2,1,0,1.0,PIT202009020
Kyle Hendricks,hendk001,2020-09-07,2020,CHN,SLN,4,8.0,28,96,7,0,0,1,0.97,CHN202009070
Kyle Hendricks,hendk001,2020-09-12,2020,CHN,MIL,7,7.7,28,106,6,0,1,0,1.05,MIL202009120
Kyle Hendricks,hendk001,2020-09-18,2020,CHN,MIN,10,8.0,27,104,3,1,0,1,0.97,CHN202009180
Kyle Hendricks,hendk001,2020-09-23,2020,CHN,PIT,3,7.7,29,95,7,1,2,0,1.0,PIT202009230
Jimmy Herget,hergj001,2020-09-18,2020,TEX,ANA,0,1.0,5,20,0,2,0,0,0.99,ANA202009180
Carlos Hernández,hernc006,2020-09-12,2020,KCA,PIT,2,3.0,12,42,3,0,3,1,0.96,KCA202009120
Carlos Hernández,hernc006,2020-09-21,2020,KCA,SLN,4,3.7,17,72,4,3,1,1,0.96,KCA202009210
Carlos Hernández,hernc006,2020-09-26,2020,KCA,DET,3,1.7,12,47,7,1,0,1,0.96,KCA202009260
Elieser Hernández,herne002,2020-08-05,2020,MIA,BAL,5,4.3,18,66,2,1,0,0,1.0,BAL202008051
Elieser Hernández,herne002,2020-08-11,2020,MIA,TOR,5,5.3,21,82,4,1,1,0,1.0,TOR202008110
Elieser Hernández,herne002,2020-08-16,2020,MIA,ATL,9,5.0,18,75,3,0,0,1,0.98,MIA202008160
Elieser Hernández,herne002,2020-08-21,2020,MIA,WAS,6,5.0,19,89,3,1,2,0,1.01,WAS202008210
Elieser Hernández,herne002,2020-08-26,2020,MIA,NYN,7,4.0,21,96,7,1,2,0,1.06,NYN202008260
Elieser Hernández,herne002,2020-09-01,2020,MIA,TOR,2,2.0,9,39,2,1,0,1,0.98,MIA202009010
Rich Hill,hillr001,2020-07-29,2020,MIN,SLN,2,5.0,18,68,2,1,0,1,1.0,MIN202007290
Rich Hill,hillr001,2020-08-19,2020,MIN,MIL,1,2.7,14,53,4,3,1,1,1.0,MIN202008190
Rich Hill,hillr001,2020-08-25,2020,MIN,CLE,5,5.0,19,78,4,2,0,0,1.04,CLE202008250
Rich Hill,hillr001,2020-08-31,2020,MIN,CHA,2,3.3,17,65,3,4,0,1,1.0,MIN202008310
Rich Hill,hillr001,2020-09-06,2020,MIN,DET,5,5.0,20,80,6,0,1,1,1.0,MIN202009060
Rich Hill,hillr001,2020-09-12,2020,MIN,CLE,7,5.0,21,90,4,2,1,1,1.0,MIN202009120
Rich Hill,hillr001,2020-09-18,2020,MIN,CHN,5,7.0,26,95,3,2,0,0,0.97,CHN202009180
Rich Hill,hillr001,2020-09-27,2020,MIN,CIN,4,5.7,21,93,2,3,0,1,1.0,MIN202009270
Derek Holland,holld003,2020-07-28,2020,PIT,MIL,5,5.7,21,90,2,3,1,1,1.0,PIT202007280
Derek Holland,holld003,2020-08-03,2020,PIT,MIN,5,5.7,23,86,4,2,0,0,1.0,MIN202008030
Derek Holland,holld003,2020-08-08,2020,PIT,DET,6,5.0,29,112,13,1,5,1,1.0,PIT202008080
Derek Holland,holld003,2020-08-22,2020,PIT,MIL,5,5.0,21,99,4,3,1,1,1.0,PIT202008220
Derek Holland,holld003,2020-08-28,2020,PIT,MIL,8,5.0,25,100,6,4,3,0,1.05,MIL202008280
Tanner Houck,houct001,2020-09-15,2020,BOS,MIA,7,5.0,19,86,2,3,0,0,0.98,MIA202009150
Tanner Houck,houct001,2020-09-20,2020,BOS,NYA,4,6.0,21,85,1,3,0,1,0.98,BOS202009200
Tanner Houck,houct001,2020-09-26,2020,BOS,ATL,10,6.0,23,94,3,3,1,0,1.02,ATL202009260
Adrian Houser,housa001,2020-07-27,2020,MIL,PIT,4,5.0,17,68,1,3,1,0,1.0,PIT202007270
Adrian Houser,housa001,2020-08-05,2020,MIL,CHA,5,7.0,25,87,5,2,0,0,0.99,CHA202008050
Adrian Houser,housa001,2020-08-10,2020,MIL,MIN,4,5.0,23,75,6,1,1,1,1.05,MIL202008100
Adrian Houser,housa001,2020-08-15,2020,MIL,CHN,5,5.0,23,86,5,3,1,0,0.97,CHN202008150
Adrian Houser,housa001,2020-08-21,2020,MIL,PIT,3,7.0,29,98,9,1,1,0,1.0,PIT202008210
Adrian Houser,housa001,2020-08-27,2020,MIL,CIN,3,4.0,20,82,9,1,2,1,1.05,MIL202008271
Adrian Houser,housa001,2020-09-02,2020,MIL,DET,2,5.0,24,86,9,1,0,1,1.05,MIL202009020
Adrian Houser,housa001,2020-09-08,2020,MIL,DET,6,4.7,21,86,4,2,0,0,1.0,DET202009080
Adrian Houser,housa001,2020-09-13,2020,MIL,CHN,5,4.0,23,100,4,4,0,1,1.05,MIL202009130
Adrian Houser,housa001,2020-09-18,2020,MIL,KCA,2,4.0,18,72,5,2,0,1,1.05,MIL202009180
Adrian Houser,housa001,2020-09-23,2020,MIL,CIN,5,4.3,20,73,5,1,2,0,1.0,CIN202009230
Spencer Howard,howas003,2020-08-09,2020,PHI,ATL,4,4.7,22,81,7,1,2,1,1.01,PHI202008092
Spencer Howard,howas003,2020-08-14,2020,PHI,NYN,2,3.3,19,69,7,2,2,1,1.01,PHI202008140
Spencer Howard,howas003,2020-08-20,2020,PHI,TOR,5,3.7,18,67,5,2,0,0,1.0,TOR202008201
Spencer Howard,howas003,2020-08-31,2020,PHI,WAS,4,5.0,22,91,5,2,1,1,1.01,PHI202008310
Spencer Howard,howas003,2020-09-05,2020,PHI,NYN,3,4.0,18,65,4,1,0,0,1.06,NYN202009050
Spencer Howard,howas003,2020-09-12,2020,PHI,MIA,5,3.7,14,66,2,2,1,0,0.98,MIA202009120
Dakota Hudson,hudsd002,2020-07-26,2020,SLN,PIT,4,4.3,19,61,7,1,2,1,1.0,SLN202007260
Dakota Hudson,hudsd002,2020-08-16,2020,SLN,CHA,3,4.0,15,55,2,1,0,0,0.99,CHA202008160
Dakota Hudson,hudsd002,2020-08-21,2020,SLN,CIN,6,4.7,18,74,1,2,0,1,1.0,SLN202008210
Dakota Hudson,hudsd002,2020-08-26,2020,SLN,KCA,3,6.0,23,83,3,3,1,1,1.0,SLN202008260
Dakota Hudson,hudsd002,2020-08-31,2020,SLN,CIN,7,7.0,24,95,4,0,0,0,1.0,CIN202008310
Dakota Hudson,hudsd002,2020-09-06,2020,SLN,CHN,4,5.0,22,101,5,2,2,0,0.97,CHN202009060
Dakota Hudson,hudsd002,2020-09-12,2020,SLN,CIN,4,6.0,22,94,1,4,0,1,1.0,SLN202009120
Dakota Hudson,hudsd002,2020-09-17,2020,SLN,PIT,0,2.0,8,26,1,2,0,0,1.0,PIT202009170
Josh James,jamej002,2020-07-27,2020,HOU,SEA,5,3.0,17,75,3,5,1,1,1.02,HOU202007270
Josh James,jamej002,2020-08-02,2020,HOU,ANA,4,3.0,16,72,1,6,1,0,0.99,ANA202008020
Cristian Javier,javic001,2020-07-29,2020,HOU,LAN,8,5.7,20,82,2,1,1,1,1.02,HOU202007290
Cristian Javier,javic001,2020-08-04,2020,HOU,ARI,2,6.0,22,79,4,1,0,0,1.03,ARI202008040
Cristian Javier,javic001,2020-08-09,2020,HOU,OAK,5,3.0,14,63,3,2,3,0,1.0,OAK202008090
Cristian Javier,javic001,2020-08-15,2020,HOU,SEA,5,6.0,19,87,1,3,0,1,1.02,HOU202008150
Cristian Javier,javic001,2020-08-20,2020,HOU,COL,5,3.7,20,78,7,2,2,0,0.92,COL202008200
Cristian Javier,javic001,2020-08-25,2020,HOU,ANA,5,5.7,22,89,3,2,1,1,1.02,HOU202008251
Cristian Javier,javic001,2020-09-02,2020,HOU,TEX,3,6.7,24,93,2,2,1,1,1.02,HOU202009020
Cristian Javier,javic001,2020-09-07,2020,HOU,OAK,3,5.0,21,94,3,3,1,0,1.0,OAK202009070
Cristian Javier,javic001,2020-09-19,2020,HOU,ARI,6,4.0,17,77,4,1,1,1,1.02,HOU202009190
Cristian Javier,javic001,2020-09-24,2020,HOU,TEX,6,5.7,24,95,5,1,1,0,0.99,TEX202009240
Daulton Jefferies,jeffd001,2020-09-12,2020,OAK,TEX,1,2.0,13,53,5,2,2,0,0.99,TEX202009121
Jakob Junis,junij001,2020-08-02,2020,KCA,CHA,2,4.3,18,64,6,2,0,1,0.96,KCA202008020
Jakob Junis,junij001,2020-08-07,2020,KCA,MIN,2,4.7,21,76,5,2,2,1,0.96,KCA202008070
Jakob Junis,junij001,2020-08-26,2020,KCA,SLN,6,3.7,18,69,4,1,0,0,1.0,SLN202008260
Jakob Junis,junij001,2020-09-02,2020,KCA,CLE,1,4.0,16,46,4,0,1,1,0.96,KCA202009020
Jakob Junis,junij001,2020-09-08,2020,KCA,CLE,3,4.3,20,68,7,0,3,0,1.04,CLE202009080
Jakob Junis,junij001,2020-09-15,2020,KCA,DET,2,2.3,14,42,7,1,1,0,1.0,DET202009150
Ariel Jurado,juraa001,2020-09-01,2020,NYN,BAL,2,4.0,21,84,9,0,1,0,1.0,BAL202009010
Brad Keller,kellb003,2020-08-06,2020,KCA,CHN,7,5.0,20,75,3,2,0,1,0.96,KCA202008060
Brad Keller,kellb003,2020-08-12,2020,KCA,CIN,3,6.0,22,84,2,3,0,0,1.0,CIN202008120
Brad Keller,kellb003,2020-08-19,2020,KCA,CIN,5,6.7,24,95,3,3,0,1,0.96,KCA202008191
Brad Keller,kellb003,2020-08-24,2020,KCA,SLN,4,4.0,22,95,6,3,0,0,1.0,SLN202008240
Brad Keller,kellb003,2020-08-31,2020,KCA,CLE,4,6.3,23,103,3,1,0,1,0.96,KCA202008310
Brad Keller,kellb003,2020-09-07,2020,KCA,CLE,1,6.7,29,106,8,1,0,0,1.04,CLE202009070
Brad Keller,kellb003,2020-09-13,2020,KCA,PIT,2,9.0,32,111,5,1,0,1,0.96,KCA202009130
Brad Keller,kellb003,2020-09-20,2020,KCA,MIL,4,5.0,22,97,5,3,2,0,1.05,MIL202009200
Brad Keller,kellb003,2020-09-25,2020,KCA,DET,5,6.0,21,86,4,0,0,1,0.96,KCA202009250
Joe Kelly,kellj001,2020-09-23,2020,LAN,OAK,1,1.0,6,22,2,1,0,1,1.03,LAN202009230
Merrill Kelly,kellm002,2020-07-28,2020,ARI,TEX,7,7.7,27,104,3,1,1,0,0.99,TEX202007280
Merrill Kelly,kellm002,2020-08-02,2020,ARI,LAN,4,6.0,27,90,9,0,2,1,1.03,ARI202008020
Merrill Kelly,kellm002,2020-08-08,2020,ARI,SDN,4,6.0,22,83,6,0,1,0,1.08,SDN202008080
Merrill Kelly,kellm002,2020-08-14,2020,ARI,SDN,7,6.7,26,96,3,2,0,1,1.03,ARI202008140
Merrill Kelly,kellm002,2020-08-19,2020,ARI,OAK,7,5.0,23,99,5,2,1,0,1.0,OAK202008190
Mitch Keller,kellm003,2020-07-26,2020,PIT,SLN,2,5.0,18,87,2,3,0,0,1.0,SLN202007260
Mitch Keller,kellm003,2020-08-01,2020,PIT,CHN,1,2.7,13,51,5,1,2,0,0.97,CHN202008010
Mitch Keller,kellm003,2020-09-14,2020,PIT,CIN,4,3.0,14,65,2,4,2,0,1.0,CIN202009142
Mitch Keller,kellm003,2020-09-19,2020,PIT,SLN,6,6.0,21,84,0,2,0,1,1.0,PIT202009190
Mitch Keller,kellm003,2020-09-25,2020,PIT,CLE,3,5.0,21,98,0,8,0,0,1.04,CLE202009250
Ian Kennedy,kenni001,2020-08-15,2020,KCA,MIN,3,2.0,8,34,1,1,0,0,1.0,MIN202008151
Clayton Kershaw,kersc001,2020-08-02,2020,LAN,ARI,6,5.7,20,81,3,0,0,0,1.03,ARI202008020
Clayton Kershaw,kersc001,2020-08-08,2020,LAN,SFN,6,4.3,21,85,7,1,3,1,1.03,LAN202008080
Clayton Kershaw,kersc001,2020-08-14,2020,LAN,ANA,6,7.0,23,91,1,2,1,0,0.99,ANA202008140
Clayton Kershaw,kersc001,2020-08-20,2020,LAN,SEA,11,7.0,26,96,4,1,1,0,1.04,SEA202008200
Clayton Kershaw,kersc001,2020-08-27,2020,LAN,SFN,4,6.0,22,86,4,0,0,0,1.03,SFN202008271
Clayton Kershaw,kersc001,2020-09-03,2020,LAN,ARI,8,6.0,22,99,1,2,0,1,1.03,LAN202009030
Clayton Kershaw,kersc001,2020-09-09,2020,LAN,ARI,3,5.0,22,87,4,2,0,0,1.03,ARI202009090
Clayton Kershaw,kersc001,2020-09-14,2020,LAN,SDN,9,6.3,24,99,5,0,1,0,1.08,SDN202009140
Clayton Kershaw,kersc001,2020-09-19,2020,LAN,COL,6,7.0,22,86,4,0,0,0,0.92,COL202009190
Clayton Kershaw,kersc001,2020-09-25,2020,LAN,ANA,3,4.0,19,78,8,0,2,1,1.03,LAN202009250
Dallas Keuchel,keucd001,2020-07-25,2020,CHA,MIN,1,5.3,19,73,3,0,0,1,0.99,CHA202007250
Dallas Keuchel,keucd001,2020-07-31,2020,CHA,KCA,2,5.3,25,92,7,1,1,0,0.96,KCA202007310
Dallas Keuchel,keucd001,2020-08-05,2020,CHA,MIL,8,7.0,27,97,5,1,0,1,0.99,CHA202008050
Dallas Keuchel,keucd001,2020-08-10,2020,CHA,DET,4,6.0,24,92,6,2,1,0,1.0,DET202008100
Dallas Keuchel,keucd001,2020-08-16,2020,CHA,SLN,1,5.7,23,93,4,2,0,1,0.99,CHA202008160
Dallas Keuchel,keucd001,2020-08-21,2020,CHA,CHN,3,8.0,31,114,6,1,0,0,0.97,CHN202008210
Dallas Keuchel,keucd001,2020-08-26,2020,CHA,PIT,7,6.0,25,97,4,3,0,1,0.99,CHA202008260
Dallas Keuchel,keucd001,2020-09-01,2020,CHA,MIN,4,5.0,24,85,7,2,0,0,1.0,MIN202009010
Dallas Keuchel,keucd001,2020-09-06,2020,CHA,KCA,2,5.0,17,49,2,0,0,0,0.96,KCA202009060
Dallas Keuchel,keucd001,2020-09-19,2020,CHA,CIN,7,4.0,19,75,4,3,0,0,1.0,CIN202009190
Dallas Keuchel,keucd001,2020-09-24,2020,CHA,CLE,3,6.0,23,93,4,2,0,0,1.04,CLE202009240
Mike Kickham,kickm001,2020-09-10,2020,BOS,TBA,8,4.0,18,65,3,1,2,0,1.05,TBA202009100
Mike Kickham,kickm001,2020-09-16,2020,BOS,MIA,3,2.7,15,61,7,0,2,0,0.98,MIA202009160
Yusei Kikuchi,kikuy001,2020-07-26,2020,SEA,HOU,4,3.7,18,70,5,4,0,0,1.02,HOU202007260
Yusei Kikuchi,kikuy001,2020-08-01,2020,SEA,OAK,9,6.0,20,89,3,1,0,1,1.04,SEA202008010
Yusei Kikuchi,kikuy001,2020-08-07,2020,SEA,COL,3,5.7,24,95,6,1,0,1,1.04,SEA202008070
Yusei Kikuchi,kikuy001,2020-08-20,2020,SEA,LAN,5,4.7,22,89,4,4,0,1,1.04,SEA202008200
Yusei Kikuchi,kikuy001,2020-08-27,2020,SEA,SDN,6,5.0,21,81,7,0,1,0,1.08,SDN202008272
Yusei Kikuchi,kikuy001,2020-09-04,2020,SEA,TEX,7,6.0,19,89,2,0,1,1,1.04,SEA202009040
Yusei Kikuchi,kikuy001,2020-09-11,2020,SEA,ARI,5,6.0,25,94,6,1,0,0,1.03,ARI202009110
Yusei Kikuchi,kikuy001,2020-09-18,2020,SEA,SDN,3,4.0,22,89,4,6,1,0,1.08,SDN202009180
Yusei Kikuchi,kikuy001,2020-09-25,2020,SEA,OAK,5,6.0,23,99,4,3,0,0,1.0,OAK202009250
Kwang Hyun Kim,kim-k001,2020-08-17,2020,SLN,CHN,1,3.7,16,57,3,3,1,0,0.97,CHN202008171
Kwang Hyun Kim,kim-k001,2020-08-22,2020,SLN,CIN,3,6.0,21,83,3,0,0,1,1.0,SLN202008220
Kwang Hyun Kim,kim-k001,2020-08-27,2020,SLN,PIT,3,6.0,23,80,3,1,0,1,1.0,SLN202008271
Kwang Hyun Kim,kim-k001,2020-09-01,2020,SLN,CIN,4,5.0,18,85,3,2,0,0,1.0,CIN202009010
Kwang Hyun Kim,kim-k001,2020-09-14,2020,SLN,MIL,6,7.0,27,87,3,3,0,0,1.05,MIL202009141
Kwang Hyun Kim,kim-k001,2020-09-19,2020,SLN,PIT,4,5.3,23,103,6,1,2,0,1.0,PIT202009190
Kwang Hyun Kim,kim-k001,2020-09-24,2020,SLN,MIL,3,5.0,21,99,5,2,0,1,1.0,SLN202009240
Mike King,kingm002,2020-08-08,2020,NYA,TBA,4,3.7,17,70,1,5,0,0,1.05,TBA202008082
Mike King,kingm002,2020-08-30,2020,NYA,NYN,3,3.7,18,68,6,1,0,1,0.99,NYA202008301
Mike King,kingm002,2020-09-04,2020,NYA,BAL,3,4.0,19,74,4,2,2,0,1.0,BAL202009041
Mike King,kingm002,2020-09-21,2020,NYA,TOR,6,2.7,14,65,5,1,0,0,1.0,TOR202009210
Andrew Kittredge,kitta001,2020-08-11,2020,TBA,BOS,0,0.3,2,5,1,0,0,0,0.98,BOS202008110
Corey Kluber,klubc001,2020-07-26,2020,TEX,COL,1,1.0,3,18,0,1,0,1,0.99,TEX202007260
Dean Kremer,kremd001,2020-09-06,2020,BAL,NYA,7,6.0,22,88,1,3,0,1,1.0,BAL202009060
Dean Kremer,kremd001,2020-09-12,2020,BAL,NYA,7,5.0,22,99,4,3,0,0,0.99,NYA202009120
Dean Kremer,kremd001,2020-09-17,2020,BAL,TBA,6,5.0,21,95,3,3,0,1,1.0,BAL202009171
Dean Kremer,kremd001,2020-09-23,2020,BAL,BOS,2,2.7,18,64,7,3,0,0,0.98,BOS202009230
Chad Kuhl,kuhlc001,2020-08-07,2020,PIT,DET,7,4.0,13,58,1,0,1,1,1.0,PIT202008070
Chad Kuhl,kuhlc001,2020-08-14,2020,PIT,CIN,6,5.0,19,77,4,1,2,0,1.0,CIN202008140
Chad Kuhl,kuhlc001,2020-08-21,2020,PIT,MIL,1,5.0,20,84,2,3,1,1,1.0,PIT202008210
Chad Kuhl,kuhlc001,2020-08-27,2020,PIT,SLN,1,6.0,23,81,4,4,1,0,1.0,SLN202008271
Chad Kuhl,kuhlc001,2020-09-01,2020,PIT,CHN,3,4.0,20,86,6,2,1,1,1.0,PIT202009010
Chad Kuhl,kuhlc001,2020-09-06,2020,PIT,CIN,5,3.0,15,64,2,4,1,1,1.0,PIT202009060
Chad Kuhl,kuhlc001,2020-09-13,2020,PIT,KCA,5,2.3,17,70,4,6,1,0,0.96,KCA202009130
Chad Kuhl,kuhlc001,2020-09-18,2020,PIT,SLN,6,5.0,22,88,5,2,0,1,1.0,PIT202009182
Chad Kuhl,kuhlc001,2020-09-24,2020,PIT,CHN,5,7.0,26,98,2,3,0,1,1.0,PIT202009240
Dinelson Lamet,lamed001,2020-07-25,2020,SDN,ARI,8,5.0,21,80,5,1,0,1,1.08,SDN202007250
Dinelson Lamet,lamed001,2020-07-30,2020,SDN,SFN,7,5.0,24,91,4,4,0,0,1.03,SFN202007300
Dinelson Lamet,lamed001,2020-08-04,2020,SDN,LAN,2,5.7,23,84,2,2,0,1,1.08,SDN202008040
Dinelson Lamet,lamed001,2020-08-09,2020,SDN,ARI,11,6.7,22,83,1,0,1,1,1.08,SDN202008090
Dinelson Lamet,lamed001,2020-08-14,2020,SDN,ARI,8,6.0,22,81,3,1,1,0,1.03,ARI202008140
Dinelson Lamet,lamed001,2020-08-20,2020,SDN,TEX,9,5.0,20,97,2,3,1,1,1.08,SDN202008200
Dinelson Lamet,lamed001,2020-08-27,2020,SDN,SEA,6,5.0,23,86,5,3,1,1,1.08,SDN202008271
Dinelson Lamet,lamed001,2020-09-02,2020,SDN,ANA,6,6.3,25,89,5,1,1,0,0.99,ANA202009020
Dinelson Lamet,lamed001,2020-09-07,2020,SDN,COL,11,7.7,27,111,6,0,0,1,1.08,SDN202009070
Dinelson Lamet,lamed001,2020-09-14,2020,SDN,LAN,11,7.0,25,98,3,2,0,1,1.08,SDN202009140
Dinelson Lamet,lamed001,2020-09-20,2020,SDN,SEA,10,6.0,21,86,2,2,0,1,1.08,SDN202009200
Dinelson Lamet,lamed001,2020-09-25,2020,SDN,SFN,4,3.7,14,56,1,1,0,0,1.03,SFN202009252
Eric Lauer,lauee001,2020-08-07,2020,MIL,CIN,2,3.0,18,70,5,3,1,1,1.05,MIL202008070
Eric Lauer,lauee001,2020-08-12,2020,MIL,MIN,2,3.7,23,83,9,2,1,1,1.05,MIL202008120
Wade LeBlanc,leblw001,2020-07-26,2020,BAL,BOS,4,5.7,21,76,4,0,2,0,0.98,BOS202007260
Wade LeBlanc,leblw001,2020-08-01,2020,BAL,TBA,3,5.3,21,83,4,1,1,1,1.0,BAL202008010
Wade LeBlanc,leblw001,2020-08-06,2020,BAL,MIA,1,3.3,19,56,7,1,1,1,1.0,BAL202008060
Wade LeBlanc,leblw001,2020-08-12,2020,BAL,PHI,2,3.3,19,72,6,3,0,0,1.01,PHI202008120
Wade LeBlanc,leblw001,2020-08-18,2020,BAL,TOR,3,4.0,19,66,5,2,1,1,1.0,BAL202008180
Wade LeBlanc,leblw001,2020-08-23,2020,BAL,BOS,0,0.7,4,14,1,1,1,1,1.0,BAL202008230
Jon Lester,lestj001,2020-07-27,2020,CHN,CIN,1,5.0,19,76,0,1,0,0,1.0,CIN202007270
Jon Lester,lestj001,2020-08-02,2020,CHN,PIT,4,6.0,23,89,4,1,1,1,0.97,CHN202008020
Jon Lester,lestj001,2020-08-11,2020,CHN,CLE,4,6.0,24,93,3,2,0,0,1.04,CLE202008110
Jon Lester,lestj001,2020-08-16,2020,CHN,MIL,5,6.0,26,91,9,0,2,1,0.97,CHN202008160
Jon Lester,lestj001,2020-08-21,2020,CHN,CHA,3,3.7,20,77,9,0,4,1,0.97,CHN202008210
Jon Lester,lestj001,2020-08-26,2020,CHN,DET,5,5.0,24,93,8,1,0,0,1.0,DET202008260
Jon Lester,lestj001,2020-09-01,2020,CHN,PIT,3,5.3,27,93,8,3,0,0,1.0,PIT202009010
Jon Lester,lestj001,2020-09-06,2020,CHN,SLN,4,3.3,19,67,6,2,2,1,0.97,CHN202009060
Jon Lester,lestj001,2020-09-11,2020,CHN,MIL,8,6.0,23,97,3,2,0,0,1.05,MIL202009110
Jon Lester,lestj001,2020-09-16,2020,CHN,CLE,1,5.0,19,62,4,1,1,1,0.97,CHN202009160
Jon Lester,lestj001,2020-09-21,2020,CHN,PIT,1,6.0,21,90,4,1,0,0,1.0,PIT202009210
Jon Lester,lestj001,2020-09-26,2020,CHN,CHA,3,3.7,20,79,6,3,1,0,0.99,CHA202009260
Robinson Leyer,leyer001,2020-09-02,2020,BOS,ATL,2,1.0,5,19,1,1,0,1,0.98,BOS202009020
Josh Lindblom,lindj004,2020-07-28,2020,MIL,PIT,5,3.7,17,64,3,3,0,0,1.0,PIT202007280
Josh Lindblom,lindj004,2020-08-06,2020,MIL,CHA,7,5.0,18,84,4,1,1,0,0.99,CHA202008060
Josh Lindblom,lindj004,2020-08-11,2020,MIL,MIN,8,4.0,21,88,7,2,3,1,1.05,MIL202008110
Josh Lindblom,lindj004,2020-08-16,2020,MIL,CHN,8,5.0,22,90,3,4,0,0,0.97,CHN202008160
Josh Lindblom,lindj004,2020-08-22,2020,MIL,PIT,4,4.0,19,68,6,1,1,0,1.0,PIT202008220
Josh Lindblom,lindj004,2020-08-27,2020,MIL,CIN,4,4.0,17,75,3,1,0,1,1.05,MIL202008272
Josh Lindblom,lindj004,2020-09-01,2020,MIL,DET,4,5.0,24,101,6,3,1,1,1.05,MIL202009010
Josh Lindblom,lindj004,2020-09-14,2020,MIL,SLN,6,5.0,17,77,3,0,0,1,1.05,MIL202009141
Josh Lindblom,lindj004,2020-09-20,2020,MIL,KCA,2,5.3,18,74,3,0,0,1,1.05,MIL202009200
Josh Lindblom,lindj004,2020-09-25,2020,MIL,SLN,2,2.3,12,47,4,1,0,0,1.0,SLN202009252
Jonathan Loáisiga,loaij001,2020-07-26,2020,NYA,WAS,3,3.0,11,51,2,1,1,0,1.01,WAS202007260
Jonathan Loáisiga,loaij001,2020-08-05,2020,NYA,PHI,3,2.3,12,51,3,1,0,0,1.01,PHI202008052
Jonathan Loáisiga,loaij001,2020-08-28,2020,NYA,NYN,3,3.0,11,39,3,0,0,1,0.99,NYA202008282
Walker Lockett,lockw001,2020-08-14,2020,NYN,PHI,5,6.0,27,84,7,2,1,0,1.01,PHI202008140
Jorge López,lopej004,2020-08-30,2020,BAL,TOR,3,4.7,20,63,3,3,0,0,1.0,TOR202008300
Jorge López,lopej004,2020-09-04,2020,BAL,NYA,2,5.0,21,88,3,1,0,1,1.0,BAL202009042
Jorge López,lopej004,2020-09-09,2020,BAL,NYN,6,4.7,21,84,6,1,2,0,1.06,NYN202009090
Jorge López,lopej004,2020-09-14,2020,BAL,ATL,3,7.0,26,93,5,2,1,1,1.0,BAL202009140
Jorge López,lopej004,2020-09-19,2020,BAL,TBA,5,6.0,26,98,8,1,2,1,1.0,BAL202009190
Jorge López,lopej004,2020-09-25,2020,BAL,TOR,1,2.0,16,54,9,1,1,0,1.0,TOR202009250
Pablo López,lopep002,2020-08-04,2020,MIA,BAL,7,5.0,17,61,2,0,0,0,1.0,BAL202008040
Pablo López,lopep002,2020-08-09,2020,MIA,NYN,4,5.0,25,79,5,4,0,0,1.06,NYN202008090
Pablo López,lopep002,2020-08-14,2020,MIA,ATL,8,6.0,25,85,7,0,1,1,0.98,MIA202008140
Pablo López,lopep002,2020-08-19,2020,MIA,NYN,5,6.3,25,90,7,1,0,1,0.98,MIA202008190
Pablo López,lopep002,2020-08-24,2020,MIA,WAS,3,5.0,23,84,6,2,0,0,1.01,WAS202008240
Pablo López,lopep002,2020-08-29,2020,MIA,TBA,5,7.0,27,88,6,0,0,1,0.98,MIA202008290
Pablo López,lopep002,2020-09-04,2020,MIA,TBA,6,4.0,19,78,5,2,1,0,1.05,TBA202009040
Pablo López,lopep002,2020-09-09,2020,MIA,ATL,2,1.7,13,55,4,4,1,0,1.02,ATL202009090
Pablo López,lopep002,2020-09-14,2020,MIA,PHI,6,7.0,24,95,3,0,1,1,0.98,MIA202009140
Pablo López,lopep002,2020-09-19,2020,MIA,WAS,7,5.3,22,100,3,3,0,1,0.98,MIA202009190
Pablo López,lopep002,2020-09-24,2020,MIA,ATL,6,5.0,20,84,2,2,0,0,1.02,ATL202009240
Reynaldo López,loper003,2020-07-26,2020,CHA,MIN,0,0.7,7,38,3,2,1,1,0.99,CHA202007260
Reynaldo López,loper003,2020-08-22,2020,CHA,CHN,4,3.3,14,50,1,2,0,0,0.97,CHN202008220
Reynaldo López,loper003,2020-08-28,2020,CHA,KCA,4,4.0,19,70,6,2,1,1,0.99,CHA202008280
Reynaldo López,loper003,2020-09-02,2020,CHA,MIN,2,1.7,11,53,4,2,1,0,1.0,MIN202009020
Reynaldo López,loper003,2020-09-12,2020,CHA,DET,2,5.0,18,75,3,1,0,1,0.99,CHA202009120
Reynaldo López,loper003,2020-09-17,2020,CHA,MIN,6,5.3,21,83,4,1,3,1,0.99,CHA202009170
Reynaldo López,loper003,2020-09-22,2020,CHA,CLE,3,5.0,20,85,3,2,1,0,1.04,CLE202009220
Reynaldo López,loper003,2020-09-27,2020,CHA,CHN,3,1.3,11,49,4,3,2,1,0.99,CHA202009270
Michael Lorenzen,lorem002,2020-09-15,2020,CIN,PIT,6,5.0,19,76,4,0,0,1,1.0,CIN202009150
Michael Lorenzen,lorem002,2020-09-20,2020,CIN,CHA,8,4.7,19,93,3,2,0,1,1.0,CIN202009200
Joey Lucchesi,luccj001,2020-07-27,2020,SDN,ARI,2,3.7,17,61,5,1,0,1,1.08,SDN202007270
Joey Lucchesi,luccj001,2020-08-01,2020,SDN,COL,3,1.7,12,51,6,1,0,0,0.92,COL202008010
Seth Lugo,lugos001,2020-08-25,2020,NYN,MIA,5,3.0,9,39,0,0,0,1,1.06,NYN202008252
Seth Lugo,lugos001,2020-08-30,2020,NYN,NYA,7,3.7,16,60,4,2,1,0,0.99,NYA202008302
Seth Lugo,lugos001,2020-09-05,2020,NYN,PHI,8,5.0,21,81,4,2,1,1,1.06,NYN202009050
Seth Lugo,lugos001,2020-09-12,2020,NYN,TOR,5,5.3,24,91,7,1,0,0,1.0,TOR202009120
Seth Lugo,lugos001,2020-09-17,2020,NYN,PHI,3,1.7,14,52,8,0,4,0,1.01,PHI202009170
Seth Lugo,lugos001,2020-09-22,2020,NYN,TBA,7,6.3,24,95,4,1,1,1,1.06,NYN202009220
Seth Lugo,lugos001,2020-09-27,2020,NYN,WAS,1,1.3,12,38,5,2,0,0,1.01,WAS202009270
Jesús Luzardo,luzaj001,2020-08-04,2020,OAK,TEX,5,5.0,18,76,2,2,0,1,1.0,OAK202008040
Jesús Luzardo,luzaj001,2020-08-09,2020,OAK,HOU,5,5.7,22,89,5,2,1,1,1.0,OAK202008090
Jesús Luzardo,luzaj001,2020-08-14,2020,OAK,SFN,3,3.3,21,72,9,2,2,0,1.03,SFN202008140
Jesús Luzardo,luzaj001,2020-08-19,2020,OAK,ARI,7,6.3,24,92,4,2,0,1,1.0,OAK202008190
Jesús Luzardo,luzaj001,2020-08-24,2020,OAK,TEX,7,6.7,28,96,7,2,1,0,0.99,TEX202008240
Jesús Luzardo,luzaj001,2020-09-04,2020,OAK,SDN,4,4.7,21,78,6,0,0,1,1.0,OAK202009040
Jesús Luzardo,luzaj001,2020-09-09,2020,OAK,HOU,7,7.0,26,100,4,1,2,1,1.0,OAK202009090
Jesús Luzardo,luzaj001,2020-09-14,2020,OAK,SEA,7,4.7,22,82,7,0,3,0,1.04,SEA202009141
Jesús Luzardo,luzaj001,2020-09-19,2020,OAK,SFN,7,6.0,23,90,5,0,0,1,1.0,OAK202009190
Jordan Lyles,lylej001,2020-08-01,2020,TEX,SFN,1,4.0,18,78,3,5,0,0,1.03,SFN202008010
Jordan Lyles,lylej001,2020-08-07,2020,TEX,ANA,5,5.3,24,90,6,2,1,1,0.99,TEX202008070
Jordan Lyles,lylej001,2020-08-12,2020,TEX,SEA,4,5.0,26,96,6,4,2,1,0.99,TEX202008120
Jordan Lyles,lylej001,2020-08-17,2020,TEX,SDN,2,4.0,20,70,7,1,1,1,0.99,TEX202008170
Jordan Lyles,lylej001,2020-08-22,2020,TEX,SEA,2,4.0,23,88,11,0,1,0,1.04,SEA202008220
Jordan Lyles,lylej001,2020-09-06,2020,TEX,SEA,4,6.3,25,97,3,4,2,0,1.04,SEA202009060
Jordan Lyles,lylej001,2020-09-17,2020,TEX,HOU,2,7.0,26,97,3,1,1,0,1.02,HOU202009170
Jordan Lyles,lylej001,2020-09-22,2020,TEX,ARI,3,5.0,27,93,10,0,1,0,1.03,ARI202009220
Jordan Lyles,lylej001,2020-09-27,2020,TEX,HOU,4,3.0,15,64,4,2,1,1,0.99,TEX202009270
Lance Lynn,lynnl001,2020-07-24,2020,TEX,COL,9,6.0,24,108,2,4,0,1,0.99,TEX202007240
Lance Lynn,lynnl001,2020-07-29,2020,TEX,ARI,8,6.0,21,102,1,2,0,1,0.99,TEX202007290
Lance Lynn,lynnl001,2020-08-04,2020,TEX,OAK,7,6.3,24,107,3,3,1,0,1.0,OAK202008040
Lance Lynn,lynnl001,2020-08-09,2020,TEX,ANA,6,5.0,21,102,4,3,1,1,0.99,TEX202008090
Lance Lynn,lynnl001,2020-08-14,2020,TEX,COL,6,9.0,31,110,2,0,0,0,0.92,COL202008140
Lance Lynn,lynnl001,2020-08-19,2020,TEX,SDN,6,7.0,29,111,8,0,2,0,1.08,SDN202008190
Lance Lynn,lynnl001,2020-08-24,2020,TEX,OAK,8,6.0,26,105,5,2,1,1,0.99,TEX202008240
Lance Lynn,lynnl001,2020-08-29,2020,TEX,LAN,6,6.0,26,110,5,3,1,1,0.99,TEX202008290
Lance Lynn,lynnl001,2020-09-03,2020,TEX,HOU,7,6.0,30,111,8,2,2,0,1.02,HOU202009030
Lance Lynn,lynnl001,2020-09-08,2020,TEX,ANA,6,7.0,28,114,4,2,1,1,0.99,TEX202009080
Lance Lynn,lynnl001,2020-09-13,2020,TEX,OAK,10,7.0,26,110,3,2,0,1,0.99,TEX202009130
Lance Lynn,lynnl001,2020-09-19,2020,TEX,ANA,5,7.0,27,107,7,0,1,0,0.99,ANA202009190
Lance Lynn,lynnl001,2020-09-24,2020,TEX,HOU,5,5.7,31,104,12,2,3,1,0.99,TEX202009240
Kenta Maeda,maedk001,2020-07-26,2020,MIN,CHA,6,5.0,20,84,4,1,1,0,0.99,CHA202007260
Kenta Maeda,maedk001,2020-08-01,2020,MIN,CLE,6,6.0,20,83,1,1,0,1,1.0,MIN202008010
Kenta Maeda,maedk001,2020-08-06,2020,MIN,PIT,4,6.0,22,80,3,1,1,0,1.0,PIT202008060
Kenta Maeda,maedk001,2020-08-12,2020,MIN,MIL,5,6.7,26,85,5,1,0,0,1.05,MIL202008120
Kenta Maeda,maedk001,2020-08-18,2020,MIN,MIL,12,8.0,27,115,1,2,0,1,1.0,MIN202008180
Kenta Maeda,maedk001,2020-08-24,2020,MIN,CLE,7,5.0,21,83,5,1,1,0,1.04,CLE202008240
Kenta Maeda,maedk001,2020-08-30,2020,MIN,DET,8,6.0,24,91,6,0,2,0,1.0,DET202008300
Kenta Maeda,maedk001,2020-09-05,2020,MIN,DET,8,6.0,21,91,2,1,1,1,1.0,MIN202009050
Kenta Maeda,maedk001,2020-09-11,2020,MIN,CLE,7,7.0,25,94,4,2,0,1,1.0,MIN202009110
Kenta Maeda,maedk001,2020-09-17,2020,MIN,CHA,8,5.0,19,86,5,0,2,0,0.99,CHA202009170
Kenta Maeda,maedk001,2020-09-23,2020,MIN,DET,9,6.0,23,94,4,0,1,1,1.0,MIN202009230
Tyler Mahle,mahlt001,2020-07-28,2020,CIN,CHN,4,4.0,18,69,6,1,0,1,1.0,CIN202007280
Tyler Mahle,mahlt001,2020-08-04,2020,CIN,CLE,6,6.0,22,98,1,2,0,1,1.0,CIN202008040
Tyler Mahle,mahlt001,2020-08-23,2020,CIN,SLN,5,3.0,16,71,5,2,1,0,1.0,SLN202008230
Tyler Mahle,mahlt001,2020-08-28,2020,CIN,CHN,11,6.7,25,106,2,2,2,1,1.0,CIN202008280
Tyler Mahle,mahlt001,2020-09-02,2020,CIN,SLN,3,7.0,26,97,4,2,2,1,1.0,CIN202009020
Tyler Mahle,mahlt001,2020-09-08,2020,CIN,CHN,10,7.0,27,109,3,1,0,0,0.97,CHN202009080
Tyler Mahle,mahlt001,2020-09-13,2020,CIN,SLN,3,2.7,16,77,4,4,0,0,1.0,SLN202009130
Tyler Mahle,mahlt001,2020-09-18,2020,CIN,CHA,8,5.7,23,100,4,2,0,1,1.0,CIN202009180
Tyler Mahle,mahlt001,2020-09-25,2020,CIN,MIN,4,2.3,12,62,3,2,0,0,1.0,MIN202009250
Sean Manaea,manas001,2020-07-25,2020,OAK,ANA,3,4.7,19,55,5,0,1,1,1.0,OAK202007250
Sean Manaea,manas001,2020-07-31,2020,OAK,SEA,4,4.3,19,69,6,0,0,0,1.04,SEA202007310
Sean Manaea,manas001,2020-08-05,2020,OAK,TEX,5,3.3,17,74,6,1,1,1,1.0,OAK202008050
Sean Manaea,manas001,2020-08-10,2020,OAK,ANA,1,2.7,16,71,7,3,1,0,0.99,ANA202008100
Sean Manaea,manas001,2020-08-15,2020,OAK,SFN,5,5.0,18,76,3,1,0,0,1.03,SFN202008150
Sean Manaea,manas001,2020-08-20,2020,OAK,ARI,4,5.3,20,74,5,0,1,1,1.0,OAK202008200
Sean Manaea,manas001,2020-08-25,2020,OAK,TEX,3,5.0,21,86,6,0,0,0,0.99,TEX202008250
Sean Manaea,manas001,2020-09-05,2020,OAK,SDN,5,5.0,20,64,4,1,0,1,1.0,OAK202009050
Sean Manaea,manas001,2020-09-10,2020,OAK,HOU,4,7.0,22,61,2,0,0,1,1.0,OAK202009100
Sean Manaea,manas001,2020-09-15,2020,OAK,COL,7,5.7,25,89,7,1,1,0,0.92,COL202009150
Sean Manaea,manas001,2020-09-23,2020,OAK,LAN,4,6.0,25,91,6,1,2,0,1.03,LAN202009230
Nick Margevicius,margn001,2020-08-08,2020,SEA,COL,3,3.3,14,61,3,1,0,1,1.04,SEA202008080
Nick Margevicius,margn001,2020-08-15,2020,SEA,HOU,3,6.0,22,91,4,0,1,0,1.02,HOU202008150
Nick Margevicius,margn001,2020-08-21,2020,SEA,TEX,7,5.3,23,82,6,1,1,1,1.04,SEA202008210
Nick Margevicius,margn001,2020-08-28,2020,SEA,ANA,5,6.0,24,98,7,2,0,0,0.99,ANA202008280
Nick Margevicius,margn001,2020-09-09,2020,SEA,SFN,6,4.7,23,101,6,3,1,0,1.03,SFN202009090
Nick Margevicius,margn001,2020-09-17,2020,SEA,SFN,3,5.0,22,74,5,3,1,0,1.03,SFN202009170
Nick Margevicius,margn001,2020-09-23,2020,SEA,HOU,4,6.0,23,94,3,3,0,1,1.04,SEA202009230
Germán Márquez,marqg001,2020-07-24,2020,COL,TEX,6,5.7,23,94,2,3,0,0,0.99,TEX202007240
Germán Márquez,marqg001,2020-07-29,2020,COL,OAK,8,6.0,23,95,4,1,1,0,1.0,OAK202007290
Germán Márquez,marqg001,2020-08-04,2020,COL,SFN,9,7.3,29,101,6,1,0,1,0.92,COL202008040
Germán Márquez,marqg001,2020-08-09,2020,COL,SEA,4,7.0,27,83,6,1,1,0,1.04,SEA202008090
Germán Márquez,marqg001,2020-08-15,2020,COL,TEX,3,6.0,26,102,9,2,0,1,0.92,COL202008150
Germán Márquez,marqg001,2020-08-20,2020,COL,HOU,5,5.0,27,87,10,2,1,1,0.92,COL202008200
Germán Márquez,marqg001,2020-08-25,2020,COL,ARI,5,5.0,24,95,6,3,2,0,1.03,ARI202008250
Germán Márquez,marqg001,2020-08-31,2020,COL,SDN,7,6.0,27,87,8,2,1,1,0.92,COL202008310
Germán Márquez,marqg001,2020-09-05,2020,COL,LAN,5,7.0,28,96,5,3,0,0,1.03,LAN202009050
Germán Márquez,marqg001,2020-09-11,2020,COL,ANA,5,7.0,28,91,6,1,0,1,0.92,COL202009110
Germán Márquez,marqg001,2020-09-16,2020,COL,OAK,6,6.7,28,102,6,4,0,1,0.92,COL202009160
Germán Márquez,marqg001,2020-09-21,2020,COL,SFN,3,6.0,25,100,5,1,0,0,1.03,SFN202009210
Germán Márquez,marqg001,2020-09-26,2020,COL,ARI,7,7.0,29,88,5,1,0,0,1.03,ARI202009260
Carlos Martínez,martc006,2020-07-28,2020,SLN,MIN,2,3.7,20,73,7,1,2,0,1.0,MIN202007280
Carlos Martínez,martc006,2020-09-08,2020,SLN,MIN,3,3.7,19,80,7,1,1,1,1.0,SLN202009081
Carlos Martínez,martc006,2020-09-13,2020,SLN,CIN,8,4.0,20,90,6,2,1,1,1.0,SLN202009130
Carlos Martínez,martc006,2020-09-18,2020,SLN,PIT,1,3.7,20,78,3,4,0,0,1.0,PIT202009181
Carlos Martínez,martc006,2020-09-23,2020,SLN,KCA,3,5.0,25,82,9,2,2,0,0.96,KCA202009230
Steven Matz,matzs001,2020-07-25,2020,NYN,ATL,7,6.0,20,93,2,1,1,1,1.06,NYN202007250
Steven Matz,matzs001,2020-07-30,2020,NYN,BOS,3,5.3,24,104,8,2,2,1,1.06,NYN202007300
Steven Matz,matzs001,2020-08-04,2020,NYN,WAS,3,3.0,17,78,7,0,2,0,1.01,WAS202008040
Steven Matz,matzs001,2020-08-10,2020,NYN,WAS,5,4.3,22,91,8,0,3,1,1.06,NYN202008100
Steven Matz,matzs001,2020-08-15,2020,NYN,PHI,5,4.3,21,81,5,3,1,0,1.01,PHI202008150
Steven Matz,matzs001,2020-09-18,2020,NYN,ATL,5,2.7,18,76,8,3,2,1,1.06,NYN202009180
Dustin May,may-d003,2020-07-23,2020,LAN,SFN,4,4.3,20,60,7,0,0,1,1.03,LAN202007230
Dustin May,may-d003,2020-07-29,2020,LAN,HOU,3,3.3,15,76,3,2,0,0,1.02,HOU202007290
Dustin May,may-d003,2020-08-04,2020,LAN,SDN,8,6.0,22,82,3,1,1,0,1.08,SDN202008040
Dustin May,may-d003,2020-08-10,2020,LAN,SDN,2,6.0,24,83,5,2,1,1,1.03,LAN202008100
Dustin May,may-d003,2020-08-16,2020,LAN,ANA,2,4.3,20,85,7,0,1,0,0.99,ANA202008160
Dustin May,may-d003,2020-08-22,2020,LAN,COL,1,5.0,19,81,2,2,1,1,1.03,LAN202008220
Dustin May,may-d003,2020-08-28,2020,LAN,TEX,3,6.0,23,80,5,2,0,0,0.99,TEX202008280
Dustin May,may-d003,2020-09-04,2020,LAN,COL,5,5.7,21,84,3,1,2,1,1.03,LAN202009040
Dustin May,may-d003,2020-09-10,2020,LAN,ARI,0,1.0,5,16,2,0,0,0,1.03,ARI202009100
Dustin May,may-d003,2020-09-22,2020,LAN,OAK,5,5.0,21,78,3,3,1,1,1.03,LAN202009220
Chris Mazza,mazzc002,2020-08-16,2020,BOS,NYA,4,3.0,17,66,8,1,1,0,0.99,NYA202008160
Chris Mazza,mazzc002,2020-08-29,2020,BOS,WAS,3,2.3,15,75,6,2,0,1,0.98,BOS202008290
Chris Mazza,mazzc002,2020-09-04,2020,BOS,TOR,2,4.0,15,67,3,1,1,1,0.98,BOS202009042
Chris Mazza,mazzc002,2020-09-08,2020,BOS,PHI,4,5.0,19,58,4,1,0,0,1.01,PHI202009082
Chris Mazza,mazzc002,2020-09-19,2020,BOS,NYA,1,4.0,19,70,5,3,0,1,0.98,BOS202009190
Chris Mazza,mazzc002,2020-09-25,2020,BOS,ATL,6,5.0,22,83,4,2,1,0,1.02,ATL202009250
Lance McCullers,mccul002,2020-07-25,2020,HOU,SEA,6,6.0,24,92,5,3,1,1,1.02,HOU202007250
Lance McCullers,mccul002,2020-07-31,2020,HOU,ANA,4,4.0,22,91,6,4,1,0,0.99,ANA202007310
Lance McCullers,mccul002,2020-08-05,2020,HOU,ARI,1,3.7,19,61,7,0,1,0,1.03,ARI202008050
Lance McCullers,mccul002,2020-08-10,2020,HOU,SFN,5,7.0,23,84,1,0,0,1,1.02,HOU202008100
Lance McCullers,mccul002,2020-08-16,2020,HOU,SEA,7,5.7,23,97,3,3,0,1,1.02,HOU202008160
Lance McCullers,mccul002,2020-08-21,2020,HOU,SDN,2,5.0,24,97,7,2,0,0,1.08,SDN202008210
Lance McCullers,mccul002,2020-08-29,2020,HOU,OAK,7,6.0,23,93,6,1,0,1,1.02,HOU202008291
Lance McCullers,mccul002,2020-09-04,2020,HOU,ANA,0,0.0,5,18,2,3,1,0,0.99,ANA202009040
Lance McCullers,mccul002,2020-09-16,2020,HOU,TEX,8,7.0,23,86,2,0,0,1,1.02,HOU202009160
Lance McCullers,mccul002,2020-09-21,2020,HOU,SEA,7,6.7,26,102,3,2,1,0,1.04,SEA202009210
Lance McCullers,mccul002,2020-09-26,2020,HOU,TEX,9,4.0,15,61,2,2,0,0,0.99,TEX202009260
Triston McKenzie,mcket001,2020-08-22,2020,CLE,DET,10,6.0,20,80,2,1,1,1,1.04,CLE202008220
Triston McKenzie,mcket001,2020-08-28,2020,CLE,SLN,3,4.0,18,84,3,3,1,0,1.0,SLN202008280
Triston McKenzie,mcket001,2020-09-02,2020,CLE,KCA,6,6.0,19,81,3,0,0,0,0.96,KCA202009020
Triston McKenzie,mcket001,2020-09-08,2020,CLE,KCA,7,5.0,19,92,3,1,1,1,1.04,CLE202009080
Triston McKenzie,mcket001,2020-09-13,2020,CLE,MIN,7,4.3,18,82,3,1,3,0,1.0,MIN202009130
Triston McKenzie,mcket001,2020-09-19,2020,CLE,DET,3,4.0,20,79,6,3,0,0,1.0,DET202009190
John Means,meanj001,2020-07-30,2020,BAL,NYA,2,2.3,12,51,2,1,1,1,1.0,BAL202007300
John Means,meanj001,2020-08-04,2020,BAL,MIA,4,4.7,16,72,2,0,1,1,1.0,BAL202008040
John Means,meanj001,2020-08-16,2020,BAL,WAS,0,0.7,7,34,4,1,0,1,1.0,BAL202008160
John Means,meanj001,2020-08-21,2020,BAL,BOS,2,3.0,13,44,4,0,2,1,1.0,BAL202008210
John Means,meanj001,2020-08-28,2020,BAL,TOR,3,4.0,17,74,4,1,2,0,1.0,TOR202008280
John Means,meanj001,2020-09-02,2020,BAL,NYN,1,5.3,24,81,8,1,2,1,1.0,BAL202009020
John Means,meanj001,2020-09-08,2020,BAL,NYN,5,6.0,21,97,3,1,1,0,1.06,NYN202009080
John Means,meanj001,2020-09-13,2020,BAL,NYA,4,6.0,24,96,5,1,1,0,0.99,NYA202009130
John Means,meanj001,2020-09-20,2020,BAL,TBA,12,5.7,22,97,3,0,1,1,1.0,BAL202009200
John Means,meanj001,2020-09-26,2020,BAL,TOR,9,6.0,20,99,1,1,1,0,1.0,TOR202009260
Adonis Medina,media001,2020-09-20,2020,PHI,TOR,4,4.0,18,84,3,3,0,1,1.01,PHI202009200
Humberto Mejía,mejih001,2020-08-07,2020,MIA,NYN,6,2.3,11,67,2,2,1,0,1.06,NYN202008070
Humberto Mejía,mejih001,2020-08-18,2020,MIA,NYN,1,4.0,18,56,4,2,2,1,0.98,MIA202008180
Humberto Mejía,mejih001,2020-08-23,2020,MIA,WAS,4,3.7,20,82,7,2,0,0,1.01,WAS202008230
Daniel Mengden,mengd001,2020-07-28,2020,OAK,COL,4,4.0,19,87,5,2,1,1,1.0,OAK202007280
Julian Merryweather,merrj001,2020-08-26,2020,TOR,BOS,3,2.0,7,36,1,0,0,1,1.0,TOR202008260
Julian Merryweather,merrj001,2020-09-01,2020,TOR,MIA,3,2.0,7,31,0,1,0,0,0.98,MIA202009010
Julian Merryweather,merrj001,2020-09-17,2020,TOR,NYA,0,1.0,6,21,2,2,0,0,0.99,NYA202009170
Wade Miley,milew001,2020-07-27,2020,CIN,CHN,3,1.7,13,57,4,2,0,1,1.0,CIN202007270
Wade Miley,milew001,2020-08-12,2020,CIN,KCA,2,1.7,10,44,2,2,0,1,1.0,CIN202008120
Wade Miley,milew001,2020-08-22,2020,CIN,SLN,3,5.0,23,95,7,3,1,0,1.0,SLN202008220
Wade Miley,milew001,2020-08-27,2020,CIN,MIL,3,4.0,14,64,1,1,0,0,1.05,MIL202008272
Alec Mills,milla003,2020-07-28,2020,CHN,CIN,3,6.0,22,77,2,2,1,0,1.0,CIN202007280
Alec Mills,milla003,2020-08-03,2020,CHN,KCA,4,7.0,26,98,3,3,0,1,0.97,CHN202008030
Alec Mills,milla003,2020-08-14,2020,CHN,MIL,7,6.0,24,80,5,1,1,1,0.97,CHN202008140
Alec Mills,milla003,2020-08-19,2020,CHN,SLN,1,3.7,20,86,7,2,1,1,0.97,CHN202008191
Alec Mills,milla003,2020-08-24,2020,CHN,DET,7,7.0,29,94,7,1,1,0,1.0,DET202008240
Alec Mills,milla003,2020-08-29,2020,CHN,CIN,2,3.0,14,56,4,1,3,0,1.0,CIN202008292
Alec Mills,milla003,2020-09-03,2020,CHN,PIT,2,5.0,23,81,7,1,1,0,1.0,PIT202009030
Alec Mills,milla003,2020-09-08,2020,CHN,CIN,6,6.0,24,102,4,3,0,1,0.97,CHN202009080
Alec Mills,milla003,2020-09-13,2020,CHN,MIL,5,9.0,29,114,0,3,0,0,1.05,MIL202009130
Alec Mills,milla003,2020-09-19,2020,CHN,MIN,7,6.0,23,85,6,1,2,1,0.97,CHN202009190
Alec Mills,milla003,2020-09-24,2020,CHN,PIT,2,3.7,18,72,8,1,3,0,1.0,PIT202009240
Tyson Miller,millt003,2020-08-17,2020,CHN,SLN,0,2.0,10,42,1,3,1,1,0.97,CHN202008172
Tommy Milone,milot001,2020-07-24,2020,BAL,BOS,5,3.0,15,57,4,3,0,0,0.98,BOS202007240
Tommy Milone,milot001,2020-08-02,2020,BAL,TBA,8,5.0,21,83,6,0,1,1,1.0,BAL202008020
Tommy Milone,milot001,2020-08-07,2020,BAL,WAS,3,6.0,22,90,3,0,0,0,1.01,WAS202008070
Tommy Milone,milot001,2020-08-14,2020,BAL,WAS,2,4.0,22,74,9,0,0,1,1.0,BAL202008140
Tommy Milone,milot001,2020-08-19,2020,BAL,TOR,7,6.0,25,89,7,0,2,1,1.0,BAL202008190
Tommy Milone,milot001,2020-08-25,2020,BAL,TBA,6,5.3,24,94,4,1,2,0,1.05,TBA202008250
Tommy Milone,milot001,2020-08-30,2020,ATL,PHI,2,2.3,15,55,8,0,2,0,1.01,PHI202008300
Tommy Milone,milot001,2020-09-04,2020,ATL,WAS,3,4.0,17,65,6,0,0,1,1.02,ATL202009041
Tommy Milone,milot001,2020-09-09,2020,ATL,MIA,4,3.3,20,90,8,2,2,1,1.02,ATL202009090
Mike Minor,minom001,2020-07-25,2020,TEX,COL,6,5.0,21,98,3,1,0,1,0.99,TEX202007250
Mike Minor,minom001,2020-07-31,2020,TEX,SFN,3,5.7,27,98,9,2,1,0,1.03,SFN202007310
Mike Minor,minom001,2020-08-06,2020,TEX,OAK,6,5.0,21,83,4,2,1,0,1.0,OAK202008060
Mike Minor,minom001,2020-08-11,2020,TEX,SEA,4,4.0,16,76,1,3,0,1,0.99,TEX202008110
Mike Minor,minom001,2020-08-18,2020,TEX,SDN,6,3.7,21,86,9,1,2,1,0.99,TEX202008180
Mike Minor,minom001,2020-08-23,2020,TEX,SEA,4,6.0,24,91,5,1,3,0,1.04,SEA202008230
Mike Minor,minom001,2020-08-28,2020,TEX,LAN,6,6.0,25,93,4,3,0,1,0.99,TEX202008280
Mike Minor,minom001,2020-09-08,2020,OAK,HOU,4,3.3,15,63,3,2,0,1,1.0,OAK202009082
Mike Minor,minom001,2020-09-14,2020,OAK,SEA,8,7.0,23,102,2,2,0,0,1.04,SEA202009142
Mike Minor,minom001,2020-09-20,2020,OAK,SFN,8,5.0,22,89,4,3,2,1,1.0,OAK202009200
Mike Minor,minom001,2020-09-26,2020,OAK,SEA,7,5.0,19,80,4,0,0,1,1.0,OAK202009261
Casey Mize,mizec001,2020-08-19,2020,DET,CHA,7,4.3,20,73,7,0,1,0,0.99,CHA202008190
Casey Mize,mizec001,2020-08-24,2020,DET,CHN,2,3.3,19,76,5,2,1,1,1.0,DET202008240
Casey Mize,mizec001,2020-08-30,2020,DET,MIN,4,3.0,16,67,2,2,1,1,1.0,DET202008300
Casey Mize,mizec001,2020-09-06,2020,DET,MIN,3,4.0,19,83,5,2,0,0,1.0,MIN202009060
Casey Mize,mizec001,2020-09-11,2020,DET,CHA,5,5.3,18,76,1,2,0,0,0.99,CHA202009110
Casey Mize,mizec001,2020-09-17,2020,DET,CLE,1,3.7,19,79,4,3,2,1,1.0,DET202009170
Casey Mize,mizec001,2020-09-23,2020,DET,MIN,4,4.7,22,89,5,2,2,0,1.0,MIN202009230
Frankie Montas,montf001,2020-07-24,2020,OAK,ANA,5,4.0,18,81,3,3,0,1,1.0,OAK202007240
Frankie Montas,montf001,2020-07-29,2020,OAK,COL,3,5.0,21,77,5,2,0,1,1.0,OAK202007290
Frankie Montas,montf001,2020-08-03,2020,OAK,SEA,9,7.0,29,99,4,4,0,0,1.04,SEA202008030
Frankie Montas,montf001,2020-08-08,2020,OAK,HOU,5,7.0,23,86,2,0,0,1,1.0,OAK202008080
Frankie Montas,montf001,2020-08-18,2020,OAK,ARI,1,1.7,15,56,6,4,2,0,1.03,ARI202008180
Frankie Montas,montf001,2020-08-23,2020,OAK,ANA,5,4.7,24,96,7,3,1,1,1.0,OAK202008230
Frankie Montas,montf001,2020-08-29,2020,OAK,HOU,5,3.3,18,76,6,2,1,0,1.02,HOU202008292
Frankie Montas,montf001,2020-09-08,2020,OAK,HOU,4,5.0,22,79,6,1,1,1,1.0,OAK202009081
Frankie Montas,montf001,2020-09-13,2020,OAK,TEX,7,5.3,23,81,7,1,2,0,0.99,TEX202009130
Frankie Montas,montf001,2020-09-22,2020,OAK,LAN,3,4.0,19,70,7,1,3,0,1.03,LAN202009220
Frankie Montas,montf001,2020-09-27,2020,OAK,SEA,13,6.0,25,113,4,2,0,1,1.0,OAK202009270
Jordan Montgomery,montj004,2020-07-31,2020,NYA,BOS,4,5.7,22,81,5,1,1,1,0.99,NYA202007310
Jordan Montgomery,montj004,2020-08-06,2020,NYA,PHI,2,4.0,19,95,6,1,1,0,1.01,PHI202008060
Jordan Montgomery,montj004,2020-08-11,2020,NYA,ATL,4,6.0,24,78,4,1,1,1,0.99,NYA202008110
Jordan Montgomery,montj004,2020-08-17,2020,NYA,BOS,4,3.7,14,49,3,0,0,1,0.99,NYA202008170
Jordan Montgomery,montj004,2020-08-28,2020,NYA,NYN,6,5.0,21,68,5,0,0,1,0.99,NYA202008281
Jordan Montgomery,montj004,2020-09-02,2020,NYA,TBA,2,0.7,9,40,5,1,2,1,0.99,NYA202009020
Jordan Montgomery,montj004,2020-09-07,2020,NYA,TOR,1,3.3,18,84,6,2,0,0,1.0,TOR202009070
Jordan Montgomery,montj004,2020-09-12,2020,NYA,BAL,9,5.7,22,72,3,1,0,1,0.99,NYA202009120
Jordan Montgomery,montj004,2020-09-18,2020,NYA,BOS,7,4.7,22,93,5,2,1,0,0.98,BOS202009180
Jordan Montgomery,montj004,2020-09-24,2020,NYA,TOR,8,5.3,22,88,6,0,1,0,1.0,TOR202009240
Mike Montgomery,montm002,2020-07-27,2020,KCA,DET,1,2.0,12,46,5,0,1,0,1.0,DET202007270
Adrián Morejón,morea001,2020-08-18,2020,SDN,TEX,4,3.0,10,39,0,1,0,0,0.99,TEX202008180
Adrián Morejón,morea001,2020-08-23,2020,SDN,HOU,3,1.7,9,36,3,1,1,1,1.08,SDN202008230
Adrián Morejón,morea001,2020-09-16,2020,SDN,LAN,3,2.0,9,38,2,0,1,1,1.08,SDN202009160
Adrián Morejón,morea001,2020-09-27,2020,SDN,SFN,4,2.7,11,40,3,0,1,0,1.03,SFN202009270
Charlie Morton,mortc002,2020-07-24,2020,TBA,TOR,4,4.0,20,80,7,1,1,1,1.05,TBA202007240
Charlie Morton,mortc002,2020-07-29,2020,TBA,ATL,7,5.0,23,80,6,1,1,0,1.02,ATL202007290
Charlie Morton,mortc002,2020-08-04,2020,TBA,BOS,5,5.7,22,93,5,0,1,1,1.05,TBA202008040
Charlie Morton,mortc002,2020-08-09,2020,TBA,NYA,1,2.0,12,50,3,2,0,1,1.05,TBA202008090
Charlie Morton,mortc002,2020-09-02,2020,TBA,NYA,4,2.0,9,36,0,2,0,0,0.99,NYA202009020
Charlie Morton,mortc002,2020-09-07,2020,TBA,WAS,3,5.0,20,57,4,1,0,0,1.01,WAS202009070
Charlie Morton,mortc002,2020-09-13,2020,TBA,BOS,4,4.3,19,77,6,0,1,1,1.05,TBA202009130
Charlie Morton,mortc002,2020-09-19,2020,TBA,BAL,6,5.0,23,94,5,2,0,0,1.0,BAL202009190
Charlie Morton,mortc002,2020-09-25,2020,TBA,PHI,8,5.0,22,93,7,1,0,1,1.05,TBA202009250
Joe Musgrove,musgj001,2020-07-24,2020,PIT,SLN,7,5.7,23,99,5,3,2,0,1.0,SLN202007240
Joe Musgrove,musgj001,2020-07-29,2020,PIT,MIL,8,5.7,24,91,4,3,2,1,1.0,PIT202007290
Joe Musgrove,musgj001,2020-08-04,2020,PIT,MIN,2,3.3,21,84,6,5,0,0,1.0,MIN202008040
Joe Musgrove,musgj001,2020-09-02,2020,PIT,CHN,4,3.0,12,46,3,0,0,1,1.0,PIT202009020
Joe Musgrove,musgj001,2020-09-08,2020,PIT,CHA,5,4.0,16,64,3,2,0,1,1.0,PIT202009080
Joe Musgrove,musgj001,2020-09-15,2020,PIT,CIN,8,5.0,23,87,6,1,1,0,1.0,CIN202009150
Joe Musgrove,musgj001,2020-09-20,2020,PIT,SLN,11,6.0,23,94,3,1,0,1,1.0,PIT202009200
Joe Musgrove,musgj001,2020-09-26,2020,PIT,CLE,10,7.0,24,108,3,1,0,0,1.04,CLE202009260
Sean Newcomb,newcs001,2020-07-26,2020,ATL,NYN,1,3.3,17,82,3,2,0,0,1.06,NYN202007260
Sean Newcomb,newcs001,2020-07-31,2020,ATL,NYN,4,4.3,20,79,6,1,2,1,1.02,ATL202007310
Sean Newcomb,newcs001,2020-08-05,2020,ATL,TOR,4,4.7,20,92,5,1,0,1,1.02,ATL202008050
Sean Newcomb,newcs001,2020-08-10,2020,ATL,PHI,1,1.3,13,47,6,2,2,0,1.01,PHI202008100
Ljay Newsome,newsl001,2020-08-27,2020,SEA,SDN,4,4.0,15,60,3,0,1,0,1.08,SDN202008271
Ljay Newsome,newsl001,2020-09-08,2020,SEA,SFN,2,1.3,6,21,2,0,0,0,1.03,SFN202009080
Ljay Newsome,newsl001,2020-09-16,2020,SEA,SFN,1,3.0,17,63,8,1,2,0,1.03,SFN202009160
Ljay Newsome,newsl001,2020-09-22,2020,SEA,HOU,1,4.3,18,66,4,0,0,1,1.04,SEA202009220
Aaron Nola,nolaa001,2020-07-24,2020,PHI,MIA,7,5.3,21,80,5,1,1,1,1.01,PHI202007240
Aaron Nola,nolaa001,2020-08-05,2020,PHI,NYA,12,6.0,21,88,3,0,1,1,1.01,PHI202008052
Aaron Nola,nolaa001,2020-08-10,2020,PHI,ATL,10,8.0,26,89,2,1,1,1,1.01,PHI202008100
Aaron Nola,nolaa001,2020-08-15,2020,PHI,NYN,8,7.0,25,102,3,2,0,1,1.01,PHI202008150
Aaron Nola,nolaa001,2020-08-21,2020,PHI,ATL,3,2.7,17,71,6,3,2,0,1.02,ATL202008210
Aaron Nola,nolaa001,2020-08-26,2020,PHI,WAS,8,7.0,28,113,5,2,1,0,1.01,WAS202008260
Aaron Nola,nolaa001,2020-09-01,2020,PHI,WAS,9,8.0,28,113,2,3,0,1,1.01,PHI202009010
Aaron Nola,nolaa001,2020-09-06,2020,PHI,NYN,10,5.3,26,92,8,1,2,0,1.06,NYN202009060
Aaron Nola,nolaa001,2020-09-11,2020,PHI,MIA,10,7.0,25,106,3,0,0,0,0.98,MIA202009111
Aaron Nola,nolaa001,2020-09-17,2020,PHI,NYN,7,5.3,25,107,5,5,1,1,1.01,PHI202009170
Aaron Nola,nolaa001,2020-09-22,2020,PHI,WAS,6,6.0,27,94,6,2,0,0,1.01,WAS202009221
Aaron Nola,nolaa001,2020-09-27,2020,PHI,TBA,6,3.7,20,90,6,3,0,0,1.05,TBA202009270
Daniel Norris,norrd002,2020-08-02,2020,DET,CIN,0,1.7,11,54,4,2,0,1,1.0,DET202008022
Iván Nova,novai001,2020-07-25,2020,DET,CIN,2,5.0,21,73,3,4,2,0,1.0,CIN202007250
Iván Nova,novai001,2020-07-30,2020,DET,KCA,3,5.7,25,82,8,0,0,1,1.0,DET202007300
Iván Nova,novai001,2020-08-08,2020,DET,PIT,3,5.0,24,75,6,3,0,0,1.0,PIT202008080
Iván Nova,novai001,2020-08-14,2020,DET,CLE,1,3.3,18,53,5,2,2,1,1.0,DET202008140
Jake Odorizzi,odorj001,2020-08-08,2020,MIN,KCA,2,3.0,15,64,4,2,1,0,0.96,KCA202008080
Jake Odorizzi,odorj001,2020-08-15,2020,MIN,KCA,6,4.0,15,79,3,0,1,1,1.0,MIN202008151
Jake Odorizzi,odorj001,2020-08-21,2020,MIN,KCA,1,3.0,16,67,7,0,1,0,0.96,KCA202008210
Jake Odorizzi,odorj001,2020-09-16,2020,MIN,CHA,3,3.7,14,67,2,1,1,0,0.99,CHA202009160
Shohei Ohtani,ohtas001,2020-07-26,2020,ANA,OAK,0,0.0,6,30,3,3,0,0,1.0,OAK202007260
Shohei Ohtani,ohtas001,2020-08-02,2020,ANA,HOU,3,1.7,10,50,0,5,0,1,0.99,ANA202008020
Josh Osich,osicj001,2020-07-27,2020,BOS,NYN,1,2.0,8,28,2,1,1,1,0.98,BOS202007270
Corey Oswalt,oswac001,2020-08-18,2020,NYN,MIA,4,4.3,18,74,5,0,0,0,0.98,MIA202008180
Johan Oviedo,oviej001,2020-08-19,2020,SLN,CHN,4,5.0,18,89,2,2,0,0,0.97,CHN202008192
Johan Oviedo,oviej001,2020-08-27,2020,SLN,PIT,1,5.0,21,82,4,2,0,1,1.0,SLN202008272
Johan Oviedo,oviej001,2020-09-02,2020,SLN,CIN,5,4.7,20,83,3,1,1,0,1.0,CIN202009020
Johan Oviedo,oviej001,2020-09-07,2020,SLN,CHN,1,4.7,26,96,8,3,0,0,0.97,CHN202009070
Johan Oviedo,oviej001,2020-09-16,2020,SLN,MIL,5,5.3,27,94,7,2,2,0,1.05,MIL202009162
Chris Paddack,paddc001,2020-07-24,2020,SDN,ARI,4,6.0,21,81,4,1,0,1,1.08,SDN202007240
Chris Paddack,paddc001,2020-07-29,2020,SDN,SFN,6,5.0,21,89,6,0,1,0,1.03,SFN202007290
Chris Paddack,paddc001,2020-08-03,2020,SDN,LAN,5,6.0,22,88,5,0,1,1,1.08,SDN202008030
Chris Paddack,paddc001,2020-08-08,2020,SDN,ARI,6,5.7,24,95,5,2,2,1,1.08,SDN202008080
Chris Paddack,paddc001,2020-08-13,2020,SDN,LAN,1,3.0,16,52,6,1,3,0,1.03,LAN202008130
Chris Paddack,paddc001,2020-08-19,2020,SDN,TEX,5,6.0,24,93,4,2,1,1,1.08,SDN202008190
Chris Paddack,paddc001,2020-08-25,2020,SDN,SEA,7,5.0,24,93,8,1,2,1,1.08,SDN202008250
Chris Paddack,paddc001,2020-08-30,2020,SDN,COL,8,6.0,24,85,5,1,0,0,0.92,COL202008300
Chris Paddack,paddc001,2020-09-05,2020,SDN,OAK,6,4.7,22,82,7,1,0,0,1.0,OAK202009050
Chris Paddack,paddc001,2020-09-10,2020,SDN,SFN,4,2.0,7,26,1,0,1,1,1.08,SDN202009100
Chris Paddack,paddc001,2020-09-18,2020,SDN,SEA,3,6.0,21,91,1,2,0,1,1.08,SDN202009180
Chris Paddack,paddc001,2020-09-25,2020,SDN,SFN,3,3.7,19,88,8,1,3,0,1.03,SFN202009251
Blake Parker,parkb001,2020-09-11,2020,PHI,MIA,3,2.0,6,33,0,0,0,0,0.98,MIA202009112
Luis Patiño,patil001,2020-09-19,2020,SDN,SEA,3,1.7,10,50,3,2,0,1,1.08,SDN202009190
James Paxton,paxtj001,2020-07-25,2020,NYA,WAS,1,1.0,9,41,5,1,0,0,1.01,WAS202007250
James Paxton,paxtj001,2020-08-02,2020,NYA,BOS,4,3.0,16,62,7,0,1,1,0.99,NYA202008020
James Paxton,paxtj001,2020-08-09,2020,NYA,TBA,11,6.3,24,87,4,1,2,0,1.05,TBA202008090
James Paxton,paxtj001,2020-08-15,2020,NYA,BOS,2,5.0,21,78,6,1,1,1,0.99,NYA202008150
James Paxton,paxtj001,2020-08-20,2020,NYA,TBA,8,5.0,20,83,1,4,0,1,0.99,NYA202008200
Nate Pearson,pearn001,2020-07-29,2020,TOR,WAS,5,5.0,19,75,2,2,0,0,1.01,WAS202007290
Nate Pearson,pearn001,2020-08-06,2020,TOR,ATL,5,5.0,20,79,2,3,1,0,1.02,ATL202008060
Nate Pearson,pearn001,2020-08-12,2020,TOR,MIA,1,2.3,16,65,5,4,1,1,1.0,TOR202008120
Nate Pearson,pearn001,2020-08-18,2020,TOR,BAL,3,4.0,19,81,4,3,3,0,1.0,BAL202008180
Freddy Peralta,peraf001,2020-07-26,2020,MIL,CHN,3,3.0,15,66,3,2,0,0,0.97,CHN202007260
Luis Perdomo,perdl002,2020-08-10,2020,SDN,LAN,0,1.0,6,26,2,1,0,0,1.03,LAN202008100
Martín Pérez,perem004,2020-07-25,2020,BOS,BAL,2,5.0,23,84,6,2,0,1,0.98,BOS202007250
Martín Pérez,perem004,2020-07-30,2020,BOS,NYN,5,5.7,23,88,2,4,0,0,1.06,NYN202007300
Martín Pérez,perem004,2020-08-05,2020,BOS,TBA,4,5.0,20,91,4,3,0,0,1.05,TBA202008050
Martín Pérez,perem004,2020-08-11,2020,BOS,TBA,5,5.7,22,92,3,2,1,1,0.98,BOS202008110
Martín Pérez,perem004,2020-08-17,2020,BOS,NYA,1,3.0,15,58,2,3,1,0,0.99,NYA202008170
Martín Pérez,perem004,2020-08-22,2020,BOS,BAL,6,7.0,25,94,5,1,1,0,1.0,BAL202008220
Martín Pérez,perem004,2020-08-28,2020,BOS,WAS,1,4.0,19,82,8,0,2,1,0.98,BOS202008280
Martín Pérez,perem004,2020-09-03,2020,BOS,TOR,5,6.7,25,96,3,3,0,1,0.98,BOS202009030
Martín Pérez,perem004,2020-09-08,2020,BOS,PHI,2,5.0,25,86,5,6,1,0,1.01,PHI202009081
Martín Pérez,perem004,2020-09-13,2020,BOS,TBA,6,5.0,24,92,5,2,1,0,1.05,TBA202009130
Martín Pérez,perem004,2020-09-18,2020,BOS,NYA,7,6.0,20,86,3,1,0,1,0.98,BOS202009180
Martín Pérez,perem004,2020-09-24,2020,BOS,BAL,2,4.0,21,82,9,1,1,1,0.98,BOS202009240
Dillon Peters,peted001,2020-09-05,2020,ANA,HOU,2,1.7,9,36,3,0,2,1,0.99,ANA202009052
David Peterson,peted003,2020-07-28,2020,NYN,BOS,3,5.7,23,78,7,2,0,0,0.98,BOS202007280
David Peterson,peted003,2020-08-02,2020,NYN,ATL,8,6.0,24,87,5,1,1,0,1.02,ATL202008020
David Peterson,peted003,2020-08-08,2020,NYN,MIA,3,5.0,21,84,4,3,1,1,1.06,NYN202008080
David Peterson,peted003,2020-08-13,2020,NYN,WAS,3,5.0,20,74,1,2,0,1,1.06,NYN202008130
David Peterson,peted003,2020-08-28,2020,NYN,NYA,3,4.0,18,70,4,3,0,0,0.99,NYA202008282
David Peterson,peted003,2020-09-07,2020,NYN,PHI,3,2.0,14,70,3,4,1,1,1.06,NYN202009070
David Peterson,peted003,2020-09-13,2020,NYN,TOR,2,5.0,20,81,3,2,1,0,1.0,TOR202009130
David Peterson,peted003,2020-09-19,2020,NYN,ATL,10,6.0,24,102,3,4,1,1,1.06,NYN202009190
David Peterson,peted003,2020-09-24,2020,NYN,WAS,4,7.0,26,107,4,1,0,0,1.01,WAS202009240
Michael Pineda,pinem001,2020-09-01,2020,MIN,CHA,4,6.0,24,81,6,1,0,1,1.0,MIN202009010
Michael Pineda,pinem001,2020-09-07,2020,MIN,DET,8,7.0,26,104,3,2,0,1,1.0,MIN202009070
Michael Pineda,pinem001,2020-09-13,2020,MIN,CLE,8,4.7,23,98,8,1,0,1,1.0,MIN202009130
Michael Pineda,pinem001,2020-09-19,2020,MIN,CHN,1,5.0,20,92,4,0,0,0,0.97,CHN202009190
Michael Pineda,pinem001,2020-09-26,2020,MIN,CIN,4,4.0,18,80,4,3,0,1,1.0,MIN202009260
Nick Pivetta,piven001,2020-09-22,2020,BOS,BAL,8,5.0,21,96,4,3,0,1,0.98,BOS202009220
Nick Pivetta,piven001,2020-09-27,2020,BOS,ATL,5,5.0,21,92,4,2,1,0,1.02,ATL202009270
Zach Plesac,plesz001,2020-07-29,2020,CLE,CHA,11,8.0,27,98,3,0,0,1,1.04,CLE202007290
Zach Plesac,plesz001,2020-08-03,2020,CLE,CIN,6,7.0,26,103,4,1,2,0,1.0,CIN202008030
Zach Plesac,plesz001,2020-08-08,2020,CLE,CHA,7,6.0,24,92,5,1,0,0,0.99,CHA202008080
Zach Plesac,plesz001,2020-09-01,2020,CLE,KCA,6,6.0,22,90,4,0,1,0,0.96,KCA202009010
Zach Plesac,plesz001,2020-09-07,2020,CLE,KCA,4,7.0,27,96,7,0,1,1,1.04,CLE202009070
Zach Plesac,plesz001,2020-09-12,2020,CLE,MIN,5,7.0,27,87,6,1,3,0,1.0,MIN202009120
Zach Plesac,plesz001,2020-09-18,2020,CLE,DET,11,7.7,28,112,5,1,0,0,1.0,DET202009180
Zach Plesac,plesz001,2020-09-24,2020,CLE,CHA,7,6.7,25,95,4,2,1,1,1.04,CLE202009240
Adam Plutko,pluta001,2020-07-28,2020,CLE,CHA,4,6.0,23,86,5,0,2,1,1.04,CLE202007282
Adam Plutko,pluta001,2020-08-11,2020,CLE,CHN,2,4.0,15,78,4,1,0,1,1.04,CLE202008110
Adam Plutko,pluta001,2020-08-16,2020,CLE,DET,1,2.7,14,47,6,0,0,0,1.0,DET202008160
Adam Plutko,pluta001,2020-08-21,2020,CLE,DET,1,3.3,18,66,5,2,2,1,1.04,CLE202008210
Cody Ponce,poncc002,2020-08-27,2020,PIT,SLN,2,5.7,22,77,5,2,0,0,1.0,SLN202008272
Cody Ponce,poncc002,2020-09-04,2020,PIT,CIN,4,4.0,16,71,3,1,2,1,1.0,PIT202009042
Cody Ponce,poncc002,2020-09-14,2020,PIT,CIN,3,4.0,14,63,1,2,1,0,1.0,CIN202009141
Daniel Ponce de Leon,poncd001,2020-07-29,2020,SLN,MIN,8,3.7,17,85,2,3,1,0,1.0,MIN202007290
Daniel Ponce de Leon,poncd001,2020-08-18,2020,SLN,CHN,7,3.3,16,79,3,3,1,0,0.97,CHN202008180
Daniel Ponce de Leon,poncd001,2020-08-23,2020,SLN,CIN,2,4.7,22,93,3,4,1,1,1.0,SLN202008230
Daniel Ponce de Leon,poncd001,2020-08-28,2020,SLN,CLE,0,0.7,8,41,2,4,1,1,1.0,SLN202008280
Daniel Ponce de Leon,poncd001,2020-09-08,2020,SLN,MIN,4,3.0,15,63,5,1,1,1,1.0,SLN202009082
Daniel Ponce de Leon,poncd001,2020-09-14,2020,SLN,MIL,9,6.0,23,97,4,1,1,0,1.05,MIL202009142
Daniel Ponce de Leon,poncd001,2020-09-18,2020,SLN,PIT,9,5.0,20,86,3,2,1,0,1.0,PIT202009182
Daniel Ponce de Leon,poncd001,2020-09-25,2020,SLN,MIL,6,6.0,21,99,1,2,1,1,1.0,SLN202009252
Rick Porcello,porcr001,2020-07-26,2020,NYN,ATL,1,2.0,15,56,7,3,0,1,1.06,NYN202007260
Rick Porcello,porcr001,2020-07-31,2020,NYN,ATL,5,4.0,21,82,5,3,0,0,1.02,ATL202007310
Rick Porcello,porcr001,2020-08-05,2020,NYN,WAS,4,7.0,25,81,5,0,0,0,1.01,WAS202008050
Rick Porcello,porcr001,2020-08-11,2020,NYN,WAS,5,6.0,23,93,8,0,1,1,1.06,NYN202008110
Rick Porcello,porcr001,2020-08-16,2020,NYN,PHI,6,6.0,27,94,10,0,1,0,1.01,PHI202008160
Rick Porcello,porcr001,2020-08-25,2020,NYN,MIA,4,3.0,15,64,5,0,0,1,1.06,NYN202008251
Rick Porcello,porcr001,2020-08-30,2020,NYN,NYA,2,5.0,20,86,4,2,0,0,0.99,NYA202008301
Rick Porcello,porcr001,2020-09-04,2020,NYN,PHI,6,6.0,23,100,3,2,0,1,1.06,NYN202009040
Rick Porcello,porcr001,2020-09-09,2020,NYN,BAL,3,4.0,21,66,10,0,0,1,1.06,NYN202009090
Rick Porcello,porcr001,2020-09-15,2020,NYN,PHI,5,6.0,26,94,6,2,1,0,1.01,PHI202009150
Rick Porcello,porcr001,2020-09-20,2020,NYN,ATL,10,7.0,26,100,3,2,1,1,1.06,NYN202009200
Rick Porcello,porcr001,2020-09-26,2020,NYN,WAS,3,3.0,19,67,8,1,1,0,1.01,WAS202009262
Cal Quantrill,quanc001,2020-08-15,2020,SDN,ARI,5,3.7,16,66,5,1,0,0,1.03,ARI202008150
Cal Quantrill,quanc001,2020-09-22,2020,CLE,CHA,4,4.0,13,38,1,1,0,1,1.04,CLE202009220
Cal Quantrill,quanc001,2020-09-27,2020,CLE,PIT,2,3.0,13,35,4,0,1,1,1.04,CLE202009270
Jose Quintana,quinj001,2020-09-22,2020,CHN,PIT,1,2.0,8,34,2,0,0,0,1.0,PIT202009220
Robbie Ray,ray-r002,2020-07-25,2020,ARI,SDN,7,3.7,18,97,4,3,1,0,1.08,SDN202007250
Robbie Ray,ray-r002,2020-07-30,2020,ARI,LAN,4,4.7,25,94,5,6,2,1,1.03,ARI202007300
Robbie Ray,ray-r002,2020-08-05,2020,ARI,HOU,6,5.0,23,91,6,2,3,1,1.03,ARI202008050
Robbie Ray,ray-r002,2020-08-10,2020,ARI,COL,6,3.7,21,84,7,3,1,0,0.92,COL202008100
Robbie Ray,ray-r002,2020-08-16,2020,ARI,SDN,4,5.0,21,93,0,6,0,1,1.03,ARI202008160
Robbie Ray,ray-r002,2020-08-21,2020,ARI,SFN,8,5.0,26,101,7,5,2,0,1.03,SFN202008210
Robbie Ray,ray-r002,2020-08-26,2020,ARI,COL,8,4.0,20,99,2,6,0,1,1.03,ARI202008260
Robbie Ray,ray-r002,2020-09-06,2020,TOR,BOS,5,4.0,20,83,6,3,2,0,0.98,BOS202009060
Robbie Ray,ray-r002,2020-09-12,2020,TOR,NYN,5,5.0,21,90,4,2,0,1,1.0,TOR202009120
Robbie Ray,ray-r002,2020-09-18,2020,TOR,PHI,6,4.3,22,92,5,4,1,0,1.01,PHI202009181
Robbie Ray,ray-r002,2020-09-23,2020,TOR,NYA,5,4.0,19,90,3,4,0,1,1.0,TOR202009230
Colin Rea,rea-c001,2020-08-15,2020,CHN,MIL,0,3.3,14,49,4,0,0,1,0.97,CHN202008150
Colin Rea,rea-c001,2020-09-05,2020,CHN,SLN,3,2.0,13,46,5,2,2,1,0.97,CHN202009052
Alex Reyes,reyea004,2020-08-17,2020,SLN,CHN,2,1.0,5,24,0,3,0,0,0.97,CHN202008172
Garrett Richards,richg002,2020-07-26,2020,SDN,ARI,6,5.0,18,73,1,3,0,1,1.08,SDN202007260
Garrett Richards,richg002,2020-07-31,2020,SDN,COL,6,5.7,25,90,8,1,1,0,0.92,COL202007310
Garrett Richards,richg002,2020-08-05,2020,SDN,LAN,4,5.0,21,89,5,1,1,1,1.08,SDN202008050
Garrett Richards,richg002,2020-08-11,2020,SDN,LAN,3,6.0,23,84,6,2,0,0,1.03,LAN202008110
Garrett Richards,richg002,2020-08-16,2020,SDN,ARI,2,7.0,28,89,6,2,1,0,1.03,ARI202008160
Garrett Richards,richg002,2020-08-21,2020,SDN,HOU,4,2.0,13,64,4,3,0,1,1.08,SDN202008210
Garrett Richards,richg002,2020-08-27,2020,SDN,SEA,0,0.7,8,33,4,2,2,1,1.08,SDN202008272
Garrett Richards,richg002,2020-08-31,2020,SDN,COL,4,3.7,12,47,1,0,0,0,0.92,COL202008310
Garrett Richards,richg002,2020-09-06,2020,SDN,OAK,9,7.0,28,83,7,0,1,0,1.0,OAK202009060
Garrett Richards,richg002,2020-09-13,2020,SDN,SFN,3,4.3,18,65,2,2,0,1,1.08,SDN202009132
Trevor Richards,richt001,2020-08-14,2020,TBA,TOR,3,4.3,22,82,4,3,2,0,1.0,TOR202008140
Trevor Richards,richt001,2020-08-26,2020,TBA,BAL,3,4.3,21,86,6,2,0,1,1.05,TBA202008260
Trevor Richards,richt001,2020-09-01,2020,TBA,NYA,5,4.7,18,64,5,0,2,0,0.99,NYA202009010
Trevor Richards,richt001,2020-09-17,2020,TBA,BAL,4,3.3,16,53,5,2,2,0,1.0,BAL202009172
Tanner Roark,roart001,2020-07-28,2020,TOR,WAS,5,5.0,18,73,3,0,0,0,1.01,WAS202007280
Tanner Roark,roart001,2020-08-07,2020,TOR,BOS,1,3.0,16,68,3,5,2,0,0.98,BOS202008070
Tanner Roark,roart001,2020-08-14,2020,TOR,TBA,4,4.0,19,82,4,4,1,1,1.0,TOR202008140
Tanner Roark,roart001,2020-08-19,2020,TOR,BAL,5,5.0,24,94,9,1,0,0,1.0,BAL202008190
Tanner Roark,roart001,2020-08-24,2020,TOR,TBA,2,5.0,22,96,6,3,2,0,1.05,TBA202008240
Tanner Roark,roart001,2020-08-30,2020,TOR,BAL,5,5.0,24,87,8,2,2,1,1.0,TOR202008300
Tanner Roark,roart001,2020-09-04,2020,TOR,BOS,6,4.3,20,79,7,1,1,0,0.98,BOS202009041
Tanner Roark,roart001,2020-09-09,2020,TOR,NYA,3,4.0,17,68,2,3,2,1,1.0,TOR202009090
Tanner Roark,roart001,2020-09-16,2020,TOR,NYA,4,4.0,20,91,6,2,4,0,0.99,NYA202009160
Tanner Roark,roart001,2020-09-22,2020,TOR,NYA,4,4.3,20,72,7,0,0,1,1.0,TOR202009220
Tanner Roark,roart001,2020-09-27,2020,TOR,BAL,2,4.0,20,91,5,2,0,1,1.0,TOR202009270
Carlos Rodón,rodoc001,2020-07-28,2020,CHA,CLE,4,3.7,17,71,4,3,1,0,1.04,CLE202007282
Carlos Rodón,rodoc001,2020-08-03,2020,CHA,MIL,1,2.0,9,26,3,0,0,0,1.05,MIL202008030
Trevor Rogers,roget003,2020-08-25,2020,MIA,NYN,6,4.0,18,87,1,5,0,0,1.06,NYN202008252
Trevor Rogers,roget003,2020-08-31,2020,MIA,NYN,5,5.0,22,89,5,2,0,0,1.06,NYN202008310
Trevor Rogers,roget003,2020-09-06,2020,MIA,TBA,10,6.0,23,100,4,1,3,0,1.05,TBA202009060
Trevor Rogers,roget003,2020-09-11,2020,MIA,PHI,5,3.0,20,71,9,0,2,1,0.98,MIA202009111
Trevor Rogers,roget003,2020-09-16,2020,MIA,BOS,3,3.0,15,76,3,2,0,1,0.98,MIA202009160
Trevor Rogers,roget003,2020-09-21,2020,MIA,ATL,6,4.0,21,91,8,2,0,0,1.02,ATL202009210
Trevor Rogers,roget003,2020-09-26,2020,MIA,NYA,4,3.0,11,54,2,1,0,0,0.99,NYA202009260
Ramón Rosso,rossr003,2020-09-13,2020,PHI,MIA,3,2.3,13,48,2,3,0,0,0.98,MIA202009131
Hyun Jin Ryu,ryu-h001,2020-07-24,2020,TOR,TBA,4,4.7,22,97,4,3,1,0,1.05,TBA202007240
Hyun Jin Ryu,ryu-h001,2020-07-30,2020,TOR,WAS,5,4.3,23,93,9,1,1,0,1.01,WAS202007300
Hyun Jin Ryu,ryu-h001,2020-08-05,2020,TOR,ATL,8,5.0,18,84,1,3,0,0,1.02,ATL202008050
Hyun Jin Ryu,ryu-h001,2020-08-11,2020,TOR,MIA,7,6.0,22,92,2,2,1,1,1.0,TOR202008110
Hyun Jin Ryu,ryu-h001,2020-08-17,2020,TOR,BAL,3,6.0,20,86,4,0,0,0,1.0,BAL202008170
Hyun Jin Ryu,ryu-h001,2020-08-22,2020,TOR,TBA,6,5.0,18,94,3,0,0,0,1.05,TBA202008220
Hyun Jin Ryu,ryu-h001,2020-08-28,2020,TOR,BAL,7,6.0,25,98,7,1,0,1,1.0,TOR202008280
Hyun Jin Ryu,ryu-h001,2020-09-02,2020,TOR,MIA,8,6.0,26,99,5,2,0,0,0.98,MIA202009020
Hyun Jin Ryu,ryu-h001,2020-09-07,2020,TOR,NYA,5,5.0,24,98,6,2,3,1,1.0,TOR202009070
Hyun Jin Ryu,ryu-h001,2020-09-13,2020,TOR,NYN,7,6.0,24,92,8,0,0,1,1.0,TOR202009130
Hyun Jin Ryu,ryu-h001,2020-09-19,2020,TOR,PHI,8,6.0,25,99,6,1,0,0,1.01,PHI202009190
Hyun Jin Ryu,ryu-h001,2020-09-24,2020,TOR,NYA,4,7.0,28,100,5,2,0,1,1.0,TOR202009240
Jeff Samardzija,samaj001,2020-07-28,2020,SFN,SDN,1,4.0,17,75,4,1,2,1,1.03,SFN202007280
Jeff Samardzija,samaj001,2020-08-02,2020,SFN,TEX,1,5.7,25,87,7,1,1,1,1.03,SFN202008020
Jeff Samardzija,samaj001,2020-08-07,2020,SFN,LAN,3,4.0,23,90,7,2,3,0,1.03,LAN202008070
Jeff Samardzija,samaj001,2020-09-25,2020,SFN,SDN,1,3.0,12,46,3,0,1,1,1.03,SFN202009252
Aníbal Sánchez,sanca004,2020-07-27,2020,WAS,TOR,7,5.0,22,88,6,1,4,1,1.01,WAS202007270
Aníbal Sánchez,sanca004,2020-08-07,2020,WAS,BAL,4,5.3,29,91,10,3,0,1,1.01,WAS202008070
Aníbal Sánchez,sanca004,2020-08-12,2020,WAS,NYN,2,2.7,17,71,6,2,1,0,1.06,NYN202008120
Aníbal Sánchez,sanca004,2020-08-17,2020,WAS,ATL,1,5.0,25,99,7,3,0,0,1.02,ATL202008170
Aníbal Sánchez,sanca004,2020-08-23,2020,WAS,MIA,5,7.0,24,92,5,0,1,1,1.01,WAS202008230
Aníbal Sánchez,sanca004,2020-08-29,2020,WAS,BOS,4,5.0,22,85,8,0,2,0,0.98,BOS202008290
Aníbal Sánchez,sanca004,2020-09-03,2020,WAS,PHI,1,3.3,20,74,9,1,1,0,1.01,PHI202009030
Aníbal Sánchez,sanca004,2020-09-08,2020,WAS,TBA,6,5.0,22,88,4,2,0,1,1.01,WAS202009080
Aníbal Sánchez,sanca004,2020-09-15,2020,WAS,TBA,4,4.3,23,98,7,1,1,0,1.05,TBA202009150
Aníbal Sánchez,sanca004,2020-09-21,2020,WAS,PHI,6,5.0,20,105,4,4,0,1,1.01,WAS202009210
Aníbal Sánchez,sanca004,2020-09-26,2020,WAS,NYN,3,5.3,21,80,4,1,1,1,1.01,WAS202009262
Sixto Sánchez,sancs001,2020-08-22,2020,MIA,WAS,4,5.0,21,66,6,0,2,0,1.01,WAS202008222
Sixto Sánchez,sancs001,2020-08-28,2020,MIA,TBA,10,7.0,26,92,6,1,0,1,0.98,MIA202008280
Sixto Sánchez,sancs001,2020-09-02,2020,MIA,TOR,5,7.0,24,79,6,0,1,1,0.98,MIA202009020
Sixto Sánchez,sancs001,2020-09-08,2020,MIA,ATL,6,6.0,23,89,3,1,0,0,1.02,ATL202009080
Sixto Sánchez,sancs001,2020-09-13,2020,MIA,PHI,4,7.0,26,90,3,3,0,1,0.98,MIA202009131
Sixto Sánchez,sancs001,2020-09-18,2020,MIA,WAS,2,4.0,21,68,8,2,0,1,0.98,MIA202009181
Sixto Sánchez,sancs001,2020-09-23,2020,MIA,ATL,2,3.0,17,75,4,4,0,0,1.02,ATL202009230
Patrick Sandoval,sandp002,2020-07-28,2020,ANA,SEA,4,4.0,17,62,4,1,1,1,0.99,ANA202007280
Patrick Sandoval,sandp002,2020-08-08,2020,ANA,TEX,4,6.0,23,94,4,1,1,0,0.99,TEX202008080
Patrick Sandoval,sandp002,2020-08-14,2020,ANA,LAN,5,6.0,26,83,6,2,1,1,0.99,ANA202008140
Patrick Sandoval,sandp002,2020-08-19,2020,ANA,SFN,1,4.0,20,76,6,2,2,0,1.03,SFN202008190
Patrick Sandoval,sandp002,2020-08-24,2020,ANA,HOU,1,2.7,17,64,7,2,1,0,1.02,HOU202008240
Patrick Sandoval,sandp002,2020-09-27,2020,ANA,LAN,3,2.7,12,61,1,3,1,0,1.03,LAN202009270
Antonio Santos,santa004,2020-09-25,2020,COL,ARI,1,0.7,10,37,5,2,0,0,1.03,ARI202009252
Max Scherzer,schem001,2020-07-23,2020,WAS,NYA,11,5.3,26,98,6,4,1,1,1.01,WAS202007230
Max Scherzer,schem001,2020-07-29,2020,WAS,TOR,10,7.3,27,112,3,3,0,1,1.01,WAS202007290
Max Scherzer,schem001,2020-08-05,2020,WAS,NYN,1,1.0,5,27,1,1,0,1,1.01,WAS202008050
Max Scherzer,schem001,2020-08-11,2020,WAS,NYN,7,6.0,25,105,6,2,0,0,1.06,NYN202008110
Max Scherzer,schem001,2020-08-16,2020,WAS,BAL,10,7.0,30,109,8,1,3,0,1.0,BAL202008160
Max Scherzer,schem001,2020-08-22,2020,WAS,MIA,5,4.7,24,108,7,2,1,1,1.01,WAS202008221
Max Scherzer,schem001,2020-08-28,2020,WAS,BOS,11,6.0,23,92,6,0,0,0,0.98,BOS202008280
Max Scherzer,schem001,2020-09-02,2020,WAS,PHI,6,6.0,28,108,7,3,1,0,1.01,PHI202009020
Max Scherzer,schem001,2020-09-07,2020,WAS,TBA,8,7.0,28,104,6,1,0,1,1.01,WAS202009070
Max Scherzer,schem001,2020-09-13,2020,WAS,ATL,10,5.3,27,119,9,2,2,1,1.01,WAS202009130
Max Scherzer,schem001,2020-09-20,2020,WAS,MIA,6,5.7,26,119,5,2,0,0,0.98,MIA202009201
Max Scherzer,schem001,2020-09-26,2020,WAS,NYN,7,6.0,26,109,6,2,2,1,1.01,WAS202009261
Clarke Schmidt,schmc002,2020-09-27,2020,NYA,MIA,4,4.0,19,71,4,2,0,1,0.99,NYA202009270
Antonio Senzatela,senza001,2020-07-28,2020,COL,OAK,3,5.0,24,86,6,3,0,0,1.0,OAK202007280
Antonio Senzatela,senza001,2020-08-02,2020,COL,SDN,6,6.0,23,86,4,1,0,1,0.92,COL202008020
Antonio Senzatela,senza001,2020-08-07,2020,COL,SEA,5,6.0,25,91,5,1,1,0,1.04,SEA202008070
Antonio Senzatela,senza001,2020-08-12,2020,COL,ARI,4,6.0,26,89,9,0,1,1,0.92,COL202008120
Antonio Senzatela,senza001,2020-08-18,2020,COL,HOU,6,8.0,27,107,3,0,0,0,1.02,HOU202008180
Antonio Senzatela,senza001,2020-08-23,2020,COL,LAN,1,5.3,24,80,7,1,4,0,1.03,LAN202008230
Antonio Senzatela,senza001,2020-08-29,2020,COL,SDN,3,7.0,27,101,7,1,0,1,0.92,COL202008290
Antonio Senzatela,senza001,2020-09-04,2020,COL,LAN,3,5.3,22,89,7,0,1,0,1.03,LAN202009040
Antonio Senzatela,senza001,2020-09-09,2020,COL,SDN,2,5.0,25,95,6,4,1,0,1.08,SDN202009090
Antonio Senzatela,senza001,2020-09-15,2020,COL,OAK,3,9.0,33,109,6,1,0,1,0.92,COL202009150
Antonio Senzatela,senza001,2020-09-20,2020,COL,LAN,3,6.3,23,104,3,2,0,1,0.92,COL202009200
Antonio Senzatela,senza001,2020-09-25,2020,COL,ARI,2,4.3,24,99,8,4,1,0,1.03,ARI202009251
Justus Sheffield,shefj001,2020-07-28,2020,SEA,ANA,2,3.0,16,67,4,4,0,0,0.99,ANA202007280
Justus Sheffield,shefj001,2020-08-03,2020,SEA,OAK,5,4.7,20,86,4,2,0,1,1.04,SEA202008030
Justus Sheffield,shefj001,2020-08-09,2020,SEA,COL,7,6.0,22,91,4,0,0,1,1.04,SEA202008090
Justus Sheffield,shefj001,2020-08-16,2020,SEA,HOU,4,6.0,26,89,6,1,0,0,1.02,HOU202008160
Justus Sheffield,shefj001,2020-08-22,2020,SEA,TEX,5,6.0,26,85,6,1,0,1,1.04,SEA202008220
Justus Sheffield,shefj001,2020-08-29,2020,SEA,ANA,6,4.7,22,98,4,4,1,0,0.99,ANA202008290
Justus Sheffield,shefj001,2020-09-05,2020,SEA,TEX,6,7.0,28,87,8,1,1,1,1.04,SEA202009050
Justus Sheffield,shefj001,2020-09-12,2020,SEA,ARI,7,7.0,29,96,5,3,0,0,1.03,ARI202009120
Justus Sheffield,shefj001,2020-09-19,2020,SEA,SDN,5,6.0,24,99,6,2,0,0,1.08,SDN202009190
Justus Sheffield,shefj001,2020-09-26,2020,SEA,OAK,1,5.0,19,82,5,2,0,0,1.0,OAK202009261
Matt Shoemaker,shoem001,2020-07-25,2020,TOR,TBA,4,6.0,22,81,3,2,0,0,1.05,TBA202007250
Matt Shoemaker,shoem001,2020-08-04,2020,TOR,ATL,2,4.7,24,88,6,3,3,0,1.02,ATL202008040
Matt Shoemaker,shoem001,2020-08-09,2020,TOR,BOS,6,6.0,22,89,3,0,2,0,0.98,BOS202008090
Matt Shoemaker,shoem001,2020-08-16,2020,TOR,TBA,7,4.0,15,59,3,1,1,1,1.0,TOR202008160
Matt Shoemaker,shoem001,2020-08-21,2020,TOR,TBA,6,5.0,19,74,4,1,2,0,1.05,TBA202008210
Matt Shoemaker,shoem001,2020-09-21,2020,TOR,NYA,1,3.0,13,54,3,2,0,1,1.0,TOR202009210
Brady Singer,singb001,2020-07-25,2020,KCA,CLE,7,5.0,20,80,3,2,0,0,1.04,CLE202007250
Brady Singer,singb001,2020-07-30,2020,KCA,DET,3,5.0,20,82,5,2,2,0,1.0,DET202007300
Brady Singer,singb001,2020-08-04,2020,KCA,CHN,8,5.0,21,93,5,2,2,0,0.97,CHN202008040
Brady Singer,singb001,2020-08-09,2020,KCA,MIN,4,5.0,22,95,5,2,0,1,0.96,KCA202008090
Brady Singer,singb001,2020-08-16,2020,KCA,MIN,2,5.7,25,100,4,4,1,0,1.0,MIN202008160
Brady Singer,singb001,2020-08-22,2020,KCA,MIN,3,4.0,18,63,6,0,2,1,0.96,KCA202008220
Brady Singer,singb001,2020-08-29,2020,KCA,CHA,4,5.0,21,95,5,2,1,0,0.99,CHA202008290
Brady Singer,singb001,2020-09-04,2020,KCA,CHA,5,5.7,28,95,10,1,0,1,0.96,KCA202009040
Brady Singer,singb001,2020-09-10,2020,KCA,CLE,8,8.0,27,119,1,2,0,0,1.04,CLE202009100
Brady Singer,singb001,2020-09-16,2020,KCA,DET,8,6.0,21,81,2,1,0,0,1.0,DET202009160
Brady Singer,singb001,2020-09-22,2020,KCA,SLN,4,3.0,17,81,3,5,0,1,0.96,KCA202009220
Brady Singer,singb001,2020-09-27,2020,KCA,DET,5,7.0,23,87,3,0,0,1,0.96,KCA202009270
Tarik Skubal,skubt001,2020-08-18,2020,DET,CHA,1,2.0,13,52,7,1,1,0,0.99,CHA202008180
Tarik Skubal,skubt001,2020-08-23,2020,DET,CLE,5,2.3,12,69,3,1,1,0,1.04,CLE202008230
Tarik Skubal,skubt001,2020-08-29,2020,DET,MIN,2,5.0,17,70,3,0,1,1,1.0,DET202008292
Tarik Skubal,skubt001,2020-09-05,2020,DET,MIN,6,6.0,20,78,2,2,0,0,1.0,MIN202009050
Tarik Skubal,skubt001,2020-09-10,2020,DET,SLN,3,2.0,13,67,3,4,1,0,1.0,SLN202009101
Tarik Skubal,skubt001,2020-09-16,2020,DET,KCA,8,6.0,23,90,4,0,1,1,1.0,DET202009160
Tarik Skubal,skubt001,2020-09-22,2020,DET,MIN,6,3.7,18,78,4,2,2,0,1.0,MIN202009220
Aaron Slegers,slega001,2020-08-22,2020,TBA,TOR,5,4.0,13,58,0,0,0,1,1.05,TBA202008220
Devin Smeltzer,smeld001,2020-08-07,2020,MIN,KCA,2,4.3,17,62,4,1,0,0,0.96,KCA202008070
Caleb Smith,smitc006,2020-07-25,2020,MIA,PHI,3,3.0,15,70,1,6,1,0,1.01,PHI202007250
Caleb Smith,smitc006,2020-09-11,2020,ARI,SEA,3,3.0,12,40,1,1,1,1,1.03,ARI202009110
Caleb Smith,smitc006,2020-09-16,2020,ARI,ANA,4,2.0,11,61,3,2,1,0,0.99,ANA202009160
Caleb Smith,smitc006,2020-09-22,2020,ARI,TEX,2,4.0,16,78,1,3,0,1,1.03,ARI202009220
Josh Smith,smitj004,2020-08-05,2020,MIA,BAL,1,2.0,8,32,1,1,0,0,1.0,BAL202008052
Drew Smyly,smyld001,2020-07-26,2020,SFN,LAN,2,3.3,15,64,4,1,0,0,1.03,LAN202007260
Drew Smyly,smyld001,2020-08-01,2020,SFN,TEX,7,4.0,17,71,3,2,0,1,1.03,SFN202008010
Drew Smyly,smyld001,2020-09-16,2020,SFN,SEA,8,3.7,16,78,4,1,0,1,1.03,SFN202009160
Drew Smyly,smyld001,2020-09-22,2020,SFN,COL,5,5.3,22,92,4,2,0,1,1.03,SFN202009220
Drew Smyly,smyld001,2020-09-27,2020,SFN,SDN,10,5.0,20,98,3,1,1,1,1.03,SFN202009270
Blake Snell,snelb001,2020-07-26,2020,TBA,TOR,5,2.0,11,46,3,2,0,1,1.05,TBA202007260
Blake Snell,snelb001,2020-07-31,2020,TBA,BAL,4,3.0,14,53,4,0,2,0,1.0,BAL202007310
Blake Snell,snelb001,2020-08-07,2020,TBA,NYA,5,3.0,11,59,0,2,0,1,1.05,TBA202008070
Blake Snell,snelb001,2020-08-12,2020,TBA,BOS,6,5.0,18,68,4,0,0,0,0.98,BOS202008120
Blake Snell,snelb001,2020-08-18,2020,TBA,NYA,3,5.0,20,92,4,2,2,0,0.99,NYA202008180
Blake Snell,snelb001,2020-08-24,2020,TBA,TOR,9,5.7,22,101,4,1,1,1,1.05,TBA202008240
Blake Snell,snelb001,2020-08-30,2020,TBA,MIA,5,5.0,20,75,4,2,2,0,0.98,MIA202008300
Blake Snell,snelb001,2020-09-05,2020,TBA,MIA,8,5.0,24,92,6,3,1,1,1.05,TBA202009050
Blake Snell,snelb001,2020-09-11,2020,TBA,BOS,5,5.3,22,103,5,2,0,1,1.05,TBA202009110
Blake Snell,snelb001,2020-09-17,2020,TBA,BAL,4,5.3,18,73,2,1,0,0,1.0,BAL202009171
Blake Snell,snelb001,2020-09-22,2020,TBA,NYN,9,5.7,23,108,6,3,2,0,1.06,NYN202009220
Michael Soroka,sorom001,2020-07-24,2020,ATL,NYN,3,6.0,21,69,4,0,0,0,1.06,NYN202007240
Michael Soroka,sorom001,2020-07-29,2020,ATL,TBA,5,5.3,22,82,4,3,0,1,1.02,ATL202007290
Michael Soroka,sorom001,2020-08-03,2020,ATL,NYN,0,2.3,14,48,3,4,0,1,1.02,ATL202008030
Jonathan Stiever,stiej001,2020-09-13,2020,CHA,DET,3,3.7,14,73,2,2,0,1,0.99,CHA202009130
Jonathan Stiever,stiej001,2020-09-18,2020,CHA,CIN,0,2.7,15,64,5,2,4,0,1.0,CIN202009180
Stephen Strasburg,stras001,2020-08-09,2020,WAS,BAL,2,4.3,20,69,7,1,0,1,1.01,WAS202008090
Stephen Strasburg,stras001,2020-08-14,2020,WAS,BAL,0,0.7,3,14,1,0,1,0,1.0,BAL202008140
Ross Stripling,strir001,2020-07-24,2020,LAN,SFN,7,7.0,25,92,4,0,1,1,1.03,LAN202007240
Ross Stripling,strir001,2020-07-30,2020,LAN,ARI,2,5.3,23,86,4,2,1,0,1.03,ARI202007300
Ross Stripling,strir001,2020-08-05,2020,LAN,SDN,7,5.7,25,92,6,2,1,0,1.08,SDN202008050
Ross Stripling,strir001,2020-08-11,2020,LAN,SDN,4,4.7,22,70,6,2,2,1,1.03,LAN202008110
Ross Stripling,strir001,2020-08-17,2020,LAN,SEA,2,3.0,17,69,8,0,3,1,1.03,LAN202008170
Ross Stripling,strir001,2020-08-23,2020,LAN,COL,2,4.0,20,64,6,2,2,1,1.03,LAN202008230
Ross Stripling,strir001,2020-08-29,2020,LAN,TEX,3,4.0,18,76,4,3,2,0,0.99,TEX202008290
Ross Stripling,strir001,2020-09-04,2020,TOR,BOS,4,4.3,21,81,6,2,0,0,0.98,BOS202009042
Ross Stripling,strir001,2020-09-18,2020,TOR,PHI,4,3.3,16,65,4,3,1,0,1.01,PHI202009182
José Suarez,suarj001,2020-08-20,2020,ANA,SFN,0,1.3,11,48,5,1,1,0,1.03,SFN202008200
José Suarez,suarj001,2020-08-25,2020,ANA,HOU,2,1.0,12,40,5,4,0,0,1.02,HOU202008251
Brent Suter,suteb001,2020-08-31,2020,MIL,PIT,3,3.0,11,50,1,1,1,1,1.05,MIL202008310
Brent Suter,suteb001,2020-09-12,2020,MIL,CHN,6,3.0,10,43,1,0,0,1,1.05,MIL202009120
Brent Suter,suteb001,2020-09-16,2020,MIL,SLN,3,3.0,13,52,2,2,0,1,1.05,MIL202009162
Brent Suter,suteb001,2020-09-25,2020,MIL,SLN,4,4.0,14,59,2,1,0,0,1.0,SLN202009251
Masahiro Tanaka,tanam001,2020-08-01,2020,NYA,BOS,3,2.7,13,51,4,1,0,1,0.99,NYA202008010
Masahiro Tanaka,tanam001,2020-08-07,2020,NYA,TBA,5,5.0,16,59,1,0,0,0,1.05,TBA202008070
Masahiro Tanaka,tanam001,2020-08-12,2020,NYA,ATL,3,4.0,19,66,5,2,1,1,0.99,NYA202008120
Masahiro Tanaka,tanam001,2020-08-18,2020,NYA,TBA,2,4.0,19,71,8,0,2,1,0.99,NYA202008180
Masahiro Tanaka,tanam001,2020-08-26,2020,NYA,ATL,4,5.0,17,66,3,0,0,0,1.02,ATL202008262
Masahiro Tanaka,tanam001,2020-09-01,2020,NYA,TBA,7,6.0,22,88,3,1,1,1,0.99,NYA202009010
Masahiro Tanaka,tanam001,2020-09-06,2020,NYA,BAL,5,5.3,23,95,6,1,1,0,1.0,BAL202009060
Masahiro Tanaka,tanam001,2020-09-11,2020,NYA,BAL,5,5.0,18,91,3,0,1,1,0.99,NYA202009112
Masahiro Tanaka,tanam001,2020-09-17,2020,NYA,TOR,5,7.0,27,91,7,0,2,1,0.99,NYA202009170
Masahiro Tanaka,tanam001,2020-09-23,2020,NYA,TOR,5,4.0,23,91,8,3,1,0,1.0,TOR202009230
Julio Teherán,tehej001,2020-08-05,2020,ANA,SEA,2,2.7,12,52,2,2,0,0,1.04,SEA202008050
Julio Teherán,tehej001,2020-08-10,2020,ANA,OAK,1,2.0,14,54,5,2,2,1,0.99,ANA202008100
Julio Teherán,tehej001,2020-08-16,2020,ANA,LAN,3,3.3,16,60,6,1,2,1,0.99,ANA202008160
Julio Teherán,tehej001,2020-08-25,2020,ANA,HOU,3,4.7,17,69,4,0,1,0,1.02,HOU202008252
Julio Teherán,tehej001,2020-09-02,2020,ANA,SDN,2,5.0,20,68,3,3,1,1,0.99,ANA202009020
Julio Teherán,tehej001,2020-09-09,2020,ANA,TEX,4,4.7,21,76,6,1,0,0,0.99,TEX202009090
Julio Teherán,tehej001,2020-09-15,2020,ANA,ARI,0,2.0,10,29,3,1,3,1,0.99,ANA202009150
Julio Teherán,tehej001,2020-09-20,2020,ANA,TEX,0,1.0,7,31,2,2,2,1,0.99,ANA202009200
Julio Teherán,tehej001,2020-09-26,2020,ANA,LAN,3,1.0,9,52,2,2,0,0,1.03,LAN202009260
Ryan Thompson,thomr007,2020-08-08,2020,TBA,NYA,1,2.0,7,20,1,0,0,1,1.05,TBA202008082
Lewis Thorpe,thorl002,2020-08-03,2020,MIN,PIT,3,4.0,20,67,6,4,1,1,1.0,MIN202008030
Trent Thornton,thort002,2020-07-27,2020,TOR,WAS,3,4.0,20,74,8,2,0,0,1.01,WAS202007270
Trent Thornton,thort002,2020-08-20,2020,TOR,PHI,1,0.7,8,32,5,1,0,1,1.0,TOR202008202
Trent Thornton,thort002,2020-08-23,2020,TOR,TBA,2,1.0,5,25,2,0,0,0,1.05,TBA202008230
Josh Tomlin,tomlj001,2020-08-18,2020,ATL,WAS,2,4.0,18,51,6,1,0,1,1.02,ATL202008180
Josh Tomlin,tomlj001,2020-08-23,2020,ATL,PHI,5,3.0,15,61,6,0,3,1,1.02,ATL202008230
Josh Tomlin,tomlj001,2020-08-29,2020,ATL,PHI,1,4.3,20,60,5,2,1,0,1.01,PHI202008290
Josh Tomlin,tomlj001,2020-09-06,2020,ATL,WAS,2,6.0,21,75,3,0,0,1,1.02,ATL202009060
Josh Tomlin,tomlj001,2020-09-11,2020,ATL,WAS,2,4.0,19,67,7,1,0,0,1.01,WAS202009110
Touki Toussaint,toust001,2020-08-01,2020,ATL,NYN,5,4.0,18,74,3,3,0,1,1.02,ATL202008010
Touki Toussaint,toust001,2020-08-06,2020,ATL,TOR,9,6.7,24,83,4,0,1,1,1.02,ATL202008060
Touki Toussaint,toust001,2020-08-11,2020,ATL,NYA,3,4.0,19,86,4,1,1,0,0.99,NYA202008110
Touki Toussaint,toust001,2020-08-17,2020,ATL,WAS,4,3.0,16,73,2,6,2,1,1.02,ATL202008170
Touki Toussaint,toust001,2020-09-14,2020,ATL,BAL,2,2.7,18,70,7,3,2,0,1.0,BAL202009140
Andrew Triggs,triga001,2020-09-06,2020,BOS,TOR,4,3.0,14,61,3,2,1,1,0.98,BOS202009060
Andrew Triggs,triga001,2020-09-11,2020,BOS,TBA,0,1.0,5,23,1,1,0,0,1.05,TBA202009110
Spencer Turnbull,turns003,2020-07-26,2020,DET,CIN,8,5.0,22,87,3,4,0,0,1.0,CIN202007260
Spencer Turnbull,turns003,2020-07-31,2020,DET,CIN,6,6.0,22,87,3,1,0,1,1.0,DET202007310
Spencer Turnbull,turns003,2020-08-09,2020,DET,PIT,4,7.0,27,90,5,2,0,0,1.0,PIT202008090
Spencer Turnbull,turns003,2020-08-15,2020,DET,CLE,3,4.7,22,97,6,4,0,1,1.0,DET202008150
Spencer Turnbull,turns003,2020-08-20,2020,DET,CHA,0,2.0,13,60,2,4,0,0,0.99,CHA202008200
Spencer Turnbull,turns003,2020-08-25,2020,DET,CHN,5,5.7,24,97,3,3,0,1,1.0,DET202008250
Spencer Turnbull,turns003,2020-09-02,2020,DET,MIL,5,4.3,22,89,3,5,1,0,1.05,MIL202009020
Spencer Turnbull,turns003,2020-09-08,2020,DET,MIL,3,6.0,20,88,3,3,0,1,1.0,DET202009080
Spencer Turnbull,turns003,2020-09-13,2020,DET,CHA,5,5.0,23,97,8,1,1,0,0.99,CHA202009130
Spencer Turnbull,turns003,2020-09-19,2020,DET,CLE,7,6.0,23,87,5,0,0,1,1.0,DET202009190
Spencer Turnbull,turns003,2020-09-25,2020,DET,KCA,5,5.0,24,82,6,2,0,0,0.96,KCA202009250
José Ureña,urenj001,2020-09-07,2020,MIA,ATL,2,5.0,22,83,4,3,0,0,1.02,ATL202009070
José Ureña,urenj001,2020-09-12,2020,MIA,PHI,2,4.3,23,90,5,4,2,1,0.98,MIA202009120
José Ureña,urenj001,2020-09-17,2020,MIA,BOS,6,5.7,23,93,5,2,0,1,0.98,MIA202009170
José Ureña,urenj001,2020-09-22,2020,MIA,ATL,3,6.0,26,91,6,2,2,0,1.02,ATL202009220
José Ureña,urenj001,2020-09-27,2020,MIA,NYA,2,2.3,10,39,2,2,0,0,0.99,NYA202009270
Julio Urías,uriaj001,2020-07-26,2020,LAN,SFN,3,5.0,22,78,5,3,0,1,1.03,LAN202007260
Julio Urías,uriaj001,2020-08-01,2020,LAN,ARI,5,6.0,23,90,5,1,0,0,1.03,ARI202008010
Julio Urías,uriaj001,2020-08-07,2020,LAN,SFN,2,4.0,16,78,3,2,0,1,1.03,LAN202008070
Julio Urías,uriaj001,2020-08-13,2020,LAN,SDN,3,6.3,24,86,5,0,2,1,1.03,LAN202008130
Julio Urías,uriaj001,2020-08-19,2020,LAN,SEA,5,1.7,10,52,4,1,0,0,1.04,SEA202008190
Julio Urías,uriaj001,2020-08-25,2020,LAN,SFN,6,4.0,22,79,6,3,1,0,1.03,SFN202008250
Julio Urías,uriaj001,2020-09-01,2020,LAN,ARI,5,6.0,22,78,4,0,1,1,1.03,LAN202009010
Julio Urías,uriaj001,2020-09-06,2020,LAN,COL,6,4.3,19,75,5,2,1,1,1.03,LAN202009060
Julio Urías,uriaj001,2020-09-12,2020,LAN,HOU,3,6.0,23,96,3,4,0,1,1.03,LAN202009120
Julio Urías,uriaj001,2020-09-17,2020,LAN,COL,2,5.7,21,77,3,0,0,0,0.92,COL202009170
José Urquidy,urquj001,2020-09-05,2020,HOU,ANA,2,3.7,17,63,4,3,0,0,0.99,ANA202009052
José Urquidy,urquj001,2020-09-10,2020,HOU,OAK,1,6.0,23,88,2,3,1,0,1.0,OAK202009100
José Urquidy,urquj001,2020-09-15,2020,HOU,TEX,7,7.0,24,90,3,0,0,1,1.02,HOU202009150
José Urquidy,urquj001,2020-09-20,2020,HOU,ARI,2,6.0,23,87,6,2,1,1,1.02,HOU202009200
José Urquidy,urquj001,2020-09-25,2020,HOU,TEX,5,7.0,29,98,7,0,2,0,0.99,TEX202009250
Framber Valdez,valdf001,2020-07-28,2020,HOU,LAN,2,4.3,18,59,4,1,0,1,1.02,HOU202007280
Framber Valdez,valdf001,2020-08-08,2020,HOU,OAK,9,7.0,28,103,7,1,1,0,1.0,OAK202008080
Framber Valdez,valdf001,2020-08-14,2020,HOU,SEA,5,6.0,23,92,4,3,0,1,1.02,HOU202008140
Framber Valdez,valdf001,2020-08-19,2020,HOU,COL,5,7.7,30,101,7,1,0,0,0.92,COL202008190
Framber Valdez,valdf001,2020-08-24,2020,HOU,ANA,11,7.0,30,113,6,2,1,1,1.02,HOU202008240
Framber Valdez,valdf001,2020-09-01,2020,HOU,TEX,8,7.0,28,94,5,3,0,1,1.02,HOU202009010
Framber Valdez,valdf001,2020-09-06,2020,HOU,ANA,2,7.0,34,108,11,2,1,0,0.99,ANA202009060
Framber Valdez,valdf001,2020-09-12,2020,HOU,LAN,7,5.0,21,82,5,1,2,0,1.03,LAN202009120
Framber Valdez,valdf001,2020-09-17,2020,HOU,TEX,11,6.3,24,100,4,1,0,1,1.02,HOU202009170
Framber Valdez,valdf001,2020-09-22,2020,HOU,SEA,8,7.0,27,108,5,0,0,0,1.04,SEA202009220
Vince Velasquez,velav001,2020-07-26,2020,PHI,MIA,4,3.0,14,60,3,2,2,1,1.01,PHI202007260
Vince Velasquez,velav001,2020-08-09,2020,PHI,ATL,6,4.0,17,76,3,3,0,1,1.01,PHI202008091
Vince Velasquez,velav001,2020-08-20,2020,PHI,TOR,7,5.0,22,90,5,2,2,0,1.0,TOR202008202
Vince Velasquez,velav001,2020-09-08,2020,PHI,BOS,9,5.0,22,90,7,0,0,1,1.01,PHI202009082
Vince Velasquez,velav001,2020-09-14,2020,PHI,MIA,5,3.7,19,76,7,1,0,0,0.98,MIA202009140
Vince Velasquez,velav001,2020-09-19,2020,PHI,TOR,6,6.0,22,104,2,3,1,1,1.01,PHI202009190
Vince Velasquez,velav001,2020-09-25,2020,PHI,TBA,6,4.3,22,92,6,2,0,0,1.05,TBA202009250
Justin Verlander,verlj001,2020-07-24,2020,HOU,SEA,7,6.0,21,73,3,1,2,1,1.02,HOU202007240
Austin Voth,votha001,2020-07-28,2020,WAS,TOR,2,5.0,20,70,4,0,2,1,1.01,WAS202007280
Austin Voth,votha001,2020-08-08,2020,WAS,BAL,5,5.0,17,73,1,1,0,1,1.01,WAS202008080
Austin Voth,votha001,2020-08-13,2020,WAS,NYN,2,4.0,20,81,6,2,2,0,1.06,NYN202008130
Austin Voth,votha001,2020-08-18,2020,WAS,ATL,3,4.0,22,83,9,3,1,0,1.02,ATL202008180
Austin Voth,votha001,2020-08-24,2020,WAS,MIA,3,3.7,20,73,6,3,0,1,1.01,WAS202008240
Austin Voth,votha001,2020-08-30,2020,WAS,BOS,3,2.0,13,58,6,1,2,0,0.98,BOS202008300
Austin Voth,votha001,2020-09-04,2020,WAS,ATL,5,4.7,23,88,7,2,3,0,1.02,ATL202009041
Austin Voth,votha001,2020-09-10,2020,WAS,ATL,4,4.3,18,83,2,2,1,1,1.01,WAS202009100
Austin Voth,votha001,2020-09-16,2020,WAS,TBA,6,5.0,23,88,4,3,0,0,1.05,TBA202009160
Austin Voth,votha001,2020-09-22,2020,WAS,PHI,7,7.0,26,105,3,1,1,1,1.01,WAS202009221
Austin Voth,votha001,2020-09-27,2020,WAS,NYN,4,5.0,23,88,9,0,2,1,1.01,WAS202009270
Michael Wacha,wachm001,2020-07-27,2020,NYN,BOS,4,5.0,20,77,5,1,1,0,0.98,BOS202007270
Michael Wacha,wachm001,2020-08-01,2020,NYN,ATL,5,4.0,22,96,7,2,1,0,1.02,ATL202008010
Michael Wacha,wachm001,2020-08-07,2020,NYN,MIA,9,5.0,23,98,6,2,1,1,1.06,NYN202008070
Michael Wacha,wachm001,2020-08-28,2020,NYN,NYA,7,3.0,16,67,6,1,1,0,0.99,NYA202008281
Michael Wacha,wachm001,2020-09-02,2020,NYN,BAL,2,3.0,15,69,4,1,0,0,1.0,BAL202009020
Michael Wacha,wachm001,2020-09-08,2020,NYN,BAL,3,4.0,20,71,7,0,2,1,1.06,NYN202009080
Michael Wacha,wachm001,2020-09-23,2020,NYN,TBA,4,6.0,23,66,6,0,2,1,1.06,NYN202009230
Adam Wainwright,waina001,2020-07-25,2020,SLN,PIT,5,6.0,23,83,3,1,0,1,1.0,SLN202007250
Adam Wainwright,waina001,2020-08-15,2020,SLN,CHA,3,5.0,19,66,2,3,0,0,0.99,CHA202008151
Adam Wainwright,waina001,2020-08-20,2020,SLN,CIN,4,7.0,29,97,6,0,1,1,1.0,SLN202008200
Adam Wainwright,waina001,2020-08-25,2020,SLN,KCA,4,7.0,28,98,7,2,1,1,1.0,SLN202008250
Adam Wainwright,waina001,2020-08-30,2020,SLN,CLE,9,9.0,32,122,4,2,1,1,1.0,SLN202008300
Adam Wainwright,waina001,2020-09-05,2020,SLN,CHN,6,6.3,27,95,6,1,2,0,0.97,CHN202009051
Adam Wainwright,waina001,2020-09-11,2020,SLN,CIN,4,6.0,26,99,8,2,1,1,1.0,SLN202009110
Adam Wainwright,waina001,2020-09-16,2020,SLN,MIL,9,7.0,26,102,4,1,1,0,1.05,MIL202009161
Adam Wainwright,waina001,2020-09-21,2020,SLN,KCA,7,5.7,24,91,6,2,0,0,0.96,KCA202009210
Adam Wainwright,waina001,2020-09-26,2020,SLN,MIL,3,6.7,28,76,8,1,2,1,1.0,SLN202009260
Taijuan Walker,walkt004,2020-07-25,2020,SEA,HOU,1,3.3,17,67,7,1,1,0,1.02,HOU202007250
Taijuan Walker,walkt004,2020-07-31,2020,SEA,OAK,8,7.0,24,94,1,2,0,1,1.04,SEA202007310
Taijuan Walker,walkt004,2020-08-06,2020,SEA,ANA,3,3.7,18,69,3,3,1,1,1.04,SEA202008060
Taijuan Walker,walkt004,2020-08-12,2020,SEA,TEX,5,6.0,26,98,6,1,0,0,0.99,TEX202008120
Taijuan Walker,walkt004,2020-08-19,2020,SEA,LAN,8,7.0,27,106,4,1,3,1,1.04,SEA202008190
Taijuan Walker,walkt004,2020-08-29,2020,TOR,BAL,4,6.0,25,92,4,3,0,1,1.0,TOR202008290
Taijuan Walker,walkt004,2020-09-03,2020,TOR,BOS,4,5.7,23,81,6,1,1,0,0.98,BOS202009030
Taijuan Walker,walkt004,2020-09-08,2020,TOR,NYA,3,4.0,19,88,2,5,0,1,1.0,TOR202009080
Taijuan Walker,walkt004,2020-09-15,2020,TOR,NYA,2,1.7,12,43,6,0,2,0,0.99,NYA202009150
Taijuan Walker,walkt004,2020-09-20,2020,TOR,PHI,8,6.0,25,104,4,2,0,0,1.01,PHI202009200
Taijuan Walker,walkt004,2020-09-25,2020,TOR,BAL,4,3.0,9,42,0,0,0,1,1.0,TOR202009250
Luke Weaver,weavl001,2020-07-27,2020,ARI,SDN,6,3.3,20,79,7,2,1,0,1.08,SDN202007270
Luke Weaver,weavl001,2020-08-01,2020,ARI,LAN,5,4.0,22,86,7,3,2,1,1.03,ARI202008010
Luke Weaver,weavl001,2020-08-07,2020,ARI,SDN,3,3.0,11,43,2,1,2,0,1.08,SDN202008070
Luke Weaver,weavl001,2020-08-12,2020,ARI,COL,3,3.3,17,67,6,1,2,0,0.92,COL202008120
Luke Weaver,weavl001,2020-08-18,2020,ARI,OAK,6,5.0,19,87,3,1,0,1,1.03,ARI202008180
Luke Weaver,weavl001,2020-08-23,2020,ARI,SFN,5,5.7,22,84,5,1,1,0,1.03,SFN202008230
Luke Weaver,weavl001,2020-08-29,2020,ARI,SFN,6,3.0,18,70,8,1,0,1,1.03,ARI202008290
Luke Weaver,weavl001,2020-09-03,2020,ARI,LAN,5,5.3,20,92,4,0,0,0,1.03,LAN202009030
Luke Weaver,weavl001,2020-09-08,2020,ARI,LAN,2,4.0,21,86,5,4,1,1,1.03,ARI202009080
Luke Weaver,weavl001,2020-09-13,2020,ARI,SEA,3,5.0,21,93,4,3,0,1,1.03,ARI202009130
Luke Weaver,weavl001,2020-09-19,2020,ARI,HOU,5,5.3,23,91,5,1,0,0,1.02,HOU202009190
Luke Weaver,weavl001,2020-09-26,2020,ARI,COL,6,5.0,22,90,7,0,1,1,1.03,ARI202009260
Logan Webb,webbl001,2020-07-25,2020,SFN,LAN,2,4.0,18,70,6,1,0,0,1.03,LAN202007250
Logan Webb,webbl001,2020-07-31,2020,SFN,TEX,4,3.7,20,79,4,4,1,1,1.03,SFN202007310
Logan Webb,webbl001,2020-08-05,2020,SFN,COL,4,5.0,18,68,4,0,0,0,0.92,COL202008050
Logan Webb,webbl001,2020-08-10,2020,SFN,HOU,3,3.3,18,79,4,1,0,0,1.02,HOU202008100
Logan Webb,webbl001,2020-08-16,2020,SFN,OAK,5,4.3,19,78,3,5,0,1,1.03,SFN202008160
Logan Webb,webbl001,2020-08-21,2020,SFN,ARI,8,7.0,25,102,5,0,0,1,1.03,SFN202008210
Logan Webb,webbl001,2020-08-27,2020,SFN,LAN,4,3.7,19,74,4,2,0,1,1.03,SFN202008271
Logan Webb,webbl001,2020-09-02,2020,SFN,COL,5,5.3,24,93,7,2,1,0,0.92,COL202009020
Logan Webb,webbl001,2020-09-08,2020,SFN,SEA,4,5.0,23,93,6,3,0,1,1.03,SFN202009080
Logan Webb,webbl001,2020-09-13,2020,SFN,SDN,5,4.0,15,66,4,1,1,0,1.08,SDN202009132
Logan Webb,webbl001,2020-09-18,2020,SFN,OAK,1,3.3,20,90,6,2,1,0,1.0,OAK202009180
Ryan Weber,weber001,2020-07-26,2020,BOS,BAL,0,3.7,20,65,6,3,2,1,0.98,BOS202007260
Ryan Weber,weber001,2020-07-31,2020,BOS,NYA,0,3.3,18,74,4,4,2,0,0.99,NYA202007310
Ryan Weber,weber001,2020-08-07,2020,BOS,TOR,3,3.0,16,64,5,2,1,1,0.98,BOS202008070
Ryan Weber,weber001,2020-09-01,2020,BOS,ATL,2,4.0,17,51,4,0,1,1,0.98,BOS202009010
Ryan Weber,weber001,2020-09-05,2020,BOS,TOR,2,5.0,20,66,5,1,1,1,0.98,BOS202009050
Zack Wheeler,wheez001,2020-07-25,2020,PHI,MIA,4,7.0,24,87,5,2,0,1,1.01,PHI202007250
Zack Wheeler,wheez001,2020-08-05,2020,PHI,NYA,2,6.0,24,87,6,2,1,1,1.01,PHI202008051
Zack Wheeler,wheez001,2020-08-11,2020,PHI,BAL,2,5.7,25,84,8,1,0,1,1.01,PHI202008110
Zack Wheeler,wheez001,2020-08-16,2020,PHI,NYN,4,7.0,27,99,6,1,0,1,1.01,PHI202008160
Zack Wheeler,wheez001,2020-08-22,2020,PHI,ATL,8,7.0,27,105,5,0,1,0,1.02,ATL202008220
Zack Wheeler,wheez001,2020-08-28,2020,PHI,ATL,3,5.7,23,98,7,1,0,1,1.01,PHI202008280
Zack Wheeler,wheez001,2020-09-02,2020,PHI,WAS,6,6.7,26,109,3,2,0,1,1.01,PHI202009020
Zack Wheeler,wheez001,2020-09-07,2020,PHI,NYN,7,6.0,28,83,8,0,0,0,1.06,NYN202009070
Zack Wheeler,wheez001,2020-09-16,2020,PHI,NYN,2,7.3,27,91,7,0,1,1,1.01,PHI202009160
Zack Wheeler,wheez001,2020-09-21,2020,PHI,WAS,7,5.7,26,113,5,3,0,0,1.01,WAS202009210
Zack Wheeler,wheez001,2020-09-26,2020,PHI,TBA,8,7.0,31,118,7,4,0,0,1.05,TBA202009260
Trevor Williams,willt002,2020-07-25,2020,PIT,SLN,3,3.7,18,67,5,1,1,0,1.0,SLN202007250
Trevor Williams,willt002,2020-07-31,2020,PIT,CHN,6,4.7,21,91,4,3,1,0,0.97,CHN202007310
Trevor Williams,willt002,2020-08-05,2020,PIT,MIN,5,7.0,25,98,3,1,0,1,1.0,PIT202008050
Trevor Williams,willt002,2020-08-13,2020,PIT,CIN,4,5.0,22,91,7,1,1,0,1.0,CIN202008130
Trevor Williams,willt002,2020-08-20,2020,PIT,CLE,5,4.0,20,90,6,2,0,1,1.0,PIT202008200
Trevor Williams,willt002,2020-08-26,2020,PIT,CHA,3,6.0,28,95,9,2,3,0,0.99,CHA202008260
Trevor Williams,willt002,2020-08-31,2020,PIT,MIL,6,4.0,21,89,7,2,1,0,1.05,MIL202008310
Trevor Williams,willt002,2020-09-05,2020,PIT,CIN,6,6.0,26,111,5,3,3,1,1.0,PIT202009050
Trevor Williams,willt002,2020-09-12,2020,PIT,KCA,4,5.0,27,101,10,3,2,0,0.96,KCA202009120
Trevor Williams,willt002,2020-09-18,2020,PIT,SLN,3,4.3,21,83,7,0,2,1,1.0,PIT202009181
Trevor Williams,willt002,2020-09-23,2020,PIT,CHN,4,5.7,23,101,3,3,1,1,1.0,PIT202009230
Bryse Wilson,wilsb003,2020-09-22,2020,ATL,MIA,7,5.0,19,77,3,1,0,1,1.02,ATL202009220
Bryse Wilson,wilsb003,2020-09-27,2020,ATL,BOS,2,3.0,16,66,5,2,0,1,1.02,ATL202009270
Matt Wisler,wislm001,2020-08-17,2020,MIN,KCA,3,2.0,8,30,0,1,0,1,1.0,MIN202008170
Matt Wisler,wislm001,2020-08-23,2020,MIN,KCA,2,2.0,8,26,1,1,0,0,0.96,KCA202008230
Matt Wisler,wislm001,2020-08-29,2020,MIN,DET,3,1.7,9,41,1,3,0,0,1.0,DET202008292
Matt Wisler,wislm001,2020-09-04,2020,MIN,DET,3,2.0,7,30,0,1,0,1,1.0,MIN202009042
Asher Wojciechowski,wojca001,2020-07-29,2020,BAL,NYA,7,5.0,23,93,4,2,3,1,1.0,BAL202007290
Asher Wojciechowski,wojca001,2020-08-05,2020,BAL,MIA,4,5.0,20,67,4,1,0,1,1.0,BAL202008052
Asher Wojciechowski,wojca001,2020-08-09,2020,BAL,WAS,4,3.7,16,65,3,2,0,0,1.01,WAS202008090
Asher Wojciechowski,wojca001,2020-08-15,2020,BAL,WAS,2,5.0,19,78,5,1,2,1,1.0,BAL202008150
Asher Wojciechowski,wojca001,2020-08-20,2020,BAL,BOS,4,3.7,19,88,7,1,1,1,1.0,BAL202008200
Asher Wojciechowski,wojca001,2020-08-26,2020,BAL,TBA,3,4.0,18,83,4,3,1,0,1.05,TBA202008260
Asher Wojciechowski,wojca001,2020-09-01,2020,BAL,NYN,5,5.0,22,88,7,1,1,1,1.0,BAL202009010
Alex Wood,wooda002,2020-07-25,2020,LAN,SFN,4,3.0,15,69,3,3,1,1,1.03,LAN202007250
Alex Wood,wooda002,2020-09-18,2020,LAN,COL,2,2.0,10,38,5,0,1,0,0.92,COL202009180
Brandon Woodruff,woodb005,2020-07-24,2020,MIL,CHN,5,5.0,19,85,4,1,1,0,0.97,CHN202007240
Brandon Woodruff,woodb005,2020-07-29,2020,MIL,PIT,10,6.3,21,92,1,1,0,0,1.0,PIT202007290
Brandon Woodruff,woodb005,2020-08-04,2020,MIL,CHA,6,6.0,26,95,8,1,1,1,1.05,MIL202008040
Brandon Woodruff,woodb005,2020-08-09,2020,MIL,CIN,5,4.0,17,91,3,2,1,1,1.05,MIL202008090
Brandon Woodruff,woodb005,2020-08-14,2020,MIL,CHN,4,4.3,20,78,4,2,0,0,0.97,CHN202008140
Brandon Woodruff,woodb005,2020-08-20,2020,MIL,MIN,3,5.0,23,89,9,1,0,0,1.0,MIN202008200
Brandon Woodruff,woodb005,2020-08-25,2020,MIL,CIN,8,6.0,24,96,4,1,0,1,1.05,MIL202008250
Brandon Woodruff,woodb005,2020-08-30,2020,MIL,PIT,7,5.0,21,87,4,3,2,1,1.05,MIL202008300
Brandon Woodruff,woodb005,2020-09-05,2020,MIL,CLE,7,4.3,20,94,4,3,1,0,1.04,CLE202009050
Brandon Woodruff,woodb005,2020-09-11,2020,MIL,CHN,12,7.0,26,100,1,0,0,1,1.05,MIL202009110
Brandon Woodruff,woodb005,2020-09-16,2020,MIL,SLN,5,7.0,27,88,7,0,2,1,1.05,MIL202009161
Brandon Woodruff,woodb005,2020-09-21,2020,MIL,CIN,9,5.7,22,100,4,2,1,0,1.0,CIN202009210
Brandon Woodruff,woodb005,2020-09-26,2020,MIL,SLN,10,8.0,27,108,2,1,0,0,1.0,SLN202009260
Jake Woodford,woodj003,2020-08-15,2020,SLN,CHA,3,3.0,10,34,1,0,1,0,0.99,CHA202008152
Kyle Wright,wrigk001,2020-07-28,2020,ATL,TBA,3,2.7,15,54,4,3,0,0,1.05,TBA202007280
Kyle Wright,wrigk001,2020-08-02,2020,ATL,NYN,5,3.3,18,75,5,4,0,1,1.02,ATL202008020
Kyle Wright,wrigk001,2020-08-08,2020,ATL,PHI,3,6.0,26,91,6,3,2,0,1.01,PHI202008080
Kyle Wright,wrigk001,2020-08-14,2020,ATL,MIA,1,3.0,16,65,2,6,0,0,0.98,MIA202008140
Kyle Wright,wrigk001,2020-09-08,2020,ATL,MIA,4,4.0,20,83,7,2,3,1,1.02,ATL202009080
Kyle Wright,wrigk001,2020-09-13,2020,ATL,WAS,4,6.0,27,96,8,2,1,0,1.01,WAS202009130
Kyle Wright,wrigk001,2020-09-20,2020,ATL,NYN,6,6.3,21,98,1,1,0,0,1.06,NYN202009200
Kyle Wright,wrigk001,2020-09-25,2020,ATL,BOS,4,6.7,25,79,2,3,1,1,1.02,ATL202009250
Jimmy Yacabonis,yacaj001,2020-09-14,2020,SEA,OAK,1,1.3,10,44,2,3,0,1,1.04,SEA202009142
Jordan Yamamoto,yamaj001,2020-08-06,2020,MIA,BAL,4,4.0,18,66,6,0,2,0,1.0,BAL202008060
Jordan Yamamoto,yamaj001,2020-08-12,2020,MIA,TOR,5,3.3,18,75,7,2,2,0,1.0,TOR202008120
Jordan Yamamoto,yamaj001,2020-08-17,2020,MIA,NYN,1,1.3,9,35,3,3,0,1,0.98,MIA202008170
Ryan Yarbrough,yarbr001,2020-07-25,2020,TBA,TOR,1,5.3,21,69,4,1,0,1,1.05,TBA202007250
Ryan Yarbrough,yarbr001,2020-07-30,2020,TBA,ATL,6,6.3,25,87,2,3,0,0,1.02,ATL202007300
Ryan Yarbrough,yarbr001,2020-08-05,2020,TBA,BOS,5,5.0,26,82,8,1,2,1,1.05,TBA202008050
Ryan Yarbrough,yarbr001,2020-08-10,2020,TBA,BOS,1,4.3,20,77,5,2,1,0,0.98,BOS202008100
Ryan Yarbrough,yarbr001,2020-08-15,2020,TBA,TOR,2,3.0,13,51,4,0,0,0,1.0,TOR202008150
Ryan Yarbrough,yarbr001,2020-08-21,2020,TBA,TOR,6,6.3,27,97,8,2,2,1,1.05,TBA202008210
Ryan Yarbrough,yarbr001,2020-08-28,2020,TBA,MIA,5,6.7,23,80,4,0,0,0,0.98,MIA202008280
Ryan Yarbrough,yarbr001,2020-09-08,2020,TBA,WAS,1,2.7,17,70,6,1,0,0,1.01,WAS202009080
Ryan Yarbrough,yarbr001,2020-09-20,2020,TBA,BAL,8,7.0,28,100,5,2,0,0,1.0,BAL202009200
Huascar Ynoa,ynoah001,2020-08-09,2020,ATL,PHI,1,2.3,9,39,1,1,0,0,1.01,PHI202008091
Huascar Ynoa,ynoah001,2020-08-12,2020,ATL,NYA,0,1.0,10,44,4,3,2,0,0.99,NYA202008120
Huascar Ynoa,ynoah001,2020-09-04,2020,ATL,WAS,3,2.3,15,55,5,1,0,1,1.02,ATL202009042
Huascar Ynoa,ynoah001,2020-09-15,2020,ATL,BAL,5,4.0,13,49,2,0,0,0,1.0,BAL202009150
Huascar Ynoa,ynoah001,2020-09-21,2020,ATL,MIA,1,3.0,14,54,5,1,0,1,1.02,ATL202009210
Alex Young,youna002,2020-08-15,2020,ARI,SDN,5,4.3,18,63,4,1,1,1,1.03,ARI202008150
Alex Young,youna002,2020-08-20,2020,ARI,OAK,4,4.0,17,86,4,1,2,0,1.0,OAK202008200
Alex Young,youna002,2020-08-25,2020,ARI,COL,5,5.0,22,90,5,1,1,1,1.03,ARI202008250
Alex Young,youna002,2020-09-01,2020,ARI,LAN,4,5.0,27,89,6,5,0,0,1.03,LAN202009010
Alex Young,youna002,2020-09-06,2020,ARI,SFN,3,5.3,21,81,7,0,2,0,1.03,SFN202009060
Alex Young,youna002,2020-09-17,2020,ARI,ANA,2,2.7,17,62,8,1,1,0,0.99,ANA202009170
Alex Young,youna002,2020-09-23,2020,ARI,TEX,5,5.0,22,83,6,1,0,1,1.03,ARI202009230
T. J. Zeuch,zeuct001,2020-09-26,2020,TOR,BAL,0,5.0,20,75,5,0,0,1,1.0,TOR202009260
Bruce Zimmermann,zimmb002,2020-09-17,2020,BAL,TBA,2,3.0,15,53,4,1,2,1,1.0,BAL202009172
Jordan Zimmermann,zimmj003,2020-09-10,2020,DET,SLN,2,3.0,12,42,4,1,0,0,1.0,SLN202009102
Jordan Zimmermann,zimmj003,2020-09-27,2020,DET,KCA,2,1.0,4,18,1,0,0,0,0.96,KCA202009270
Kyle Zimmer,zimmk001,2020-07-28,2020,KCA,DET,1,2.0,9,35,1,1,0,0,1.0,DET202007280
