pitcher_name,pitcher_id,game_date,season,team,opponent,strikeouts,innings_pitched,batters_faced,pitches_thrown,hits,walks,home_runs,is_home,park_k_factor,game_id
Cory Abbott,abboc001,2021-10-01,2021,CHN,SLN,4,5.0,20,85,4,2,2,0,1.0,SLN202110010
Joan Adon,adonj001,2021-10-03,2021,WAS,BOS,9,5.3,24,94,6,3,1,1,1.01,WAS202110030
Keegan Akin,akink001,2021-05-30,2021,BAL,CHA,4,4.7,21,94,5,2,1,0,0.99,CHA202105300
Keegan Akin,akink001,2021-06-04,2021,BAL,CLE,4,5.0,19,86,3,1,0,1,1.0,BAL202106040
Keegan Akin,akink001,2021-06-11,2021,BAL,TBA,2,4.0,18,95,5,3,1,0,1.05,TBA202106110
Keegan Akin,akink001,2021-06-16,2021,BAL,CLE,7,5.7,27,96,8,3,1,0,1.04,CLE202106160
Keegan Akin,akink001,2021-06-21,2021,BAL,HOU,5,4.0,21,83,6,4,1,1,1.0,BAL202106210
Keegan Akin,akink001,2021-06-26,2021,BAL,TOR,3,4.3,21,81,7,1,2,0,1.0,TOR202106260
Keegan Akin,akink001,2021-07-02,2021,BAL,ANA,3,3.0,16,64,7,1,2,0,0.99,ANA202107020
Keegan Akin,akink001,2021-07-16,2021,BAL,KCA,2,3.0,20,74,8,3,0,0,0.96,KCA202107160
Keegan Akin,akink001,2021-08-10,2021,BAL,DET,5,3.0,17,68,7,1,0,1,1.0,BAL202108100
Keegan Akin,akink001,2021-08-15,2021,BAL,BOS,2,4.0,20,77,6,3,1,0,0.98,BOS202108150
Keegan Akin,akink001,2021-08-20,2021,BAL,ATL,3,5.0,24,101,5,3,2,1,1.0,BAL202108200
Keegan Akin,akink001,2021-08-26,2021,BAL,ANA,6,7.0,26,92,3,2,1,1,1.0,BAL202108260
Keegan Akin,akink001,2021-08-31,2021,BAL,TOR,5,5.0,20,85,2,3,1,0,1.0,TOR202108310
Keegan Akin,akink001,2021-09-05,2021,BAL,NYA,5,4.0,18,86,3,2,1,0,0.99,NYA202109050
Keegan Akin,akink001,2021-09-11,2021,BAL,TOR,3,6.0,23,97,3,2,1,1,1.0,BAL202109112
Keegan Akin,akink001,2021-09-17,2021,BAL,BOS,0,4.0,20,88,6,3,1,0,0.98,BOS202109170
Keegan Akin,akink001,2021-09-22,2021,BAL,PHI,6,5.3,21,90,5,1,0,0,1.01,PHI202109220
Andrew Albers,albea001,2021-08-27,2021,MIN,MIL,2,5.3,21,88,3,1,0,1,1.0,MIN202108270
Andrew Albers,albea001,2021-09-04,2021,MIN,TBA,2,3.0,20,68,10,1,4,0,1.05,TBA202109040
Andrew Albers,albea001,2021-09-09,2021,MIN,CLE,2,4.0,21,98,6,4,2,0,1.04,CLE202109090
Sandy Alcántara,alcas001,2021-04-01,2021,MIA,TBA,7,6.0,23,83,2,2,0,1,0.98,MIA202104010
Sandy Alcántara,alcas001,2021-04-06,2021,MIA,SLN,10,6.0,25,93,4,2,0,1,0.98,MIA202104060
Sandy Alcántara,alcas001,2021-04-12,2021,MIA,ATL,4,6.3,27,90,4,3,0,0,1.02,ATL202104120
Sandy Alcántara,alcas001,2021-04-17,2021,MIA,SFN,7,6.3,25,92,6,0,1,1,0.98,MIA202104170
Sandy Alcántara,alcas001,2021-04-23,2021,MIA,SFN,4,5.0,21,93,4,4,1,0,1.03,SFN202104230
Sandy Alcántara,alcas001,2021-04-28,2021,MIA,MIL,4,7.0,25,93,5,0,1,0,1.05,MIL202104280
Sandy Alcántara,alcas001,2021-05-04,2021,MIA,ARI,6,6.0,25,95,6,1,1,1,0.98,MIA202105040
Sandy Alcántara,alcas001,2021-05-09,2021,MIA,MIL,6,7.0,27,103,5,2,1,1,0.98,MIA202105090
Sandy Alcántara,alcas001,2021-05-14,2021,MIA,LAN,3,1.3,13,55,7,2,1,0,1.03,LAN202105140
Sandy Alcántara,alcas001,2021-05-20,2021,MIA,PHI,9,6.0,22,100,2,3,0,0,1.01,PHI202105200
Sandy Alcántara,alcas001,2021-05-25,2021,MIA,PHI,4,8.0,26,93,2,1,1,1,0.98,MIA202105250
Sandy Alcántara,alcas001,2021-06-01,2021,MIA,TOR,4,6.0,27,89,9,0,1,0,1.0,TOR202106010
Sandy Alcántara,alcas001,2021-06-06,2021,MIA,PIT,6,8.0,31,103,7,2,0,0,1.0,PIT202106060
Sandy Alcántara,alcas001,2021-06-11,2021,MIA,ATL,6,6.0,25,97,5,2,0,1,0.98,MIA202106110
Sandy Alcántara,alcas001,2021-06-16,2021,MIA,SLN,7,8.3,32,108,6,1,0,0,1.0,SLN202106160
Sandy Alcántara,alcas001,2021-06-22,2021,MIA,TOR,3,8.0,31,86,5,1,0,1,0.98,MIA202106220
Sandy Alcántara,alcas001,2021-06-27,2021,MIA,WAS,3,5.3,24,90,6,3,2,1,0.98,MIA202106270
Sandy Alcántara,alcas001,2021-07-03,2021,MIA,ATL,4,6.0,26,99,5,4,0,0,1.02,ATL202107030
Sandy Alcántara,alcas001,2021-07-08,2021,MIA,LAN,5,4.0,21,98,7,1,0,1,0.98,MIA202107080
Sandy Alcántara,alcas001,2021-07-16,2021,MIA,PHI,3,3.0,17,80,4,3,0,0,1.01,PHI202107161
Sandy Alcántara,alcas001,2021-07-27,2021,MIA,BAL,5,6.0,24,85,6,1,2,0,1.0,BAL202107270
Sandy Alcántara,alcas001,2021-08-01,2021,MIA,NYA,10,7.0,24,99,2,1,0,1,0.98,MIA202108010
Sandy Alcántara,alcas001,2021-08-06,2021,MIA,COL,1,3.7,24,75,10,2,3,0,0.92,COL202108060
Sandy Alcántara,alcas001,2021-08-11,2021,MIA,SDN,7,7.0,27,104,4,2,0,0,1.08,SDN202108110
Sandy Alcántara,alcas001,2021-08-17,2021,MIA,ATL,7,8.0,30,105,5,1,0,1,0.98,MIA202108170
Sandy Alcántara,alcas001,2021-08-22,2021,MIA,CIN,11,7.0,26,111,4,2,2,0,1.0,CIN202108220
Sandy Alcántara,alcas001,2021-08-28,2021,MIA,CIN,12,7.0,28,98,6,1,0,1,0.98,MIA202108280
Sandy Alcántara,alcas001,2021-09-02,2021,MIA,NYN,6,6.3,27,98,8,0,1,0,1.06,NYN202109020
Sandy Alcántara,alcas001,2021-09-08,2021,MIA,NYN,14,9.0,31,114,4,1,1,1,0.98,MIA202109080
Sandy Alcántara,alcas001,2021-09-13,2021,MIA,WAS,7,8.0,26,96,1,0,0,0,1.01,WAS202109130
Sandy Alcántara,alcas001,2021-09-19,2021,MIA,PIT,4,6.0,26,103,6,1,0,1,0.98,MIA202109190
Sandy Alcántara,alcas001,2021-09-25,2021,MIA,TBA,6,6.0,28,87,9,0,1,0,1.05,TBA202109250
Sandy Alcántara,alcas001,2021-10-01,2021,MIA,PHI,6,5.0,23,80,5,1,1,1,0.98,MIA202110010
A. J. Alexy,alexa001,2021-08-30,2021,TEX,COL,4,5.0,18,81,1,3,0,1,0.99,TEX202108300
A. J. Alexy,alexa001,2021-09-06,2021,TEX,ANA,7,6.0,20,85,1,2,0,0,0.99,ANA202109060
A. J. Alexy,alexa001,2021-09-20,2021,TEX,NYA,1,3.3,20,83,4,6,1,0,0.99,NYA202109200
A. J. Alexy,alexa001,2021-09-28,2021,TEX,ANA,2,5.0,19,91,3,2,1,1,0.99,TEX202109280
Tyler Alexander,alext001,2021-05-31,2021,DET,MIL,2,1.0,4,11,1,0,0,0,1.05,MIL202105310
Tyler Alexander,alext001,2021-06-10,2021,DET,SEA,2,2.7,12,56,3,1,1,1,1.0,DET202106100
Tyler Alexander,alext001,2021-07-17,2021,DET,MIN,1,3.3,14,48,4,0,1,1,1.0,DET202107172
Tyler Alexander,alext001,2021-07-22,2021,DET,TEX,4,3.7,16,59,3,1,0,1,1.0,DET202107220
Tyler Alexander,alext001,2021-07-27,2021,DET,MIN,2,4.0,18,56,6,1,2,0,1.0,MIN202107270
Tyler Alexander,alext001,2021-08-01,2021,DET,BAL,2,4.0,18,67,4,2,0,1,1.0,DET202108010
Tyler Alexander,alext001,2021-08-07,2021,DET,CLE,4,5.3,19,62,4,0,0,0,1.04,CLE202108070
Tyler Alexander,alext001,2021-08-13,2021,DET,CLE,4,5.0,21,77,6,0,1,1,1.0,DET202108130
Tyler Alexander,alext001,2021-08-20,2021,DET,TOR,6,7.0,26,88,4,2,1,0,1.0,TOR202108200
Tyler Alexander,alext001,2021-09-03,2021,DET,CIN,5,3.7,15,79,2,2,1,0,1.0,CIN202109030
Tyler Alexander,alext001,2021-09-10,2021,DET,TBA,4,4.3,20,69,5,2,0,1,1.0,DET202109100
Tyler Alexander,alext001,2021-09-16,2021,DET,TBA,4,5.7,25,81,5,2,1,0,1.05,TBA202109160
Tyler Alexander,alext001,2021-09-21,2021,DET,CHA,2,5.0,23,91,8,2,0,1,1.0,DET202109210
Tyler Alexander,alext001,2021-09-28,2021,DET,MIN,6,6.0,22,99,4,1,0,0,1.0,MIN202109280
Tyler Alexander,alext001,2021-10-03,2021,DET,CHA,4,6.0,24,85,4,2,1,0,0.99,CHA202110030
Kolby Allard,allak001,2021-05-27,2021,TEX,SEA,4,4.0,14,57,2,1,2,0,1.04,SEA202105270
Kolby Allard,allak001,2021-06-05,2021,TEX,TBA,6,5.0,19,79,3,1,0,1,0.99,TEX202106050
Kolby Allard,allak001,2021-06-12,2021,TEX,LAN,4,5.0,20,91,5,1,0,0,1.03,LAN202106120
Kolby Allard,allak001,2021-06-19,2021,TEX,MIN,6,6.0,23,75,4,1,1,1,0.99,TEX202106190
Kolby Allard,allak001,2021-06-24,2021,TEX,OAK,1,6.0,26,97,8,0,1,1,0.99,TEX202106240
Kolby Allard,allak001,2021-06-30,2021,TEX,OAK,5,6.0,23,91,4,1,1,0,1.0,OAK202106300
Kolby Allard,allak001,2021-07-05,2021,TEX,DET,9,5.3,25,90,5,2,0,1,0.99,TEX202107050
Kolby Allard,allak001,2021-07-11,2021,TEX,OAK,3,6.0,23,84,5,0,4,1,0.99,TEX202107110
Kolby Allard,allak001,2021-07-18,2021,TEX,TOR,1,5.3,24,88,7,1,1,0,1.0,TOR202107181
Kolby Allard,allak001,2021-07-23,2021,TEX,HOU,5,4.0,22,90,7,1,1,0,1.02,HOU202107230
Kolby Allard,allak001,2021-07-30,2021,TEX,SEA,3,3.0,19,73,6,3,1,1,0.99,TEX202107300
Kolby Allard,allak001,2021-08-04,2021,TEX,ANA,3,6.0,23,86,6,0,1,1,0.99,TEX202108040
Kolby Allard,allak001,2021-08-10,2021,TEX,SEA,4,6.0,24,91,6,0,2,0,1.04,SEA202108100
Kolby Allard,allak001,2021-08-15,2021,TEX,OAK,2,6.3,25,81,7,0,2,1,0.99,TEX202108150
Kolby Allard,allak001,2021-08-23,2021,TEX,BOS,5,6.0,25,89,4,3,2,0,0.98,BOS202108230
Kolby Allard,allak001,2021-08-28,2021,TEX,HOU,2,6.0,28,99,8,3,2,1,0.99,TEX202108280
Kolby Allard,allak001,2021-09-04,2021,TEX,ANA,4,5.7,23,82,5,1,2,0,0.99,ANA202109040
Logan Allen,allel002,2021-04-05,2021,CLE,KCA,3,5.0,21,72,5,2,1,1,1.04,CLE202104050
Logan Allen,allel002,2021-04-11,2021,CLE,DET,5,5.0,20,92,2,3,0,1,1.04,CLE202104110
Logan Allen,allel002,2021-04-16,2021,CLE,CIN,2,2.0,11,55,3,0,0,0,1.0,CIN202104160
Logan Allen,allel002,2021-04-23,2021,CLE,NYA,1,2.3,13,54,5,1,3,1,1.04,CLE202104230
Logan Allen,allel002,2021-04-28,2021,CLE,MIN,1,1.3,10,52,5,1,3,1,1.04,CLE202104280
Logan Allen,allel002,2021-06-30,2021,CLE,DET,3,3.7,15,71,3,2,1,1,1.04,CLE202106302
Logan Allen,allel002,2021-07-05,2021,CLE,TBA,0,3.3,18,65,7,2,1,0,1.05,TBA202107050
Logan Allen,allel002,2021-08-27,2021,CLE,BOS,5,6.0,21,88,1,1,0,1,1.04,CLE202108270
Logan Allen,allel002,2021-09-01,2021,CLE,KCA,3,6.7,27,76,5,2,1,0,0.96,KCA202109010
Logan Allen,allel002,2021-09-06,2021,CLE,MIN,4,5.3,24,86,8,1,2,1,1.04,CLE202109060
Logan Allen,allel002,2021-09-14,2021,CLE,MIN,3,3.7,17,63,7,1,0,0,1.0,MIN202109142
José Álvarez,alvaj003,2021-08-30,2021,SFN,MIL,0,1.7,11,39,4,2,0,1,1.03,SFN202108300
Adbert Alzolay,alzoa001,2021-04-06,2021,CHN,MIL,4,5.0,20,77,4,2,2,1,0.97,CHN202104060
Adbert Alzolay,alzoa001,2021-04-12,2021,CHN,MIL,6,5.3,19,68,3,1,0,0,1.05,MIL202104120
Adbert Alzolay,alzoa001,2021-04-24,2021,CHN,MIL,7,4.7,18,83,2,2,0,1,0.97,CHN202104240
Adbert Alzolay,alzoa001,2021-04-29,2021,CHN,ATL,6,6.0,24,94,4,1,1,0,1.02,ATL202104290
Adbert Alzolay,alzoa001,2021-05-05,2021,CHN,LAN,7,5.0,19,79,3,1,1,1,0.97,CHN202105050
Adbert Alzolay,alzoa001,2021-05-11,2021,CHN,CLE,6,6.0,23,94,5,0,2,0,1.04,CLE202105110
Adbert Alzolay,alzoa001,2021-05-17,2021,CHN,WAS,3,5.0,19,63,5,0,2,1,0.97,CHN202105170
Adbert Alzolay,alzoa001,2021-05-22,2021,CHN,SLN,6,7.0,26,86,5,0,1,0,1.0,SLN202105220
Adbert Alzolay,alzoa001,2021-05-28,2021,CHN,CIN,6,5.7,26,103,5,3,0,1,0.97,CHN202105280
Adbert Alzolay,alzoa001,2021-06-02,2021,CHN,SDN,7,5.0,19,83,3,1,0,1,0.97,CHN202106020
Adbert Alzolay,alzoa001,2021-06-07,2021,CHN,SDN,4,3.0,19,82,5,5,1,0,1.08,SDN202106070
Adbert Alzolay,alzoa001,2021-06-21,2021,CHN,CLE,5,4.7,18,69,3,1,2,1,0.97,CHN202106210
Adbert Alzolay,alzoa001,2021-06-27,2021,CHN,LAN,3,3.0,18,67,5,3,2,0,1.03,LAN202106270
Adbert Alzolay,alzoa001,2021-07-03,2021,CHN,CIN,6,7.0,26,82,5,1,2,0,1.0,CIN202107030
Adbert Alzolay,alzoa001,2021-07-08,2021,CHN,PHI,5,5.0,21,73,5,1,2,1,0.97,CHN202107080
Adbert Alzolay,alzoa001,2021-07-17,2021,CHN,ARI,2,5.0,21,69,5,2,0,0,1.03,ARI202107170
Adbert Alzolay,alzoa001,2021-07-22,2021,CHN,SLN,8,6.0,24,102,4,3,2,0,1.0,SLN202107220
Adbert Alzolay,alzoa001,2021-07-27,2021,CHN,CIN,4,5.0,22,81,7,0,3,1,0.97,CHN202107270
Adbert Alzolay,alzoa001,2021-08-01,2021,CHN,WAS,4,5.0,26,82,7,4,0,0,1.01,WAS202108010
Adbert Alzolay,alzoa001,2021-08-07,2021,CHN,CHA,7,6.7,26,90,6,0,0,1,0.97,CHN202108070
Adbert Alzolay,alzoa001,2021-08-13,2021,CHN,MIA,1,1.3,10,49,5,1,1,0,0.98,MIA202108130
Brett Anderson,andeb004,2021-04-05,2021,MIL,CHN,4,5.0,20,79,4,1,3,0,0.97,CHN202104050
Brett Anderson,andeb004,2021-04-11,2021,MIL,SLN,1,5.0,21,91,5,2,0,0,1.0,SLN202104110
Brett Anderson,andeb004,2021-04-17,2021,MIL,PIT,3,7.0,28,97,6,1,0,1,1.05,MIL202104170
Brett Anderson,andeb004,2021-04-23,2021,MIL,CHN,0,0.3,4,11,3,0,0,0,0.97,CHN202104230
Brett Anderson,andeb004,2021-05-09,2021,MIL,MIA,3,3.0,12,52,2,1,0,0,0.98,MIA202105090
Brett Anderson,andeb004,2021-05-15,2021,MIL,ATL,3,3.7,22,77,8,3,1,1,1.05,MIL202105150
Brett Anderson,andeb004,2021-05-22,2021,MIL,CIN,3,5.0,18,65,4,0,2,0,1.0,CIN202105220
Brett Anderson,andeb004,2021-05-29,2021,MIL,WAS,3,3.3,18,85,4,3,0,0,1.01,WAS202105292
Brett Anderson,andeb004,2021-06-03,2021,MIL,ARI,1,4.3,23,81,8,1,1,1,1.05,MIL202106030
Brett Anderson,andeb004,2021-06-09,2021,MIL,CIN,0,3.0,17,59,5,2,0,0,1.0,CIN202106090
Brett Anderson,andeb004,2021-06-15,2021,MIL,CIN,9,7.0,23,82,1,1,0,1,1.05,MIL202106150
Brett Anderson,andeb004,2021-06-21,2021,MIL,ARI,1,1.3,8,31,5,0,0,0,1.03,ARI202106210
Brett Anderson,andeb004,2021-07-07,2021,MIL,NYN,1,4.0,13,44,3,0,0,0,1.06,NYN202107072
Brett Anderson,andeb004,2021-07-20,2021,MIL,KCA,3,5.0,20,72,3,2,1,1,1.05,MIL202107200
Brett Anderson,andeb004,2021-07-27,2021,MIL,PIT,3,6.0,21,72,3,1,0,0,1.0,PIT202107270
Brett Anderson,andeb004,2021-08-01,2021,MIL,ATL,3,5.7,21,71,3,1,0,0,1.02,ATL202108010
Brett Anderson,andeb004,2021-08-08,2021,MIL,SFN,3,5.0,19,63,5,0,1,1,1.05,MIL202108080
Brett Anderson,andeb004,2021-08-14,2021,MIL,PIT,4,3.3,19,68,8,1,0,0,1.0,PIT202108141
Brett Anderson,andeb004,2021-08-20,2021,MIL,WAS,3,5.3,23,82,5,3,0,1,1.05,MIL202108200
Brett Anderson,andeb004,2021-08-26,2021,MIL,CIN,3,4.0,16,70,4,2,0,1,1.05,MIL202108260
Brett Anderson,andeb004,2021-09-01,2021,MIL,SFN,2,2.0,9,38,3,1,0,0,1.03,SFN202109010
Brett Anderson,andeb004,2021-09-22,2021,MIL,SLN,0,1.7,13,49,6,1,1,1,1.05,MIL202109220
Brett Anderson,andeb004,2021-09-30,2021,MIL,SLN,2,5.0,18,61,3,1,1,0,1.0,SLN202109300
Brett Anderson,andeb004,2021-10-03,2021,MIL,LAN,0,1.0,3,8,1,0,0,0,1.03,LAN202110030
Chase Anderson,andec001,2021-04-06,2021,PHI,NYN,3,5.0,20,80,2,2,1,1,1.01,PHI202104060
Chase Anderson,andec001,2021-04-13,2021,PHI,NYN,3,4.0,18,74,3,3,1,0,1.06,NYN202104131
Chase Anderson,andec001,2021-04-19,2021,PHI,SFN,5,4.0,18,70,5,0,1,1,1.01,PHI202104190
Chase Anderson,andec001,2021-04-25,2021,PHI,COL,2,3.7,20,87,6,3,0,0,0.92,COL202104250
Chase Anderson,andec001,2021-04-30,2021,PHI,NYN,6,5.0,22,91,5,2,0,1,1.01,PHI202104300
Chase Anderson,andec001,2021-05-05,2021,PHI,MIL,2,4.3,20,92,4,4,1,1,1.01,PHI202105050
Chase Anderson,andec001,2021-05-11,2021,PHI,WAS,5,5.0,20,85,3,1,1,0,1.01,WAS202105110
Chase Anderson,andec001,2021-05-16,2021,PHI,TOR,0,1.3,13,56,8,1,2,0,1.0,TOR202105160
Chase Anderson,andec001,2021-08-04,2021,PHI,WAS,1,4.0,16,55,3,1,3,0,1.01,WAS202108040
Drew Anderson,anded003,2021-08-07,2021,TEX,OAK,0,2.0,13,60,4,2,0,0,1.0,OAK202108070
Ian Anderson,andei001,2021-04-04,2021,ATL,PHI,7,5.0,20,88,4,2,1,0,1.01,PHI202104040
Ian Anderson,andei001,2021-04-10,2021,ATL,PHI,6,5.3,22,89,5,1,2,1,1.02,ATL202104100
Ian Anderson,andei001,2021-04-15,2021,ATL,MIA,6,5.0,25,98,6,4,0,1,1.02,ATL202104150
Ian Anderson,andei001,2021-04-21,2021,ATL,NYA,4,6.7,27,97,4,4,0,0,0.99,NYA202104210
Ian Anderson,andei001,2021-04-27,2021,ATL,CHN,8,7.0,23,90,1,1,0,1,1.02,ATL202104270
Ian Anderson,andei001,2021-05-02,2021,ATL,TOR,5,4.0,21,89,6,2,0,0,1.0,TOR202105020
Ian Anderson,andei001,2021-05-08,2021,ATL,PHI,7,6.0,25,94,6,3,1,1,1.02,ATL202105080
Ian Anderson,andei001,2021-05-15,2021,ATL,MIL,4,6.0,23,110,2,4,0,0,1.05,MIL202105150
Ian Anderson,andei001,2021-05-21,2021,ATL,PIT,6,6.0,24,92,6,0,0,1,1.02,ATL202105210
Ian Anderson,andei001,2021-05-29,2021,ATL,NYN,6,4.0,21,87,7,1,2,0,1.06,NYN202105290
Ian Anderson,andei001,2021-06-04,2021,ATL,LAN,6,4.3,18,98,1,3,0,1,1.02,ATL202106040
Ian Anderson,andei001,2021-06-10,2021,ATL,PHI,4,7.0,26,98,4,1,0,0,1.01,PHI202106100
Ian Anderson,andei001,2021-06-16,2021,ATL,BOS,5,4.0,20,87,7,1,0,1,1.02,ATL202106160
Ian Anderson,andei001,2021-06-21,2021,ATL,NYN,5,5.3,19,85,3,1,0,0,1.06,NYN202106212
Ian Anderson,andei001,2021-06-26,2021,ATL,CIN,9,6.0,23,97,5,1,1,0,1.0,CIN202106260
Ian Anderson,andei001,2021-07-01,2021,ATL,NYN,2,7.0,26,97,3,2,1,1,1.02,ATL202107010
Ian Anderson,andei001,2021-07-06,2021,ATL,PIT,4,5.0,23,91,5,3,0,0,1.0,PIT202107060
Ian Anderson,andei001,2021-07-11,2021,ATL,MIA,4,2.3,17,64,6,5,1,0,0.98,MIA202107110
Ian Anderson,andei001,2021-08-29,2021,ATL,SFN,0,5.7,22,86,4,2,0,1,1.02,ATL202108290
Ian Anderson,andei001,2021-09-04,2021,ATL,COL,0,3.0,17,62,5,4,2,0,0.92,COL202109040
Ian Anderson,andei001,2021-09-10,2021,ATL,MIA,9,5.0,23,89,5,2,1,1,1.02,ATL202109100
Ian Anderson,andei001,2021-09-17,2021,ATL,SFN,7,5.7,23,99,5,2,3,0,1.03,SFN202109170
Ian Anderson,andei001,2021-09-22,2021,ATL,ARI,8,7.0,23,97,2,1,0,0,1.03,ARI202109220
Ian Anderson,andei001,2021-09-30,2021,ATL,PHI,2,6.0,24,91,3,3,1,1,1.02,ATL202109300
Tyler Anderson,andet002,2021-04-03,2021,PIT,CHN,7,5.0,23,91,5,2,1,0,0.97,CHN202104030
Tyler Anderson,andet002,2021-04-08,2021,PIT,CHN,5,5.3,23,78,10,0,2,1,1.0,PIT202104080
Tyler Anderson,andet002,2021-04-14,2021,PIT,SDN,2,5.3,21,86,4,2,0,1,1.0,PIT202104140
Tyler Anderson,andet002,2021-04-21,2021,PIT,DET,7,5.0,20,90,3,2,0,0,1.0,DET202104211
Tyler Anderson,andet002,2021-04-27,2021,PIT,KCA,5,6.0,23,90,3,2,0,1,1.0,PIT202104270
Tyler Anderson,andet002,2021-05-03,2021,PIT,SDN,5,6.7,25,91,2,3,0,0,1.08,SDN202105030
Tyler Anderson,andet002,2021-05-09,2021,PIT,CHN,6,8.0,29,102,4,1,0,0,0.97,CHN202105090
Tyler Anderson,andet002,2021-05-15,2021,PIT,SFN,7,5.0,23,91,6,2,2,1,1.0,PIT202105150
Tyler Anderson,andet002,2021-05-21,2021,PIT,ATL,7,5.0,27,101,10,2,3,0,1.02,ATL202105210
Tyler Anderson,andet002,2021-05-27,2021,PIT,CHN,4,5.0,22,88,5,1,2,1,1.0,PIT202105270
Tyler Anderson,andet002,2021-06-03,2021,PIT,MIA,4,5.3,20,75,5,0,0,1,1.0,PIT202106030
Tyler Anderson,andet002,2021-06-09,2021,PIT,LAN,2,6.0,26,92,6,2,2,1,1.0,PIT202106090
Tyler Anderson,andet002,2021-06-15,2021,PIT,WAS,4,6.0,28,102,10,1,1,0,1.01,WAS202106150
Tyler Anderson,andet002,2021-06-22,2021,PIT,CHA,4,6.7,26,86,5,1,1,1,1.0,PIT202106220
Tyler Anderson,andet002,2021-06-28,2021,PIT,COL,3,5.0,22,82,5,1,1,0,0.92,COL202106280
Tyler Anderson,andet002,2021-07-04,2021,PIT,MIL,6,7.0,26,93,3,2,0,1,1.0,PIT202107040
Tyler Anderson,andet002,2021-07-10,2021,PIT,NYN,2,5.0,21,65,6,0,1,0,1.06,NYN202107101
Tyler Anderson,andet002,2021-07-20,2021,PIT,ARI,6,6.0,25,77,7,1,0,0,1.03,ARI202107200
Tyler Anderson,andet002,2021-07-31,2021,SEA,TEX,3,5.3,22,87,6,0,1,0,0.99,TEX202107310
Tyler Anderson,andet002,2021-08-05,2021,SEA,NYA,4,5.0,22,87,5,2,0,0,0.99,NYA202108050
Tyler Anderson,andet002,2021-08-11,2021,SEA,TEX,4,5.3,22,94,6,0,0,1,1.04,SEA202108110
Tyler Anderson,andet002,2021-08-17,2021,SEA,TEX,4,6.0,21,83,3,0,1,0,0.99,TEX202108170
Tyler Anderson,andet002,2021-08-22,2021,SEA,HOU,4,5.3,25,94,8,1,1,0,1.02,HOU202108220
Tyler Anderson,andet002,2021-08-28,2021,SEA,KCA,6,7.0,29,92,8,0,2,1,1.04,SEA202108280
Tyler Anderson,andet002,2021-09-03,2021,SEA,ARI,5,6.0,23,87,4,1,0,0,1.03,ARI202109030
Tyler Anderson,andet002,2021-09-08,2021,SEA,HOU,4,4.7,24,80,7,3,2,0,1.02,HOU202109080
Tyler Anderson,andet002,2021-09-14,2021,SEA,BOS,5,4.3,19,90,4,2,1,1,1.04,SEA202109140
Tyler Anderson,andet002,2021-09-20,2021,SEA,OAK,7,7.0,25,91,4,1,0,0,1.0,OAK202109200
Tyler Anderson,andet002,2021-09-25,2021,SEA,ANA,0,2.0,15,49,9,1,1,0,0.99,ANA202109250
Tyler Anderson,andet002,2021-09-28,2021,SEA,OAK,2,4.0,14,46,2,0,1,1,1.04,SEA202109280
Tyler Anderson,andet002,2021-10-03,2021,SEA,ANA,0,1.7,12,37,5,2,1,1,1.04,SEA202110030
Chris Archer,archc001,2021-04-10,2021,TBA,NYA,4,2.3,10,42,3,0,0,1,1.05,TBA202104100
Chris Archer,archc001,2021-08-22,2021,TBA,CHA,4,2.0,8,41,1,1,0,1,1.05,TBA202108220
Chris Archer,archc001,2021-08-29,2021,TBA,BAL,6,4.0,17,59,4,1,1,0,1.0,BAL202108290
Chris Archer,archc001,2021-09-04,2021,TBA,MIN,3,5.0,22,78,4,4,2,1,1.05,TBA202109040
Chris Archer,archc001,2021-09-11,2021,TBA,DET,2,4.0,15,55,2,1,0,0,1.0,DET202109110
Kohei Arihara,arihk001,2021-04-03,2021,TEX,KCA,1,5.0,20,73,6,0,1,0,0.96,KCA202104030
Kohei Arihara,arihk001,2021-04-09,2021,TEX,SDN,1,4.0,17,73,5,1,0,1,0.99,TEX202104090
Kohei Arihara,arihk001,2021-04-14,2021,TEX,TBA,5,5.7,20,85,3,0,0,0,1.05,TBA202104140
Kohei Arihara,arihk001,2021-04-19,2021,TEX,ANA,6,5.7,19,77,2,2,0,0,0.99,ANA202104190
Kohei Arihara,arihk001,2021-04-25,2021,TEX,CHA,0,2.0,15,70,6,4,1,0,0.99,CHA202104250
Kohei Arihara,arihk001,2021-04-30,2021,TEX,BOS,1,2.7,16,55,4,2,4,1,0.99,TEX202104300
Kohei Arihara,arihk001,2021-05-08,2021,TEX,SEA,3,3.7,20,74,6,3,1,1,0.99,TEX202105080
Kohei Arihara,arihk001,2021-09-01,2021,TEX,COL,3,3.3,11,47,1,0,1,1,0.99,TEX202109010
Kohei Arihara,arihk001,2021-09-08,2021,TEX,ARI,3,4.7,19,69,4,1,1,0,1.03,ARI202109080
Kohei Arihara,arihk001,2021-09-15,2021,TEX,HOU,1,4.0,21,73,8,0,2,1,0.99,TEX202109150
Jake Arrieta,arrij001,2021-04-03,2021,CHN,PIT,5,6.0,24,84,6,1,0,1,0.97,CHN202104030
Jake Arrieta,arrij001,2021-04-08,2021,CHN,PIT,4,6.0,27,89,7,3,0,0,1.0,PIT202104080
Jake Arrieta,arrij001,2021-04-14,2021,CHN,MIL,5,5.0,21,84,4,1,1,0,1.05,MIL202104140
Jake Arrieta,arrij001,2021-04-20,2021,CHN,NYN,4,5.0,21,88,3,3,1,1,0.97,CHN202104200
Jake Arrieta,arrij001,2021-04-25,2021,CHN,MIL,8,6.0,24,101,2,3,0,1,0.97,CHN202104250
Jake Arrieta,arrij001,2021-04-30,2021,CHN,CIN,2,3.3,18,67,7,1,3,0,1.0,CIN202104300
Jake Arrieta,arrij001,2021-05-14,2021,CHN,DET,1,6.0,20,78,4,1,2,0,1.0,DET202105140
Jake Arrieta,arrij001,2021-05-19,2021,CHN,WAS,2,5.0,24,94,7,2,1,1,0.97,CHN202105190
Jake Arrieta,arrij001,2021-05-25,2021,CHN,PIT,7,5.0,22,79,5,1,0,0,1.0,PIT202105250
Jake Arrieta,arrij001,2021-05-30,2021,CHN,CIN,3,3.7,23,89,6,4,1,1,0.97,CHN202105300
Jake Arrieta,arrij001,2021-06-04,2021,CHN,SFN,1,2.0,13,58,6,2,2,0,1.03,SFN202106040
Jake Arrieta,arrij001,2021-06-09,2021,CHN,SDN,6,5.0,20,80,4,1,0,0,1.08,SDN202106090
Jake Arrieta,arrij001,2021-06-14,2021,CHN,NYN,3,5.0,22,77,4,4,1,0,1.06,NYN202106140
Jake Arrieta,arrij001,2021-06-19,2021,CHN,MIA,5,3.0,16,60,6,0,2,1,0.97,CHN202106190
Jake Arrieta,arrij001,2021-06-25,2021,CHN,LAN,4,5.0,24,92,5,3,1,0,1.03,LAN202106250
Jake Arrieta,arrij001,2021-06-30,2021,CHN,MIL,2,1.7,14,56,4,4,1,0,1.05,MIL202106300
Jake Arrieta,arrij001,2021-07-06,2021,CHN,PHI,4,1.7,14,55,6,2,1,1,0.97,CHN202107060
Jake Arrieta,arrij001,2021-07-30,2021,CHN,WAS,3,4.0,19,57,7,1,1,0,1.01,WAS202107300
Jake Arrieta,arrij001,2021-08-05,2021,CHN,COL,2,4.0,19,59,9,0,3,0,0.92,COL202108050
Jake Arrieta,arrij001,2021-08-11,2021,CHN,MIL,3,4.0,24,83,11,2,0,1,0.97,CHN202108110
Jake Arrieta,arrij001,2021-08-18,2021,SDN,COL,3,3.3,17,64,7,1,1,0,0.92,COL202108180
Jake Arrieta,arrij001,2021-09-03,2021,SDN,HOU,3,5.0,19,64,3,1,1,1,1.08,SDN202109030
Jake Arrieta,arrij001,2021-09-14,2021,SDN,SFN,3,3.7,18,68,5,2,1,0,1.03,SFN202109140
Jake Arrieta,arrij001,2021-09-19,2021,SDN,SLN,0,0.3,6,20,3,1,0,0,1.0,SLN202109190
Aaron Ashby,ashba003,2021-06-30,2021,MIL,CHN,0,0.7,10,39,4,3,0,1,1.05,MIL202106300
Aaron Ashby,ashba003,2021-08-10,2021,MIL,CHN,1,2.0,8,23,2,0,0,0,0.97,CHN202108102
Aaron Ashby,ashba003,2021-08-14,2021,MIL,PIT,4,4.0,15,58,3,0,0,0,1.0,PIT202108142
Aaron Ashby,ashba003,2021-08-29,2021,MIL,MIN,4,5.0,19,73,3,1,1,0,1.0,MIN202108290
Pedro Avila,avilp001,2021-10-01,2021,SDN,SFN,5,4.0,20,84,4,3,1,0,1.03,SFN202110010
Charlie Barnes,barnc002,2021-07-17,2021,MIN,DET,1,4.7,19,68,4,1,1,0,1.0,DET202107171
Charlie Barnes,barnc002,2021-08-04,2021,MIN,CIN,2,4.0,20,80,7,2,0,0,1.0,CIN202108040
Charlie Barnes,barnc002,2021-08-15,2021,MIN,TBA,3,5.0,18,73,3,0,1,1,1.0,MIN202108150
Charlie Barnes,barnc002,2021-08-20,2021,MIN,NYA,2,5.0,28,109,8,5,1,0,0.99,NYA202108200
Charlie Barnes,barnc002,2021-08-28,2021,MIN,MIL,2,4.0,18,64,4,1,0,1,1.0,MIN202108280
Charlie Barnes,barnc002,2021-09-14,2021,MIN,CLE,2,4.0,17,71,4,1,0,1,1.0,MIN202109142
Charlie Barnes,barnc002,2021-09-28,2021,MIN,DET,2,4.0,18,68,3,3,0,1,1.0,MIN202109280
Charlie Barnes,barnc002,2021-10-03,2021,MIN,KCA,3,2.7,16,54,7,1,0,0,0.96,KCA202110030
Jaime Barría,barrj003,2021-07-25,2021,ANA,MIN,4,7.0,27,95,4,2,2,0,1.0,MIN202107250
Jaime Barría,barrj003,2021-07-31,2021,ANA,OAK,3,6.7,27,95,4,1,0,1,0.99,ANA202107310
Jaime Barría,barrj003,2021-08-07,2021,ANA,LAN,5,6.0,26,89,6,2,1,0,1.03,LAN202108070
Jaime Barría,barrj003,2021-08-14,2021,ANA,HOU,1,3.0,16,52,7,1,1,1,0.99,ANA202108140
Jaime Barría,barrj003,2021-08-20,2021,ANA,CLE,3,2.0,12,45,6,0,1,0,1.04,CLE202108200
Jaime Barría,barrj003,2021-08-26,2021,ANA,BAL,2,3.3,15,54,5,2,0,0,1.0,BAL202108260
Jaime Barría,barrj003,2021-08-31,2021,ANA,NYA,2,4.3,18,74,6,2,2,1,0.99,ANA202108310
Jaime Barría,barrj003,2021-09-06,2021,ANA,TEX,3,7.0,28,88,8,0,0,1,0.99,ANA202109060
Jaime Barría,barrj003,2021-09-12,2021,ANA,HOU,6,4.0,20,96,4,4,0,0,1.02,HOU202109120
Jaime Barría,barrj003,2021-09-20,2021,ANA,HOU,5,5.3,26,90,10,0,1,1,0.99,ANA202109200
Jaime Barría,barrj003,2021-09-25,2021,ANA,SEA,0,2.0,7,24,3,0,0,1,0.99,ANA202109250
Anthony Bass,bassa001,2021-07-09,2021,MIA,ATL,2,1.0,4,11,1,0,1,1,0.98,MIA202107090
Chris Bassitt,bassc001,2021-04-01,2021,OAK,HOU,3,5.3,22,68,4,2,0,1,1.0,OAK202104010
Chris Bassitt,bassc001,2021-04-06,2021,OAK,LAN,4,6.0,28,102,9,1,2,1,1.0,OAK202104060
Chris Bassitt,bassc001,2021-04-12,2021,OAK,ARI,4,5.0,22,93,2,5,0,0,1.03,ARI202104120
Chris Bassitt,bassc001,2021-04-18,2021,OAK,DET,8,6.0,25,90,5,2,0,1,1.0,OAK202104180
Chris Bassitt,bassc001,2021-04-24,2021,OAK,BAL,8,6.0,26,101,8,1,0,0,1.0,BAL202104240
Chris Bassitt,bassc001,2021-04-29,2021,OAK,TBA,9,6.0,26,99,4,1,1,0,1.05,TBA202104290
Chris Bassitt,bassc001,2021-05-05,2021,OAK,TOR,7,7.0,26,90,6,0,0,1,1.0,OAK202105050
Chris Bassitt,bassc001,2021-05-11,2021,OAK,BOS,10,7.0,24,86,3,0,1,0,0.98,BOS202105110
Chris Bassitt,bassc001,2021-05-16,2021,OAK,MIN,4,5.0,25,89,6,2,1,0,1.0,MIN202105160
Chris Bassitt,bassc001,2021-05-22,2021,OAK,ANA,8,7.7,29,95,5,1,0,0,0.99,ANA202105220
Chris Bassitt,bassc001,2021-05-27,2021,OAK,ANA,9,9.0,30,114,2,1,0,1,1.0,OAK202105270
Chris Bassitt,bassc001,2021-06-01,2021,OAK,SEA,6,4.0,19,83,6,1,1,0,1.04,SEA202106010
Chris Bassitt,bassc001,2021-06-08,2021,OAK,ARI,6,7.0,26,88,4,1,1,1,1.0,OAK202106080
Chris Bassitt,bassc001,2021-06-13,2021,OAK,KCA,5,5.7,27,104,5,3,1,1,1.0,OAK202106130
Chris Bassitt,bassc001,2021-06-19,2021,OAK,NYA,7,6.0,25,90,6,2,1,0,0.99,NYA202106190
Chris Bassitt,bassc001,2021-06-24,2021,OAK,TEX,4,7.0,28,104,5,3,0,0,0.99,TEX202106240
Chris Bassitt,bassc001,2021-06-30,2021,OAK,TEX,7,7.0,25,102,3,1,0,1,1.0,OAK202106300
Chris Bassitt,bassc001,2021-07-06,2021,OAK,HOU,6,4.3,22,86,8,1,2,0,1.02,HOU202107060
Chris Bassitt,bassc001,2021-07-11,2021,OAK,TEX,3,7.0,26,94,4,1,0,0,0.99,TEX202107110
Chris Bassitt,bassc001,2021-07-18,2021,OAK,CLE,8,7.0,27,94,6,0,2,1,1.0,OAK202107180
Chris Bassitt,bassc001,2021-07-24,2021,OAK,SEA,6,5.0,23,101,5,3,2,0,1.04,SEA202107240
Chris Bassitt,bassc001,2021-07-30,2021,OAK,ANA,7,7.0,27,95,6,1,0,0,0.99,ANA202107300
Chris Bassitt,bassc001,2021-08-06,2021,OAK,TEX,8,7.0,25,94,5,0,0,1,1.0,OAK202108060
Chris Bassitt,bassc001,2021-08-12,2021,OAK,CLE,6,6.0,22,81,3,2,0,0,1.04,CLE202108120
Chris Bassitt,bassc001,2021-08-17,2021,OAK,CHA,1,1.0,6,23,3,0,0,0,0.99,CHA202108170
Chris Bassitt,bassc001,2021-09-23,2021,OAK,SEA,4,3.0,11,48,1,1,0,1,1.0,OAK202109230
Chris Bassitt,bassc001,2021-09-28,2021,OAK,SEA,1,3.3,15,67,3,3,0,0,1.04,SEA202109280
Trevor Bauer,bauet001,2021-04-02,2021,LAN,COL,10,6.3,25,96,3,2,2,0,0.92,COL202104020
Trevor Bauer,bauet001,2021-04-07,2021,LAN,OAK,10,6.7,26,110,3,1,1,0,1.0,OAK202104070
Trevor Bauer,bauet001,2021-04-13,2021,LAN,COL,9,7.0,24,99,1,2,0,1,1.03,LAN202104130
Trevor Bauer,bauet001,2021-04-18,2021,LAN,SDN,7,6.0,21,98,3,1,1,0,1.08,SDN202104180
Trevor Bauer,bauet001,2021-04-24,2021,LAN,SDN,9,6.0,23,103,5,0,2,1,1.03,LAN202104240
Trevor Bauer,bauet001,2021-04-29,2021,LAN,MIL,6,8.0,29,113,4,2,1,0,1.05,MIL202104290
Trevor Bauer,bauet001,2021-05-04,2021,LAN,CHN,7,4.3,22,90,4,4,1,0,0.97,CHN202105042
Trevor Bauer,bauet001,2021-05-09,2021,LAN,ANA,9,6.0,23,113,4,2,0,0,0.99,ANA202105090
Trevor Bauer,bauet001,2021-05-15,2021,LAN,MIA,10,7.0,24,113,2,0,0,1,1.03,LAN202105150
Trevor Bauer,bauet001,2021-05-21,2021,LAN,SFN,11,6.3,26,126,2,4,0,0,1.03,SFN202105210
Trevor Bauer,bauet001,2021-05-26,2021,LAN,HOU,3,6.0,25,100,4,4,2,0,1.02,HOU202105260
Trevor Bauer,bauet001,2021-05-31,2021,LAN,SLN,5,6.7,26,94,5,1,3,1,1.03,LAN202105310
Trevor Bauer,bauet001,2021-06-06,2021,LAN,ATL,7,6.0,28,100,6,4,0,0,1.02,ATL202106060
Trevor Bauer,bauet001,2021-06-12,2021,LAN,TEX,8,6.3,29,117,9,2,1,1,1.03,LAN202106120
Trevor Bauer,bauet001,2021-06-18,2021,LAN,ARI,8,7.0,27,115,3,3,0,0,1.03,ARI202106180
Trevor Bauer,bauet001,2021-06-23,2021,LAN,SDN,10,6.0,27,102,5,4,3,0,1.08,SDN202106230
Trevor Bauer,bauet001,2021-06-28,2021,LAN,SFN,8,6.0,27,98,8,1,2,1,1.03,LAN202106280
Shane Baz,baz-s001,2021-09-20,2021,TBA,TOR,5,5.0,17,65,2,0,2,1,1.05,TBA202109200
Shane Baz,baz-s001,2021-09-26,2021,TBA,MIA,9,5.7,21,82,3,1,0,1,1.05,TBA202109260
Shane Baz,baz-s001,2021-10-02,2021,TBA,NYA,4,2.7,11,51,1,2,1,0,0.99,NYA202110020
Cam Bedrosian,bedrc001,2021-09-16,2021,PHI,CHN,2,1.3,5,28,0,1,0,1,1.01,PHI202109160
Anthony Bender,benda001,2021-07-22,2021,MIA,SDN,1,1.0,4,16,0,0,0,1,0.98,MIA202107220
Wes Benjamin,benjw001,2021-05-14,2021,TEX,HOU,2,1.7,11,49,3,3,0,0,1.02,HOU202105140
Wes Benjamin,benjw001,2021-09-11,2021,TEX,OAK,4,3.3,18,62,6,2,3,0,1.0,OAK202109110
Travis Bergen,bergt001,2021-05-01,2021,TOR,ATL,0,1.0,3,16,0,0,0,1,1.0,TOR202105010
José Berríos,berrj001,2021-04-03,2021,MIN,MIL,12,6.0,19,84,0,0,0,0,1.05,MIL202104030
José Berríos,berrj001,2021-04-08,2021,MIN,SEA,8,5.7,23,99,5,3,1,1,1.0,MIN202104080
José Berríos,berrj001,2021-04-14,2021,MIN,BOS,5,4.3,18,77,4,3,0,1,1.0,MIN202104142
José Berríos,berrj001,2021-04-20,2021,MIN,OAK,5,5.0,19,89,4,1,0,0,1.0,OAK202104202
José Berríos,berrj001,2021-04-26,2021,MIN,CLE,3,5.7,23,83,5,1,0,0,1.04,CLE202104260
José Berríos,berrj001,2021-05-02,2021,MIN,KCA,9,6.0,25,95,6,1,1,1,1.0,MIN202105020
José Berríos,berrj001,2021-05-08,2021,MIN,DET,1,6.0,27,104,6,5,1,0,1.0,DET202105080
José Berríos,berrj001,2021-05-15,2021,MIN,OAK,6,7.0,29,103,8,0,2,1,1.0,MIN202105150
José Berríos,berrj001,2021-05-20,2021,MIN,ANA,7,5.0,19,89,3,1,1,0,0.99,ANA202105202
José Berríos,berrj001,2021-05-25,2021,MIN,BAL,7,5.7,27,106,7,2,0,1,1.0,MIN202105250
José Berríos,berrj001,2021-05-31,2021,MIN,BAL,6,8.0,29,101,5,0,1,0,1.0,BAL202105310
José Berríos,berrj001,2021-06-05,2021,MIN,KCA,4,6.0,26,99,6,2,1,0,0.96,KCA202106050
José Berríos,berrj001,2021-06-12,2021,MIN,HOU,8,7.0,27,99,5,1,2,1,1.0,MIN202106120
José Berríos,berrj001,2021-06-18,2021,MIN,TEX,6,6.0,27,103,6,1,0,0,0.99,TEX202106180
José Berríos,berrj001,2021-06-24,2021,MIN,CLE,9,6.3,24,96,4,2,0,1,1.0,MIN202106240
José Berríos,berrj001,2021-07-01,2021,MIN,CHA,0,5.0,26,89,10,1,1,0,0.99,CHA202107010
José Berríos,berrj001,2021-07-06,2021,MIN,CHA,10,7.0,25,106,1,3,0,1,1.0,MIN202107060
José Berríos,berrj001,2021-07-11,2021,MIN,DET,8,7.0,27,108,3,4,0,1,1.0,MIN202107110
José Berríos,berrj001,2021-07-19,2021,MIN,CHA,8,6.0,24,94,4,1,3,0,0.99,CHA202107192
José Berríos,berrj001,2021-07-24,2021,MIN,ANA,4,7.0,26,101,3,0,0,1,1.0,MIN202107240
José Berríos,berrj001,2021-08-01,2021,TOR,KCA,7,6.0,26,95,5,1,0,1,1.0,TOR202108010
José Berríos,berrj001,2021-08-07,2021,TOR,BOS,6,6.0,23,95,5,0,1,1,1.0,TOR202108072
José Berríos,berrj001,2021-08-12,2021,TOR,ANA,3,4.3,24,93,8,4,0,0,0.99,ANA202108120
José Berríos,berrj001,2021-08-18,2021,TOR,WAS,3,5.0,22,88,5,3,1,0,1.01,WAS202108180
José Berríos,berrj001,2021-08-24,2021,TOR,CHA,6,3.0,18,68,9,0,1,1,1.0,TOR202108240
José Berríos,berrj001,2021-08-29,2021,TOR,DET,11,7.0,28,97,6,0,0,0,1.0,DET202108290
José Berríos,berrj001,2021-09-04,2021,TOR,OAK,7,6.7,24,103,4,0,1,1,1.0,TOR202109040
José Berríos,berrj001,2021-09-09,2021,TOR,NYA,8,6.7,26,109,5,2,1,0,0.99,NYA202109090
José Berríos,berrj001,2021-09-14,2021,TOR,TBA,4,7.0,26,87,4,0,1,1,1.0,TOR202109140
José Berríos,berrj001,2021-09-19,2021,TOR,MIN,6,6.7,27,100,4,1,1,1,1.0,TOR202109190
José Berríos,berrj001,2021-09-24,2021,TOR,MIN,10,6.0,25,90,5,2,1,0,1.0,MIN202109240
José Berríos,berrj001,2021-09-29,2021,TOR,NYA,7,6.0,22,98,4,0,0,1,1.0,TOR202109290
Alec Bettinger,betta001,2021-05-02,2021,MIL,LAN,0,4.0,26,89,11,2,2,1,1.05,MIL202105020
Shane Bieber,biebs001,2021-04-01,2021,CLE,DET,12,6.0,27,95,5,3,1,0,1.0,DET202104010
Shane Bieber,biebs001,2021-04-07,2021,CLE,KCA,12,6.3,26,103,3,4,1,1,1.04,CLE202104070
Shane Bieber,biebs001,2021-04-13,2021,CLE,CHA,11,9.0,31,113,3,1,0,0,0.99,CHA202104130
Shane Bieber,biebs001,2021-04-18,2021,CLE,CIN,13,8.0,33,104,6,2,1,0,1.0,CIN202104180
Shane Bieber,biebs001,2021-04-24,2021,CLE,NYA,9,7.0,28,119,4,3,2,1,1.04,CLE202104240
Shane Bieber,biebs001,2021-04-30,2021,CLE,CHA,11,6.0,27,100,7,1,0,0,0.99,CHA202104300
Shane Bieber,biebs001,2021-05-05,2021,CLE,KCA,9,6.0,28,105,9,1,1,0,0.96,KCA202105050
Shane Bieber,biebs001,2021-05-11,2021,CLE,CHN,8,6.7,30,121,9,3,1,1,1.04,CLE202105110
Shane Bieber,biebs001,2021-05-16,2021,CLE,SEA,7,4.7,23,103,5,4,0,0,1.04,SEA202105160
Shane Bieber,biebs001,2021-05-22,2021,CLE,MIN,6,5.3,23,101,8,1,1,1,1.04,CLE202105220
Shane Bieber,biebs001,2021-05-27,2021,CLE,DET,12,7.0,26,103,1,4,1,0,1.0,DET202105270
Shane Bieber,biebs001,2021-06-01,2021,CLE,CHA,7,7.0,27,103,5,2,0,1,1.04,CLE202106010
Shane Bieber,biebs001,2021-06-08,2021,CLE,SLN,5,6.0,26,98,5,2,0,0,1.0,SLN202106080
Shane Bieber,biebs001,2021-06-13,2021,CLE,SEA,8,5.7,28,107,10,2,2,1,1.04,CLE202106130
Shane Bieber,biebs001,2021-09-24,2021,CLE,CHA,3,3.0,9,34,0,0,0,1,1.04,CLE202109240
Shane Bieber,biebs001,2021-09-30,2021,CLE,KCA,1,3.0,13,50,4,0,0,0,0.96,KCA202109300
Brandon Bielak,bielb001,2021-09-17,2021,HOU,ARI,6,2.7,13,55,3,2,0,1,1.02,HOU202109170
Brandon Bielak,bielb001,2021-09-24,2021,HOU,OAK,3,3.0,14,54,4,2,0,0,1.0,OAK202109240
Paul Blackburn,blacp001,2021-08-18,2021,OAK,CHA,3,5.3,24,75,5,3,0,0,0.99,CHA202108180
Paul Blackburn,blacp001,2021-08-23,2021,OAK,SEA,5,5.7,22,97,5,0,1,1,1.0,OAK202108230
Paul Blackburn,blacp001,2021-08-29,2021,OAK,NYA,1,5.0,19,72,5,1,0,1,1.0,OAK202108290
Paul Blackburn,blacp001,2021-09-04,2021,OAK,TOR,3,3.7,20,69,9,0,3,0,1.0,TOR202109040
Paul Blackburn,blacp001,2021-09-10,2021,OAK,TEX,3,2.7,15,65,6,1,0,1,1.0,OAK202109100
Paul Blackburn,blacp001,2021-09-16,2021,OAK,KCA,3,5.0,22,79,6,2,1,0,0.96,KCA202109160
Paul Blackburn,blacp001,2021-09-21,2021,OAK,SEA,5,4.0,20,83,6,1,0,1,1.0,OAK202109210
Paul Blackburn,blacp001,2021-09-26,2021,OAK,HOU,1,5.0,19,87,3,1,0,1,1.0,OAK202109260
Paul Blackburn,blacp001,2021-10-02,2021,OAK,HOU,2,2.0,14,54,7,1,3,0,1.02,HOU202110020
Matt Boyd,boydm001,2021-04-01,2021,DET,CLE,2,5.7,24,92,3,4,0,1,1.0,DET202104010
Matt Boyd,boydm001,2021-04-07,2021,DET,MIN,8,7.0,27,96,7,0,0,1,1.0,DET202104070
Matt Boyd,boydm001,2021-04-13,2021,DET,HOU,4,6.7,27,100,6,1,0,0,1.02,HOU202104130
Matt Boyd,boydm001,2021-04-18,2021,DET,OAK,5,7.3,27,94,4,1,1,0,1.0,OAK202104180
Matt Boyd,boydm001,2021-04-24,2021,DET,KCA,3,8.0,27,89,3,0,0,1,1.0,DET202104240
Matt Boyd,boydm001,2021-04-29,2021,DET,CHA,2,1.0,7,36,3,1,0,0,0.99,CHA202104292
Matt Boyd,boydm001,2021-05-11,2021,DET,KCA,5,6.0,23,92,4,2,0,1,1.0,DET202105110
Matt Boyd,boydm001,2021-05-16,2021,DET,CHN,8,6.0,28,92,6,1,1,1,1.0,DET202105160
Matt Boyd,boydm001,2021-05-22,2021,DET,KCA,5,5.0,26,93,8,3,0,0,0.96,KCA202105220
Matt Boyd,boydm001,2021-05-27,2021,DET,CLE,5,5.0,23,102,6,2,1,1,1.0,DET202105270
Matt Boyd,boydm001,2021-06-01,2021,DET,MIL,4,4.7,22,95,5,3,3,0,1.05,MIL202106010
Matt Boyd,boydm001,2021-06-08,2021,DET,SEA,3,6.0,26,97,6,1,0,1,1.0,DET202106080
Matt Boyd,boydm001,2021-06-14,2021,DET,KCA,2,2.3,11,41,5,0,0,0,0.96,KCA202106140
Matt Boyd,boydm001,2021-08-29,2021,DET,TOR,5,4.0,18,71,4,2,2,1,1.0,DET202108290
Matt Boyd,boydm001,2021-09-04,2021,DET,CIN,6,4.0,21,83,7,2,1,0,1.0,CIN202109040
Steven Brault,braus002,2021-08-04,2021,PIT,MIL,2,4.0,16,75,3,1,0,0,1.05,MIL202108040
Steven Brault,braus002,2021-08-10,2021,PIT,SLN,6,5.0,19,78,5,0,2,1,1.0,PIT202108100
Steven Brault,braus002,2021-08-16,2021,PIT,LAN,4,5.7,21,76,3,1,0,0,1.03,LAN202108160
Steven Brault,braus002,2021-08-22,2021,PIT,SLN,1,4.0,19,81,5,2,0,0,1.0,SLN202108220
Steven Brault,braus002,2021-08-28,2021,PIT,SLN,1,3.0,19,66,8,2,0,1,1.0,PIT202108280
Steven Brault,braus002,2021-09-03,2021,PIT,CHN,4,4.0,22,80,7,4,1,0,0.97,CHN202109030
Steven Brault,braus002,2021-09-10,2021,PIT,WAS,1,2.0,11,42,2,2,0,1,1.0,PIT202109100
Connor Brogdon,brogc001,2021-08-11,2021,PHI,LAN,0,1.0,5,25,1,1,0,1,1.01,PHI202108110
JT Brubaker,brubj001,2021-04-05,2021,PIT,CIN,6,4.0,20,82,3,4,0,0,1.0,CIN202104050
JT Brubaker,brubj001,2021-04-11,2021,PIT,CHN,4,5.3,22,74,4,1,1,1,1.0,PIT202104110
JT Brubaker,brubj001,2021-04-16,2021,PIT,MIL,8,6.0,24,83,4,0,0,0,1.05,MIL202104160
JT Brubaker,brubj001,2021-04-23,2021,PIT,MIN,5,7.0,25,79,5,0,2,0,1.0,MIN202104230
JT Brubaker,brubj001,2021-04-30,2021,PIT,SLN,7,5.0,22,80,7,0,1,1,1.0,PIT202104300
JT Brubaker,brubj001,2021-05-05,2021,PIT,SDN,7,5.0,25,93,6,3,1,0,1.08,SDN202105050
JT Brubaker,brubj001,2021-05-11,2021,PIT,CIN,4,6.0,23,81,5,1,1,1,1.0,PIT202105110
JT Brubaker,brubj001,2021-05-18,2021,PIT,SLN,3,5.7,28,89,8,3,1,0,1.0,SLN202105180
JT Brubaker,brubj001,2021-05-23,2021,PIT,ATL,7,5.3,24,81,7,0,3,0,1.02,ATL202105230
JT Brubaker,brubj001,2021-05-29,2021,PIT,COL,5,6.0,24,89,4,1,0,1,1.0,PIT202105291
JT Brubaker,brubj001,2021-06-08,2021,PIT,LAN,6,4.7,19,80,5,0,0,1,1.0,PIT202106080
JT Brubaker,brubj001,2021-06-14,2021,PIT,WAS,1,5.0,21,71,4,2,0,0,1.01,WAS202106140
JT Brubaker,brubj001,2021-06-20,2021,PIT,CLE,9,6.7,23,76,3,0,1,1,1.0,PIT202106200
JT Brubaker,brubj001,2021-06-26,2021,PIT,SLN,3,6.0,25,79,6,2,2,0,1.0,SLN202106260
JT Brubaker,brubj001,2021-07-02,2021,PIT,MIL,6,6.0,25,93,6,1,3,1,1.0,PIT202107020
JT Brubaker,brubj001,2021-07-09,2021,PIT,NYN,7,5.0,22,86,6,1,2,0,1.06,NYN202107090
JT Brubaker,brubj001,2021-07-18,2021,PIT,NYN,5,3.7,21,82,6,3,1,1,1.0,PIT202107180
JT Brubaker,brubj001,2021-07-25,2021,PIT,SFN,6,4.0,16,69,3,1,2,0,1.03,SFN202107250
JT Brubaker,brubj001,2021-07-31,2021,PIT,PHI,4,6.0,23,82,3,2,0,1,1.0,PIT202107310
JT Brubaker,brubj001,2021-08-06,2021,PIT,CIN,5,5.0,26,95,7,4,2,0,1.0,CIN202108060
JT Brubaker,brubj001,2021-08-12,2021,PIT,SLN,4,5.0,22,81,5,2,2,1,1.0,PIT202108120
JT Brubaker,brubj001,2021-08-18,2021,PIT,LAN,6,4.0,22,82,8,2,3,0,1.03,LAN202108180
JT Brubaker,brubj001,2021-08-24,2021,PIT,ARI,6,5.0,22,86,4,3,0,1,1.0,PIT202108240
JT Brubaker,brubj001,2021-09-04,2021,PIT,CHN,5,3.0,14,51,4,2,0,0,0.97,CHN202109040
Justin Bruihl,bruij001,2021-08-16,2021,LAN,PIT,0,1.0,4,12,1,0,0,1,1.03,LAN202108160
Justin Bruihl,bruij001,2021-08-18,2021,LAN,PIT,1,1.7,5,20,1,0,0,1,1.03,LAN202108180
Kris Bubic,bubik001,2021-05-18,2021,KCA,MIL,4,6.0,20,85,1,2,0,1,0.96,KCA202105180
Kris Bubic,bubik001,2021-05-23,2021,KCA,DET,3,5.0,23,82,6,3,0,1,0.96,KCA202105230
Kris Bubic,bubik001,2021-05-28,2021,KCA,MIN,5,6.0,23,98,4,2,1,0,1.0,MIN202105280
Kris Bubic,bubik001,2021-06-03,2021,KCA,MIN,6,4.3,23,87,8,2,1,1,0.96,KCA202106030
Kris Bubic,bubik001,2021-06-08,2021,KCA,ANA,4,4.0,20,92,6,2,4,0,0.99,ANA202106080
Kris Bubic,bubik001,2021-06-13,2021,KCA,OAK,5,4.7,24,95,7,3,3,0,1.0,OAK202106130
Kris Bubic,bubik001,2021-07-01,2021,KCA,BOS,3,4.0,18,71,4,3,3,0,0.98,BOS202107010
Kris Bubic,bubik001,2021-07-06,2021,KCA,CIN,4,4.3,22,100,8,3,1,1,0.96,KCA202107060
Kris Bubic,bubik001,2021-07-23,2021,KCA,DET,4,6.0,24,91,6,2,1,1,0.96,KCA202107230
Kris Bubic,bubik001,2021-07-28,2021,KCA,CHA,3,6.0,23,89,5,1,0,1,0.96,KCA202107280
Kris Bubic,bubik001,2021-08-03,2021,KCA,CHA,8,6.0,23,96,3,3,2,0,0.99,CHA202108030
Kris Bubic,bubik001,2021-08-08,2021,KCA,SLN,4,4.7,22,92,4,4,1,0,1.0,SLN202108080
Kris Bubic,bubik001,2021-08-15,2021,KCA,SLN,1,1.3,15,56,9,1,2,1,0.96,KCA202108150
Kris Bubic,bubik001,2021-08-21,2021,KCA,CHN,9,6.3,22,92,1,2,1,0,0.97,CHN202108210
Kris Bubic,bubik001,2021-08-27,2021,KCA,SEA,6,4.3,26,90,9,4,0,0,1.04,SEA202108270
Kris Bubic,bubik001,2021-09-06,2021,KCA,BAL,4,5.3,22,95,6,1,1,0,1.0,BAL202109060
Kris Bubic,bubik001,2021-09-12,2021,KCA,MIN,6,5.3,22,86,4,1,0,0,1.0,MIN202109120
Kris Bubic,bubik001,2021-09-18,2021,KCA,SEA,2,6.3,22,97,2,4,0,1,0.96,KCA202109180
Kris Bubic,bubik001,2021-09-26,2021,KCA,DET,6,7.0,25,95,2,1,0,0,1.0,DET202109260
Kris Bubic,bubik001,2021-10-02,2021,KCA,MIN,5,6.7,27,92,7,0,1,1,0.96,KCA202110020
Walker Buehler,buehw001,2021-04-03,2021,LAN,COL,4,6.0,22,90,4,0,1,0,0.92,COL202104030
Walker Buehler,buehw001,2021-04-09,2021,LAN,WAS,4,6.0,23,90,6,0,0,1,1.03,LAN202104090
Walker Buehler,buehw001,2021-04-16,2021,LAN,SDN,4,6.0,25,93,7,1,1,0,1.08,SDN202104160
Walker Buehler,buehw001,2021-04-22,2021,LAN,SDN,9,7.0,25,101,4,0,1,1,1.03,LAN202104220
Walker Buehler,buehw001,2021-04-27,2021,LAN,CIN,10,6.3,27,96,7,1,1,1,1.03,LAN202104270
Walker Buehler,buehw001,2021-05-05,2021,LAN,CHN,8,6.0,23,92,5,0,1,0,0.97,CHN202105050
Walker Buehler,buehw001,2021-05-11,2021,LAN,SEA,8,7.0,25,91,4,1,3,1,1.03,LAN202105110
Walker Buehler,buehw001,2021-05-17,2021,LAN,ARI,7,7.0,26,98,1,4,0,1,1.03,LAN202105170
Walker Buehler,buehw001,2021-05-22,2021,LAN,SFN,5,7.0,26,105,6,1,0,0,1.03,SFN202105220
Walker Buehler,buehw001,2021-05-28,2021,LAN,SFN,3,6.0,23,92,3,3,1,1,1.03,LAN202105280
Walker Buehler,buehw001,2021-06-02,2021,LAN,SLN,8,6.0,27,103,7,2,2,1,1.03,LAN202106020
Walker Buehler,buehw001,2021-06-08,2021,LAN,PIT,2,7.0,24,93,2,1,0,0,1.0,PIT202106080
Walker Buehler,buehw001,2021-06-13,2021,LAN,TEX,5,6.0,27,96,5,3,0,1,1.03,LAN202106130
Walker Buehler,buehw001,2021-06-19,2021,LAN,ARI,11,7.3,26,108,2,2,0,0,1.03,ARI202106190
Walker Buehler,buehw001,2021-06-24,2021,LAN,CHN,6,6.0,24,103,5,2,2,1,1.03,LAN202106240
Walker Buehler,buehw001,2021-06-29,2021,LAN,SFN,7,6.7,24,113,3,1,0,1,1.03,LAN202106290
Walker Buehler,buehw001,2021-07-05,2021,LAN,MIA,6,5.0,23,93,5,2,0,0,0.98,MIA202107050
Walker Buehler,buehw001,2021-07-10,2021,LAN,ARI,7,6.0,23,95,3,2,0,1,1.03,LAN202107100
Walker Buehler,buehw001,2021-07-17,2021,LAN,COL,8,7.0,27,93,4,2,0,0,0.92,COL202107170
Walker Buehler,buehw001,2021-07-22,2021,LAN,SFN,9,7.3,27,99,5,1,0,1,1.03,LAN202107220
Walker Buehler,buehw001,2021-07-28,2021,LAN,SFN,8,7.0,25,98,3,2,0,0,1.03,SFN202107280
Walker Buehler,buehw001,2021-08-03,2021,LAN,HOU,5,6.0,25,113,5,3,0,1,1.03,LAN202108030
Walker Buehler,buehw001,2021-08-08,2021,LAN,ANA,8,6.0,26,95,4,4,0,1,1.03,LAN202108080
Walker Buehler,buehw001,2021-08-14,2021,LAN,NYN,10,7.0,28,110,4,3,1,0,1.06,NYN202108140
Walker Buehler,buehw001,2021-08-20,2021,LAN,NYN,8,7.7,30,107,6,0,1,1,1.03,LAN202108200
Walker Buehler,buehw001,2021-08-25,2021,LAN,SDN,8,6.7,25,106,3,1,0,0,1.08,SDN202108250
Walker Buehler,buehw001,2021-08-31,2021,LAN,ATL,5,7.0,27,92,4,2,1,1,1.03,LAN202108310
Walker Buehler,buehw001,2021-09-05,2021,LAN,SFN,1,3.0,17,53,7,1,1,0,1.03,SFN202109050
Walker Buehler,buehw001,2021-09-11,2021,LAN,SDN,5,7.0,28,96,6,2,1,1,1.03,LAN202109110
Walker Buehler,buehw001,2021-09-17,2021,LAN,CIN,5,6.0,25,95,6,2,0,0,1.0,CIN202109170
Walker Buehler,buehw001,2021-09-22,2021,LAN,COL,2,3.7,18,74,7,0,1,0,0.92,COL202109220
Walker Buehler,buehw001,2021-09-28,2021,LAN,SDN,5,7.0,24,90,3,2,0,1,1.03,LAN202109280
Walker Buehler,buehw001,2021-10-03,2021,LAN,MIL,11,5.0,20,79,3,1,0,1,1.03,LAN202110030
Madison Bumgarner,bumgm001,2021-04-01,2021,ARI,SDN,6,4.0,23,91,7,3,2,0,1.08,SDN202104010
Madison Bumgarner,bumgm001,2021-04-07,2021,ARI,COL,4,5.0,26,99,8,2,0,0,0.92,COL202104070
Madison Bumgarner,bumgm001,2021-04-12,2021,ARI,OAK,5,4.7,24,98,7,3,1,1,1.03,ARI202104120
Madison Bumgarner,bumgm001,2021-04-18,2021,ARI,WAS,5,5.0,18,80,2,1,1,0,1.01,WAS202104180
Madison Bumgarner,bumgm001,2021-04-25,2021,ARI,ATL,7,7.0,21,98,0,0,0,0,1.02,ATL202104252
Madison Bumgarner,bumgm001,2021-04-30,2021,ARI,COL,6,5.0,20,81,4,1,0,1,1.03,ARI202104300
Madison Bumgarner,bumgm001,2021-05-06,2021,ARI,MIA,7,6.0,21,85,2,0,1,0,0.98,MIA202105060
Madison Bumgarner,bumgm001,2021-05-11,2021,ARI,MIA,9,7.0,25,84,4,0,0,1,1.03,ARI202105110
Madison Bumgarner,bumgm001,2021-05-17,2021,ARI,LAN,5,4.0,18,80,2,4,1,0,1.03,LAN202105170
Madison Bumgarner,bumgm001,2021-05-22,2021,ARI,COL,2,6.0,27,99,8,0,1,0,0.92,COL202105220
Madison Bumgarner,bumgm001,2021-05-28,2021,ARI,SLN,4,4.0,22,92,5,4,2,1,1.03,ARI202105280
Madison Bumgarner,bumgm001,2021-06-02,2021,ARI,NYN,2,2.0,13,48,8,0,1,1,1.03,ARI202106020
Madison Bumgarner,bumgm001,2021-07-16,2021,ARI,CHN,6,6.0,22,79,2,1,1,1,1.03,ARI202107160
Madison Bumgarner,bumgm001,2021-07-21,2021,ARI,PIT,1,5.0,22,79,7,0,0,1,1.03,ARI202107210
Madison Bumgarner,bumgm001,2021-07-28,2021,ARI,TEX,4,7.0,26,84,4,1,0,0,0.99,TEX202107280
Madison Bumgarner,bumgm001,2021-08-03,2021,ARI,SFN,4,7.0,27,99,6,1,1,1,1.03,ARI202108030
Madison Bumgarner,bumgm001,2021-08-08,2021,ARI,SDN,5,7.0,26,80,6,1,1,0,1.08,SDN202108080
Madison Bumgarner,bumgm001,2021-08-13,2021,ARI,SDN,6,6.7,29,103,9,0,1,1,1.03,ARI202108130
Madison Bumgarner,bumgm001,2021-08-19,2021,ARI,PHI,5,8.0,30,105,3,1,0,1,1.03,ARI202108190
Madison Bumgarner,bumgm001,2021-08-24,2021,ARI,PIT,5,6.0,26,92,6,3,2,0,1.0,PIT202108240
Madison Bumgarner,bumgm001,2021-08-29,2021,ARI,PHI,3,5.0,25,100,7,4,0,0,1.01,PHI202108290
Madison Bumgarner,bumgm001,2021-09-03,2021,ARI,SEA,5,6.0,29,94,5,5,2,1,1.03,ARI202109030
Madison Bumgarner,bumgm001,2021-09-10,2021,ARI,SEA,6,6.0,26,93,8,1,3,0,1.04,SEA202109100
Madison Bumgarner,bumgm001,2021-09-17,2021,ARI,HOU,3,7.0,23,82,1,1,1,0,1.02,HOU202109170
Madison Bumgarner,bumgm001,2021-09-23,2021,ARI,ATL,5,5.0,21,90,5,2,1,1,1.03,ARI202109230
Madison Bumgarner,bumgm001,2021-09-30,2021,ARI,SFN,4,5.0,23,79,8,0,1,0,1.03,SFN202109300
Dylan Bundy,bundd001,2021-04-01,2021,ANA,CHA,6,6.0,25,88,6,1,1,1,0.99,ANA202104010
Dylan Bundy,bundd001,2021-04-06,2021,ANA,HOU,10,6.0,24,102,4,2,2,1,0.99,ANA202104060
Dylan Bundy,bundd001,2021-04-13,2021,ANA,KCA,6,7.0,28,94,5,2,0,0,0.96,KCA202104130
Dylan Bundy,bundd001,2021-04-19,2021,ANA,TEX,6,5.0,24,81,7,2,1,1,0.99,ANA202104190
Dylan Bundy,bundd001,2021-04-25,2021,ANA,HOU,6,6.0,23,86,3,1,1,0,1.02,HOU202104250
Dylan Bundy,bundd001,2021-05-02,2021,ANA,SEA,6,6.0,24,95,5,1,0,0,1.04,SEA202105020
Dylan Bundy,bundd001,2021-05-08,2021,ANA,LAN,3,3.3,16,67,5,1,0,1,0.99,ANA202105080
Dylan Bundy,bundd001,2021-05-15,2021,ANA,BOS,3,4.0,22,83,8,2,2,0,0.98,BOS202105150
Dylan Bundy,bundd001,2021-05-23,2021,ANA,OAK,2,2.3,13,50,5,1,2,1,0.99,ANA202105230
Dylan Bundy,bundd001,2021-05-31,2021,ANA,SFN,5,5.7,23,92,5,2,3,0,1.03,SFN202105310
Dylan Bundy,bundd001,2021-06-07,2021,ANA,KCA,2,5.7,22,72,6,0,1,1,0.99,ANA202106070
Dylan Bundy,bundd001,2021-06-14,2021,ANA,OAK,3,2.3,15,59,5,2,1,0,1.0,OAK202106140
Dylan Bundy,bundd001,2021-06-20,2021,ANA,DET,2,4.0,18,81,4,3,0,1,0.99,ANA202106200
Dylan Bundy,bundd001,2021-06-28,2021,ANA,NYA,0,1.7,9,43,4,0,1,0,0.99,NYA202106280
Dylan Bundy,bundd001,2021-07-29,2021,ANA,OAK,2,4.3,20,72,2,4,0,1,0.99,ANA202107290
Dylan Bundy,bundd001,2021-08-05,2021,ANA,TEX,6,6.3,24,84,3,2,0,0,0.99,TEX202108050
Dylan Bundy,bundd001,2021-08-11,2021,ANA,TOR,2,4.0,16,62,4,0,2,1,0.99,ANA202108110
Dylan Bundy,bundd001,2021-08-17,2021,ANA,DET,3,4.7,19,63,3,2,0,0,1.0,DET202108170
Dylan Bundy,bundd001,2021-08-24,2021,ANA,BAL,3,1.3,9,46,1,3,1,0,1.0,BAL202108240
Corbin Burnes,burnc002,2021-04-03,2021,MIL,MIN,11,6.3,21,87,1,0,1,1,1.05,MIL202104030
Corbin Burnes,burnc002,2021-04-08,2021,MIL,SLN,9,6.0,20,86,1,0,0,0,1.0,SLN202104080
Corbin Burnes,burnc002,2021-04-14,2021,MIL,CHN,10,6.0,21,81,2,0,0,1,1.05,MIL202104140
Corbin Burnes,burnc002,2021-04-20,2021,MIL,SDN,10,6.0,23,93,4,0,0,0,1.08,SDN202104200
Corbin Burnes,burnc002,2021-04-26,2021,MIL,MIA,9,5.0,23,87,8,0,0,1,1.05,MIL202104260
Corbin Burnes,burnc002,2021-05-13,2021,MIL,SLN,9,5.0,20,78,5,1,0,1,1.05,MIL202105130
Corbin Burnes,burnc002,2021-05-19,2021,MIL,KCA,9,6.0,22,92,2,1,1,0,0.96,KCA202105190
Corbin Burnes,burnc002,2021-05-25,2021,MIL,SDN,7,6.0,24,95,2,3,0,1,1.05,MIL202105250
Corbin Burnes,burnc002,2021-05-31,2021,MIL,DET,7,6.0,24,93,6,2,0,1,1.05,MIL202105310
Corbin Burnes,burnc002,2021-06-06,2021,MIL,ARI,13,7.0,25,106,4,0,0,1,1.05,MIL202106060
Corbin Burnes,burnc002,2021-06-12,2021,MIL,PIT,8,4.0,23,92,9,3,0,1,1.05,MIL202106120
Corbin Burnes,burnc002,2021-06-18,2021,MIL,COL,6,5.3,27,96,8,2,0,0,0.92,COL202106180
Corbin Burnes,burnc002,2021-06-25,2021,MIL,COL,7,6.0,23,94,3,2,0,1,1.05,MIL202106250
Corbin Burnes,burnc002,2021-07-01,2021,MIL,PIT,5,7.3,26,94,4,1,1,0,1.0,PIT202107010
Corbin Burnes,burnc002,2021-07-07,2021,MIL,NYN,8,5.7,23,87,6,0,0,0,1.06,NYN202107071
Corbin Burnes,burnc002,2021-07-18,2021,MIL,CIN,12,8.3,31,108,5,1,0,0,1.0,CIN202107180
Corbin Burnes,burnc002,2021-07-24,2021,MIL,CHA,6,6.0,23,98,4,2,0,1,1.05,MIL202107240
Corbin Burnes,burnc002,2021-07-30,2021,MIL,ATL,6,4.0,23,96,9,2,1,0,1.02,ATL202107300
Corbin Burnes,burnc002,2021-08-06,2021,MIL,SFN,5,7.0,27,105,4,1,1,1,1.05,MIL202108060
Corbin Burnes,burnc002,2021-08-11,2021,MIL,CHN,15,8.0,27,99,4,0,0,0,0.97,CHN202108110
Corbin Burnes,burnc002,2021-08-17,2021,MIL,SLN,3,6.0,22,89,2,2,0,0,1.0,SLN202108170
Corbin Burnes,burnc002,2021-08-24,2021,MIL,CIN,5,6.0,26,97,7,3,0,1,1.05,MIL202108240
Corbin Burnes,burnc002,2021-08-30,2021,MIL,SFN,9,6.0,22,93,4,0,0,0,1.03,SFN202108300
Corbin Burnes,burnc002,2021-09-05,2021,MIL,SLN,7,5.0,23,86,6,2,0,1,1.05,MIL202109050
Corbin Burnes,burnc002,2021-09-11,2021,MIL,CLE,14,8.0,25,115,0,1,0,0,1.04,CLE202109110
Corbin Burnes,burnc002,2021-09-18,2021,MIL,CHN,11,6.0,28,101,6,3,1,1,1.05,MIL202109180
Corbin Burnes,burnc002,2021-09-25,2021,MIL,NYN,9,7.0,26,104,5,1,0,1,1.05,MIL202109250
Corbin Burnes,burnc002,2021-10-02,2021,MIL,LAN,4,2.0,9,42,2,1,1,0,1.03,LAN202110020
Beau Burrows,burrb002,2021-08-09,2021,MIN,CHA,2,2.0,15,64,5,3,3,1,1.0,MIN202108090
Ryan Burr,burrr002,2021-06-27,2021,CHA,SEA,2,2.0,6,27,0,0,0,1,0.99,CHA202106270
Edward Cabrera,cabre003,2021-08-25,2021,MIA,WAS,2,6.3,24,78,4,3,2,1,0.98,MIA202108250
Edward Cabrera,cabre003,2021-08-31,2021,MIA,NYN,2,4.0,16,53,7,0,1,0,1.06,NYN202108310
Edward Cabrera,cabre003,2021-09-07,2021,MIA,NYN,1,2.3,14,65,1,4,1,1,0.98,MIA202109070
Edward Cabrera,cabre003,2021-09-12,2021,MIA,ATL,4,3.7,17,75,3,3,1,0,1.02,ATL202109120
Edward Cabrera,cabre003,2021-09-18,2021,MIA,PIT,7,4.0,21,79,5,3,0,1,0.98,MIA202109180
Edward Cabrera,cabre003,2021-09-24,2021,MIA,TBA,6,3.0,15,76,2,4,0,0,1.05,TBA202109240
Edward Cabrera,cabre003,2021-09-30,2021,MIA,NYN,6,3.0,13,56,2,2,1,0,1.06,NYN202109300
Trevor Cahill,cahit001,2021-04-06,2021,PIT,CIN,4,4.0,20,73,9,0,2,0,1.0,CIN202104060
Trevor Cahill,cahit001,2021-04-12,2021,PIT,SDN,8,5.0,20,82,3,2,0,1,1.0,PIT202104120
Trevor Cahill,cahit001,2021-04-17,2021,PIT,MIL,5,4.0,21,87,8,1,0,0,1.05,MIL202104170
Trevor Cahill,cahit001,2021-04-24,2021,PIT,MIN,2,6.0,22,88,2,2,0,0,1.0,MIN202104240
Trevor Cahill,cahit001,2021-05-01,2021,PIT,SLN,5,5.3,26,97,7,3,1,1,1.0,PIT202105010
Trevor Cahill,cahit001,2021-05-07,2021,PIT,CHN,2,5.0,23,92,8,1,0,0,0.97,CHN202105070
Trevor Cahill,cahit001,2021-05-12,2021,PIT,CIN,1,5.3,19,74,3,0,1,1,1.0,PIT202105120
Trevor Cahill,cahit001,2021-05-19,2021,PIT,SLN,2,1.0,8,37,2,2,0,0,1.0,SLN202105190
Paul Campbell,campp001,2021-05-01,2021,MIA,WAS,4,3.7,20,71,9,0,1,0,1.01,WAS202105010
Griffin Canning,canng001,2021-04-08,2021,ANA,TOR,7,5.3,20,81,3,1,2,0,1.0,TOR202104080
Griffin Canning,canng001,2021-04-14,2021,ANA,KCA,5,5.0,23,92,6,2,1,0,0.96,KCA202104140
Griffin Canning,canng001,2021-04-24,2021,ANA,HOU,3,2.3,14,54,6,2,2,0,1.02,HOU202104240
Griffin Canning,canng001,2021-05-01,2021,ANA,SEA,9,5.3,22,93,3,2,0,0,1.04,SEA202105010
Griffin Canning,canng001,2021-05-07,2021,ANA,LAN,4,5.7,25,85,6,3,0,1,0.99,ANA202105070
Griffin Canning,canng001,2021-05-14,2021,ANA,BOS,7,6.0,24,94,6,2,1,0,0.98,BOS202105140
Griffin Canning,canng001,2021-05-20,2021,ANA,MIN,1,2.0,13,68,3,4,1,1,0.99,ANA202105202
Griffin Canning,canng001,2021-05-26,2021,ANA,TEX,7,6.0,24,92,4,2,2,1,0.99,ANA202105260
Griffin Canning,canng001,2021-06-03,2021,ANA,SEA,5,3.3,17,80,6,2,1,1,0.99,ANA202106030
Griffin Canning,canng001,2021-06-09,2021,ANA,KCA,6,6.7,27,89,5,2,0,1,0.99,ANA202106090
Griffin Canning,canng001,2021-06-16,2021,ANA,OAK,2,5.0,20,69,3,2,1,0,1.0,OAK202106160
Griffin Canning,canng001,2021-06-25,2021,ANA,TBA,4,5.0,23,91,6,2,0,0,1.05,TBA202106250
Griffin Canning,canng001,2021-07-02,2021,ANA,BAL,0,2.7,16,62,6,2,2,1,0.99,ANA202107020
Carlos Carrasco,carrc003,2021-07-30,2021,NYN,CIN,4,4.0,16,58,3,1,1,1,1.06,NYN202107300
Carlos Carrasco,carrc003,2021-08-04,2021,NYN,MIA,5,4.3,18,62,5,0,0,0,0.98,MIA202108040
Carlos Carrasco,carrc003,2021-08-10,2021,NYN,WAS,0,1.0,8,33,4,1,1,1,1.06,NYN202108100
Carlos Carrasco,carrc003,2021-08-15,2021,NYN,LAN,3,2.0,13,57,6,1,3,1,1.06,NYN202108150
Carlos Carrasco,carrc003,2021-08-20,2021,NYN,LAN,6,5.0,21,78,5,1,0,0,1.03,LAN202108200
Carlos Carrasco,carrc003,2021-08-26,2021,NYN,SFN,5,7.0,24,78,3,0,1,1,1.06,NYN202108260
Carlos Carrasco,carrc003,2021-09-02,2021,NYN,MIA,5,5.3,21,82,4,1,1,1,1.06,NYN202109020
Carlos Carrasco,carrc003,2021-09-07,2021,NYN,MIA,4,5.0,25,92,7,1,0,0,0.98,MIA202109070
Carlos Carrasco,carrc003,2021-09-12,2021,NYN,NYA,5,5.0,21,96,3,4,0,1,1.06,NYN202109120
Carlos Carrasco,carrc003,2021-09-18,2021,NYN,PHI,5,6.0,24,82,5,2,2,1,1.06,NYN202109180
Carlos Carrasco,carrc003,2021-09-26,2021,NYN,MIL,3,4.0,22,78,7,4,1,0,1.05,MIL202109260
Carlos Carrasco,carrc003,2021-10-02,2021,NYN,ATL,5,5.0,24,93,7,2,2,0,1.02,ATL202110020
Daniel Castano,castd003,2021-04-16,2021,MIA,SFN,0,5.0,19,74,3,2,0,1,0.98,MIA202104160
Daniel Castano,castd003,2021-04-22,2021,MIA,SFN,2,5.0,21,82,5,2,0,0,1.03,SFN202104220
Daniel Castano,castd003,2021-04-27,2021,MIA,MIL,3,3.3,18,59,6,1,2,0,1.05,MIL202104270
Daniel Castano,castd003,2021-05-08,2021,MIA,MIL,5,4.0,20,70,6,2,1,1,0.98,MIA202105080
Humberto Castellanos,casth002,2021-07-07,2021,ARI,COL,2,4.0,17,60,4,1,0,1,1.03,ARI202107070
Humberto Castellanos,casth002,2021-08-18,2021,ARI,PHI,1,5.3,20,74,3,2,0,1,1.03,ARI202108180
Humberto Castellanos,casth002,2021-09-04,2021,ARI,SEA,4,3.7,18,68,7,1,1,1,1.03,ARI202109040
Humberto Castellanos,casth002,2021-09-11,2021,ARI,SEA,4,5.3,22,89,4,1,2,0,1.04,SEA202109110
Humberto Castellanos,casth002,2021-09-18,2021,ARI,HOU,3,5.0,23,77,8,1,1,0,1.02,HOU202109180
Humberto Castellanos,casth002,2021-09-24,2021,ARI,LAN,1,5.0,20,70,5,2,1,1,1.03,ARI202109240
Humberto Castellanos,casth002,2021-10-01,2021,ARI,COL,4,5.7,27,88,9,1,1,1,1.03,ARI202110010
Luis Castillo,castl003,2021-04-01,2021,CIN,SLN,0,3.3,21,73,8,2,1,1,1.0,CIN202104010
Luis Castillo,castl003,2021-04-07,2021,CIN,PIT,5,7.0,25,81,4,1,0,1,1.0,CIN202104070
Luis Castillo,castl003,2021-04-13,2021,CIN,SFN,7,5.0,21,98,7,0,2,0,1.03,SFN202104130
Luis Castillo,castl003,2021-04-20,2021,CIN,ARI,4,4.0,23,89,7,3,0,1,1.0,CIN202104200
Luis Castillo,castl003,2021-04-25,2021,CIN,SLN,3,5.0,21,85,6,1,2,0,1.0,SLN202104250
Luis Castillo,castl003,2021-05-01,2021,CIN,CHN,5,5.3,23,94,8,1,0,1,1.0,CIN202105010
Luis Castillo,castl003,2021-05-08,2021,CIN,CLE,2,4.0,21,84,5,2,0,0,1.04,CLE202105080
Luis Castillo,castl003,2021-05-13,2021,CIN,COL,3,3.7,23,78,10,2,1,0,0.92,COL202105130
Luis Castillo,castl003,2021-05-18,2021,CIN,SFN,11,5.0,24,87,6,3,1,1,1.0,CIN202105180
Luis Castillo,castl003,2021-05-23,2021,CIN,MIL,5,5.0,24,102,5,4,1,1,1.0,CIN202105230
Luis Castillo,castl003,2021-05-29,2021,CIN,CHN,3,5.0,23,79,4,4,0,0,0.97,CHN202105290
Luis Castillo,castl003,2021-06-04,2021,CIN,SLN,5,6.0,23,95,3,1,1,0,1.0,SLN202106040
Luis Castillo,castl003,2021-06-10,2021,CIN,MIL,7,5.7,22,96,1,3,0,1,1.0,CIN202106100
Luis Castillo,castl003,2021-06-15,2021,CIN,MIL,7,7.0,26,109,3,3,0,0,1.05,MIL202106150
Luis Castillo,castl003,2021-06-20,2021,CIN,SDN,7,6.0,26,103,6,3,0,0,1.08,SDN202106200
Luis Castillo,castl003,2021-06-26,2021,CIN,ATL,6,7.0,28,106,6,2,0,1,1.0,CIN202106260
Luis Castillo,castl003,2021-07-01,2021,CIN,SDN,6,6.3,26,103,5,3,0,1,1.0,CIN202107010
Luis Castillo,castl003,2021-07-06,2021,CIN,KCA,4,7.0,25,99,3,1,1,0,0.96,KCA202107060
Luis Castillo,castl003,2021-07-11,2021,CIN,MIL,6,5.3,24,102,3,6,0,0,1.05,MIL202107110
Luis Castillo,castl003,2021-07-17,2021,CIN,MIL,8,6.0,26,101,5,3,0,1,1.0,CIN202107170
Luis Castillo,castl003,2021-07-24,2021,CIN,SLN,9,7.0,28,107,5,3,0,1,1.0,CIN202107240
Luis Castillo,castl003,2021-07-29,2021,CIN,CHN,8,6.0,24,105,7,2,2,0,0.97,CHN202107290
Luis Castillo,castl003,2021-08-04,2021,CIN,MIN,7,6.0,24,101,6,1,1,1,1.0,CIN202108040
Luis Castillo,castl003,2021-08-09,2021,CIN,CLE,2,3.3,21,71,7,3,2,0,1.04,CLE202108090
Luis Castillo,castl003,2021-08-14,2021,CIN,PHI,8,6.7,27,106,5,2,1,0,1.01,PHI202108140
Luis Castillo,castl003,2021-08-19,2021,CIN,MIA,7,7.0,28,99,8,1,0,1,1.0,CIN202108190
Luis Castillo,castl003,2021-08-25,2021,CIN,MIL,6,6.3,25,101,4,2,0,0,1.05,MIL202108250
Luis Castillo,castl003,2021-08-30,2021,CIN,SLN,8,6.0,24,104,5,2,1,1,1.0,CIN202108300
Luis Castillo,castl003,2021-09-05,2021,CIN,DET,7,6.0,24,91,4,2,0,1,1.0,CIN202109050
Luis Castillo,castl003,2021-09-11,2021,CIN,SLN,5,7.0,27,101,8,1,1,0,1.0,SLN202109110
Luis Castillo,castl003,2021-09-17,2021,CIN,LAN,10,6.3,26,111,5,2,0,1,1.0,CIN202109170
Luis Castillo,castl003,2021-09-23,2021,CIN,WAS,6,6.0,27,105,6,3,1,1,1.0,CIN202109230
Luis Castillo,castl003,2021-10-01,2021,CIN,PIT,5,5.3,23,94,6,3,0,0,1.0,PIT202110010
Miguel Castro,castm002,2021-05-05,2021,NYN,SLN,1,1.0,5,22,1,1,0,0,1.0,SLN202105052
Miguel Castro,castm002,2021-05-18,2021,NYN,ATL,1,1.0,3,11,0,0,0,0,1.02,ATL202105180
Ryan Castellani,castr005,2021-05-04,2021,COL,SFN,2,3.3,17,65,5,4,1,1,0.92,COL202105042
Dylan Cease,ceasd001,2021-04-04,2021,CHA,ANA,3,4.7,22,92,5,3,1,0,0.99,ANA202104040
Dylan Cease,ceasd001,2021-04-11,2021,CHA,KCA,6,4.7,19,90,4,3,0,1,0.99,CHA202104110
Dylan Cease,ceasd001,2021-04-17,2021,CHA,BOS,6,4.7,22,85,6,3,0,0,0.98,BOS202104170
Dylan Cease,ceasd001,2021-04-23,2021,CHA,TEX,5,3.3,16,80,3,3,1,1,0.99,CHA202104230
Dylan Cease,ceasd001,2021-04-29,2021,CHA,DET,9,7.0,24,91,3,0,0,1,0.99,CHA202104292
Dylan Cease,ceasd001,2021-05-04,2021,CHA,CIN,11,6.0,22,98,1,3,0,0,1.0,CIN202105040
Dylan Cease,ceasd001,2021-05-11,2021,CHA,MIN,7,5.0,23,97,5,2,1,1,0.99,CHA202105110
Dylan Cease,ceasd001,2021-05-16,2021,CHA,KCA,3,5.7,23,88,3,3,0,1,0.99,CHA202105160
Dylan Cease,ceasd001,2021-05-22,2021,CHA,NYA,6,4.3,22,91,5,4,0,0,0.99,NYA202105220
Dylan Cease,ceasd001,2021-05-27,2021,CHA,BAL,10,6.0,25,111,4,2,1,1,0.99,CHA202105270
Dylan Cease,ceasd001,2021-06-01,2021,CHA,CLE,2,3.3,20,94,8,1,1,0,1.04,CLE202106010
Dylan Cease,ceasd001,2021-06-06,2021,CHA,DET,10,7.0,27,99,5,1,0,1,0.99,CHA202106060
Dylan Cease,ceasd001,2021-06-12,2021,CHA,DET,7,5.0,21,82,4,1,1,0,1.0,DET202106120
Dylan Cease,ceasd001,2021-06-17,2021,CHA,HOU,4,3.3,18,74,4,2,1,0,1.02,HOU202106170
Dylan Cease,ceasd001,2021-06-23,2021,CHA,PIT,7,5.7,25,99,7,1,0,0,1.0,PIT202106230
Dylan Cease,ceasd001,2021-06-30,2021,CHA,MIN,7,6.0,23,94,3,3,2,1,0.99,CHA202106300
Dylan Cease,ceasd001,2021-07-05,2021,CHA,MIN,8,5.3,25,107,6,2,1,0,1.0,MIN202107050
Dylan Cease,ceasd001,2021-07-11,2021,CHA,BAL,6,5.0,20,85,2,2,1,0,1.0,BAL202107110
Dylan Cease,ceasd001,2021-07-16,2021,CHA,HOU,10,5.7,26,104,6,2,1,1,0.99,CHA202107160
Dylan Cease,ceasd001,2021-07-21,2021,CHA,MIN,5,5.0,24,92,7,2,1,1,0.99,CHA202107210
Dylan Cease,ceasd001,2021-07-27,2021,CHA,KCA,6,6.0,24,89,6,1,0,0,0.96,KCA202107270
Dylan Cease,ceasd001,2021-08-03,2021,CHA,KCA,11,6.0,22,103,1,2,0,1,0.99,CHA202108030
Dylan Cease,ceasd001,2021-08-08,2021,CHA,CHN,10,5.0,23,92,5,3,0,0,0.97,CHN202108080
Dylan Cease,ceasd001,2021-08-14,2021,CHA,NYA,6,5.0,20,103,4,0,1,1,0.99,CHA202108140
Dylan Cease,ceasd001,2021-08-19,2021,CHA,OAK,5,6.0,26,102,4,4,2,1,0.99,CHA202108190
Dylan Cease,ceasd001,2021-08-24,2021,CHA,TOR,7,7.0,25,95,4,1,1,0,1.0,TOR202108240
Dylan Cease,ceasd001,2021-08-29,2021,CHA,CHN,11,6.0,23,108,4,2,1,1,0.99,CHA202108290
Dylan Cease,ceasd001,2021-09-05,2021,CHA,KCA,9,5.0,23,98,4,3,1,0,0.96,KCA202109050
Dylan Cease,ceasd001,2021-09-11,2021,CHA,BOS,5,2.7,17,71,4,5,1,1,0.99,CHA202109110
Dylan Cease,ceasd001,2021-09-17,2021,CHA,TEX,10,5.0,21,92,4,2,0,0,0.99,TEX202109170
Dylan Cease,ceasd001,2021-09-24,2021,CHA,CLE,9,5.3,19,82,4,0,0,0,1.04,CLE202109240
Dylan Cease,ceasd001,2021-10-03,2021,CHA,DET,5,4.0,18,69,4,2,0,1,0.99,CHA202110030
Jhoulys Chacín,chacj001,2021-05-15,2021,COL,CIN,3,4.0,16,53,4,1,1,1,0.92,COL202105150
Jesse Chavez,chavj001,2021-06-24,2021,ATL,CIN,3,2.3,10,36,2,1,0,0,1.0,CIN202106240
Jesse Chavez,chavj001,2021-09-21,2021,ATL,ARI,0,1.3,6,28,0,2,0,0,1.03,ARI202109210
Jesse Chavez,chavj001,2021-09-26,2021,ATL,SDN,0,1.3,5,19,1,0,0,0,1.08,SDN202109260
Jesse Chavez,chavj001,2021-10-02,2021,ATL,NYN,2,2.0,7,30,1,0,0,1,1.02,ATL202110020
Aaron Civale,civaa001,2021-04-04,2021,CLE,DET,6,7.0,24,91,2,3,2,0,1.0,DET202104040
Aaron Civale,civaa001,2021-04-10,2021,CLE,DET,6,7.7,24,90,3,0,1,1,1.04,CLE202104100
Aaron Civale,civaa001,2021-04-15,2021,CLE,CHA,4,6.0,25,99,5,2,0,0,0.99,CHA202104150
Aaron Civale,civaa001,2021-04-22,2021,CLE,NYA,6,5.3,24,93,4,4,0,1,1.04,CLE202104220
Aaron Civale,civaa001,2021-04-27,2021,CLE,MIN,4,7.7,30,99,8,0,1,1,1.04,CLE202104270
Aaron Civale,civaa001,2021-05-03,2021,CLE,KCA,2,5.7,27,100,7,3,1,0,0.96,KCA202105030
Aaron Civale,civaa001,2021-05-08,2021,CLE,CIN,5,7.0,28,107,5,2,0,1,1.04,CLE202105080
Aaron Civale,civaa001,2021-05-14,2021,CLE,SEA,6,6.7,27,107,7,1,2,0,1.04,SEA202105140
Aaron Civale,civaa001,2021-05-19,2021,CLE,ANA,8,7.0,25,114,4,1,1,0,0.99,ANA202105190
Aaron Civale,civaa001,2021-05-25,2021,CLE,DET,6,8.0,31,104,6,1,0,0,1.0,DET202105250
Aaron Civale,civaa001,2021-05-30,2021,CLE,TOR,1,6.0,27,87,10,1,2,1,1.04,CLE202105301
Aaron Civale,civaa001,2021-06-05,2021,CLE,BAL,4,6.0,25,100,7,0,3,0,1.0,BAL202106050
Aaron Civale,civaa001,2021-06-11,2021,CLE,SEA,11,8.0,27,101,1,1,0,1,1.04,CLE202106110
Aaron Civale,civaa001,2021-06-16,2021,CLE,BAL,2,5.0,24,96,9,2,1,1,1.04,CLE202106160
Aaron Civale,civaa001,2021-06-21,2021,CLE,CHN,5,4.7,16,71,3,2,0,0,0.97,CHN202106210
Aaron Civale,civaa001,2021-09-07,2021,CLE,MIN,6,4.7,18,78,3,1,0,1,1.04,CLE202109070
Aaron Civale,civaa001,2021-09-12,2021,CLE,MIL,3,3.0,18,64,6,2,3,1,1.04,CLE202109120
Aaron Civale,civaa001,2021-09-18,2021,CLE,NYA,4,6.0,21,91,4,1,0,0,0.99,NYA202109180
Aaron Civale,civaa001,2021-09-23,2021,CLE,CHA,3,1.7,14,45,7,2,4,1,1.04,CLE202109231
Aaron Civale,civaa001,2021-09-28,2021,CLE,KCA,3,5.3,21,90,4,1,2,0,0.96,KCA202109280
Aaron Civale,civaa001,2021-10-03,2021,CLE,TEX,4,6.0,22,82,3,1,0,0,0.99,TEX202110030
Garrett Cleavinger,cleag001,2021-07-04,2021,LAN,WAS,1,1.0,5,19,1,1,0,0,1.01,WAS202107040
Alex Cobb,cobba001,2021-04-03,2021,ANA,CHA,7,6.0,27,97,8,1,1,1,0.99,ANA202104030
Alex Cobb,cobba001,2021-04-12,2021,ANA,KCA,10,5.7,22,97,4,1,0,0,0.96,KCA202104120
Alex Cobb,cobba001,2021-04-22,2021,ANA,HOU,4,2.7,19,79,6,3,0,0,1.02,HOU202104220
Alex Cobb,cobba001,2021-04-28,2021,ANA,TEX,2,2.0,12,51,6,0,0,0,0.99,TEX202104280
Alex Cobb,cobba001,2021-05-04,2021,ANA,TBA,8,5.0,22,99,2,5,0,1,0.99,ANA202105040
Alex Cobb,cobba001,2021-05-20,2021,ANA,MIN,4,5.0,18,57,4,0,0,1,0.99,ANA202105201
Alex Cobb,cobba001,2021-05-29,2021,ANA,OAK,8,7.0,23,101,3,2,0,0,1.0,OAK202105290
Alex Cobb,cobba001,2021-06-05,2021,ANA,SEA,6,7.0,26,98,3,1,1,1,0.99,ANA202106050
Alex Cobb,cobba001,2021-06-12,2021,ANA,ARI,3,3.0,17,55,7,1,0,0,1.03,ARI202106120
Alex Cobb,cobba001,2021-06-18,2021,ANA,DET,8,5.7,22,111,3,2,0,1,0.99,ANA202106180
Alex Cobb,cobba001,2021-06-26,2021,ANA,TBA,3,4.0,19,79,6,1,1,0,1.05,TBA202106260
Alex Cobb,cobba001,2021-07-03,2021,ANA,BAL,6,7.7,26,112,4,1,0,1,0.99,ANA202107030
Alex Cobb,cobba001,2021-07-09,2021,ANA,SEA,5,5.3,24,97,4,3,0,0,1.04,SEA202107090
Alex Cobb,cobba001,2021-07-17,2021,ANA,SEA,6,6.7,28,109,5,4,0,1,0.99,ANA202107170
Alex Cobb,cobba001,2021-07-23,2021,ANA,MIN,4,5.0,22,79,7,1,0,0,1.0,MIN202107230
Alex Cobb,cobba001,2021-09-16,2021,ANA,CHA,5,5.0,18,66,2,2,0,0,0.99,CHA202109160
Alex Cobb,cobba001,2021-09-23,2021,ANA,HOU,4,5.7,24,93,4,3,0,1,0.99,ANA202109230
Alex Cobb,cobba001,2021-09-30,2021,ANA,TEX,5,5.0,24,99,7,2,2,0,0.99,TEX202109300
Gerrit Cole,coleg001,2021-04-01,2021,NYA,TOR,8,5.3,23,97,5,2,1,1,0.99,NYA202104010
Gerrit Cole,coleg001,2021-04-06,2021,NYA,BAL,13,7.0,25,97,4,0,0,1,0.99,NYA202104060
Gerrit Cole,coleg001,2021-04-12,2021,NYA,TOR,8,6.0,22,98,3,1,0,0,1.0,TOR202104120
Gerrit Cole,coleg001,2021-04-18,2021,NYA,TBA,10,6.3,25,109,5,0,0,1,0.99,NYA202104180
Gerrit Cole,coleg001,2021-04-24,2021,NYA,CLE,11,7.0,24,111,3,0,0,0,1.04,CLE202104240
Gerrit Cole,coleg001,2021-04-30,2021,NYA,DET,12,6.0,21,87,4,0,0,1,0.99,NYA202104300
Gerrit Cole,coleg001,2021-05-06,2021,NYA,HOU,4,7.0,24,97,5,0,2,1,0.99,NYA202105060
Gerrit Cole,coleg001,2021-05-12,2021,NYA,TBA,12,8.0,27,106,4,0,0,0,1.05,TBA202105120
Gerrit Cole,coleg001,2021-05-17,2021,NYA,TEX,7,5.0,23,89,7,2,2,0,0.99,TEX202105170
Gerrit Cole,coleg001,2021-05-22,2021,NYA,CHA,7,7.0,25,95,4,3,0,1,0.99,NYA202105220
Gerrit Cole,coleg001,2021-05-28,2021,NYA,DET,5,6.0,24,103,6,1,0,0,1.0,DET202105280
Gerrit Cole,coleg001,2021-06-03,2021,NYA,TBA,7,5.0,22,92,5,2,1,1,0.99,NYA202106030
Gerrit Cole,coleg001,2021-06-09,2021,NYA,MIN,9,6.0,23,94,5,0,2,0,1.0,MIN202106090
Gerrit Cole,coleg001,2021-06-16,2021,NYA,TOR,4,8.0,29,104,4,1,2,0,1.0,TOR202106160
Gerrit Cole,coleg001,2021-06-22,2021,NYA,KCA,6,7.0,27,108,3,3,1,1,0.99,NYA202106220
Gerrit Cole,coleg001,2021-06-27,2021,NYA,BOS,6,5.0,25,89,8,2,3,0,0.98,BOS202106270
Gerrit Cole,coleg001,2021-07-04,2021,NYA,NYN,6,3.3,19,80,6,3,1,1,0.99,NYA202107041
Gerrit Cole,coleg001,2021-07-10,2021,NYA,HOU,12,9.0,31,129,3,2,0,0,1.02,HOU202107100
Gerrit Cole,coleg001,2021-07-17,2021,NYA,BOS,11,6.0,25,96,5,2,0,1,0.99,NYA202107170
Gerrit Cole,coleg001,2021-07-23,2021,NYA,BOS,8,5.0,23,104,6,2,1,0,0.98,BOS202107230
Gerrit Cole,coleg001,2021-07-29,2021,NYA,TBA,10,5.3,25,105,6,2,1,0,1.05,TBA202107290
Gerrit Cole,coleg001,2021-08-16,2021,NYA,ANA,9,5.7,21,90,2,1,1,1,0.99,NYA202108160
Gerrit Cole,coleg001,2021-08-21,2021,NYA,MIN,6,6.0,24,97,5,1,0,1,0.99,NYA202108210
Gerrit Cole,coleg001,2021-08-27,2021,NYA,OAK,9,6.0,26,104,6,2,0,0,1.0,OAK202108270
Gerrit Cole,coleg001,2021-09-01,2021,NYA,ANA,15,7.0,25,116,4,0,0,0,0.99,ANA202109010
Gerrit Cole,coleg001,2021-09-07,2021,NYA,TOR,2,3.7,18,70,5,2,1,1,0.99,NYA202109070
Gerrit Cole,coleg001,2021-09-14,2021,NYA,BAL,7,5.0,22,108,4,3,0,0,1.0,BAL202109140
Gerrit Cole,coleg001,2021-09-19,2021,NYA,CLE,7,5.7,27,104,10,1,2,1,0.99,NYA202109190
Gerrit Cole,coleg001,2021-09-24,2021,NYA,BOS,6,6.0,24,94,5,3,1,0,0.98,BOS202109240
Gerrit Cole,coleg001,2021-09-29,2021,NYA,TOR,6,6.0,27,96,9,0,2,0,1.0,TOR202109290
Roansy Contreras,contr001,2021-09-29,2021,PIT,CHN,4,3.0,12,46,3,1,0,1,1.0,PIT202109290
Sam Coonrod,coons001,2021-09-05,2021,PHI,MIA,3,1.3,7,28,1,1,0,0,0.98,MIA202109050
Sam Coonrod,coons001,2021-09-10,2021,PHI,COL,1,1.0,3,14,0,0,0,1,1.01,PHI202109100
Patrick Corbin,corbp001,2021-04-10,2021,WAS,LAN,5,4.3,21,80,6,3,1,0,1.03,LAN202104100
Patrick Corbin,corbp001,2021-04-15,2021,WAS,ARI,1,2.0,19,63,6,4,3,1,1.01,WAS202104150
Patrick Corbin,corbp001,2021-04-20,2021,WAS,SLN,5,6.0,21,76,4,0,0,1,1.01,WAS202104200
Patrick Corbin,corbp001,2021-04-25,2021,WAS,NYN,3,4.0,21,79,7,3,2,0,1.06,NYN202104250
Patrick Corbin,corbp001,2021-05-01,2021,WAS,MIA,4,7.0,27,93,4,4,1,1,1.01,WAS202105010
Patrick Corbin,corbp001,2021-05-07,2021,WAS,NYA,2,6.0,22,81,4,0,3,0,0.99,NYA202105070
Patrick Corbin,corbp001,2021-05-13,2021,WAS,PHI,9,7.0,26,102,5,0,0,1,1.01,WAS202105130
Patrick Corbin,corbp001,2021-05-18,2021,WAS,CHN,4,5.0,22,87,8,2,0,0,0.97,CHN202105180
Patrick Corbin,corbp001,2021-05-23,2021,WAS,BAL,3,5.7,27,95,11,2,0,1,1.01,WAS202105230
Patrick Corbin,corbp001,2021-05-29,2021,WAS,MIL,5,5.0,20,78,4,2,1,1,1.01,WAS202105291
Patrick Corbin,corbp001,2021-06-03,2021,WAS,ATL,4,5.3,24,79,6,2,1,0,1.02,ATL202106030
Patrick Corbin,corbp001,2021-06-09,2021,WAS,TBA,3,5.0,22,93,3,4,0,0,1.05,TBA202106090
Patrick Corbin,corbp001,2021-06-15,2021,WAS,PIT,7,8.3,34,110,8,1,0,1,1.01,WAS202106150
Patrick Corbin,corbp001,2021-06-20,2021,WAS,NYN,7,6.0,23,85,4,1,2,1,1.01,WAS202106200
Patrick Corbin,corbp001,2021-06-26,2021,WAS,MIA,6,6.0,23,77,5,0,1,0,0.98,MIA202106260
Patrick Corbin,corbp001,2021-07-01,2021,WAS,LAN,2,4.7,24,97,8,1,2,1,1.01,WAS202107010
Patrick Corbin,corbp001,2021-07-07,2021,WAS,SDN,3,6.0,28,106,7,2,1,0,1.08,SDN202107070
Patrick Corbin,corbp001,2021-07-17,2021,WAS,SDN,3,5.3,27,89,10,4,0,1,1.01,WAS202107170
Patrick Corbin,corbp001,2021-07-23,2021,WAS,BAL,4,5.3,23,91,5,1,1,0,1.0,BAL202107230
Patrick Corbin,corbp001,2021-07-29,2021,WAS,PHI,2,5.0,24,86,8,1,3,0,1.01,PHI202107292
Patrick Corbin,corbp001,2021-08-03,2021,WAS,PHI,8,7.0,28,93,6,1,3,1,1.01,WAS202108030
Patrick Corbin,corbp001,2021-08-08,2021,WAS,ATL,5,6.0,24,68,5,1,2,0,1.02,ATL202108080
Patrick Corbin,corbp001,2021-08-14,2021,WAS,ATL,5,4.7,23,97,7,2,1,1,1.01,WAS202108140
Patrick Corbin,corbp001,2021-08-20,2021,WAS,MIL,7,6.3,22,92,3,0,1,0,1.05,MIL202108200
Patrick Corbin,corbp001,2021-08-26,2021,WAS,MIA,3,3.0,15,58,4,2,2,0,0.98,MIA202108260
Patrick Corbin,corbp001,2021-08-31,2021,WAS,PHI,4,5.0,27,93,9,4,2,1,1.01,WAS202108310
Patrick Corbin,corbp001,2021-09-06,2021,WAS,NYN,4,7.0,30,114,11,1,1,1,1.01,WAS202109060
Patrick Corbin,corbp001,2021-09-12,2021,WAS,PIT,4,7.0,26,101,4,2,0,0,1.0,PIT202109120
Patrick Corbin,corbp001,2021-09-18,2021,WAS,COL,5,4.0,25,87,10,3,2,1,1.01,WAS202109180
Patrick Corbin,corbp001,2021-09-23,2021,WAS,CIN,7,6.7,27,99,4,4,0,0,1.0,CIN202109230
Patrick Corbin,corbp001,2021-09-28,2021,WAS,COL,9,6.0,26,101,6,3,1,0,0.92,COL202109280
Néstor Cortés,cortn001,2021-07-04,2021,NYA,NYN,4,3.3,12,59,2,0,0,1,0.99,NYA202107042
Néstor Cortés,cortn001,2021-07-09,2021,NYA,HOU,2,4.7,18,74,2,2,0,0,1.02,HOU202107090
Néstor Cortés,cortn001,2021-07-28,2021,NYA,TBA,5,5.0,19,79,3,0,0,0,1.05,TBA202107280
Néstor Cortés,cortn001,2021-08-05,2021,NYA,SEA,2,5.0,22,86,5,3,1,1,0.99,NYA202108050
Néstor Cortés,cortn001,2021-08-10,2021,NYA,KCA,5,5.7,24,80,7,0,2,0,0.96,KCA202108100
Néstor Cortés,cortn001,2021-08-15,2021,NYA,CHA,7,6.0,25,98,7,1,1,0,0.99,CHA202108150
Néstor Cortés,cortn001,2021-08-20,2021,NYA,MIN,7,7.0,27,104,4,2,1,1,0.99,NYA202108200
Néstor Cortés,cortn001,2021-08-28,2021,NYA,OAK,4,5.3,24,95,4,3,1,0,1.0,OAK202108280
Néstor Cortés,cortn001,2021-09-03,2021,NYA,BAL,7,5.7,22,84,4,2,1,1,0.99,NYA202109030
Néstor Cortés,cortn001,2021-09-09,2021,NYA,TOR,5,6.0,23,103,6,0,2,1,0.99,NYA202109090
Néstor Cortés,cortn001,2021-09-15,2021,NYA,BAL,11,6.3,24,98,3,2,1,0,1.0,BAL202109150
Néstor Cortés,cortn001,2021-09-20,2021,NYA,TEX,7,4.3,20,92,5,2,1,1,0.99,NYA202109200
Néstor Cortés,cortn001,2021-09-25,2021,NYA,BOS,4,4.3,17,80,4,0,1,0,0.98,BOS202109250
Néstor Cortés,cortn001,2021-10-01,2021,NYA,TBA,5,4.7,18,67,5,0,1,1,0.99,NYA202110010
Danny Coulombe,could001,2021-06-25,2021,MIN,CLE,2,1.7,8,32,2,0,2,1,1.0,MIN202106250
Kutter Crawford,crawk001,2021-09-05,2021,BOS,CLE,2,2.0,13,57,5,2,1,1,0.98,BOS202109050
Cooper Criswell,crisc002,2021-08-27,2021,ANA,SDN,0,1.3,10,41,6,0,0,1,0.99,ANA202108270
Hans Crouse,crouh001,2021-09-26,2021,PHI,PIT,1,3.0,15,59,2,4,1,1,1.01,PHI202109260
Hans Crouse,crouh001,2021-10-02,2021,PHI,MIA,1,4.0,17,72,2,3,1,0,0.98,MIA202110020
Wil Crowe,croww001,2021-04-25,2021,PIT,MIN,3,4.0,17,81,4,2,0,0,1.0,MIN202104250
Wil Crowe,croww001,2021-05-02,2021,PIT,SLN,2,5.0,22,97,3,4,1,1,1.0,PIT202105020
Wil Crowe,croww001,2021-05-08,2021,PIT,CHN,5,6.0,23,93,4,1,0,0,0.97,CHN202105080
Wil Crowe,croww001,2021-05-13,2021,PIT,SFN,5,5.0,22,94,6,1,1,1,1.0,PIT202105130
Wil Crowe,croww001,2021-05-20,2021,PIT,ATL,7,5.0,24,94,7,3,2,0,1.02,ATL202105200
Wil Crowe,croww001,2021-05-26,2021,PIT,CHN,1,1.3,11,49,5,2,1,1,1.0,PIT202105260
Wil Crowe,croww001,2021-06-01,2021,PIT,KCA,3,4.0,21,76,8,2,2,0,0.96,KCA202106010
Wil Crowe,croww001,2021-06-13,2021,PIT,MIL,8,5.0,18,82,2,1,0,0,1.05,MIL202106130
Wil Crowe,croww001,2021-06-19,2021,PIT,CLE,2,4.7,20,84,4,2,2,1,1.0,PIT202106190
Wil Crowe,croww001,2021-06-25,2021,PIT,SLN,2,5.0,26,89,8,2,2,0,1.0,SLN202106250
Wil Crowe,croww001,2021-07-01,2021,PIT,MIL,6,4.7,21,95,4,3,0,1,1.0,PIT202107010
Wil Crowe,croww001,2021-07-07,2021,PIT,ATL,4,4.7,22,97,6,2,1,1,1.0,PIT202107070
Wil Crowe,croww001,2021-07-17,2021,PIT,NYN,3,5.3,22,88,6,3,2,1,1.0,PIT202107170
Wil Crowe,croww001,2021-07-24,2021,PIT,SFN,9,5.3,20,90,4,1,1,0,1.03,SFN202107240
Wil Crowe,croww001,2021-07-30,2021,PIT,PHI,4,6.0,23,92,1,4,0,1,1.0,PIT202107300
Wil Crowe,croww001,2021-08-05,2021,PIT,CIN,5,4.0,23,100,8,2,3,0,1.0,CIN202108050
Wil Crowe,croww001,2021-08-11,2021,PIT,SLN,4,4.7,19,84,4,3,0,1,1.0,PIT202108110
Wil Crowe,croww001,2021-08-17,2021,PIT,LAN,4,4.0,19,85,5,2,0,0,1.03,LAN202108170
Wil Crowe,croww001,2021-08-23,2021,PIT,ARI,5,4.7,24,89,8,1,1,1,1.0,PIT202108230
Wil Crowe,croww001,2021-08-29,2021,PIT,SLN,4,5.0,22,90,5,3,1,1,1.0,PIT202108290
Wil Crowe,croww001,2021-09-05,2021,PIT,CHN,1,3.0,18,68,7,2,3,0,0.97,CHN202109050
Wil Crowe,croww001,2021-09-11,2021,PIT,WAS,6,4.0,18,78,4,2,0,1,1.0,PIT202109110
Wil Crowe,croww001,2021-09-17,2021,PIT,MIA,5,5.0,19,74,3,1,0,0,0.98,MIA202109170
Wil Crowe,croww001,2021-09-25,2021,PIT,PHI,2,4.7,24,95,8,4,2,0,1.01,PHI202109250
Wil Crowe,croww001,2021-10-01,2021,PIT,CIN,9,6.0,21,79,1,2,0,1,1.0,PIT202110010
Johnny Cueto,cuetj001,2021-04-02,2021,SFN,SEA,7,5.7,24,105,6,3,0,0,1.04,SEA202104020
Johnny Cueto,cuetj001,2021-04-09,2021,SFN,COL,7,8.7,30,118,4,1,0,1,1.03,SFN202104090
Johnny Cueto,cuetj001,2021-04-14,2021,SFN,CIN,4,5.7,20,68,3,0,0,1,1.03,SFN202104140
Johnny Cueto,cuetj001,2021-05-09,2021,SFN,SDN,2,3.0,18,64,8,1,2,1,1.03,SFN202105090
Johnny Cueto,cuetj001,2021-05-15,2021,SFN,PIT,2,4.3,19,72,8,0,0,0,1.0,PIT202105150
Johnny Cueto,cuetj001,2021-05-20,2021,SFN,CIN,4,5.0,19,89,5,1,0,0,1.0,CIN202105200
Johnny Cueto,cuetj001,2021-05-26,2021,SFN,ARI,5,5.0,23,85,8,0,0,0,1.03,ARI202105260
Johnny Cueto,cuetj001,2021-05-31,2021,SFN,ANA,5,7.0,27,97,5,0,0,1,1.03,SFN202105310
Johnny Cueto,cuetj001,2021-06-06,2021,SFN,CHN,4,4.3,22,78,6,2,2,1,1.03,SFN202106060
Johnny Cueto,cuetj001,2021-06-13,2021,SFN,WAS,2,5.3,29,100,9,3,2,0,1.01,WAS202106130
Johnny Cueto,cuetj001,2021-06-18,2021,SFN,PHI,5,6.0,22,94,6,0,2,1,1.03,SFN202106180
Johnny Cueto,cuetj001,2021-06-25,2021,SFN,OAK,6,7.0,28,102,5,1,0,1,1.03,SFN202106250
Johnny Cueto,cuetj001,2021-07-01,2021,SFN,ARI,5,5.0,23,90,7,2,2,0,1.03,ARI202107010
Johnny Cueto,cuetj001,2021-07-06,2021,SFN,SLN,7,6.0,27,94,9,1,1,1,1.03,SFN202107060
Johnny Cueto,cuetj001,2021-07-18,2021,SFN,SLN,5,5.0,18,70,2,1,1,0,1.0,SLN202107180
Johnny Cueto,cuetj001,2021-07-23,2021,SFN,PIT,7,5.0,19,82,3,1,1,1,1.03,SFN202107230
Johnny Cueto,cuetj001,2021-07-29,2021,SFN,LAN,5,5.7,21,77,4,2,0,1,1.03,SFN202107290
Johnny Cueto,cuetj001,2021-08-03,2021,SFN,ARI,7,5.0,25,100,6,4,0,0,1.03,ARI202108030
Johnny Cueto,cuetj001,2021-08-08,2021,SFN,MIL,3,5.3,22,90,5,1,1,0,1.05,MIL202108080
Johnny Cueto,cuetj001,2021-08-25,2021,SFN,NYN,2,4.7,20,71,5,3,0,0,1.06,NYN202108250
Johnny Cueto,cuetj001,2021-08-31,2021,SFN,MIL,1,3.7,23,84,10,2,1,1,1.03,SFN202108310
John Curtiss,curtj003,2021-04-11,2021,MIA,NYN,0,0.0,0,0,0,0,0,0,1.06,NYN202104110
John Curtiss,curtj003,2021-05-21,2021,MIA,NYN,0,1.0,5,17,1,1,0,1,0.98,MIA202105210
John Curtiss,curtj003,2021-07-25,2021,MIA,SDN,2,1.0,3,10,0,0,0,1,0.98,MIA202107250
Yu Darvish,darvy001,2021-04-01,2021,SDN,ARI,6,4.7,23,93,8,1,2,1,1.08,SDN202104010
Yu Darvish,darvy001,2021-04-06,2021,SDN,SFN,7,6.0,21,89,3,1,1,1,1.08,SDN202104060
Yu Darvish,darvy001,2021-04-12,2021,SDN,PIT,6,7.0,25,95,3,1,0,0,1.0,PIT202104120
Yu Darvish,darvy001,2021-04-17,2021,SDN,LAN,9,7.0,25,98,1,2,0,1,1.08,SDN202104170
Yu Darvish,darvy001,2021-04-23,2021,SDN,LAN,9,7.0,28,96,4,3,0,0,1.03,LAN202104230
Yu Darvish,darvy001,2021-04-30,2021,SDN,SFN,12,6.3,27,107,4,3,1,1,1.08,SDN202104300
Yu Darvish,darvy001,2021-05-05,2021,SDN,PIT,8,5.7,25,98,6,1,1,1,1.08,SDN202105050
Yu Darvish,darvy001,2021-05-12,2021,SDN,COL,2,4.0,15,76,2,1,0,0,0.92,COL202105121
Yu Darvish,darvy001,2021-05-17,2021,SDN,COL,10,7.0,25,81,4,0,0,1,1.08,SDN202105170
Yu Darvish,darvy001,2021-05-23,2021,SDN,SEA,5,7.0,26,93,7,0,0,1,1.08,SDN202105230
Yu Darvish,darvy001,2021-05-29,2021,SDN,HOU,5,5.0,23,92,4,3,1,0,1.02,HOU202105290
Yu Darvish,darvy001,2021-06-03,2021,SDN,NYN,5,5.3,22,90,4,1,1,1,1.08,SDN202106030
Yu Darvish,darvy001,2021-06-09,2021,SDN,CHN,8,7.0,23,100,3,2,1,1,1.08,SDN202106090
Yu Darvish,darvy001,2021-06-15,2021,SDN,COL,5,5.0,23,100,6,2,1,0,0.92,COL202106150
Yu Darvish,darvy001,2021-06-21,2021,SDN,LAN,11,6.0,22,99,2,1,1,1,1.08,SDN202106210
Yu Darvish,darvy001,2021-06-27,2021,SDN,ARI,7,6.0,24,93,6,1,0,1,1.08,SDN202106270
Yu Darvish,darvy001,2021-07-03,2021,SDN,PHI,8,6.0,25,98,6,1,2,0,1.01,PHI202107030
Yu Darvish,darvy001,2021-07-08,2021,SDN,WAS,2,3.0,17,64,8,0,1,1,1.08,SDN202107080
Yu Darvish,darvy001,2021-07-20,2021,SDN,ATL,3,5.7,24,95,4,2,1,0,1.02,ATL202107200
Yu Darvish,darvy001,2021-07-25,2021,SDN,MIA,6,5.0,21,93,5,1,2,0,0.98,MIA202107250
Yu Darvish,darvy001,2021-07-31,2021,SDN,COL,8,6.0,25,102,5,2,3,1,1.08,SDN202107310
Yu Darvish,darvy001,2021-08-07,2021,SDN,ARI,12,7.0,25,93,4,0,1,1,1.08,SDN202108070
Yu Darvish,darvy001,2021-08-12,2021,SDN,ARI,4,2.7,15,74,6,1,1,0,1.03,ARI202108120
Yu Darvish,darvy001,2021-08-26,2021,SDN,LAN,6,6.0,24,102,5,1,1,1,1.08,SDN202108260
Yu Darvish,darvy001,2021-09-01,2021,SDN,ARI,3,2.7,18,76,8,1,1,0,1.03,ARI202109010
Yu Darvish,darvy001,2021-09-08,2021,SDN,ANA,7,6.0,22,99,3,1,0,1,1.08,SDN202109080
Yu Darvish,darvy001,2021-09-13,2021,SDN,SFN,3,4.0,21,96,6,3,4,0,1.03,SFN202109130
Yu Darvish,darvy001,2021-09-18,2021,SDN,SLN,9,7.0,25,96,3,1,0,0,1.0,SLN202109180
Yu Darvish,darvy001,2021-09-23,2021,SDN,SFN,7,5.3,21,96,3,3,1,1,1.08,SDN202109230
Yu Darvish,darvy001,2021-09-28,2021,SDN,LAN,6,4.0,21,85,5,4,0,0,1.03,LAN202109280
Tucker Davidson,davit005,2021-05-18,2021,ATL,NYN,5,6.0,23,72,5,1,1,1,1.02,ATL202105180
Tucker Davidson,davit005,2021-06-03,2021,ATL,WAS,5,5.7,23,88,1,5,0,1,1.02,ATL202106030
Tucker Davidson,davit005,2021-06-09,2021,ATL,PHI,4,6.0,24,90,4,1,0,0,1.01,PHI202106090
Tucker Davidson,davit005,2021-06-15,2021,ATL,BOS,4,2.3,13,53,5,1,2,1,1.02,ATL202106150
Zach Davies,daviz001,2021-04-04,2021,CHN,PIT,5,5.7,24,88,4,3,1,1,0.97,CHN202104040
Zach Davies,daviz001,2021-04-10,2021,CHN,PIT,2,1.7,13,44,5,3,0,0,1.0,PIT202104100
Zach Davies,daviz001,2021-04-16,2021,CHN,ATL,1,4.0,22,90,7,3,0,1,0.97,CHN202104160
Zach Davies,daviz001,2021-04-21,2021,CHN,NYN,2,4.0,19,75,5,2,1,1,0.97,CHN202104210
Zach Davies,daviz001,2021-04-26,2021,CHN,ATL,4,3.7,22,85,6,4,1,0,1.02,ATL202104260
Zach Davies,daviz001,2021-05-01,2021,CHN,CIN,3,4.0,20,76,4,3,0,0,1.0,CIN202105010
Zach Davies,daviz001,2021-05-07,2021,CHN,PIT,1,7.0,26,81,5,1,0,1,0.97,CHN202105070
Zach Davies,daviz001,2021-05-12,2021,CHN,CLE,4,5.3,21,75,6,2,0,0,1.04,CLE202105120
Zach Davies,daviz001,2021-05-18,2021,CHN,WAS,1,5.0,24,77,7,1,1,1,0.97,CHN202105180
Zach Davies,daviz001,2021-05-23,2021,CHN,SLN,3,5.0,21,76,4,3,0,0,1.0,SLN202105230
Zach Davies,daviz001,2021-05-29,2021,CHN,CIN,3,5.0,19,65,2,2,0,1,0.97,CHN202105290
Zach Davies,daviz001,2021-06-03,2021,CHN,SFN,4,4.3,22,93,8,2,0,0,1.03,SFN202106030
Zach Davies,daviz001,2021-06-08,2021,CHN,SDN,4,6.0,20,89,1,2,0,0,1.08,SDN202106080
Zach Davies,daviz001,2021-06-13,2021,CHN,SLN,6,6.7,23,89,2,2,0,1,0.97,CHN202106130
Zach Davies,daviz001,2021-06-18,2021,CHN,MIA,2,6.0,27,84,7,3,2,1,0.97,CHN202106180
Zach Davies,daviz001,2021-06-24,2021,CHN,LAN,4,6.0,22,94,0,5,0,0,1.03,LAN202106240
Zach Davies,daviz001,2021-06-29,2021,CHN,MIL,6,4.0,18,84,2,3,0,0,1.05,MIL202106290
Zach Davies,daviz001,2021-07-05,2021,CHN,PHI,1,5.0,20,75,4,2,2,1,0.97,CHN202107050
Zach Davies,daviz001,2021-07-10,2021,CHN,SLN,3,4.3,22,99,7,2,1,1,0.97,CHN202107100
Zach Davies,daviz001,2021-07-18,2021,CHN,ARI,3,4.7,22,78,6,4,0,0,1.03,ARI202107180
Zach Davies,daviz001,2021-07-23,2021,CHN,ARI,8,5.3,25,107,7,2,0,1,0.97,CHN202107230
Zach Davies,daviz001,2021-07-28,2021,CHN,CIN,8,6.0,28,104,7,4,1,1,0.97,CHN202107280
Zach Davies,daviz001,2021-08-03,2021,CHN,COL,1,4.0,20,66,6,2,2,0,0.92,COL202108030
Zach Davies,daviz001,2021-08-08,2021,CHN,CHA,5,2.0,14,53,7,1,3,1,0.97,CHN202108080
Zach Davies,daviz001,2021-08-14,2021,CHN,MIA,7,6.0,24,103,4,1,1,0,0.98,MIA202108140
Zach Davies,daviz001,2021-08-20,2021,CHN,KCA,5,6.0,24,98,5,1,4,1,0.97,CHN202108200
Zach Davies,daviz001,2021-08-25,2021,CHN,COL,6,4.7,18,72,3,1,1,1,0.97,CHN202108251
Zach Davies,daviz001,2021-08-31,2021,CHN,MIN,3,4.3,18,84,6,0,0,0,1.0,MIN202108310
Zach Davies,daviz001,2021-09-05,2021,CHN,PIT,3,4.0,21,82,8,3,2,1,0.97,CHN202109050
Zach Davies,daviz001,2021-09-11,2021,CHN,SFN,1,2.0,13,58,4,3,1,1,0.97,CHN202109110
Zach Davies,daviz001,2021-09-17,2021,CHN,MIL,3,4.3,21,83,6,3,0,0,1.05,MIL202109170
Zach Davies,daviz001,2021-09-24,2021,CHN,SLN,2,2.0,15,50,7,2,1,1,0.97,CHN202109242
Jacob deGrom,degrj001,2021-04-05,2021,NYN,PHI,7,6.0,21,77,3,2,0,0,1.01,PHI202104050
Jacob deGrom,degrj001,2021-04-10,2021,NYN,MIA,14,8.0,28,95,5,0,1,1,1.06,NYN202104100
Jacob deGrom,degrj001,2021-04-17,2021,NYN,COL,14,6.0,23,99,3,1,1,0,0.92,COL202104171
Jacob deGrom,degrj001,2021-04-23,2021,NYN,WAS,15,9.0,29,109,2,0,0,1,1.06,NYN202104230
Jacob deGrom,degrj001,2021-04-28,2021,NYN,BOS,9,6.0,22,93,3,1,0,1,1.06,NYN202104280
Jacob deGrom,degrj001,2021-05-09,2021,NYN,ARI,6,5.0,18,68,1,3,0,1,1.06,NYN202105090
Jacob deGrom,degrj001,2021-05-25,2021,NYN,COL,9,5.0,18,63,3,0,1,1,1.06,NYN202105250
Jacob deGrom,degrj001,2021-05-31,2021,NYN,ARI,8,6.0,20,70,2,0,0,0,1.03,ARI202105310
Jacob deGrom,degrj001,2021-06-05,2021,NYN,SDN,11,7.0,26,85,3,1,0,0,1.08,SDN202106050
Jacob deGrom,degrj001,2021-06-11,2021,NYN,SDN,10,6.0,18,80,1,0,0,1,1.06,NYN202106110
Jacob deGrom,degrj001,2021-06-16,2021,NYN,CHN,8,3.0,9,51,0,0,0,1,1.06,NYN202106160
Jacob deGrom,degrj001,2021-06-21,2021,NYN,ATL,6,5.0,18,70,1,2,0,1,1.06,NYN202106211
Jacob deGrom,degrj001,2021-06-26,2021,NYN,PHI,5,6.0,24,88,4,1,0,1,1.06,NYN202106260
Jacob deGrom,degrj001,2021-07-01,2021,NYN,ATL,14,7.0,26,93,5,0,1,0,1.02,ATL202107010
Jacob deGrom,degrj001,2021-07-07,2021,NYN,MIL,10,7.0,24,85,4,0,2,1,1.06,NYN202107071
Chase De Jong,dejoc001,2021-05-30,2021,PIT,COL,5,5.0,20,82,3,2,0,1,1.0,PIT202105300
Chase De Jong,dejoc001,2021-06-05,2021,PIT,MIA,5,5.0,23,84,7,1,3,1,1.0,PIT202106050
Chase De Jong,dejoc001,2021-06-11,2021,PIT,MIL,2,5.0,22,90,4,4,0,0,1.05,MIL202106110
Chase De Jong,dejoc001,2021-06-16,2021,PIT,WAS,5,4.0,17,71,4,2,1,0,1.01,WAS202106160
Chase De Jong,dejoc001,2021-06-23,2021,PIT,CHA,6,4.7,23,95,7,2,1,1,1.0,PIT202106230
Chase De Jong,dejoc001,2021-06-29,2021,PIT,COL,3,5.0,23,69,9,0,1,0,0.92,COL202106290
Chase De Jong,dejoc001,2021-07-05,2021,PIT,ATL,4,5.0,22,92,4,3,0,1,1.0,PIT202107050
Chase De Jong,dejoc001,2021-07-11,2021,PIT,NYN,3,5.0,22,95,4,3,2,0,1.06,NYN202107110
Chase De Jong,dejoc001,2021-07-19,2021,PIT,ARI,6,5.0,24,97,7,2,3,0,1.03,ARI202107190
José De León,delej003,2021-04-05,2021,CIN,PIT,9,5.0,21,81,3,2,2,1,1.0,CIN202104050
José De León,delej003,2021-04-11,2021,CIN,ARI,9,4.3,24,89,8,3,2,0,1.03,ARI202104110
Anthony DeSclafani,desca001,2021-04-05,2021,SFN,SDN,4,5.0,23,86,4,3,0,0,1.08,SDN202104050
Anthony DeSclafani,desca001,2021-04-11,2021,SFN,COL,8,6.0,25,94,6,1,0,1,1.03,SFN202104110
Anthony DeSclafani,desca001,2021-04-16,2021,SFN,MIA,4,6.0,22,87,4,0,1,0,0.98,MIA202104160
Anthony DeSclafani,desca001,2021-04-21,2021,SFN,PHI,5,4.0,19,68,5,2,1,0,1.01,PHI202104210
Anthony DeSclafani,desca001,2021-04-26,2021,SFN,COL,9,9.0,31,100,3,1,0,1,1.03,SFN202104260
Anthony DeSclafani,desca001,2021-05-01,2021,SFN,SDN,3,6.0,21,76,3,2,1,0,1.08,SDN202105010
Anthony DeSclafani,desca001,2021-05-07,2021,SFN,SDN,3,5.3,21,89,4,1,1,1,1.03,SFN202105070
Anthony DeSclafani,desca001,2021-05-13,2021,SFN,PIT,5,5.0,17,76,1,1,0,0,1.0,PIT202105130
Anthony DeSclafani,desca001,2021-05-18,2021,SFN,CIN,7,7.0,28,107,6,2,1,0,1.0,CIN202105180
Anthony DeSclafani,desca001,2021-05-23,2021,SFN,LAN,3,2.7,19,54,9,3,1,1,1.03,SFN202105230
Anthony DeSclafani,desca001,2021-05-28,2021,SFN,LAN,3,4.7,24,90,5,4,1,0,1.03,LAN202105280
Anthony DeSclafani,desca001,2021-06-03,2021,SFN,CHN,4,6.0,21,81,4,0,1,1,1.03,SFN202106030
Anthony DeSclafani,desca001,2021-06-11,2021,SFN,WAS,8,9.0,28,103,2,1,0,0,1.01,WAS202106110
Anthony DeSclafani,desca001,2021-06-16,2021,SFN,ARI,5,5.0,22,87,5,1,0,1,1.03,SFN202106160
Anthony DeSclafani,desca001,2021-06-22,2021,SFN,ANA,9,7.0,26,97,3,2,0,0,0.99,ANA202106220
Anthony DeSclafani,desca001,2021-06-28,2021,SFN,LAN,6,5.0,21,86,5,2,3,0,1.03,LAN202106280
Anthony DeSclafani,desca001,2021-07-04,2021,SFN,ARI,7,8.7,31,107,6,2,0,0,1.03,ARI202107040
Anthony DeSclafani,desca001,2021-07-10,2021,SFN,WAS,6,6.0,23,86,3,1,0,1,1.03,SFN202107100
Anthony DeSclafani,desca001,2021-07-17,2021,SFN,SLN,4,6.0,23,81,5,0,2,0,1.0,SLN202107170
Anthony DeSclafani,desca001,2021-07-22,2021,SFN,LAN,7,6.0,24,83,6,1,1,0,1.03,LAN202107220
Anthony DeSclafani,desca001,2021-07-28,2021,SFN,LAN,3,2.7,16,66,6,2,0,1,1.03,SFN202107280
Anthony DeSclafani,desca001,2021-08-02,2021,SFN,ARI,5,4.3,21,96,7,1,2,0,1.03,ARI202108020
Anthony DeSclafani,desca001,2021-08-13,2021,SFN,COL,4,5.0,22,82,5,2,0,1,1.03,SFN202108130
Anthony DeSclafani,desca001,2021-08-18,2021,SFN,NYN,1,1.3,7,29,1,1,0,1,1.03,SFN202108180
Anthony DeSclafani,desca001,2021-08-29,2021,SFN,ATL,4,3.0,15,64,6,0,2,0,1.02,ATL202108290
Anthony DeSclafani,desca001,2021-09-03,2021,SFN,LAN,5,6.0,22,84,2,3,0,1,1.03,SFN202109030
Anthony DeSclafani,desca001,2021-09-08,2021,SFN,COL,5,4.3,20,79,7,1,0,0,0.92,COL202109080
Anthony DeSclafani,desca001,2021-09-14,2021,SFN,SDN,3,6.7,25,88,3,1,0,1,1.03,SFN202109140
Anthony DeSclafani,desca001,2021-09-19,2021,SFN,ATL,6,6.0,23,84,6,0,1,1,1.03,SFN202109190
Anthony DeSclafani,desca001,2021-09-25,2021,SFN,COL,3,4.0,18,77,5,1,0,0,0.92,COL202109250
Anthony DeSclafani,desca001,2021-10-01,2021,SFN,SDN,3,5.0,18,71,4,0,0,1,1.03,SFN202110010
Reid Detmers,detmr001,2021-08-01,2021,ANA,OAK,2,4.3,22,82,6,2,2,1,0.99,ANA202108010
Reid Detmers,detmr001,2021-08-08,2021,ANA,LAN,5,5.0,26,97,7,2,1,0,1.03,LAN202108080
Reid Detmers,detmr001,2021-08-15,2021,ANA,HOU,6,6.0,23,87,3,2,1,1,0.99,ANA202108150
Reid Detmers,detmr001,2021-08-21,2021,ANA,CLE,4,3.7,20,70,7,3,1,0,1.04,CLE202108210
Reid Detmers,detmr001,2021-10-03,2021,ANA,SEA,2,1.7,10,43,3,2,0,0,1.04,SEA202110030
Ross Detwiler,detwr001,2021-04-25,2021,MIA,SFN,1,1.0,4,16,0,1,0,0,1.03,SFN202104250
Ross Detwiler,detwr001,2021-05-05,2021,MIA,ARI,3,2.0,6,23,0,0,0,1,0.98,MIA202105050
Ross Detwiler,detwr001,2021-07-07,2021,MIA,LAN,3,2.7,15,64,6,1,3,1,0.98,MIA202107070
Ross Detwiler,detwr001,2021-07-16,2021,MIA,PHI,2,1.0,5,18,1,1,0,0,1.01,PHI202107162
Ross Detwiler,detwr001,2021-07-19,2021,MIA,WAS,0,1.0,11,38,7,0,4,0,1.01,WAS202107190
Jhonathan Díaz,diazj007,2021-09-17,2021,ANA,OAK,2,1.7,12,50,2,4,0,1,0.99,ANA202109170
Jhonathan Díaz,diazj007,2021-10-02,2021,ANA,SEA,3,4.3,22,89,6,2,1,0,1.04,SEA202110020
Miguel Díaz,diazm004,2021-05-03,2021,SDN,PIT,3,3.0,12,50,1,2,0,1,1.08,SDN202105030
Miguel Díaz,diazm004,2021-06-19,2021,SDN,CIN,2,2.0,10,42,3,1,0,1,1.08,SDN202106190
Randy Dobnak,dobnr001,2021-05-21,2021,MIN,CLE,5,6.0,24,93,3,2,0,0,1.04,CLE202105210
Randy Dobnak,dobnr001,2021-05-28,2021,MIN,KCA,3,6.0,27,89,9,1,0,1,1.0,MIN202105280
Randy Dobnak,dobnr001,2021-06-02,2021,MIN,BAL,3,5.7,27,77,8,2,1,0,1.0,BAL202106020
Randy Dobnak,dobnr001,2021-06-09,2021,MIN,NYA,0,4.7,26,87,11,3,4,1,1.0,MIN202106090
Randy Dobnak,dobnr001,2021-06-19,2021,MIN,TEX,1,5.0,19,73,4,1,1,0,0.99,TEX202106190
Randy Dobnak,dobnr001,2021-09-03,2021,MIN,TBA,2,7.0,28,88,6,0,0,0,1.05,TBA202109030
Danny Duffy,duffd001,2021-04-05,2021,KCA,CLE,5,6.0,22,97,2,3,0,0,1.04,CLE202104050
Danny Duffy,duffd001,2021-04-13,2021,KCA,ANA,6,6.0,27,100,8,1,1,1,0.96,KCA202104130
Danny Duffy,duffd001,2021-04-19,2021,KCA,TBA,8,6.0,24,96,4,2,0,1,0.96,KCA202104190
Danny Duffy,duffd001,2021-04-25,2021,KCA,DET,8,5.0,18,83,4,0,0,0,1.0,DET202104250
Danny Duffy,duffd001,2021-05-01,2021,KCA,MIN,7,7.0,27,107,2,3,1,0,1.0,MIN202105010
Danny Duffy,duffd001,2021-05-06,2021,KCA,CLE,6,5.7,25,107,8,1,0,1,0.96,KCA202105060
Danny Duffy,duffd001,2021-05-12,2021,KCA,DET,8,6.0,27,100,7,2,0,0,1.0,DET202105120
Danny Duffy,duffd001,2021-06-23,2021,KCA,NYA,4,2.0,9,42,0,3,0,0,0.99,NYA202106230
Danny Duffy,duffd001,2021-06-28,2021,KCA,BOS,2,3.3,15,62,5,1,3,0,0.98,BOS202106280
Danny Duffy,duffd001,2021-07-03,2021,KCA,MIN,2,4.0,20,64,6,2,0,1,0.96,KCA202107030
Danny Duffy,duffd001,2021-07-08,2021,KCA,CLE,5,5.0,21,77,4,3,1,0,1.04,CLE202107080
Danny Duffy,duffd001,2021-07-16,2021,KCA,BAL,3,4.0,14,54,2,1,0,1,0.96,KCA202107160
Robert Dugger,duggr001,2021-05-16,2021,SEA,CLE,4,3.0,10,49,0,1,0,1,1.04,SEA202105160
Robert Dugger,duggr001,2021-05-26,2021,SEA,OAK,1,3.3,18,59,5,3,1,0,1.0,OAK202105260
Robert Dugger,duggr001,2021-06-04,2021,SEA,ANA,0,2.3,10,38,3,2,1,0,0.99,ANA202106040
Robert Dugger,duggr001,2021-06-27,2021,SEA,CHA,2,2.7,15,52,5,2,0,0,0.99,CHA202106270
Dane Dunning,dunnd001,2021-04-06,2021,TEX,TOR,6,5.0,18,70,3,0,1,1,0.99,TEX202104060
Dane Dunning,dunnd001,2021-04-12,2021,TEX,TBA,5,4.0,16,68,2,2,0,0,1.05,TBA202104120
Dane Dunning,dunnd001,2021-04-17,2021,TEX,BAL,5,6.0,24,75,5,0,0,1,0.99,TEX202104170
Dane Dunning,dunnd001,2021-04-23,2021,TEX,CHA,2,2.7,17,62,8,2,0,0,0.99,CHA202104230
Dane Dunning,dunnd001,2021-04-28,2021,TEX,ANA,6,5.0,21,70,6,1,0,1,0.99,TEX202104280
Dane Dunning,dunnd001,2021-05-03,2021,TEX,MIN,5,5.7,22,76,3,2,0,0,1.0,MIN202105030
Dane Dunning,dunnd001,2021-05-09,2021,TEX,SEA,10,5.0,24,89,6,3,0,1,0.99,TEX202105090
Dane Dunning,dunnd001,2021-05-15,2021,TEX,HOU,3,4.0,21,76,7,3,1,0,1.02,HOU202105150
Dane Dunning,dunnd001,2021-05-20,2021,TEX,NYA,6,6.0,21,79,4,1,0,1,0.99,TEX202105200
Dane Dunning,dunnd001,2021-05-26,2021,TEX,ANA,4,4.0,21,68,7,3,2,0,0.99,ANA202105260
Dane Dunning,dunnd001,2021-06-01,2021,TEX,COL,3,4.7,20,78,6,0,0,0,0.92,COL202106010
Dane Dunning,dunnd001,2021-06-06,2021,TEX,TBA,6,5.0,19,80,3,2,0,1,0.99,TEX202106060
Dane Dunning,dunnd001,2021-06-13,2021,TEX,LAN,5,4.0,20,82,7,2,1,0,1.03,LAN202106130
Dane Dunning,dunnd001,2021-06-20,2021,TEX,MIN,5,4.0,22,78,10,2,1,1,0.99,TEX202106200
Dane Dunning,dunnd001,2021-06-25,2021,TEX,KCA,4,5.0,21,85,5,2,0,1,0.99,TEX202106250
Dane Dunning,dunnd001,2021-07-01,2021,TEX,OAK,4,4.0,18,68,3,2,0,0,1.0,OAK202107010
Dane Dunning,dunnd001,2021-07-06,2021,TEX,DET,6,5.0,17,64,1,1,1,1,0.99,TEX202107060
Dane Dunning,dunnd001,2021-07-20,2021,TEX,DET,2,4.7,19,72,4,1,2,0,1.0,DET202107200
Dane Dunning,dunnd001,2021-07-27,2021,TEX,ARI,3,6.3,23,78,6,2,0,1,0.99,TEX202107270
Dane Dunning,dunnd001,2021-08-02,2021,TEX,ANA,3,5.0,20,79,3,2,0,1,0.99,TEX202108020
Dane Dunning,dunnd001,2021-08-13,2021,TEX,OAK,4,4.7,20,74,4,2,0,1,0.99,TEX202108130
Dane Dunning,dunnd001,2021-08-20,2021,TEX,BOS,1,4.7,24,78,9,1,1,0,0.98,BOS202108200
Dane Dunning,dunnd001,2021-09-21,2021,TEX,NYA,3,2.7,13,57,3,1,1,0,0.99,NYA202109210
Dane Dunning,dunnd001,2021-09-26,2021,TEX,BAL,5,4.7,19,71,1,5,1,0,1.0,BAL202109260
Dane Dunning,dunnd001,2021-10-03,2021,TEX,CLE,3,3.0,17,72,5,1,0,1,0.99,TEX202110030
Justin Dunn,dunnj002,2021-04-07,2021,SEA,CHA,3,4.7,22,93,1,8,0,1,1.04,SEA202104070
Justin Dunn,dunnj002,2021-04-15,2021,SEA,BAL,6,5.0,20,68,2,2,1,0,1.0,BAL202104152
Justin Dunn,dunnj002,2021-04-22,2021,SEA,BOS,5,5.0,23,100,6,1,1,0,0.98,BOS202104220
Justin Dunn,dunnj002,2021-04-28,2021,SEA,HOU,2,5.7,23,84,4,2,0,0,1.02,HOU202104280
Justin Dunn,dunnj002,2021-05-04,2021,SEA,BAL,6,5.3,23,88,3,4,1,1,1.04,SEA202105040
Justin Dunn,dunnj002,2021-05-12,2021,SEA,LAN,2,3.3,16,72,3,3,0,0,1.03,LAN202105120
Justin Dunn,dunnj002,2021-05-18,2021,SEA,DET,9,5.7,24,94,5,2,1,1,1.04,SEA202105180
Justin Dunn,dunnj002,2021-05-23,2021,SEA,SDN,4,5.0,19,71,1,3,1,0,1.08,SDN202105230
Justin Dunn,dunnj002,2021-05-29,2021,SEA,TEX,8,5.7,22,98,2,2,0,1,1.04,SEA202105290
Justin Dunn,dunnj002,2021-06-11,2021,SEA,CLE,3,3.0,19,72,9,2,1,0,1.04,CLE202106110
Justin Dunn,dunnj002,2021-06-17,2021,SEA,TBA,1,2.0,7,30,1,0,0,1,1.04,SEA202106170
Jon Duplantier,duplj001,2021-05-27,2021,ARI,SLN,5,4.7,25,86,7,2,1,1,1.03,ARI202105270
Jon Duplantier,duplj001,2021-06-03,2021,ARI,MIL,3,4.0,19,75,4,3,3,0,1.05,MIL202106030
Jon Duplantier,duplj001,2021-06-08,2021,ARI,OAK,4,3.0,14,65,2,3,0,0,1.0,OAK202106080
Jon Duplantier,duplj001,2021-06-13,2021,ARI,ANA,0,1.3,12,44,6,0,1,1,1.03,ARI202106130
Zach Eflin,efliz001,2021-04-04,2021,PHI,ATL,8,7.0,24,80,4,1,1,1,1.01,PHI202104040
Zach Eflin,efliz001,2021-04-10,2021,PHI,ATL,2,6.0,26,77,7,1,1,0,1.02,ATL202104100
Zach Eflin,efliz001,2021-04-16,2021,PHI,SLN,6,7.0,26,104,6,0,1,1,1.01,PHI202104160
Zach Eflin,efliz001,2021-04-21,2021,PHI,SFN,3,6.0,23,86,7,0,0,1,1.01,PHI202104210
Zach Eflin,efliz001,2021-04-27,2021,PHI,SLN,8,6.7,29,104,9,0,0,0,1.0,SLN202104270
Zach Eflin,efliz001,2021-05-02,2021,PHI,NYN,7,6.0,29,97,10,0,0,1,1.01,PHI202105020
Zach Eflin,efliz001,2021-05-07,2021,PHI,ATL,8,6.7,25,99,5,1,1,0,1.02,ATL202105070
Zach Eflin,efliz001,2021-05-13,2021,PHI,WAS,9,6.0,26,92,7,2,2,0,1.01,WAS202105130
Zach Eflin,efliz001,2021-05-19,2021,PHI,MIA,6,6.0,24,89,6,0,1,1,1.01,PHI202105190
Zach Eflin,efliz001,2021-05-24,2021,PHI,MIA,6,6.0,26,103,6,2,0,0,0.98,MIA202105240
Zach Eflin,efliz001,2021-05-30,2021,PHI,TBA,5,4.7,20,86,6,1,2,0,1.05,TBA202105300
Zach Eflin,efliz001,2021-06-09,2021,PHI,ATL,7,6.0,26,94,8,2,0,1,1.01,PHI202106090
Zach Eflin,efliz001,2021-06-15,2021,PHI,LAN,2,5.0,23,73,7,0,0,0,1.03,LAN202106150
Zach Eflin,efliz001,2021-06-20,2021,PHI,SFN,6,5.0,25,88,9,0,4,0,1.03,SFN202106200
Zach Eflin,efliz001,2021-06-26,2021,PHI,NYN,4,6.0,25,82,5,1,0,0,1.06,NYN202106260
Zach Eflin,efliz001,2021-07-03,2021,PHI,SDN,2,6.0,22,86,3,2,1,1,1.01,PHI202107030
Zach Eflin,efliz001,2021-07-08,2021,PHI,CHN,5,6.0,22,96,5,1,0,0,0.97,CHN202107080
Zach Eflin,efliz001,2021-07-16,2021,PHI,MIA,5,3.7,21,79,6,2,1,1,1.01,PHI202107162
Jerad Eickhoff,eickj001,2021-06-21,2021,NYN,ATL,3,4.0,18,77,3,3,0,1,1.06,NYN202106212
Jerad Eickhoff,eickj001,2021-06-28,2021,NYN,WAS,3,6.0,27,74,8,1,4,0,1.01,WAS202106280
Jerad Eickhoff,eickj001,2021-07-19,2021,NYN,CIN,3,3.7,23,76,6,1,0,0,1.0,CIN202107190
Jerad Eickhoff,eickj001,2021-07-27,2021,NYN,ATL,4,3.3,23,80,7,5,3,1,1.06,NYN202107270
Chris Ellis,ellic001,2021-08-25,2021,BAL,ANA,3,3.0,13,38,5,0,1,1,1.0,BAL202108250
Chris Ellis,ellic001,2021-08-30,2021,BAL,TOR,2,4.7,18,69,2,1,1,0,1.0,TOR202108300
Chris Ellis,ellic001,2021-09-04,2021,BAL,NYA,2,5.0,19,92,1,3,0,0,0.99,NYA202109040
Chris Ellis,ellic001,2021-09-10,2021,BAL,TOR,4,5.0,24,91,5,4,0,1,1.0,BAL202109100
Chris Ellis,ellic001,2021-09-16,2021,BAL,NYA,3,4.7,21,84,3,4,1,1,1.0,BAL202109160
Chris Ellis,ellic001,2021-09-25,2021,BAL,TEX,2,3.0,10,46,2,1,0,1,1.0,BAL202109250
Nathan Eovaldi,eovan001,2021-04-02,2021,BOS,BAL,4,5.3,19,89,4,1,0,1,0.98,BOS202104020
Nathan Eovaldi,eovan001,2021-04-07,2021,BOS,TBA,7,7.0,26,91,3,3,0,1,0.98,BOS202104070
Nathan Eovaldi,eovan001,2021-04-14,2021,BOS,MIN,3,5.0,21,82,5,0,0,0,1.0,MIN202104141
Nathan Eovaldi,eovan001,2021-04-19,2021,BOS,CHA,10,6.3,28,100,9,0,0,1,0.98,BOS202104190
Nathan Eovaldi,eovan001,2021-04-24,2021,BOS,SEA,3,5.0,25,87,8,1,0,1,0.98,BOS202104240
Nathan Eovaldi,eovan001,2021-04-30,2021,BOS,TEX,5,6.0,24,91,4,2,0,0,0.99,TEX202104300
Nathan Eovaldi,eovan001,2021-05-06,2021,BOS,DET,5,4.3,22,79,7,1,0,1,0.98,BOS202105060
Nathan Eovaldi,eovan001,2021-05-11,2021,BOS,OAK,4,6.0,21,102,2,2,0,1,0.98,BOS202105110
Nathan Eovaldi,eovan001,2021-05-16,2021,BOS,ANA,6,5.0,23,87,6,1,0,1,0.98,BOS202105160
Nathan Eovaldi,eovan001,2021-05-22,2021,BOS,PHI,4,5.3,23,85,5,2,1,0,1.01,PHI202105220
Nathan Eovaldi,eovan001,2021-05-29,2021,BOS,MIA,7,5.3,22,101,4,1,0,1,0.98,BOS202105290
Nathan Eovaldi,eovan001,2021-06-04,2021,BOS,NYA,7,6.0,25,87,8,0,1,0,0.99,NYA202106040
Nathan Eovaldi,eovan001,2021-06-09,2021,BOS,HOU,5,5.7,30,107,11,3,1,1,0.98,BOS202106090
Nathan Eovaldi,eovan001,2021-06-14,2021,BOS,TOR,4,6.7,23,81,3,1,0,1,0.98,BOS202106140
Nathan Eovaldi,eovan001,2021-06-20,2021,BOS,KCA,4,4.0,21,87,7,1,0,0,0.96,KCA202106200
Nathan Eovaldi,eovan001,2021-06-26,2021,BOS,NYA,6,7.7,28,109,7,0,1,1,0.98,BOS202106260
Nathan Eovaldi,eovan001,2021-07-01,2021,BOS,KCA,6,7.0,26,84,5,0,0,1,0.98,BOS202107010
Nathan Eovaldi,eovan001,2021-07-06,2021,BOS,ANA,9,5.7,27,104,9,1,1,0,0.99,ANA202107060
Nathan Eovaldi,eovan001,2021-07-17,2021,BOS,NYA,7,5.0,20,94,2,1,0,0,0.99,NYA202107170
Nathan Eovaldi,eovan001,2021-07-24,2021,BOS,NYA,8,7.7,29,100,7,0,0,1,0.98,BOS202107240
Nathan Eovaldi,eovan001,2021-07-31,2021,BOS,TBA,6,5.3,25,105,6,1,2,0,1.05,TBA202107310
Nathan Eovaldi,eovan001,2021-08-06,2021,BOS,TOR,4,4.7,24,86,8,2,1,0,1.0,TOR202108060
Nathan Eovaldi,eovan001,2021-08-11,2021,BOS,TBA,10,7.0,25,97,3,1,1,1,0.98,BOS202108110
Nathan Eovaldi,eovan001,2021-08-17,2021,BOS,NYA,6,5.0,23,83,7,1,2,0,0.99,NYA202108172
Nathan Eovaldi,eovan001,2021-08-23,2021,BOS,TEX,7,7.0,25,94,4,0,0,1,0.98,BOS202108230
Nathan Eovaldi,eovan001,2021-08-28,2021,BOS,CLE,7,5.3,22,97,6,0,1,0,1.04,CLE202108280
Nathan Eovaldi,eovan001,2021-09-03,2021,BOS,CLE,9,6.3,27,98,6,2,2,1,0.98,BOS202109030
Nathan Eovaldi,eovan001,2021-09-08,2021,BOS,TBA,8,7.0,25,98,3,2,0,1,0.98,BOS202109080
Nathan Eovaldi,eovan001,2021-09-14,2021,BOS,SEA,9,5.0,22,95,5,1,0,0,1.04,SEA202109140
Nathan Eovaldi,eovan001,2021-09-19,2021,BOS,BAL,8,5.0,23,78,7,1,0,1,0.98,BOS202109190
Nathan Eovaldi,eovan001,2021-09-24,2021,BOS,NYA,0,2.7,17,59,7,2,1,1,0.98,BOS202109240
Nathan Eovaldi,eovan001,2021-09-29,2021,BOS,BAL,7,6.0,23,90,4,1,0,0,1.0,BAL202109290
Thomas Eshelman,eshet001,2021-06-18,2021,BAL,TOR,3,4.7,18,57,3,1,1,1,1.0,BAL202106180
Thomas Eshelman,eshet001,2021-06-23,2021,BAL,HOU,1,4.0,21,78,8,1,1,1,1.0,BAL202106230
Thomas Eshelman,eshet001,2021-06-28,2021,BAL,HOU,0,3.7,18,75,5,3,0,0,1.02,HOU202106280
Thomas Eshelman,eshet001,2021-07-04,2021,BAL,ANA,1,4.0,19,54,7,0,2,0,0.99,ANA202107040
Thomas Eshelman,eshet001,2021-07-10,2021,BAL,CHA,1,2.0,12,52,4,3,1,1,1.0,BAL202107100
Thomas Eshelman,eshet001,2021-10-01,2021,BAL,TOR,0,2.7,11,32,3,0,1,0,1.0,TOR202110010
Paolo Espino,espip001,2021-04-18,2021,WAS,ARI,3,4.3,18,75,5,1,2,1,1.01,WAS202104180
Paolo Espino,espip001,2021-06-16,2021,WAS,PIT,2,5.0,18,53,3,0,0,1,1.01,WAS202106160
Paolo Espino,espip001,2021-06-28,2021,WAS,NYN,3,5.0,19,67,5,0,0,1,1.01,WAS202106280
Paolo Espino,espip001,2021-07-03,2021,WAS,LAN,2,4.3,19,70,3,3,0,1,1.01,WAS202107030
Paolo Espino,espip001,2021-07-09,2021,WAS,SFN,1,3.7,18,73,6,1,1,0,1.03,SFN202107090
Paolo Espino,espip001,2021-07-20,2021,WAS,MIA,3,5.0,19,73,4,0,0,1,1.01,WAS202107200
Paolo Espino,espip001,2021-07-25,2021,WAS,BAL,6,5.0,19,79,5,1,3,0,1.0,BAL202107250
Paolo Espino,espip001,2021-07-30,2021,WAS,CHN,6,5.3,21,76,4,1,0,1,1.01,WAS202107300
Paolo Espino,espip001,2021-08-04,2021,WAS,PHI,3,5.0,25,90,8,1,1,1,1.01,WAS202108040
Paolo Espino,espip001,2021-08-10,2021,WAS,NYN,0,1.0,4,14,2,0,0,0,1.06,NYN202108100
Paolo Espino,espip001,2021-08-15,2021,WAS,ATL,3,4.0,22,77,8,2,3,1,1.01,WAS202108150
Paolo Espino,espip001,2021-08-21,2021,WAS,MIL,6,4.3,19,79,5,1,1,0,1.05,MIL202108210
Paolo Espino,espip001,2021-08-27,2021,WAS,NYN,7,5.0,18,68,3,0,1,0,1.06,NYN202108270
Paolo Espino,espip001,2021-09-02,2021,WAS,PHI,5,5.3,21,89,4,1,0,1,1.01,WAS202109020
Paolo Espino,espip001,2021-09-07,2021,WAS,ATL,7,5.0,23,92,7,2,1,0,1.02,ATL202109070
Paolo Espino,espip001,2021-09-13,2021,WAS,MIA,6,6.0,25,91,6,3,0,1,1.01,WAS202109130
Paolo Espino,espip001,2021-09-19,2021,WAS,COL,7,5.7,22,91,3,3,0,1,1.01,WAS202109190
Paolo Espino,espip001,2021-09-24,2021,WAS,CIN,2,5.0,19,86,5,0,2,0,1.0,CIN202109240
Paolo Espino,espip001,2021-09-29,2021,WAS,COL,0,2.0,11,34,4,1,1,0,0.92,COL202109290
Bailey Falter,faltb001,2021-10-03,2021,PHI,MIA,0,2.0,10,30,4,1,0,0,0.98,MIA202110030
Jake Faria,farij001,2021-06-28,2021,ARI,SLN,3,4.0,17,67,3,0,0,0,1.0,SLN202106280
Jake Faria,farij001,2021-07-03,2021,ARI,SFN,3,4.0,21,74,7,2,1,1,1.03,ARI202107030
Jake Faria,farij001,2021-07-08,2021,ARI,COL,4,5.0,22,86,5,2,0,1,1.03,ARI202107080
Luke Farrell,farrl001,2021-09-19,2021,MIN,TOR,1,1.0,10,34,7,0,1,0,1.0,TOR202109190
Erick Fedde,fedde001,2021-04-07,2021,WAS,ATL,1,1.7,14,45,6,3,0,1,1.01,WAS202104071
Erick Fedde,fedde001,2021-04-12,2021,WAS,SLN,5,4.7,18,77,2,2,0,0,1.0,SLN202104120
Erick Fedde,fedde001,2021-04-17,2021,WAS,ARI,9,5.0,21,95,4,1,1,1,1.01,WAS202104170
Erick Fedde,fedde001,2021-04-23,2021,WAS,NYN,3,5.0,21,82,4,2,0,0,1.06,NYN202104230
Erick Fedde,fedde001,2021-04-28,2021,WAS,TOR,7,6.0,23,98,2,3,1,0,1.0,TOR202104280
Erick Fedde,fedde001,2021-05-05,2021,WAS,ATL,3,5.0,22,76,5,2,2,1,1.01,WAS202105050
Erick Fedde,fedde001,2021-05-11,2021,WAS,PHI,4,5.0,23,87,5,3,1,1,1.01,WAS202105110
Erick Fedde,fedde001,2021-05-16,2021,WAS,ARI,4,7.0,25,97,3,2,0,0,1.03,ARI202105160
Erick Fedde,fedde001,2021-06-12,2021,WAS,SFN,7,5.0,18,82,4,0,0,1,1.01,WAS202106121
Erick Fedde,fedde001,2021-06-18,2021,WAS,NYN,6,7.0,25,100,2,4,0,1,1.01,WAS202106180
Erick Fedde,fedde001,2021-06-23,2021,WAS,PHI,1,4.0,21,74,6,3,2,0,1.01,PHI202106230
Erick Fedde,fedde001,2021-07-06,2021,WAS,SDN,2,4.3,22,93,8,1,1,0,1.08,SDN202107060
Erick Fedde,fedde001,2021-07-11,2021,WAS,SFN,7,5.0,25,95,8,3,1,0,1.03,SFN202107110
Erick Fedde,fedde001,2021-07-16,2021,WAS,SDN,1,1.3,11,57,3,4,0,1,1.01,WAS202107160
Erick Fedde,fedde001,2021-07-21,2021,WAS,MIA,4,6.0,23,84,4,1,0,1,1.01,WAS202107210
Erick Fedde,fedde001,2021-07-27,2021,WAS,PHI,4,4.7,23,86,8,1,2,0,1.01,PHI202107270
Erick Fedde,fedde001,2021-08-01,2021,WAS,CHN,8,6.0,22,108,4,1,2,1,1.01,WAS202108010
Erick Fedde,fedde001,2021-08-06,2021,WAS,ATL,3,4.7,24,93,8,1,0,0,1.02,ATL202108060
Erick Fedde,fedde001,2021-08-12,2021,WAS,NYN,4,4.0,19,68,6,1,0,0,1.06,NYN202108122
Erick Fedde,fedde001,2021-08-17,2021,WAS,TOR,4,5.0,23,94,5,3,1,1,1.01,WAS202108170
Erick Fedde,fedde001,2021-08-24,2021,WAS,MIA,10,6.3,25,103,6,1,0,0,0.98,MIA202108240
Erick Fedde,fedde001,2021-08-29,2021,WAS,NYN,6,5.3,27,99,8,1,1,0,1.06,NYN202108290
Erick Fedde,fedde001,2021-09-04,2021,WAS,NYN,2,3.0,20,80,9,1,1,1,1.01,WAS202109041
Erick Fedde,fedde001,2021-09-09,2021,WAS,ATL,7,6.0,23,108,5,0,3,0,1.02,ATL202109090
Erick Fedde,fedde001,2021-09-14,2021,WAS,MIA,8,5.0,19,95,3,0,1,1,1.01,WAS202109140
Erick Fedde,fedde001,2021-09-20,2021,WAS,MIA,5,5.0,20,96,4,0,3,0,0.98,MIA202109200
Erick Fedde,fedde001,2021-09-25,2021,WAS,CIN,1,4.7,22,96,7,3,0,0,1.0,CIN202109250
Ryan Feltner,feltr001,2021-09-05,2021,COL,ATL,0,2.7,15,61,5,2,3,1,0.92,COL202109050
Ryan Feltner,feltr001,2021-09-12,2021,COL,PHI,6,3.7,18,81,4,3,0,0,1.01,PHI202109120
Mike Fiers,fierm001,2021-04-30,2021,OAK,BAL,3,6.0,25,83,6,2,2,1,1.0,OAK202104300
Mike Fiers,fierm001,2021-05-06,2021,OAK,TOR,2,3.3,20,69,9,2,2,1,1.0,OAK202105060
Jack Flaherty,flahj002,2021-04-01,2021,SLN,CIN,4,4.3,22,94,6,2,2,0,1.0,CIN202104010
Jack Flaherty,flahj002,2021-04-07,2021,SLN,MIA,6,6.0,22,101,1,4,0,0,0.98,MIA202104070
Jack Flaherty,flahj002,2021-04-13,2021,SLN,WAS,6,5.0,19,96,3,0,0,1,1.0,SLN202104130
Jack Flaherty,flahj002,2021-04-19,2021,SLN,WAS,5,6.0,27,107,6,2,0,0,1.01,WAS202104190
Jack Flaherty,flahj002,2021-04-25,2021,SLN,CIN,6,7.0,23,95,3,0,1,1,1.0,SLN202104250
Jack Flaherty,flahj002,2021-05-01,2021,SLN,PIT,9,6.0,26,104,6,2,0,0,1.0,PIT202105010
Jack Flaherty,flahj002,2021-05-07,2021,SLN,COL,6,7.0,24,103,3,1,0,1,1.0,SLN202105070
Jack Flaherty,flahj002,2021-05-13,2021,SLN,MIL,6,6.0,24,101,4,2,0,0,1.05,MIL202105130
Jack Flaherty,flahj002,2021-05-19,2021,SLN,PIT,7,6.0,26,105,4,4,1,1,1.0,SLN202105190
Jack Flaherty,flahj002,2021-05-25,2021,SLN,CHA,3,3.7,24,91,6,2,1,0,0.99,CHA202105250
Jack Flaherty,flahj002,2021-05-31,2021,SLN,LAN,9,5.0,18,83,2,1,2,0,1.03,LAN202105310
Jack Flaherty,flahj002,2021-08-13,2021,SLN,KCA,5,6.0,19,81,2,0,0,0,0.96,KCA202108130
Jack Flaherty,flahj002,2021-08-18,2021,SLN,MIL,8,6.0,23,88,4,1,2,1,1.0,SLN202108180
Jack Flaherty,flahj002,2021-08-24,2021,SLN,DET,1,2.0,13,46,4,3,2,1,1.0,SLN202108240
Jack Flaherty,flahj002,2021-09-24,2021,SLN,CHN,1,0.3,4,19,2,1,1,0,0.97,CHN202109242
Josh Fleming,flemj001,2021-04-14,2021,TBA,TEX,2,5.0,21,84,4,2,1,1,1.05,TBA202104140
Josh Fleming,flemj001,2021-04-19,2021,TBA,KCA,3,5.3,18,65,2,0,0,0,0.96,KCA202104190
Josh Fleming,flemj001,2021-05-01,2021,TBA,HOU,4,6.0,25,98,3,5,0,1,1.05,TBA202105010
Josh Fleming,flemj001,2021-05-16,2021,TBA,NYN,5,5.0,16,53,1,0,0,1,1.05,TBA202105160
Josh Fleming,flemj001,2021-06-04,2021,TBA,TEX,2,7.0,31,100,10,0,1,0,0.99,TEX202106040
Josh Fleming,flemj001,2021-06-19,2021,TBA,SEA,5,6.3,28,110,7,2,1,0,1.04,SEA202106190
Josh Fleming,flemj001,2021-07-17,2021,TBA,ATL,1,4.3,22,72,8,1,2,0,1.02,ATL202107170
Josh Fleming,flemj001,2021-07-23,2021,TBA,CLE,1,4.0,19,72,6,2,1,0,1.04,CLE202107230
Josh Fleming,flemj001,2021-07-30,2021,TBA,BOS,7,5.0,24,99,8,2,0,1,1.05,TBA202107300
Josh Fleming,flemj001,2021-08-04,2021,TBA,SEA,6,5.0,20,75,5,0,0,1,1.05,TBA202108040
Josh Fleming,flemj001,2021-08-11,2021,TBA,BOS,3,3.3,26,81,11,6,0,0,0.98,BOS202108110
Chris Flexen,flexc001,2021-04-03,2021,SEA,SFN,6,5.0,20,94,4,2,0,1,1.04,SEA202104030
Chris Flexen,flexc001,2021-04-11,2021,SEA,MIN,5,5.0,26,84,8,2,1,0,1.0,MIN202104110
Chris Flexen,flexc001,2021-04-17,2021,SEA,HOU,3,6.0,26,86,10,0,0,1,1.04,SEA202104170
Chris Flexen,flexc001,2021-04-24,2021,SEA,BOS,7,7.0,25,88,4,1,0,0,0.98,BOS202104240
Chris Flexen,flexc001,2021-04-30,2021,SEA,ANA,0,4.0,17,87,4,1,1,1,1.04,SEA202104300
Chris Flexen,flexc001,2021-05-07,2021,SEA,TEX,2,6.3,27,97,10,1,1,0,0.99,TEX202105070
Chris Flexen,flexc001,2021-05-14,2021,SEA,CLE,0,5.7,21,85,5,1,0,1,1.04,SEA202105140
Chris Flexen,flexc001,2021-05-21,2021,SEA,SDN,1,1.7,16,67,10,1,2,0,1.08,SDN202105210
Chris Flexen,flexc001,2021-05-27,2021,SEA,TEX,6,7.0,24,87,3,1,0,1,1.04,SEA202105270
Chris Flexen,flexc001,2021-06-02,2021,SEA,OAK,3,6.0,26,98,7,1,1,1,1.04,SEA202106020
Chris Flexen,flexc001,2021-06-09,2021,SEA,DET,3,6.0,23,83,6,1,1,0,1.0,DET202106090
Chris Flexen,flexc001,2021-06-15,2021,SEA,MIN,8,8.0,26,107,4,0,0,1,1.04,SEA202106150
Chris Flexen,flexc001,2021-06-22,2021,SEA,COL,6,6.7,24,100,4,2,1,1,1.04,SEA202106220
Chris Flexen,flexc001,2021-06-29,2021,SEA,TOR,2,5.0,25,89,7,3,0,0,1.0,TOR202106290
Chris Flexen,flexc001,2021-07-04,2021,SEA,TEX,5,6.0,22,81,4,0,0,1,1.04,SEA202107040
Chris Flexen,flexc001,2021-07-10,2021,SEA,ANA,6,7.0,25,95,3,2,0,1,1.04,SEA202107100
Chris Flexen,flexc001,2021-07-16,2021,SEA,ANA,2,7.0,27,79,6,1,1,0,0.99,ANA202107160
Chris Flexen,flexc001,2021-07-22,2021,SEA,OAK,1,5.3,24,97,6,2,0,1,1.04,SEA202107220
Chris Flexen,flexc001,2021-07-27,2021,SEA,HOU,3,4.0,21,75,9,0,1,1,1.04,SEA202107270
Chris Flexen,flexc001,2021-08-02,2021,SEA,TBA,6,6.7,28,113,7,2,1,0,1.05,TBA202108020
Chris Flexen,flexc001,2021-08-07,2021,SEA,NYA,7,5.0,24,98,8,1,2,0,0.99,NYA202108070
Chris Flexen,flexc001,2021-08-13,2021,SEA,TOR,3,6.0,24,73,6,1,0,1,1.04,SEA202108130
Chris Flexen,flexc001,2021-08-19,2021,SEA,TEX,5,7.0,26,105,4,1,1,0,0.99,TEX202108190
Chris Flexen,flexc001,2021-08-24,2021,SEA,OAK,5,6.7,28,105,6,1,0,0,1.0,OAK202108240
Chris Flexen,flexc001,2021-08-30,2021,SEA,HOU,4,5.7,27,102,8,2,0,1,1.04,SEA202108300
Chris Flexen,flexc001,2021-09-05,2021,SEA,ARI,4,6.0,24,89,4,2,1,0,1.03,ARI202109050
Chris Flexen,flexc001,2021-09-11,2021,SEA,ARI,4,5.0,22,79,6,2,1,1,1.04,SEA202109110
Chris Flexen,flexc001,2021-09-17,2021,SEA,KCA,3,5.7,23,90,6,2,0,0,0.96,KCA202109170
Chris Flexen,flexc001,2021-09-22,2021,SEA,OAK,8,7.0,25,100,3,2,1,0,1.0,OAK202109220
Chris Flexen,flexc001,2021-09-27,2021,SEA,OAK,6,5.0,23,95,7,1,1,1,1.04,SEA202109270
Chris Flexen,flexc001,2021-10-02,2021,SEA,ANA,1,5.3,22,83,6,1,1,1,1.04,SEA202110020
Mike Foltynewicz,foltm001,2021-04-05,2021,TEX,TOR,7,4.0,18,95,4,3,2,1,0.99,TEX202104050
Mike Foltynewicz,foltm001,2021-04-11,2021,TEX,SDN,3,7.0,26,91,2,3,1,1,0.99,TEX202104110
Mike Foltynewicz,foltm001,2021-04-16,2021,TEX,BAL,6,5.0,23,82,7,1,2,1,0.99,TEX202104160
Mike Foltynewicz,foltm001,2021-04-21,2021,TEX,ANA,6,6.0,24,89,7,0,3,0,0.99,ANA202104210
Mike Foltynewicz,foltm001,2021-04-27,2021,TEX,ANA,4,5.3,24,95,8,0,0,1,0.99,TEX202104270
Mike Foltynewicz,foltm001,2021-05-02,2021,TEX,BOS,5,6.0,24,86,7,1,1,1,0.99,TEX202105020
Mike Foltynewicz,foltm001,2021-05-07,2021,TEX,SEA,5,6.7,26,100,6,1,2,1,0.99,TEX202105070
Mike Foltynewicz,foltm001,2021-05-13,2021,TEX,HOU,3,5.0,25,95,8,3,0,0,1.02,HOU202105130
Mike Foltynewicz,foltm001,2021-05-18,2021,TEX,NYA,1,3.7,18,76,7,1,0,1,0.99,TEX202105180
Mike Foltynewicz,foltm001,2021-05-23,2021,TEX,HOU,2,7.0,26,107,3,2,0,1,0.99,TEX202105230
Mike Foltynewicz,foltm001,2021-05-29,2021,TEX,SEA,2,7.0,27,98,6,1,1,0,1.04,SEA202105290
Mike Foltynewicz,foltm001,2021-06-03,2021,TEX,COL,2,3.7,20,77,8,0,1,0,0.92,COL202106030
Mike Foltynewicz,foltm001,2021-06-11,2021,TEX,LAN,1,2.7,18,55,8,1,3,0,1.03,LAN202106110
Mike Foltynewicz,foltm001,2021-06-18,2021,TEX,MIN,4,5.0,22,95,6,2,1,1,0.99,TEX202106180
Mike Foltynewicz,foltm001,2021-06-23,2021,TEX,OAK,5,6.0,25,88,6,0,1,1,0.99,TEX202106230
Mike Foltynewicz,foltm001,2021-06-29,2021,TEX,OAK,6,7.0,26,95,4,1,1,0,1.0,OAK202106290
Mike Foltynewicz,foltm001,2021-07-04,2021,TEX,SEA,5,7.0,27,94,4,1,2,0,1.04,SEA202107040
Mike Foltynewicz,foltm001,2021-07-10,2021,TEX,OAK,6,6.3,24,91,5,0,3,1,0.99,TEX202107100
Mike Foltynewicz,foltm001,2021-07-18,2021,TEX,TOR,0,1.7,15,42,8,2,4,0,1.0,TOR202107182
Mike Foltynewicz,foltm001,2021-07-22,2021,TEX,DET,4,4.0,20,71,5,2,3,0,1.0,DET202107220
Mike Foltynewicz,foltm001,2021-08-01,2021,TEX,SEA,1,5.0,20,93,3,3,0,1,0.99,TEX202108010
Mike Foltynewicz,foltm001,2021-08-06,2021,TEX,OAK,2,6.0,23,93,2,3,0,0,1.0,OAK202108060
Mike Foltynewicz,foltm001,2021-08-12,2021,TEX,SEA,6,7.0,27,98,6,0,2,0,1.04,SEA202108120
Mike Foltynewicz,foltm001,2021-08-18,2021,TEX,SEA,5,6.0,22,91,3,2,1,1,0.99,TEX202108180
Seth Frankoff,frans001,2021-05-15,2021,ARI,WAS,4,4.7,21,90,3,4,0,1,1.03,ARI202105150
Seth Frankoff,frans001,2021-05-21,2021,ARI,COL,2,4.0,20,68,7,1,2,0,0.92,COL202105210
Seth Frankoff,frans001,2021-05-29,2021,ARI,SLN,5,5.0,27,85,7,4,1,1,1.03,ARI202105290
Kyle Freeland,freek001,2021-05-25,2021,COL,NYN,5,4.0,18,74,4,3,0,0,1.06,NYN202105250
Kyle Freeland,freek001,2021-05-30,2021,COL,PIT,1,4.0,20,84,5,4,0,0,1.0,PIT202105300
Kyle Freeland,freek001,2021-06-05,2021,COL,OAK,1,5.0,25,80,10,1,2,1,0.92,COL202106050
Kyle Freeland,freek001,2021-06-11,2021,COL,CIN,2,4.0,22,69,8,1,5,0,1.0,CIN202106110
Kyle Freeland,freek001,2021-06-16,2021,COL,SDN,3,3.7,21,83,9,2,2,1,0.92,COL202106160
Kyle Freeland,freek001,2021-06-22,2021,COL,SEA,7,6.0,22,92,5,1,0,0,1.04,SEA202106220
Kyle Freeland,freek001,2021-06-28,2021,COL,PIT,7,5.0,20,79,3,1,0,1,0.92,COL202106280
Kyle Freeland,freek001,2021-07-03,2021,COL,SLN,3,6.0,23,98,3,3,0,1,0.92,COL202107030
Kyle Freeland,freek001,2021-07-09,2021,COL,SDN,3,5.0,22,64,6,2,0,0,1.08,SDN202107090
Kyle Freeland,freek001,2021-07-17,2021,COL,LAN,4,6.0,24,76,6,0,1,1,0.92,COL202107170
Kyle Freeland,freek001,2021-07-24,2021,COL,LAN,6,7.0,25,89,5,0,1,0,1.03,LAN202107240
Kyle Freeland,freek001,2021-07-29,2021,COL,SDN,4,6.0,24,91,8,1,0,0,1.08,SDN202107290
Kyle Freeland,freek001,2021-08-03,2021,COL,CHN,5,5.0,18,65,4,0,1,1,0.92,COL202108030
Kyle Freeland,freek001,2021-08-08,2021,COL,MIA,6,5.0,23,84,7,1,0,1,0.92,COL202108080
Kyle Freeland,freek001,2021-08-14,2021,COL,SFN,6,6.0,23,106,5,2,0,0,1.03,SFN202108140
Kyle Freeland,freek001,2021-08-21,2021,COL,ARI,10,7.0,28,90,6,1,1,1,0.92,COL202108210
Kyle Freeland,freek001,2021-08-27,2021,COL,LAN,7,6.0,22,94,4,0,2,0,1.03,LAN202108270
Kyle Freeland,freek001,2021-09-01,2021,COL,TEX,1,1.0,5,21,0,2,0,0,0.99,TEX202109010
Kyle Freeland,freek001,2021-09-06,2021,COL,SFN,6,4.3,25,92,9,3,4,1,0.92,COL202109060
Kyle Freeland,freek001,2021-09-11,2021,COL,PHI,3,6.0,27,86,5,4,1,0,1.01,PHI202109110
Kyle Freeland,freek001,2021-09-18,2021,COL,WAS,7,6.0,24,80,7,1,0,0,1.01,WAS202109180
Kyle Freeland,freek001,2021-09-23,2021,COL,LAN,5,6.0,26,97,8,1,0,1,0.92,COL202109230
Kyle Freeland,freek001,2021-09-28,2021,COL,WAS,3,6.7,28,91,6,4,0,1,0.92,COL202109280
Max Fried,friem001,2021-04-01,2021,ATL,PHI,8,5.0,24,94,6,2,0,0,1.01,PHI202104010
Max Fried,friem001,2021-04-07,2021,ATL,WAS,3,2.0,15,49,8,1,1,0,1.01,WAS202104071
Max Fried,friem001,2021-04-13,2021,ATL,MIA,3,4.0,25,86,9,2,2,1,1.02,ATL202104130
Max Fried,friem001,2021-05-05,2021,ATL,WAS,6,5.0,19,72,4,1,1,0,1.01,WAS202105050
Max Fried,friem001,2021-05-12,2021,ATL,TOR,4,6.0,21,89,2,3,0,1,1.02,ATL202105120
Max Fried,friem001,2021-05-17,2021,ATL,NYN,8,6.0,25,95,5,2,0,1,1.02,ATL202105170
Max Fried,friem001,2021-05-23,2021,ATL,PIT,2,7.0,27,87,4,3,0,1,1.02,ATL202105230
Max Fried,friem001,2021-06-01,2021,ATL,WAS,7,3.7,21,92,6,2,0,1,1.02,ATL202106010
Max Fried,friem001,2021-06-06,2021,ATL,LAN,4,6.0,24,92,6,0,0,1,1.02,ATL202106060
Max Fried,friem001,2021-06-12,2021,ATL,MIA,4,6.0,24,94,5,2,2,0,0.98,MIA202106120
Max Fried,friem001,2021-06-18,2021,ATL,SLN,6,7.0,23,98,2,2,0,1,1.02,ATL202106180
Max Fried,friem001,2021-06-30,2021,ATL,NYN,7,5.0,19,74,3,2,1,1,1.02,ATL202106300
Max Fried,friem001,2021-07-05,2021,ATL,PIT,5,5.0,24,91,7,2,1,0,1.0,PIT202107050
Max Fried,friem001,2021-07-10,2021,ATL,MIA,5,5.0,25,92,9,1,1,0,0.98,MIA202107100
Max Fried,friem001,2021-07-17,2021,ATL,TBA,7,7.0,25,96,4,1,0,1,1.02,ATL202107170
Max Fried,friem001,2021-07-23,2021,ATL,PHI,6,5.0,24,100,6,4,1,0,1.01,PHI202107230
Max Fried,friem001,2021-07-28,2021,ATL,NYN,9,7.0,28,106,5,2,1,0,1.06,NYN202107280
Max Fried,friem001,2021-08-03,2021,ATL,SLN,7,6.0,22,98,4,1,0,0,1.0,SLN202108030
Max Fried,friem001,2021-08-08,2021,ATL,WAS,5,6.0,25,105,7,1,0,1,1.02,ATL202108080
Max Fried,friem001,2021-08-14,2021,ATL,WAS,7,6.0,24,86,5,0,0,0,1.01,WAS202108140
Max Fried,friem001,2021-08-20,2021,ATL,BAL,4,9.0,29,90,4,0,0,0,1.0,BAL202108200
Max Fried,friem001,2021-08-27,2021,ATL,SFN,5,6.0,23,93,5,0,1,1,1.02,ATL202108270
Max Fried,friem001,2021-09-01,2021,ATL,LAN,9,6.0,22,99,3,1,2,0,1.03,LAN202109010
Max Fried,friem001,2021-09-07,2021,ATL,WAS,5,6.0,27,96,6,4,0,1,1.02,ATL202109070
Max Fried,friem001,2021-09-12,2021,ATL,MIA,7,6.0,24,89,4,1,1,1,1.02,ATL202109120
Max Fried,friem001,2021-09-19,2021,ATL,SFN,5,7.0,24,99,3,1,0,0,1.03,SFN202109190
Max Fried,friem001,2021-09-24,2021,ATL,SDN,4,9.0,29,98,3,0,0,0,1.08,SDN202109240
Max Fried,friem001,2021-09-29,2021,ATL,PHI,6,7.0,25,98,4,0,0,1,1.02,ATL202109290
Michael Fulmer,fulmm001,2021-04-14,2021,DET,HOU,2,5.0,19,78,3,1,1,0,1.02,HOU202104140
Michael Fulmer,fulmm001,2021-04-21,2021,DET,PIT,3,4.0,17,60,4,1,0,1,1.0,DET202104211
Michael Fulmer,fulmm001,2021-04-25,2021,DET,KCA,2,3.0,12,36,1,2,0,1,1.0,DET202104250
Michael Fulmer,fulmm001,2021-05-04,2021,DET,BOS,0,0.7,8,33,4,1,0,0,0.98,BOS202105040
Kyle Funkhouser,funkk001,2021-06-13,2021,DET,CHA,1,2.7,10,33,1,1,0,1,1.0,DET202106130
Kyle Funkhouser,funkk001,2021-07-10,2021,DET,MIN,2,2.3,11,51,2,1,0,0,1.0,MIN202107100
Zac Gallen,gallz001,2021-04-13,2021,ARI,OAK,8,4.0,18,82,3,2,1,1,1.03,ARI202104130
Zac Gallen,gallz001,2021-04-20,2021,ARI,CIN,6,5.7,25,98,4,4,0,0,1.0,CIN202104200
Zac Gallen,gallz001,2021-04-25,2021,ARI,ATL,6,7.0,24,83,1,2,0,0,1.02,ATL202104251
Zac Gallen,gallz001,2021-05-01,2021,ARI,COL,7,4.0,22,93,6,2,0,1,1.03,ARI202105010
Zac Gallen,gallz001,2021-05-07,2021,ARI,NYN,5,6.0,26,96,4,4,0,0,1.06,NYN202105070
Zac Gallen,gallz001,2021-06-17,2021,ARI,SFN,3,2.7,14,58,4,1,1,0,1.03,SFN202106170
Zac Gallen,gallz001,2021-06-22,2021,ARI,MIL,8,5.0,18,68,3,0,1,1,1.03,ARI202106220
Zac Gallen,gallz001,2021-06-27,2021,ARI,SDN,3,4.7,22,84,6,3,1,0,1.08,SDN202106270
Zac Gallen,gallz001,2021-07-02,2021,ARI,SFN,3,2.0,14,63,5,3,1,1,1.03,ARI202107020
Zac Gallen,gallz001,2021-07-17,2021,ARI,CHN,7,5.7,22,77,3,2,0,1,1.03,ARI202107170
Zac Gallen,gallz001,2021-07-23,2021,ARI,CHN,5,4.0,21,84,6,3,2,0,0.97,CHN202107230
Zac Gallen,gallz001,2021-07-30,2021,ARI,LAN,8,6.0,25,100,5,1,1,1,1.03,ARI202107300
Zac Gallen,gallz001,2021-08-04,2021,ARI,SFN,6,5.7,24,109,4,3,1,1,1.03,ARI202108040
Zac Gallen,gallz001,2021-08-10,2021,ARI,SFN,7,6.0,26,101,7,1,1,0,1.03,SFN202108100
Zac Gallen,gallz001,2021-08-15,2021,ARI,SDN,5,5.0,25,94,8,3,3,1,1.03,ARI202108150
Zac Gallen,gallz001,2021-08-21,2021,ARI,COL,9,7.0,24,96,3,1,0,0,0.92,COL202108210
Zac Gallen,gallz001,2021-08-26,2021,ARI,PHI,6,5.0,21,103,3,2,1,0,1.01,PHI202108260
Zac Gallen,gallz001,2021-08-31,2021,ARI,SDN,4,6.0,26,94,5,4,1,1,1.03,ARI202108310
Zac Gallen,gallz001,2021-09-07,2021,ARI,TEX,8,6.7,28,108,6,0,0,1,1.03,ARI202109070
Zac Gallen,gallz001,2021-09-13,2021,ARI,LAN,4,5.3,26,101,8,3,0,0,1.03,LAN202109130
Zac Gallen,gallz001,2021-09-19,2021,ARI,HOU,7,6.0,24,103,5,1,1,0,1.02,HOU202109190
Zac Gallen,gallz001,2021-09-25,2021,ARI,LAN,8,6.0,23,99,3,2,1,1,1.03,ARI202109250
Zac Gallen,gallz001,2021-10-02,2021,ARI,COL,6,6.0,25,108,6,2,2,1,1.03,ARI202110020
John Gant,gantj002,2021-04-06,2021,SLN,MIA,4,4.0,19,82,4,3,0,0,0.98,MIA202104060
John Gant,gantj002,2021-04-12,2021,SLN,WAS,4,5.0,23,85,6,3,0,1,1.0,SLN202104120
John Gant,gantj002,2021-04-18,2021,SLN,PHI,5,5.0,24,88,5,5,1,0,1.01,PHI202104180
John Gant,gantj002,2021-04-24,2021,SLN,CIN,5,6.0,22,80,3,2,0,1,1.0,SLN202104240
John Gant,gantj002,2021-04-30,2021,SLN,PIT,2,5.0,21,99,3,5,0,0,1.0,PIT202104300
John Gant,gantj002,2021-05-06,2021,SLN,NYN,5,4.3,25,98,5,6,0,1,1.0,SLN202105060
John Gant,gantj002,2021-05-12,2021,SLN,MIL,4,5.0,21,91,3,3,0,0,1.05,MIL202105120
John Gant,gantj002,2021-05-18,2021,SLN,PIT,3,5.3,22,81,5,1,0,1,1.0,SLN202105180
John Gant,gantj002,2021-05-26,2021,SLN,CHA,3,5.0,24,92,5,3,0,0,0.99,CHA202105260
John Gant,gantj002,2021-06-01,2021,SLN,LAN,4,6.0,23,95,4,3,0,0,1.03,LAN202106010
John Gant,gantj002,2021-06-06,2021,SLN,CIN,2,4.0,22,80,7,3,2,1,1.0,SLN202106060
John Gant,gantj002,2021-06-12,2021,SLN,CHN,1,1.7,11,65,1,5,1,0,0.97,CHN202106120
John Gant,gantj002,2021-06-17,2021,SLN,ATL,4,5.3,21,82,4,2,1,0,1.02,ATL202106170
John Gant,gantj002,2021-06-23,2021,SLN,DET,4,3.0,15,70,2,4,1,0,1.0,DET202106230
John Gant,gantj002,2021-08-19,2021,MIN,NYA,4,3.3,14,61,3,1,0,0,0.99,NYA202108190
John Gant,gantj002,2021-08-26,2021,MIN,BOS,3,4.0,18,68,3,3,1,0,0.98,BOS202108260
John Gant,gantj002,2021-08-31,2021,MIN,CHN,5,5.0,18,89,3,0,1,1,1.0,MIN202108310
John Gant,gantj002,2021-09-07,2021,MIN,CLE,7,5.0,21,96,3,4,0,0,1.04,CLE202109070
John Gant,gantj002,2021-09-13,2021,MIN,NYA,0,0.7,3,12,0,1,0,0,0.99,NYA202109130
John Gant,gantj002,2021-09-25,2021,MIN,TOR,1,3.0,13,47,3,2,1,1,1.0,MIN202109250
John Gant,gantj002,2021-10-01,2021,MIN,KCA,3,4.0,23,71,8,2,0,0,0.96,KCA202110010
Deivi García,garcd003,2021-04-26,2021,NYA,BAL,4,4.0,18,65,3,3,1,0,1.0,BAL202104260
Deivi García,garcd003,2021-05-29,2021,NYA,DET,3,4.3,20,88,5,1,0,0,1.0,DET202105290
Luis García,garcl007,2021-04-05,2021,HOU,ANA,1,3.3,17,68,4,3,1,0,0.99,ANA202104050
Luis García,garcl007,2021-04-20,2021,HOU,COL,6,5.7,22,84,3,3,0,0,0.92,COL202104200
Luis García,garcl007,2021-04-29,2021,HOU,SEA,6,5.0,18,73,3,0,1,1,1.02,HOU202104290
Luis García,garcl007,2021-05-05,2021,HOU,NYA,8,4.7,19,92,2,2,1,0,0.99,NYA202105050
Luis García,garcl007,2021-05-10,2021,HOU,ANA,7,5.3,23,92,5,2,2,1,1.02,HOU202105100
Luis García,garcl007,2021-05-15,2021,HOU,TEX,5,5.0,21,94,5,2,0,1,1.02,HOU202105150
Luis García,garcl007,2021-05-20,2021,HOU,OAK,7,5.0,20,92,3,2,2,0,1.0,OAK202105200
Luis García,garcl007,2021-05-26,2021,HOU,LAN,7,6.0,22,100,3,1,0,1,1.02,HOU202105260
Luis García,garcl007,2021-06-01,2021,HOU,BOS,6,7.0,27,106,5,1,0,1,1.02,HOU202106010
Luis García,garcl007,2021-06-06,2021,HOU,TOR,8,6.0,23,79,3,2,0,0,1.0,TOR202106060
Luis García,garcl007,2021-06-12,2021,HOU,MIN,4,4.3,20,84,6,1,1,0,1.0,MIN202106120
Luis García,garcl007,2021-06-18,2021,HOU,CHA,8,7.0,29,96,7,2,0,1,1.02,HOU202106180
Luis García,garcl007,2021-06-24,2021,HOU,DET,5,6.0,25,96,7,2,0,0,1.0,DET202106240
Luis García,garcl007,2021-06-30,2021,HOU,BAL,5,4.0,18,93,3,3,0,1,1.02,HOU202106300
Luis García,garcl007,2021-07-07,2021,HOU,OAK,7,5.0,19,88,2,2,1,1,1.02,HOU202107070
Luis García,garcl007,2021-07-20,2021,HOU,CLE,8,6.0,21,79,3,0,0,1,1.02,HOU202107200
Luis García,garcl007,2021-07-26,2021,HOU,SEA,9,4.7,21,87,6,1,1,0,1.04,SEA202107260
Luis García,garcl007,2021-08-01,2021,HOU,SFN,7,4.7,24,89,8,2,2,0,1.03,SFN202108010
Luis García,garcl007,2021-08-07,2021,HOU,MIN,8,6.0,20,85,2,0,0,1,1.02,HOU202108070
Luis García,garcl007,2021-08-14,2021,HOU,ANA,5,5.0,23,87,6,3,1,0,0.99,ANA202108140
Luis García,garcl007,2021-08-19,2021,HOU,KCA,3,5.0,18,70,4,1,1,0,0.96,KCA202108190
Luis García,garcl007,2021-08-24,2021,HOU,KCA,7,6.7,24,90,4,1,0,1,1.02,HOU202108240
Luis García,garcl007,2021-08-30,2021,HOU,SEA,6,5.0,22,78,5,2,1,0,1.04,SEA202108300
Luis García,garcl007,2021-09-05,2021,HOU,SDN,5,5.7,23,80,6,1,0,0,1.08,SDN202109050
Luis García,garcl007,2021-09-11,2021,HOU,ANA,3,5.0,24,79,8,2,1,1,1.02,HOU202109110
Luis García,garcl007,2021-09-16,2021,HOU,TEX,2,5.3,22,87,5,3,0,0,0.99,TEX202109160
Luis García,garcl007,2021-09-22,2021,HOU,ANA,1,6.0,21,79,3,3,0,0,0.99,ANA202109220
Luis García,garcl007,2021-09-29,2021,HOU,TBA,6,5.0,23,84,8,2,2,1,1.02,HOU202109290
Braxton Garrett,garrb001,2021-06-09,2021,MIA,COL,3,4.0,18,77,5,3,0,1,0.98,MIA202106090
Braxton Garrett,garrb001,2021-06-14,2021,MIA,SLN,3,4.3,20,70,7,1,0,0,1.0,SLN202106140
Braxton Garrett,garrb001,2021-07-18,2021,MIA,PHI,2,4.3,22,82,7,3,1,0,1.01,PHI202107180
Braxton Garrett,garrb001,2021-07-24,2021,MIA,SDN,10,7.0,26,85,4,1,2,1,0.98,MIA202107240
Braxton Garrett,garrb001,2021-08-05,2021,MIA,NYN,6,5.0,23,94,5,4,0,1,0.98,MIA202108050
Braxton Garrett,garrb001,2021-08-10,2021,MIA,SDN,4,3.3,19,68,8,1,0,0,1.08,SDN202108100
Braxton Garrett,garrb001,2021-08-16,2021,MIA,ATL,2,3.0,18,77,3,6,0,1,0.98,MIA202108160
Kevin Gausman,gausk001,2021-04-01,2021,SFN,SEA,6,6.7,24,90,2,2,0,0,1.04,SEA202104010
Kevin Gausman,gausk001,2021-04-07,2021,SFN,SDN,5,7.0,26,96,5,1,0,0,1.08,SDN202104070
Kevin Gausman,gausk001,2021-04-13,2021,SFN,CIN,7,6.0,24,90,4,2,2,1,1.03,SFN202104130
Kevin Gausman,gausk001,2021-04-19,2021,SFN,PHI,5,6.0,28,108,6,4,0,0,1.01,PHI202104190
Kevin Gausman,gausk001,2021-04-24,2021,SFN,MIA,11,8.0,28,101,2,1,1,1,1.03,SFN202104240
Kevin Gausman,gausk001,2021-05-02,2021,SFN,SDN,6,6.0,25,95,6,1,1,0,1.08,SDN202105020
Kevin Gausman,gausk001,2021-05-08,2021,SFN,SDN,7,6.0,22,97,3,1,0,1,1.03,SFN202105080
Kevin Gausman,gausk001,2021-05-14,2021,SFN,PIT,12,8.0,29,96,5,0,0,0,1.0,PIT202105140
Kevin Gausman,gausk001,2021-05-19,2021,SFN,CIN,8,6.0,20,94,1,2,0,0,1.0,CIN202105190
Kevin Gausman,gausk001,2021-05-25,2021,SFN,ARI,9,5.0,22,97,5,2,0,0,1.03,ARI202105250
Kevin Gausman,gausk001,2021-05-30,2021,SFN,LAN,7,6.0,21,72,2,0,0,0,1.03,LAN202105300
Kevin Gausman,gausk001,2021-06-05,2021,SFN,CHN,10,7.0,24,97,2,0,1,1,1.03,SFN202106050
Kevin Gausman,gausk001,2021-06-12,2021,SFN,WAS,4,4.0,16,64,3,2,1,0,1.01,WAS202106121
Kevin Gausman,gausk001,2021-06-17,2021,SFN,ARI,6,8.0,29,97,4,1,0,1,1.03,SFN202106170
Kevin Gausman,gausk001,2021-06-23,2021,SFN,ANA,9,7.0,26,100,4,1,1,0,0.99,ANA202106230
Kevin Gausman,gausk001,2021-06-29,2021,SFN,LAN,4,5.0,24,90,3,5,1,0,1.03,LAN202106290
Kevin Gausman,gausk001,2021-07-05,2021,SFN,SLN,8,7.0,25,99,3,2,0,1,1.03,SFN202107050
Kevin Gausman,gausk001,2021-07-11,2021,SFN,WAS,9,6.0,23,102,4,3,0,1,1.03,SFN202107110
Kevin Gausman,gausk001,2021-07-19,2021,SFN,LAN,5,3.0,16,80,3,3,2,0,1.03,LAN202107190
Kevin Gausman,gausk001,2021-07-24,2021,SFN,PIT,2,4.3,24,89,8,4,1,1,1.03,SFN202107240
Kevin Gausman,gausk001,2021-07-30,2021,SFN,HOU,9,4.3,21,83,6,2,1,1,1.03,SFN202107300
Kevin Gausman,gausk001,2021-08-04,2021,SFN,ARI,8,6.0,23,91,5,0,0,0,1.03,ARI202108040
Kevin Gausman,gausk001,2021-08-11,2021,SFN,ARI,5,5.0,23,87,4,4,0,1,1.03,SFN202108110
Kevin Gausman,gausk001,2021-08-16,2021,SFN,NYN,7,5.0,24,94,5,2,0,1,1.03,SFN202108160
Kevin Gausman,gausk001,2021-08-21,2021,SFN,OAK,5,3.7,20,82,6,1,0,0,1.0,OAK202108210
Kevin Gausman,gausk001,2021-08-27,2021,SFN,ATL,2,6.0,24,91,6,0,1,0,1.02,ATL202108270
Kevin Gausman,gausk001,2021-09-01,2021,SFN,MIL,7,5.0,20,82,4,1,0,1,1.03,SFN202109010
Kevin Gausman,gausk001,2021-09-06,2021,SFN,COL,9,7.0,27,98,5,1,2,0,0.92,COL202109060
Kevin Gausman,gausk001,2021-09-11,2021,SFN,CHN,9,6.0,25,92,8,0,0,0,0.97,CHN202109110
Kevin Gausman,gausk001,2021-09-16,2021,SFN,SDN,7,5.0,24,100,8,1,1,1,1.03,SFN202109160
Kevin Gausman,gausk001,2021-09-21,2021,SFN,SDN,3,4.0,20,74,9,0,3,0,1.08,SDN202109210
Kevin Gausman,gausk001,2021-09-26,2021,SFN,COL,11,6.0,22,90,3,0,1,0,0.92,COL202109260
Kevin Gausman,gausk001,2021-10-02,2021,SFN,SDN,5,7.0,26,84,6,1,0,1,1.03,SFN202110020
Domingo Germán,germd001,2021-04-04,2021,NYA,TOR,2,3.0,15,68,4,1,2,1,0.99,NYA202104040
Domingo Germán,germd001,2021-04-10,2021,NYA,TBA,5,4.0,21,79,8,1,2,0,1.05,TBA202104100
Domingo Germán,germd001,2021-04-22,2021,NYA,CLE,6,6.0,27,90,7,1,0,0,1.04,CLE202104220
Domingo Germán,germd001,2021-04-28,2021,NYA,BAL,6,7.0,25,92,3,1,0,0,1.0,BAL202104280
Domingo Germán,germd001,2021-05-04,2021,NYA,HOU,6,5.0,19,83,4,1,2,1,0.99,NYA202105040
Domingo Germán,germd001,2021-05-09,2021,NYA,WAS,6,6.3,24,80,5,1,1,1,0.99,NYA202105090
Domingo Germán,germd001,2021-05-15,2021,NYA,BAL,6,6.0,22,80,4,2,0,0,1.0,BAL202105150
Domingo Germán,germd001,2021-05-20,2021,NYA,TEX,5,7.0,26,87,6,0,0,0,0.99,TEX202105200
Domingo Germán,germd001,2021-05-27,2021,NYA,TOR,5,5.7,23,99,3,2,2,1,0.99,NYA202105271
Domingo Germán,germd001,2021-06-01,2021,NYA,TBA,5,5.0,19,86,3,0,2,1,0.99,NYA202106010
Domingo Germán,germd001,2021-06-06,2021,NYA,BOS,3,5.7,21,84,3,2,1,1,0.99,NYA202106060
Domingo Germán,germd001,2021-06-13,2021,NYA,PHI,2,4.3,23,82,10,1,0,0,1.01,PHI202106130
Domingo Germán,germd001,2021-06-19,2021,NYA,OAK,6,4.0,21,66,7,2,2,1,0.99,NYA202106190
Domingo Germán,germd001,2021-06-25,2021,NYA,BOS,3,4.0,19,72,5,1,0,0,0.98,BOS202106250
Domingo Germán,germd001,2021-06-30,2021,NYA,ANA,2,3.0,17,72,3,3,1,1,0.99,NYA202106300
Domingo Germán,germd001,2021-07-20,2021,NYA,PHI,5,4.0,18,70,3,3,1,1,0.99,NYA202107200
Domingo Germán,germd001,2021-07-25,2021,NYA,BOS,10,7.0,24,93,1,1,0,0,0.98,BOS202107250
Domingo Germán,germd001,2021-07-31,2021,NYA,MIA,5,4.0,15,66,2,2,0,0,0.98,MIA202107310
Kyle Gibson,gibsk002,2021-04-01,2021,TEX,KCA,1,0.3,8,32,4,3,0,0,0.96,KCA202104010
Kyle Gibson,gibsk002,2021-04-07,2021,TEX,TOR,8,6.0,24,82,6,1,0,1,0.99,TEX202104070
Kyle Gibson,gibsk002,2021-04-13,2021,TEX,TBA,3,7.0,27,86,4,2,0,0,1.05,TBA202104130
Kyle Gibson,gibsk002,2021-04-18,2021,TEX,BAL,6,8.0,28,97,4,0,0,1,0.99,TEX202104180
Kyle Gibson,gibsk002,2021-04-24,2021,TEX,CHA,5,6.0,24,99,6,2,0,0,0.99,CHA202104240
Kyle Gibson,gibsk002,2021-04-29,2021,TEX,BOS,4,6.0,24,98,3,3,0,1,0.99,TEX202104290
Kyle Gibson,gibsk002,2021-05-04,2021,TEX,MIN,8,8.0,29,107,3,2,2,0,1.0,MIN202105040
Kyle Gibson,gibsk002,2021-05-10,2021,TEX,SFN,6,6.0,23,103,4,2,1,0,1.03,SFN202105100
Kyle Gibson,gibsk002,2021-05-16,2021,TEX,HOU,3,7.0,27,94,4,2,0,0,1.02,HOU202105160
Kyle Gibson,gibsk002,2021-05-21,2021,TEX,HOU,4,6.0,25,106,4,2,0,1,0.99,TEX202105210
Kyle Gibson,gibsk002,2021-06-04,2021,TEX,TBA,5,5.3,20,73,5,0,0,1,0.99,TEX202106040
Kyle Gibson,gibsk002,2021-06-09,2021,TEX,SFN,5,6.0,24,92,4,2,2,1,0.99,TEX202106090
Kyle Gibson,gibsk002,2021-06-15,2021,TEX,HOU,3,6.0,24,101,7,1,0,0,1.02,HOU202106150
Kyle Gibson,gibsk002,2021-06-21,2021,TEX,OAK,3,5.3,24,96,5,3,1,1,0.99,TEX202106210
Kyle Gibson,gibsk002,2021-06-26,2021,TEX,KCA,10,7.0,23,95,2,1,0,1,0.99,TEX202106260
Kyle Gibson,gibsk002,2021-07-02,2021,TEX,SEA,7,5.7,25,110,5,3,1,0,1.04,SEA202107020
Kyle Gibson,gibsk002,2021-07-07,2021,TEX,DET,7,6.3,27,98,8,2,1,1,0.99,TEX202107070
Kyle Gibson,gibsk002,2021-07-19,2021,TEX,DET,2,5.0,26,87,10,2,1,0,1.0,DET202107190
Kyle Gibson,gibsk002,2021-07-24,2021,TEX,HOU,4,6.0,28,104,4,8,0,0,1.02,HOU202107240
Kyle Gibson,gibsk002,2021-08-01,2021,PHI,PIT,5,6.7,27,113,5,2,0,0,1.0,PIT202108010
Kyle Gibson,gibsk002,2021-08-06,2021,PHI,NYN,3,6.0,26,100,4,4,0,1,1.01,PHI202108060
Kyle Gibson,gibsk002,2021-08-17,2021,PHI,ARI,5,6.0,26,91,7,2,1,0,1.03,ARI202108170
Kyle Gibson,gibsk002,2021-08-22,2021,PHI,SDN,3,8.0,30,103,6,1,0,0,1.08,SDN202108220
Kyle Gibson,gibsk002,2021-08-28,2021,PHI,ARI,3,6.0,21,99,3,0,0,1,1.01,PHI202108280
Kyle Gibson,gibsk002,2021-09-03,2021,PHI,MIA,4,5.3,24,76,8,2,1,0,0.98,MIA202109030
Kyle Gibson,gibsk002,2021-09-08,2021,PHI,MIL,5,4.7,25,103,7,4,0,0,1.05,MIL202109080
Kyle Gibson,gibsk002,2021-09-14,2021,PHI,CHN,7,5.0,20,77,5,0,2,1,1.01,PHI202109140
Kyle Gibson,gibsk002,2021-09-19,2021,PHI,NYN,9,6.7,27,100,7,1,1,0,1.06,NYN202109190
Kyle Gibson,gibsk002,2021-09-24,2021,PHI,PIT,6,6.0,24,73,3,2,0,1,1.01,PHI202109240
Kyle Gibson,gibsk002,2021-09-30,2021,PHI,ATL,8,4.3,21,86,4,2,2,0,1.02,ATL202109300
Luis Gil,gil-l001,2021-08-03,2021,NYA,BAL,6,6.0,23,88,4,1,0,1,0.99,NYA202108030
Luis Gil,gil-l001,2021-08-08,2021,NYA,SEA,8,5.0,20,92,2,2,0,1,0.99,NYA202108080
Luis Gil,gil-l001,2021-08-17,2021,NYA,BOS,4,4.7,21,71,3,4,0,1,0.99,NYA202108172
Luis Gil,gil-l001,2021-09-08,2021,NYA,TOR,6,3.3,18,91,1,7,0,1,0.99,NYA202109080
Luis Gil,gil-l001,2021-09-13,2021,NYA,MIN,8,6.0,26,102,7,1,3,1,0.99,NYA202109130
Luis Gil,gil-l001,2021-09-18,2021,NYA,CLE,6,4.3,21,86,3,4,1,1,0.99,NYA202109180
Lucas Gilbreath,gilbl001,2021-07-28,2021,COL,ANA,0,1.0,7,26,2,2,0,0,0.99,ANA202107280
Logan Gilbert,gilbl002,2021-05-13,2021,SEA,CLE,5,4.0,18,71,5,0,2,1,1.04,SEA202105130
Logan Gilbert,gilbl002,2021-05-19,2021,SEA,DET,2,2.7,14,74,4,2,0,1,1.04,SEA202105190
Logan Gilbert,gilbl002,2021-05-25,2021,SEA,OAK,4,4.0,17,78,4,0,0,0,1.0,OAK202105250
Logan Gilbert,gilbl002,2021-05-31,2021,SEA,OAK,5,6.0,24,80,5,1,0,1,1.04,SEA202105310
Logan Gilbert,gilbl002,2021-06-06,2021,SEA,ANA,7,5.0,23,105,2,4,1,0,0.99,ANA202106060
Logan Gilbert,gilbl002,2021-06-13,2021,SEA,CLE,6,6.7,24,92,4,1,0,0,1.04,CLE202106130
Logan Gilbert,gilbl002,2021-06-19,2021,SEA,TBA,7,5.7,23,100,6,0,2,1,1.04,SEA202106190
Logan Gilbert,gilbl002,2021-06-26,2021,SEA,CHA,3,2.0,6,28,1,0,0,0,0.99,CHA202106260
Logan Gilbert,gilbl002,2021-07-02,2021,SEA,TEX,6,5.7,23,101,5,2,0,1,1.04,SEA202107020
Logan Gilbert,gilbl002,2021-07-08,2021,SEA,NYA,8,7.0,23,103,1,0,0,1,1.04,SEA202107080
Logan Gilbert,gilbl002,2021-07-18,2021,SEA,ANA,9,5.3,24,94,4,2,0,0,0.99,ANA202107180
Logan Gilbert,gilbl002,2021-07-24,2021,SEA,OAK,5,2.7,14,75,5,1,0,1,1.04,SEA202107240
Logan Gilbert,gilbl002,2021-07-30,2021,SEA,TEX,6,5.7,24,90,6,1,2,0,0.99,TEX202107300
Logan Gilbert,gilbl002,2021-08-04,2021,SEA,TBA,6,5.0,23,86,4,4,0,0,1.05,TBA202108040
Logan Gilbert,gilbl002,2021-08-10,2021,SEA,TEX,5,6.0,23,97,5,0,1,1,1.04,SEA202108100
Logan Gilbert,gilbl002,2021-08-15,2021,SEA,TOR,3,4.0,20,88,8,0,2,1,1.04,SEA202108150
Logan Gilbert,gilbl002,2021-08-21,2021,SEA,HOU,5,4.7,23,94,8,1,2,0,1.02,HOU202108210
Logan Gilbert,gilbl002,2021-08-27,2021,SEA,KCA,5,4.0,22,91,9,1,1,1,1.04,SEA202108270
Logan Gilbert,gilbl002,2021-09-01,2021,SEA,HOU,4,5.0,19,94,4,0,0,1,1.04,SEA202109010
Logan Gilbert,gilbl002,2021-09-07,2021,SEA,HOU,5,4.3,21,84,6,1,1,0,1.02,HOU202109070
Logan Gilbert,gilbl002,2021-09-13,2021,SEA,BOS,9,6.0,24,99,5,1,1,1,1.04,SEA202109130
Logan Gilbert,gilbl002,2021-09-19,2021,SEA,KCA,5,7.0,25,99,3,1,0,0,0.96,KCA202109190
Logan Gilbert,gilbl002,2021-09-24,2021,SEA,ANA,4,5.3,24,110,5,3,1,0,0.99,ANA202109240
Logan Gilbert,gilbl002,2021-09-29,2021,SEA,OAK,4,5.7,22,92,3,2,1,1,1.04,SEA202109290
Tyler Gilbert,gilbt001,2021-08-14,2021,ARI,SDN,5,9.0,28,102,0,3,0,1,1.03,ARI202108140
Tyler Gilbert,gilbt001,2021-08-20,2021,ARI,COL,2,5.0,24,85,9,1,1,0,0.92,COL202108200
Tyler Gilbert,gilbt001,2021-08-25,2021,ARI,PIT,4,5.0,22,80,3,3,0,0,1.0,PIT202108250
Tyler Gilbert,gilbt001,2021-08-30,2021,ARI,SDN,4,5.0,24,91,8,1,1,1,1.03,ARI202108300
Tyler Gilbert,gilbt001,2021-09-05,2021,ARI,SEA,3,7.0,26,91,4,2,0,1,1.03,ARI202109050
Tyler Gilbert,gilbt001,2021-09-12,2021,ARI,SEA,2,5.3,19,81,2,1,2,0,1.04,SEA202109120
Lucas Giolito,gioll001,2021-04-01,2021,CHA,ANA,8,5.3,20,87,2,2,1,0,0.99,ANA202104010
Lucas Giolito,gioll001,2021-04-06,2021,CHA,SEA,10,5.3,22,96,4,1,0,0,1.04,SEA202104060
Lucas Giolito,gioll001,2021-04-13,2021,CHA,CLE,8,7.0,26,107,3,2,0,1,0.99,CHA202104130
Lucas Giolito,gioll001,2021-04-19,2021,CHA,BOS,0,1.0,13,54,8,2,2,0,0.98,BOS202104190
Lucas Giolito,gioll001,2021-04-27,2021,CHA,DET,7,6.7,28,114,5,3,2,1,0.99,CHA202104270
Lucas Giolito,gioll001,2021-05-02,2021,CHA,CLE,8,5.3,25,93,5,3,1,1,0.99,CHA202105020
Lucas Giolito,gioll001,2021-05-09,2021,CHA,KCA,2,5.0,20,93,4,2,0,0,0.96,KCA202105090
Lucas Giolito,gioll001,2021-05-14,2021,CHA,KCA,7,6.0,26,98,5,3,2,1,0.99,CHA202105141
Lucas Giolito,gioll001,2021-05-19,2021,CHA,MIN,11,8.0,28,111,2,3,1,0,1.0,MIN202105190
Lucas Giolito,gioll001,2021-05-25,2021,CHA,SLN,5,6.0,23,92,6,0,0,1,0.99,CHA202105250
Lucas Giolito,gioll001,2021-05-30,2021,CHA,BAL,12,7.0,27,108,3,3,1,1,0.99,CHA202105300
Lucas Giolito,gioll001,2021-06-05,2021,CHA,DET,9,7.0,28,102,7,0,3,1,0.99,CHA202106050
Lucas Giolito,gioll001,2021-06-11,2021,CHA,DET,9,6.0,23,105,5,1,2,0,1.0,DET202106110
Lucas Giolito,gioll001,2021-06-16,2021,CHA,TBA,7,6.0,24,102,4,2,1,1,0.99,CHA202106160
Lucas Giolito,gioll001,2021-06-22,2021,CHA,PIT,7,6.0,23,111,4,2,1,0,1.0,PIT202106220
Lucas Giolito,gioll001,2021-06-29,2021,CHA,MIN,1,6.0,21,97,6,1,1,1,0.99,CHA202106290
Lucas Giolito,gioll001,2021-07-04,2021,CHA,DET,5,5.0,25,102,10,1,0,0,1.0,DET202107040
Lucas Giolito,gioll001,2021-07-10,2021,CHA,BAL,9,5.3,23,106,6,2,0,0,1.0,BAL202107100
Lucas Giolito,gioll001,2021-07-17,2021,CHA,HOU,8,9.0,30,107,3,0,1,1,0.99,CHA202107170
Lucas Giolito,gioll001,2021-07-23,2021,CHA,MIL,3,6.0,27,91,6,5,0,0,1.05,MIL202107230
Lucas Giolito,gioll001,2021-07-28,2021,CHA,KCA,7,6.0,22,80,4,1,0,0,0.96,KCA202107280
Lucas Giolito,gioll001,2021-08-04,2021,CHA,KCA,2,4.0,19,81,8,0,3,1,0.99,CHA202108040
Lucas Giolito,gioll001,2021-08-09,2021,CHA,MIN,8,8.0,25,103,2,0,1,0,1.0,MIN202108090
Lucas Giolito,gioll001,2021-08-15,2021,CHA,NYA,8,4.0,22,101,6,3,1,1,0.99,CHA202108150
Lucas Giolito,gioll001,2021-08-20,2021,CHA,TBA,8,7.0,24,90,3,0,1,0,1.05,TBA202108200
Lucas Giolito,gioll001,2021-08-25,2021,CHA,TOR,6,6.0,24,93,5,1,0,0,1.0,TOR202108250
Lucas Giolito,gioll001,2021-08-31,2021,CHA,PIT,5,4.3,20,86,3,4,0,1,0.99,CHA202108310
Lucas Giolito,gioll001,2021-09-14,2021,CHA,ANA,8,4.0,17,87,3,2,2,1,0.99,CHA202109140
Lucas Giolito,gioll001,2021-09-19,2021,CHA,TEX,4,5.3,22,97,6,1,0,0,0.99,TEX202109190
Lucas Giolito,gioll001,2021-09-26,2021,CHA,CLE,6,6.0,25,100,5,1,0,0,1.04,CLE202109260
Lucas Giolito,gioll001,2021-10-02,2021,CHA,DET,3,5.0,18,72,2,1,0,1,0.99,CHA202110020
Tyler Glasnow,glast001,2021-04-01,2021,TBA,MIA,6,6.0,19,77,1,0,0,0,0.98,MIA202104010
Tyler Glasnow,glast001,2021-04-06,2021,TBA,BOS,9,6.0,24,97,4,2,0,0,0.98,BOS202104060
Tyler Glasnow,glast001,2021-04-12,2021,TBA,TEX,14,7.7,25,102,2,1,0,1,1.05,TBA202104120
Tyler Glasnow,glast001,2021-04-17,2021,TBA,NYA,7,5.0,22,105,2,4,0,0,0.99,NYA202104170
Tyler Glasnow,glast001,2021-04-23,2021,TBA,TOR,10,6.0,26,94,5,2,2,1,1.05,TBA202104230
Tyler Glasnow,glast001,2021-04-28,2021,TBA,OAK,10,7.0,27,97,5,2,0,1,1.05,TBA202104280
Tyler Glasnow,glast001,2021-05-03,2021,TBA,ANA,8,6.0,24,99,4,4,2,0,0.99,ANA202105030
Tyler Glasnow,glast001,2021-05-08,2021,TBA,OAK,11,5.7,23,101,2,4,2,0,1.0,OAK202105080
Tyler Glasnow,glast001,2021-05-14,2021,TBA,NYN,10,8.0,30,105,5,1,1,1,1.05,TBA202105140
Tyler Glasnow,glast001,2021-05-21,2021,TBA,TOR,2,4.7,22,93,9,1,2,0,1.0,TOR202105210
Tyler Glasnow,glast001,2021-05-26,2021,TBA,KCA,11,8.0,29,102,3,2,0,1,1.05,TBA202105260
Tyler Glasnow,glast001,2021-06-01,2021,TBA,NYA,8,7.0,27,100,4,2,1,0,0.99,NYA202106010
Tyler Glasnow,glast001,2021-06-08,2021,TBA,WAS,11,7.0,26,114,6,1,0,1,1.05,TBA202106080
Tyler Glasnow,glast001,2021-06-14,2021,TBA,CHA,6,4.0,16,53,3,1,0,0,0.99,CHA202106140
Zack Godley,godlz001,2021-04-28,2021,MIL,MIA,5,3.0,17,73,1,5,0,1,1.05,MIL202104280
Austin Gomber,gomba001,2021-04-04,2021,COL,LAN,2,3.0,16,73,1,7,0,1,0.92,COL202104040
Austin Gomber,gomba001,2021-04-09,2021,COL,SFN,5,6.3,24,104,1,4,0,0,1.03,SFN202104090
Austin Gomber,gomba001,2021-04-15,2021,COL,LAN,7,6.0,25,95,6,2,1,0,1.03,LAN202104150
Austin Gomber,gomba001,2021-04-21,2021,COL,HOU,6,6.0,22,81,2,2,1,1,0.92,COL202104210
Austin Gomber,gomba001,2021-04-26,2021,COL,SFN,3,1.7,16,64,7,4,0,0,1.03,SFN202104260
Austin Gomber,gomba001,2021-05-01,2021,COL,ARI,4,6.0,25,79,5,1,1,0,1.03,ARI202105010
Austin Gomber,gomba001,2021-05-07,2021,COL,SLN,7,5.0,22,81,6,0,2,0,1.0,SLN202105070
Austin Gomber,gomba001,2021-05-12,2021,COL,SDN,6,5.3,21,83,4,1,0,1,0.92,COL202105122
Austin Gomber,gomba001,2021-05-18,2021,COL,SDN,7,6.0,25,96,5,1,0,0,1.08,SDN202105180
Austin Gomber,gomba001,2021-05-24,2021,COL,NYN,8,8.0,27,102,4,0,2,0,1.06,NYN202105240
Austin Gomber,gomba001,2021-05-29,2021,COL,PIT,5,4.0,18,67,5,1,2,0,1.0,PIT202105292
Austin Gomber,gomba001,2021-06-03,2021,COL,TEX,6,6.0,21,78,3,0,0,1,0.92,COL202106030
Austin Gomber,gomba001,2021-06-09,2021,COL,MIA,5,5.0,20,84,5,0,0,0,0.98,MIA202106090
Austin Gomber,gomba001,2021-06-14,2021,COL,SDN,4,8.0,26,95,3,0,0,1,0.92,COL202106140
Austin Gomber,gomba001,2021-06-19,2021,COL,MIL,1,2.0,9,33,4,0,0,1,0.92,COL202106190
Austin Gomber,gomba001,2021-07-21,2021,COL,SEA,3,6.0,21,71,3,1,3,1,0.92,COL202107210
Austin Gomber,gomba001,2021-07-27,2021,COL,ANA,7,6.0,25,91,5,2,1,0,0.99,ANA202107270
Austin Gomber,gomba001,2021-08-01,2021,COL,SDN,3,1.0,9,40,4,2,0,0,1.08,SDN202108010
Austin Gomber,gomba001,2021-08-07,2021,COL,MIA,9,6.0,23,92,5,0,0,1,0.92,COL202108070
Austin Gomber,gomba001,2021-08-13,2021,COL,SFN,2,4.0,23,78,7,3,1,0,1.03,SFN202108130
Austin Gomber,gomba001,2021-08-20,2021,COL,ARI,3,5.0,25,88,6,3,1,1,0.92,COL202108200
Austin Gomber,gomba001,2021-08-25,2021,COL,CHN,8,4.7,22,86,7,1,3,0,0.97,CHN202108251
Austin Gomber,gomba001,2021-08-31,2021,COL,TEX,2,4.3,23,89,4,6,2,0,0.99,TEX202108310
Tony Gonsolin,gonst001,2021-06-09,2021,LAN,PIT,4,1.7,12,66,2,5,0,0,1.0,PIT202106090
Tony Gonsolin,gonst001,2021-06-14,2021,LAN,PHI,5,3.7,18,81,4,3,0,1,1.03,LAN202106140
Tony Gonsolin,gonst001,2021-06-20,2021,LAN,ARI,2,3.7,14,46,3,0,0,0,1.03,ARI202106200
Tony Gonsolin,gonst001,2021-06-25,2021,LAN,CHN,7,4.0,15,69,1,2,1,1,1.03,LAN202106250
Tony Gonsolin,gonst001,2021-07-06,2021,LAN,MIA,3,5.3,19,72,2,1,0,0,0.98,MIA202107060
Tony Gonsolin,gonst001,2021-07-11,2021,LAN,ARI,6,4.0,17,83,4,1,1,1,1.03,LAN202107110
Tony Gonsolin,gonst001,2021-07-19,2021,LAN,SFN,3,3.3,19,80,5,4,2,1,1.03,LAN202107190
Tony Gonsolin,gonst001,2021-07-24,2021,LAN,COL,7,5.3,20,81,2,2,0,1,1.03,LAN202107240
Tony Gonsolin,gonst001,2021-07-30,2021,LAN,ARI,1,1.7,11,55,1,5,0,0,1.03,ARI202107300
Tony Gonsolin,gonst001,2021-09-09,2021,LAN,SLN,3,3.0,14,55,3,2,0,0,1.0,SLN202109090
Tony Gonsolin,gonst001,2021-09-14,2021,LAN,ARI,6,5.0,18,67,2,2,0,1,1.03,LAN202109140
Tony Gonsolin,gonst001,2021-09-24,2021,LAN,ARI,7,5.0,18,68,3,0,1,0,1.03,ARI202109240
Tony Gonsolin,gonst001,2021-09-30,2021,LAN,SDN,5,4.7,20,78,4,2,2,1,1.03,LAN202109300
Chi Chi González,gonzc002,2021-04-10,2021,COL,SFN,1,5.0,20,80,4,3,0,0,1.03,SFN202104100
Chi Chi González,gonzc002,2021-04-17,2021,COL,NYN,3,5.0,21,83,6,1,0,1,0.92,COL202104171
Chi Chi González,gonzc002,2021-04-27,2021,COL,SFN,4,5.0,21,58,7,0,1,0,1.03,SFN202104270
Chi Chi González,gonzc002,2021-05-02,2021,COL,ARI,2,4.7,21,85,5,2,1,0,1.03,ARI202105020
Chi Chi González,gonzc002,2021-05-08,2021,COL,SLN,1,4.0,21,80,8,1,1,0,1.0,SLN202105080
Chi Chi González,gonzc002,2021-05-13,2021,COL,CIN,2,7.0,25,88,4,1,0,1,0.92,COL202105130
Chi Chi González,gonzc002,2021-05-19,2021,COL,SDN,6,6.0,23,83,4,1,2,0,1.08,SDN202105190
Chi Chi González,gonzc002,2021-06-10,2021,COL,MIA,6,5.0,27,88,11,1,3,0,0.98,MIA202106100
Chi Chi González,gonzc002,2021-06-15,2021,COL,SDN,2,6.0,24,87,6,1,1,1,0.92,COL202106150
Chi Chi González,gonzc002,2021-06-20,2021,COL,MIL,4,5.3,25,73,8,2,1,1,0.92,COL202106200
Chi Chi González,gonzc002,2021-06-27,2021,COL,MIL,4,5.0,18,91,3,2,1,0,1.05,MIL202106270
Chi Chi González,gonzc002,2021-07-02,2021,COL,SLN,1,7.0,27,98,7,0,1,1,0.92,COL202107020
Chi Chi González,gonzc002,2021-07-08,2021,COL,ARI,5,5.0,21,70,6,1,1,0,1.03,ARI202107080
Chi Chi González,gonzc002,2021-07-16,2021,COL,LAN,2,4.0,24,75,9,2,1,1,0.92,COL202107160
Chi Chi González,gonzc002,2021-07-23,2021,COL,LAN,4,5.0,22,91,5,1,1,0,1.03,LAN202107230
Chi Chi González,gonzc002,2021-08-18,2021,COL,SDN,0,3.0,14,42,4,0,1,1,0.92,COL202108180
Chi Chi González,gonzc002,2021-09-02,2021,COL,ATL,1,3.7,19,79,4,4,1,1,0.92,COL202109020
Chi Chi González,gonzc002,2021-09-07,2021,COL,SFN,0,1.3,11,43,8,0,0,1,0.92,COL202109070
Marco Gonzales,gonzm005,2021-04-01,2021,SEA,SFN,2,6.0,27,99,8,3,3,1,1.04,SEA202104010
Marco Gonzales,gonzm005,2021-04-08,2021,SEA,MIN,6,4.3,25,100,9,2,2,0,1.0,MIN202104080
Marco Gonzales,gonzm005,2021-04-15,2021,SEA,BAL,5,5.0,20,83,3,2,1,0,1.0,BAL202104151
Marco Gonzales,gonzm005,2021-04-20,2021,SEA,LAN,6,7.0,24,101,2,1,0,1,1.04,SEA202104200
Marco Gonzales,gonzm005,2021-04-27,2021,SEA,HOU,4,6.0,25,95,5,3,0,0,1.02,HOU202104270
Marco Gonzales,gonzm005,2021-06-01,2021,SEA,OAK,6,4.0,15,50,2,1,1,1,1.04,SEA202106010
Marco Gonzales,gonzm005,2021-06-08,2021,SEA,DET,2,4.0,17,71,5,1,1,0,1.0,DET202106080
Marco Gonzales,gonzm005,2021-06-14,2021,SEA,MIN,5,5.0,24,91,8,2,2,1,1.04,SEA202106140
Marco Gonzales,gonzm005,2021-06-20,2021,SEA,TBA,6,6.3,25,87,5,3,0,1,1.04,SEA202106200
Marco Gonzales,gonzm005,2021-07-03,2021,SEA,TEX,4,3.3,21,81,8,2,3,1,1.04,SEA202107030
Marco Gonzales,gonzm005,2021-07-09,2021,SEA,ANA,3,5.7,24,103,7,1,2,1,1.04,SEA202107090
Marco Gonzales,gonzm005,2021-07-20,2021,SEA,COL,3,5.0,22,85,6,3,1,0,0.92,COL202107200
Marco Gonzales,gonzm005,2021-07-25,2021,SEA,OAK,4,5.7,24,105,5,2,1,1,1.04,SEA202107250
Marco Gonzales,gonzm005,2021-08-01,2021,SEA,TEX,4,6.0,23,88,5,0,0,0,0.99,TEX202108010
Marco Gonzales,gonzm005,2021-08-06,2021,SEA,NYA,5,6.7,25,108,3,2,0,0,0.99,NYA202108060
Marco Gonzales,gonzm005,2021-08-12,2021,SEA,TEX,9,9.0,29,108,2,1,1,1,1.04,SEA202108120
Marco Gonzales,gonzm005,2021-08-18,2021,SEA,TEX,3,5.3,21,92,6,1,0,0,0.99,TEX202108180
Marco Gonzales,gonzm005,2021-08-23,2021,SEA,OAK,2,6.0,22,90,5,0,2,0,1.0,OAK202108230
Marco Gonzales,gonzm005,2021-08-29,2021,SEA,KCA,4,7.0,27,96,5,2,2,1,1.04,SEA202108290
Marco Gonzales,gonzm005,2021-09-04,2021,SEA,ARI,2,5.0,25,86,8,1,2,0,1.03,ARI202109040
Marco Gonzales,gonzm005,2021-09-10,2021,SEA,ARI,3,6.0,24,101,5,1,1,1,1.04,SEA202109100
Marco Gonzales,gonzm005,2021-09-15,2021,SEA,BOS,7,6.0,23,110,3,2,1,1,1.04,SEA202109150
Marco Gonzales,gonzm005,2021-09-21,2021,SEA,OAK,3,6.0,23,99,4,1,2,0,1.0,OAK202109210
Marco Gonzales,gonzm005,2021-09-26,2021,SEA,ANA,5,7.0,27,96,3,3,1,0,0.99,ANA202109260
Marco Gonzales,gonzm005,2021-10-01,2021,SEA,ANA,5,6.0,23,99,3,2,0,1,1.04,SEA202110010
Victor González,gonzv001,2021-07-01,2021,LAN,WAS,0,0.7,4,7,2,0,0,0,1.01,WAS202107010
Ashton Goudeau,gouda001,2021-10-03,2021,COL,ARI,0,3.0,11,57,1,2,0,0,1.03,ARI202110030
Brusdar Graterol,gratb002,2021-08-27,2021,LAN,COL,2,1.0,5,21,2,0,1,1,1.03,LAN202108270
Jon Gray,grayj003,2021-04-03,2021,COL,LAN,7,5.0,20,82,4,1,0,1,0.92,COL202104030
Jon Gray,grayj003,2021-04-08,2021,COL,ARI,5,6.7,26,101,2,4,0,1,0.92,COL202104080
Jon Gray,grayj003,2021-04-14,2021,COL,LAN,3,4.0,19,89,5,2,1,0,1.03,LAN202104140
Jon Gray,grayj003,2021-04-20,2021,COL,HOU,6,6.7,26,104,3,4,0,1,0.92,COL202104200
Jon Gray,grayj003,2021-04-25,2021,COL,PHI,6,6.0,24,91,4,2,2,1,0.92,COL202104250
Jon Gray,grayj003,2021-04-30,2021,COL,ARI,3,6.0,29,83,10,1,0,0,1.03,ARI202104300
Jon Gray,grayj003,2021-05-05,2021,COL,SFN,8,6.0,23,96,4,2,1,1,0.92,COL202105050
Jon Gray,grayj003,2021-05-12,2021,COL,SDN,6,5.7,25,95,3,3,0,1,0.92,COL202105121
Jon Gray,grayj003,2021-05-17,2021,COL,SDN,1,5.7,27,96,9,1,1,0,1.08,SDN202105170
Jon Gray,grayj003,2021-05-23,2021,COL,ARI,3,6.0,22,84,2,2,1,1,0.92,COL202105230
Jon Gray,grayj003,2021-05-29,2021,COL,PIT,2,3.0,16,73,4,3,0,0,1.0,PIT202105291
Jon Gray,grayj003,2021-06-04,2021,COL,OAK,0,2.3,13,48,4,2,2,1,0.92,COL202106040
Jon Gray,grayj003,2021-06-25,2021,COL,MIL,10,5.0,20,83,5,0,0,0,1.05,MIL202106250
Jon Gray,grayj003,2021-06-30,2021,COL,PIT,5,6.0,25,95,2,4,1,1,0.92,COL202106300
Jon Gray,grayj003,2021-07-06,2021,COL,ARI,8,6.0,25,91,6,1,0,0,1.03,ARI202107060
Jon Gray,grayj003,2021-07-11,2021,COL,SDN,7,6.0,23,90,3,3,0,0,1.08,SDN202107110
Jon Gray,grayj003,2021-07-18,2021,COL,LAN,7,7.0,28,97,6,2,1,1,0.92,COL202107180
Jon Gray,grayj003,2021-07-25,2021,COL,LAN,4,5.0,22,106,4,3,2,0,1.03,LAN202107250
Jon Gray,grayj003,2021-07-30,2021,COL,SDN,4,6.3,25,106,5,3,1,0,1.08,SDN202107300
Jon Gray,grayj003,2021-08-04,2021,COL,CHN,6,6.0,26,97,8,1,0,1,0.92,COL202108040
Jon Gray,grayj003,2021-08-10,2021,COL,HOU,9,4.3,22,97,6,2,0,0,1.02,HOU202108100
Jon Gray,grayj003,2021-08-15,2021,COL,SFN,5,4.3,20,69,7,1,0,0,1.03,SFN202108150
Jon Gray,grayj003,2021-08-22,2021,COL,ARI,8,5.3,25,108,6,3,1,1,0.92,COL202108220
Jon Gray,grayj003,2021-08-28,2021,COL,LAN,2,2.0,11,48,2,3,0,0,1.03,LAN202108280
Jon Gray,grayj003,2021-09-08,2021,COL,SFN,8,5.0,23,87,6,1,1,1,0.92,COL202109080
Jon Gray,grayj003,2021-09-14,2021,COL,ATL,7,5.0,21,90,5,2,0,0,1.02,ATL202109140
Jon Gray,grayj003,2021-09-19,2021,COL,WAS,5,4.0,18,70,3,2,1,0,1.01,WAS202109190
Jon Gray,grayj003,2021-09-25,2021,COL,SFN,5,4.7,21,85,5,0,2,1,0.92,COL202109250
Jon Gray,grayj003,2021-10-01,2021,COL,ARI,7,4.0,19,76,7,0,3,0,1.03,ARI202110010
Josiah Gray,grayj004,2021-07-25,2021,LAN,COL,6,4.0,18,79,3,4,1,1,1.03,LAN202107250
Josiah Gray,grayj004,2021-08-02,2021,WAS,PHI,2,5.0,21,71,4,2,1,1,1.01,WAS202108020
Josiah Gray,grayj004,2021-08-07,2021,WAS,ATL,10,5.0,22,82,4,2,1,0,1.02,ATL202108070
Josiah Gray,grayj004,2021-08-13,2021,WAS,ATL,6,6.0,23,87,5,0,3,1,1.01,WAS202108130
Josiah Gray,grayj004,2021-08-18,2021,WAS,TOR,4,6.0,24,87,5,1,2,1,1.01,WAS202108180
Josiah Gray,grayj004,2021-08-25,2021,WAS,MIA,7,6.0,26,91,5,3,1,0,0.98,MIA202108250
Josiah Gray,grayj004,2021-08-30,2021,WAS,PHI,4,4.0,21,83,7,3,1,1,1.01,WAS202108300
Josiah Gray,grayj004,2021-09-05,2021,WAS,NYN,2,3.0,17,82,7,1,2,1,1.01,WAS202109050
Josiah Gray,grayj004,2021-09-11,2021,WAS,PIT,4,5.0,24,100,3,6,2,0,1.0,PIT202109110
Josiah Gray,grayj004,2021-09-17,2021,WAS,COL,5,5.3,23,94,3,4,1,1,1.01,WAS202109170
Josiah Gray,grayj004,2021-09-22,2021,WAS,MIA,8,6.0,25,100,6,1,0,0,0.98,MIA202109220
Josiah Gray,grayj004,2021-09-27,2021,WAS,COL,4,5.3,24,90,4,3,0,0,0.92,COL202109270
Josiah Gray,grayj004,2021-10-02,2021,WAS,BOS,7,6.0,22,90,3,2,1,1,1.01,WAS202110020
Sonny Gray,grays001,2021-04-17,2021,CIN,CLE,6,4.3,21,71,6,2,1,1,1.0,CIN202104170
Sonny Gray,grays001,2021-04-23,2021,CIN,SLN,6,3.7,20,86,6,3,1,0,1.0,SLN202104230
Sonny Gray,grays001,2021-04-28,2021,CIN,LAN,11,5.7,23,95,4,3,1,0,1.03,LAN202104280
Sonny Gray,grays001,2021-05-05,2021,CIN,CHA,8,7.0,26,90,2,2,0,1,1.0,CIN202105050
Sonny Gray,grays001,2021-05-12,2021,CIN,PIT,5,4.7,23,87,7,2,0,0,1.0,PIT202105120
Sonny Gray,grays001,2021-05-17,2021,CIN,SFN,3,5.0,23,87,5,2,2,1,1.0,CIN202105170
Sonny Gray,grays001,2021-05-22,2021,CIN,MIL,8,6.0,26,96,5,4,1,1,1.0,CIN202105220
Sonny Gray,grays001,2021-05-27,2021,CIN,WAS,5,6.0,21,90,2,1,0,0,1.01,WAS202105270
Sonny Gray,grays001,2021-06-01,2021,CIN,PHI,8,4.7,21,96,6,1,2,1,1.0,CIN202106010
Sonny Gray,grays001,2021-06-08,2021,CIN,MIL,5,3.0,12,50,2,0,0,1,1.0,CIN202106080
Sonny Gray,grays001,2021-07-02,2021,CIN,CHN,8,5.0,21,86,5,1,0,1,1.0,CIN202107020
Sonny Gray,grays001,2021-07-07,2021,CIN,KCA,7,7.0,28,99,7,2,0,0,0.96,KCA202107070
Sonny Gray,grays001,2021-07-18,2021,CIN,MIL,6,4.7,25,99,6,4,0,1,1.0,CIN202107180
Sonny Gray,grays001,2021-07-25,2021,CIN,SLN,3,3.3,19,72,8,1,3,1,1.0,CIN202107250
Sonny Gray,grays001,2021-07-30,2021,CIN,NYN,7,6.0,22,95,5,1,0,0,1.06,NYN202107300
Sonny Gray,grays001,2021-08-05,2021,CIN,PIT,7,5.0,23,98,6,2,0,1,1.0,CIN202108050
Sonny Gray,grays001,2021-08-10,2021,CIN,ATL,8,5.0,21,89,3,3,1,0,1.02,ATL202108100
Sonny Gray,grays001,2021-08-15,2021,CIN,PHI,2,4.7,22,78,4,3,0,0,1.01,PHI202108150
Sonny Gray,grays001,2021-08-20,2021,CIN,MIA,5,7.0,25,87,1,2,0,1,1.0,CIN202108200
Sonny Gray,grays001,2021-08-26,2021,CIN,MIL,6,6.0,23,86,3,2,0,0,1.05,MIL202108260
Sonny Gray,grays001,2021-09-01,2021,CIN,SLN,3,5.0,18,76,2,0,2,1,1.0,CIN202109012
Sonny Gray,grays001,2021-09-06,2021,CIN,CHN,8,5.0,19,66,3,0,1,0,0.97,CHN202109060
Sonny Gray,grays001,2021-09-12,2021,CIN,SLN,6,7.0,25,100,3,1,1,0,1.0,SLN202109120
Sonny Gray,grays001,2021-09-18,2021,CIN,LAN,5,6.0,26,75,4,2,0,1,1.0,CIN202109180
Sonny Gray,grays001,2021-09-24,2021,CIN,WAS,3,4.0,20,88,5,4,2,1,1.0,CIN202109240
Sonny Gray,grays001,2021-09-29,2021,CIN,CHA,6,4.7,22,86,5,2,1,0,0.99,CHA202109290
Conner Greene,greec004,2021-09-21,2021,BAL,PHI,2,1.0,5,24,1,0,0,0,1.01,PHI202109210
Zack Greinke,greiz001,2021-04-01,2021,HOU,OAK,4,6.0,19,82,3,0,0,0,1.0,OAK202104010
Zack Greinke,greiz001,2021-04-06,2021,HOU,ANA,4,7.0,26,96,5,1,1,0,0.99,ANA202104060
Zack Greinke,greiz001,2021-04-12,2021,HOU,DET,2,4.7,27,90,10,3,3,1,1.02,HOU202104120
Zack Greinke,greiz001,2021-04-17,2021,HOU,SEA,6,8.0,27,91,4,0,0,0,1.04,SEA202104170
Zack Greinke,greiz001,2021-04-23,2021,HOU,ANA,6,7.0,29,107,10,0,0,1,1.02,HOU202104230
Zack Greinke,greiz001,2021-04-28,2021,HOU,SEA,5,4.0,19,85,4,2,1,1,1.02,HOU202104280
Zack Greinke,greiz001,2021-05-04,2021,HOU,NYA,4,4.0,18,84,3,4,1,0,0.99,NYA202105040
Zack Greinke,greiz001,2021-05-09,2021,HOU,TOR,4,4.0,21,88,9,0,1,1,1.02,HOU202105090
Zack Greinke,greiz001,2021-05-14,2021,HOU,TEX,5,7.0,28,103,7,1,0,1,1.02,HOU202105140
Zack Greinke,greiz001,2021-05-19,2021,HOU,OAK,8,8.0,27,89,4,0,0,0,1.0,OAK202105190
Zack Greinke,greiz001,2021-05-25,2021,HOU,LAN,5,6.0,24,88,3,3,1,1,1.02,HOU202105250
Zack Greinke,greiz001,2021-05-30,2021,HOU,SDN,4,8.0,29,104,6,1,1,1,1.02,HOU202105300
Zack Greinke,greiz001,2021-06-04,2021,HOU,TOR,3,9.0,32,102,6,1,1,0,1.0,TOR202106040
Zack Greinke,greiz001,2021-06-10,2021,HOU,BOS,2,3.0,17,64,7,1,1,0,0.98,BOS202106100
Zack Greinke,greiz001,2021-06-16,2021,HOU,TEX,4,5.7,22,83,4,2,1,1,1.02,HOU202106160
Zack Greinke,greiz001,2021-06-22,2021,HOU,BAL,4,7.3,26,91,5,1,0,0,1.0,BAL202106220
Zack Greinke,greiz001,2021-06-28,2021,HOU,BAL,4,5.0,23,96,8,1,1,1,1.02,HOU202106280
Zack Greinke,greiz001,2021-07-04,2021,HOU,CLE,8,7.7,29,100,5,1,2,0,1.04,CLE202107040
Zack Greinke,greiz001,2021-07-10,2021,HOU,NYA,3,4.0,16,65,3,1,1,1,1.02,HOU202107100
Zack Greinke,greiz001,2021-07-19,2021,HOU,CLE,4,5.3,21,84,5,1,1,1,1.02,HOU202107190
Zack Greinke,greiz001,2021-07-25,2021,HOU,TEX,4,6.0,26,86,5,2,1,1,1.02,HOU202107250
Zack Greinke,greiz001,2021-07-31,2021,HOU,SFN,4,4.0,22,93,8,2,4,0,1.03,SFN202107310
Zack Greinke,greiz001,2021-08-06,2021,HOU,MIN,3,6.0,25,82,6,1,1,1,1.02,HOU202108060
Zack Greinke,greiz001,2021-08-13,2021,HOU,ANA,7,7.0,23,94,2,0,0,0,0.99,ANA202108130
Zack Greinke,greiz001,2021-08-18,2021,HOU,KCA,0,6.0,22,85,5,0,0,0,0.96,KCA202108180
Zack Greinke,greiz001,2021-08-23,2021,HOU,KCA,2,6.0,25,92,6,1,1,1,1.02,HOU202108230
Zack Greinke,greiz001,2021-08-29,2021,HOU,TEX,1,4.0,23,76,9,2,1,0,0.99,TEX202108290
Zack Greinke,greiz001,2021-09-14,2021,HOU,TEX,4,5.0,24,75,5,3,3,0,0.99,TEX202109140
Zack Greinke,greiz001,2021-09-19,2021,HOU,ARI,3,4.0,18,68,5,1,1,1,1.02,HOU202109190
Robert Gsellman,gselr001,2021-06-19,2021,NYN,WAS,0,2.0,8,22,3,0,1,0,1.01,WAS202106192
Junior Guerra,guerj003,2021-05-10,2021,ANA,HOU,2,1.0,8,29,3,2,0,0,1.02,HOU202105100
Vladimir Gutiérrez,gutiv001,2021-05-28,2021,CIN,CHN,3,5.0,19,67,2,2,1,0,0.97,CHN202105280
Vladimir Gutiérrez,gutiv001,2021-06-03,2021,CIN,SLN,3,5.0,21,77,3,3,0,0,1.0,SLN202106030
Vladimir Gutiérrez,gutiv001,2021-06-09,2021,CIN,MIL,7,7.0,31,102,6,3,0,1,1.0,CIN202106090
Vladimir Gutiérrez,gutiv001,2021-06-14,2021,CIN,MIL,6,6.0,24,110,4,2,1,0,1.05,MIL202106140
Vladimir Gutiérrez,gutiv001,2021-06-19,2021,CIN,SDN,4,5.0,27,102,8,4,1,0,1.08,SDN202106190
Vladimir Gutiérrez,gutiv001,2021-06-25,2021,CIN,ATL,4,6.0,26,96,6,2,2,1,1.0,CIN202106250
Vladimir Gutiérrez,gutiv001,2021-06-30,2021,CIN,SDN,3,4.3,22,72,6,3,3,1,1.0,CIN202106300
Vladimir Gutiérrez,gutiv001,2021-07-05,2021,CIN,KCA,6,6.0,25,92,5,2,0,0,0.96,KCA202107050
Vladimir Gutiérrez,gutiv001,2021-07-10,2021,CIN,MIL,0,6.0,23,80,5,2,0,0,1.05,MIL202107100
Vladimir Gutiérrez,gutiv001,2021-07-19,2021,CIN,NYN,1,4.0,21,68,9,2,3,1,1.0,CIN202107190
Vladimir Gutiérrez,gutiv001,2021-07-27,2021,CIN,CHN,5,6.3,27,109,5,3,1,0,0.97,CHN202107270
Vladimir Gutiérrez,gutiv001,2021-08-01,2021,CIN,NYN,4,7.0,25,80,3,2,1,0,1.06,NYN202108010
Vladimir Gutiérrez,gutiv001,2021-08-07,2021,CIN,PIT,6,6.0,23,99,6,1,0,1,1.0,CIN202108070
Vladimir Gutiérrez,gutiv001,2021-08-12,2021,CIN,ATL,6,6.0,25,102,5,2,0,0,1.02,ATL202108120
Vladimir Gutiérrez,gutiv001,2021-08-17,2021,CIN,CHN,7,6.3,27,80,9,1,1,1,1.0,CIN202108170
Vladimir Gutiérrez,gutiv001,2021-08-22,2021,CIN,MIA,8,7.0,25,89,3,1,0,1,1.0,CIN202108220
Vladimir Gutiérrez,gutiv001,2021-08-28,2021,CIN,MIA,2,3.0,17,67,7,0,1,0,0.98,MIA202108280
Vladimir Gutiérrez,gutiv001,2021-09-03,2021,CIN,DET,1,3.3,16,67,4,1,2,1,1.0,CIN202109030
Vladimir Gutiérrez,gutiv001,2021-09-08,2021,CIN,CHN,6,5.0,19,85,2,2,1,0,0.97,CHN202109080
Vladimir Gutiérrez,gutiv001,2021-09-15,2021,CIN,PIT,0,3.7,19,71,5,3,0,0,1.0,PIT202109150
Vladimir Gutiérrez,gutiv001,2021-09-20,2021,CIN,PIT,3,3.3,18,56,7,1,2,1,1.0,CIN202109200
Vladimir Gutiérrez,gutiv001,2021-09-25,2021,CIN,WAS,3,2.7,16,56,5,4,0,1,1.0,CIN202109250
David Hale,haled001,2021-05-20,2021,PHI,MIA,4,3.0,11,49,2,1,1,1,1.01,PHI202105200
J. A. Happ,happj001,2021-04-06,2021,MIN,DET,4,4.0,18,89,3,3,0,0,1.0,DET202104060
J. A. Happ,happj001,2021-04-13,2021,MIN,BOS,3,4.7,18,87,4,1,1,1,1.0,MIN202104130
J. A. Happ,happj001,2021-04-23,2021,MIN,PIT,3,7.3,25,95,1,2,0,1,1.0,MIN202104230
J. A. Happ,happj001,2021-04-28,2021,MIN,CLE,3,7.0,26,96,4,1,1,0,1.04,CLE202104280
J. A. Happ,happj001,2021-05-04,2021,MIN,TEX,3,5.3,22,101,4,1,0,1,1.0,MIN202105040
J. A. Happ,happj001,2021-05-12,2021,MIN,CHA,3,3.3,20,89,9,2,1,0,0.99,CHA202105120
J. A. Happ,happj001,2021-05-17,2021,MIN,CHA,1,3.7,20,85,7,3,1,1,1.0,MIN202105170
J. A. Happ,happj001,2021-05-23,2021,MIN,CLE,10,6.0,27,103,8,1,0,0,1.04,CLE202105230
J. A. Happ,happj001,2021-05-29,2021,MIN,KCA,5,5.0,19,91,3,2,1,1,1.0,MIN202105290
J. A. Happ,happj001,2021-06-03,2021,MIN,KCA,2,5.0,25,76,9,0,3,0,0.96,KCA202106030
J. A. Happ,happj001,2021-06-10,2021,MIN,NYA,2,5.0,23,101,8,1,2,1,1.0,MIN202106100
J. A. Happ,happj001,2021-06-15,2021,MIN,SEA,5,4.0,23,84,9,1,1,0,1.04,SEA202106150
J. A. Happ,happj001,2021-06-21,2021,MIN,CIN,4,4.7,23,108,5,5,2,1,1.0,MIN202106210
J. A. Happ,happj001,2021-06-27,2021,MIN,CLE,7,6.0,24,102,6,0,1,1,1.0,MIN202106270
J. A. Happ,happj001,2021-07-02,2021,MIN,KCA,4,4.3,22,89,9,1,2,0,0.96,KCA202107020
J. A. Happ,happj001,2021-07-08,2021,MIN,DET,8,7.0,28,102,8,1,1,1,1.0,MIN202107080
J. A. Happ,happj001,2021-07-18,2021,MIN,DET,4,7.0,33,100,11,1,2,0,1.0,DET202107180
J. A. Happ,happj001,2021-07-23,2021,MIN,ANA,4,6.0,26,88,7,1,2,1,1.0,MIN202107230
J. A. Happ,happj001,2021-07-28,2021,MIN,DET,2,3.0,23,88,10,4,0,1,1.0,MIN202107280
J. A. Happ,happj001,2021-08-04,2021,SLN,ATL,4,5.0,21,85,5,1,1,1,1.0,SLN202108040
J. A. Happ,happj001,2021-08-10,2021,SLN,PIT,5,6.0,20,86,1,2,1,0,1.0,PIT202108100
J. A. Happ,happj001,2021-08-15,2021,SLN,KCA,2,5.7,23,89,5,2,0,0,0.96,KCA202108150
J. A. Happ,happj001,2021-08-21,2021,SLN,PIT,8,6.0,24,94,6,1,2,1,1.0,SLN202108210
J. A. Happ,happj001,2021-08-27,2021,SLN,PIT,4,5.7,22,88,3,3,0,0,1.0,PIT202108270
J. A. Happ,happj001,2021-09-01,2021,SLN,CIN,0,1.0,13,52,8,2,2,0,1.0,CIN202109012
J. A. Happ,happj001,2021-09-07,2021,SLN,LAN,3,5.0,22,78,7,0,2,1,1.0,SLN202109070
J. A. Happ,happj001,2021-09-12,2021,SLN,CIN,4,5.3,20,82,2,1,0,1,1.0,SLN202109120
J. A. Happ,happj001,2021-09-19,2021,SLN,SDN,2,4.0,17,75,4,1,0,1,1.0,SLN202109190
J. A. Happ,happj001,2021-09-24,2021,SLN,CHN,6,4.0,17,74,2,4,0,0,0.97,CHN202109241
J. A. Happ,happj001,2021-09-30,2021,SLN,MIL,7,6.3,27,97,9,0,1,1,1.0,SLN202109300
Matt Harvey,harvm001,2021-04-03,2021,BAL,BOS,4,4.7,21,86,6,1,0,0,0.98,BOS202104030
Matt Harvey,harvm001,2021-04-08,2021,BAL,BOS,5,5.0,23,84,7,1,1,1,1.0,BAL202104080
Matt Harvey,harvm001,2021-04-15,2021,BAL,SEA,3,4.7,20,89,3,1,1,1,1.0,BAL202104151
Matt Harvey,harvm001,2021-04-20,2021,BAL,MIA,4,5.0,24,82,8,0,0,0,0.98,MIA202104200
Matt Harvey,harvm001,2021-04-26,2021,BAL,NYA,5,6.0,22,84,3,3,0,1,1.0,BAL202104260
Matt Harvey,harvm001,2021-05-01,2021,BAL,OAK,1,5.7,24,90,4,3,0,0,1.0,OAK202105010
Matt Harvey,harvm001,2021-05-07,2021,BAL,BOS,3,4.0,19,86,4,1,1,1,1.0,BAL202105070
Matt Harvey,harvm001,2021-05-12,2021,BAL,NYN,4,4.3,22,78,8,1,0,0,1.06,NYN202105120
Matt Harvey,harvm001,2021-05-18,2021,BAL,TBA,1,1.7,13,59,7,1,2,1,1.0,BAL202105180
Matt Harvey,harvm001,2021-05-23,2021,BAL,WAS,6,4.7,24,92,9,1,1,0,1.01,WAS202105230
Matt Harvey,harvm001,2021-05-29,2021,BAL,CHA,6,3.0,18,88,5,3,1,0,0.99,CHA202105291
Matt Harvey,harvm001,2021-06-02,2021,BAL,MIN,3,3.0,12,43,2,1,1,1,1.0,BAL202106020
Matt Harvey,harvm001,2021-06-09,2021,BAL,NYN,2,3.0,17,61,8,1,2,1,1.0,BAL202106090
Matt Harvey,harvm001,2021-06-15,2021,BAL,CLE,2,3.3,20,82,6,2,0,0,1.04,CLE202106150
Matt Harvey,harvm001,2021-06-20,2021,BAL,TOR,4,4.3,24,84,9,2,0,1,1.0,BAL202106200
Matt Harvey,harvm001,2021-06-25,2021,BAL,TOR,2,5.7,24,92,6,1,2,0,1.0,TOR202106250
Matt Harvey,harvm001,2021-06-30,2021,BAL,HOU,3,4.3,19,79,4,2,0,0,1.02,HOU202106300
Matt Harvey,harvm001,2021-07-07,2021,BAL,TOR,3,3.7,20,75,9,1,0,1,1.0,BAL202107070
Matt Harvey,harvm001,2021-07-18,2021,BAL,KCA,2,6.0,23,74,3,1,0,0,0.96,KCA202107180
Matt Harvey,harvm001,2021-07-24,2021,BAL,WAS,4,6.0,19,83,1,0,0,1,1.0,BAL202107240
Matt Harvey,harvm001,2021-07-30,2021,BAL,DET,5,6.3,24,81,6,0,0,0,1.0,DET202107300
Matt Harvey,harvm001,2021-08-04,2021,BAL,NYA,1,4.0,16,63,3,2,1,0,0.99,NYA202108040
Matt Harvey,harvm001,2021-08-11,2021,BAL,DET,5,5.0,26,82,8,3,1,1,1.0,BAL202108110
Matt Harvey,harvm001,2021-08-16,2021,BAL,TBA,6,4.7,21,86,5,1,2,0,1.05,TBA202108160
Matt Harvey,harvm001,2021-08-21,2021,BAL,ATL,5,5.3,25,97,7,1,2,1,1.0,BAL202108210
Matt Harvey,harvm001,2021-08-27,2021,BAL,TBA,4,6.0,23,87,4,1,0,1,1.0,BAL202108270
Matt Harvey,harvm001,2021-09-01,2021,BAL,TOR,0,4.0,18,71,6,1,1,0,1.0,TOR202109010
Matt Harvey,harvm001,2021-09-08,2021,BAL,KCA,2,4.3,21,74,9,1,0,1,1.0,BAL202109080
Thomas Hatch,hatct001,2021-07-26,2021,TOR,BOS,4,3.7,19,73,7,1,1,0,0.98,BOS202107260
Thomas Hatch,hatct001,2021-09-11,2021,TOR,BAL,3,4.0,18,63,3,2,1,0,1.0,BAL202109112
Louis Head,headl001,2021-08-18,2021,TBA,BAL,3,1.0,6,34,3,0,1,1,1.05,TBA202108180
Louis Head,headl001,2021-09-16,2021,TBA,DET,1,1.0,3,19,0,0,0,1,1.05,TBA202109160
Andrew Heaney,heana001,2021-04-02,2021,ANA,CHA,4,3.0,16,70,5,2,1,1,0.99,ANA202104020
Andrew Heaney,heana001,2021-04-09,2021,ANA,TOR,9,6.0,23,93,3,2,0,0,1.0,TOR202104090
Andrew Heaney,heana001,2021-04-16,2021,ANA,MIN,6,5.3,18,79,2,3,0,1,0.99,ANA202104160
Andrew Heaney,heana001,2021-04-23,2021,ANA,HOU,10,6.3,22,101,2,0,0,0,1.02,HOU202104230
Andrew Heaney,heana001,2021-04-30,2021,ANA,SEA,5,3.3,18,90,6,2,3,0,1.04,SEA202104300
Andrew Heaney,heana001,2021-05-06,2021,ANA,TBA,10,6.7,24,110,4,1,0,1,0.99,ANA202105060
Andrew Heaney,heana001,2021-05-12,2021,ANA,HOU,5,5.3,25,92,9,0,3,0,1.02,HOU202105120
Andrew Heaney,heana001,2021-05-18,2021,ANA,CLE,1,3.0,18,81,6,2,1,1,0.99,ANA202105180
Andrew Heaney,heana001,2021-05-25,2021,ANA,TEX,5,5.7,25,105,4,4,1,1,0.99,ANA202105250
Andrew Heaney,heana001,2021-06-01,2021,ANA,SFN,7,6.3,24,89,5,1,0,0,1.03,SFN202106010
Andrew Heaney,heana001,2021-06-08,2021,ANA,KCA,7,6.7,27,109,6,2,0,1,0.99,ANA202106080
Andrew Heaney,heana001,2021-06-15,2021,ANA,OAK,6,5.0,21,98,5,1,0,0,1.0,OAK202106150
Andrew Heaney,heana001,2021-06-22,2021,ANA,SFN,10,6.0,28,107,10,0,2,1,0.99,ANA202106220
Andrew Heaney,heana001,2021-06-29,2021,ANA,NYA,4,3.0,18,77,5,4,3,0,0.99,NYA202106290
Andrew Heaney,heana001,2021-07-07,2021,ANA,BOS,5,5.3,23,107,6,2,0,1,0.99,ANA202107070
Andrew Heaney,heana001,2021-07-16,2021,ANA,SEA,4,4.0,19,79,6,0,1,1,0.99,ANA202107160
Andrew Heaney,heana001,2021-07-22,2021,ANA,MIN,7,7.0,27,102,4,2,0,0,1.0,MIN202107220
Andrew Heaney,heana001,2021-07-28,2021,ANA,COL,8,6.0,25,104,4,3,1,1,0.99,ANA202107280
Andrew Heaney,heana001,2021-08-02,2021,NYA,BAL,4,4.0,18,83,6,0,4,1,0.99,NYA202108020
Andrew Heaney,heana001,2021-08-07,2021,NYA,SEA,9,6.0,26,109,4,3,1,1,0.99,NYA202108070
Andrew Heaney,heana001,2021-08-12,2021,NYA,CHA,5,5.0,23,77,5,3,3,0,0.99,CHA202108120
Andrew Heaney,heana001,2021-08-18,2021,NYA,BOS,4,7.0,24,108,2,2,1,1,0.99,NYA202108180
Andrew Heaney,heana001,2021-08-24,2021,NYA,ATL,5,4.0,17,68,3,1,0,0,1.02,ATL202108240
Taylor Hearn,heart001,2021-06-22,2021,TEX,OAK,2,0.7,7,34,2,3,1,1,0.99,TEX202106220
Taylor Hearn,heart001,2021-07-25,2021,TEX,HOU,3,3.0,9,41,0,1,0,0,1.02,HOU202107250
Taylor Hearn,heart001,2021-07-31,2021,TEX,SEA,3,3.7,14,52,3,1,1,1,0.99,TEX202107310
Taylor Hearn,heart001,2021-08-17,2021,TEX,SEA,2,5.0,21,72,5,0,0,1,0.99,TEX202108170
Taylor Hearn,heart001,2021-08-24,2021,TEX,CLE,6,5.0,21,88,5,2,2,0,1.04,CLE202108240
Taylor Hearn,heart001,2021-08-29,2021,TEX,HOU,6,6.7,25,89,6,0,1,1,0.99,TEX202108290
Taylor Hearn,heart001,2021-09-05,2021,TEX,ANA,4,7.0,28,77,7,0,2,0,0.99,ANA202109050
Taylor Hearn,heart001,2021-09-12,2021,TEX,OAK,2,6.0,22,80,5,0,2,0,1.0,OAK202109120
Taylor Hearn,heart001,2021-09-17,2021,TEX,CHA,4,3.3,21,85,8,3,0,1,0.99,TEX202109170
Taylor Hearn,heart001,2021-09-22,2021,TEX,NYA,3,5.3,22,84,4,4,0,0,0.99,NYA202109220
Taylor Hearn,heart001,2021-09-29,2021,TEX,ANA,2,5.3,21,91,6,1,0,1,0.99,TEX202109290
Jonathan Heasley,heasj001,2021-09-17,2021,KCA,SEA,2,4.0,18,75,6,0,2,1,0.96,KCA202109170
Jonathan Heasley,heasj001,2021-09-25,2021,KCA,DET,3,5.3,19,87,3,2,0,0,1.0,DET202109250
Jonathan Heasley,heasj001,2021-10-01,2021,KCA,MIN,1,5.3,22,88,6,1,1,1,0.96,KCA202110010
Kyle Hendricks,hendk001,2021-04-01,2021,CHN,PIT,4,3.0,16,63,4,3,1,1,0.97,CHN202104010
Kyle Hendricks,hendk001,2021-04-07,2021,CHN,MIL,6,6.0,24,85,4,1,0,1,0.97,CHN202104070
Kyle Hendricks,hendk001,2021-04-18,2021,CHN,ATL,2,4.0,22,74,7,3,4,1,0.97,CHN202104180
Kyle Hendricks,hendk001,2021-04-23,2021,CHN,MIL,6,6.0,24,92,6,1,2,1,0.97,CHN202104230
Kyle Hendricks,hendk001,2021-04-28,2021,CHN,ATL,3,3.7,22,71,11,0,3,0,1.02,ATL202104280
Kyle Hendricks,hendk001,2021-05-04,2021,CHN,LAN,6,7.0,30,92,7,1,1,1,0.97,CHN202105041
Kyle Hendricks,hendk001,2021-05-09,2021,CHN,PIT,3,5.0,27,88,9,1,0,1,0.97,CHN202105090
Kyle Hendricks,hendk001,2021-05-16,2021,CHN,DET,8,8.0,30,105,8,0,0,0,1.0,DET202105160
Kyle Hendricks,hendk001,2021-05-21,2021,CHN,SLN,4,6.7,28,83,7,1,0,0,1.0,SLN202105210
Kyle Hendricks,hendk001,2021-05-27,2021,CHN,PIT,5,7.0,26,83,6,0,3,0,1.0,PIT202105270
Kyle Hendricks,hendk001,2021-06-01,2021,CHN,SDN,4,6.0,25,75,7,0,2,1,0.97,CHN202106010
Kyle Hendricks,hendk001,2021-06-06,2021,CHN,SFN,5,6.3,28,101,7,3,1,0,1.03,SFN202106060
Kyle Hendricks,hendk001,2021-06-12,2021,CHN,SLN,2,6.0,22,87,3,1,2,1,0.97,CHN202106120
Kyle Hendricks,hendk001,2021-06-17,2021,CHN,NYN,7,6.0,21,92,2,2,0,0,1.06,NYN202106170
Kyle Hendricks,hendk001,2021-06-22,2021,CHN,CLE,5,6.0,22,93,4,0,0,1,0.97,CHN202106220
Kyle Hendricks,hendk001,2021-06-28,2021,CHN,MIL,4,6.0,27,90,7,2,1,0,1.05,MIL202106280
Kyle Hendricks,hendk001,2021-07-04,2021,CHN,CIN,5,6.0,23,93,5,0,0,0,1.0,CIN202107040
Kyle Hendricks,hendk001,2021-07-09,2021,CHN,SLN,1,6.3,28,93,7,1,0,1,0.97,CHN202107090
Kyle Hendricks,hendk001,2021-07-16,2021,CHN,ARI,4,6.0,25,101,6,3,0,0,1.03,ARI202107160
Kyle Hendricks,hendk001,2021-07-21,2021,CHN,SLN,3,6.3,26,90,8,0,0,0,1.0,SLN202107210
Kyle Hendricks,hendk001,2021-07-26,2021,CHN,CIN,4,4.3,23,84,9,2,2,1,0.97,CHN202107260
Kyle Hendricks,hendk001,2021-07-31,2021,CHN,WAS,3,7.0,28,100,4,1,0,0,1.01,WAS202107310
Kyle Hendricks,hendk001,2021-08-06,2021,CHN,CHA,7,6.0,27,98,7,3,0,1,0.97,CHN202108060
Kyle Hendricks,hendk001,2021-08-12,2021,CHN,MIL,3,4.0,25,97,11,1,2,1,0.97,CHN202108120
Kyle Hendricks,hendk001,2021-08-17,2021,CHN,CIN,3,6.0,23,94,3,3,1,0,1.0,CIN202108170
Kyle Hendricks,hendk001,2021-08-23,2021,CHN,COL,6,7.0,30,104,9,0,0,1,0.97,CHN202108230
Kyle Hendricks,hendk001,2021-08-29,2021,CHN,CHA,4,4.7,22,72,7,2,3,0,0.99,CHA202108290
Kyle Hendricks,hendk001,2021-09-04,2021,CHN,PIT,1,4.3,23,79,5,3,1,1,0.97,CHN202109040
Kyle Hendricks,hendk001,2021-09-10,2021,CHN,SFN,4,6.0,23,104,4,2,0,1,0.97,CHN202109100
Kyle Hendricks,hendk001,2021-09-16,2021,CHN,PHI,1,3.7,21,76,6,3,0,0,1.01,PHI202109160
Kyle Hendricks,hendk001,2021-09-22,2021,CHN,MIN,3,5.7,23,72,5,0,2,1,0.97,CHN202109220
Kyle Hendricks,hendk001,2021-09-29,2021,CHN,PIT,5,5.0,21,78,5,1,0,0,1.0,PIT202109290
Sam Hentges,hents001,2021-05-12,2021,CLE,CHN,6,4.7,21,84,4,4,0,1,1.04,CLE202105120
Sam Hentges,hents001,2021-05-17,2021,CLE,ANA,1,1.7,13,51,5,3,1,0,0.99,ANA202105170
Sam Hentges,hents001,2021-05-24,2021,CLE,DET,7,5.0,22,88,5,3,0,0,1.0,DET202105240
Sam Hentges,hents001,2021-05-30,2021,CLE,TOR,2,2.3,14,54,4,3,0,1,1.04,CLE202105302
Sam Hentges,hents001,2021-06-20,2021,CLE,PIT,4,5.0,17,57,2,1,0,0,1.0,PIT202106200
Sam Hentges,hents001,2021-06-27,2021,CLE,MIN,1,3.3,19,72,6,4,2,0,1.0,MIN202106270
Sam Hentges,hents001,2021-07-02,2021,CLE,HOU,3,2.7,17,65,6,2,0,1,1.04,CLE202107020
Sam Hentges,hents001,2021-07-07,2021,CLE,TBA,3,4.3,21,86,5,3,0,0,1.05,TBA202107072
Sam Hentges,hents001,2021-08-09,2021,CLE,CIN,1,2.0,10,39,4,1,0,1,1.04,CLE202108090
Sam Hentges,hents001,2021-08-14,2021,CLE,DET,3,2.0,10,44,4,0,1,0,1.0,DET202108140
Sam Hentges,hents001,2021-08-20,2021,CLE,ANA,2,4.0,15,61,3,1,0,1,1.04,CLE202108200
Sam Hentges,hents001,2021-08-26,2021,CLE,TEX,3,4.0,19,68,5,2,0,1,1.04,CLE202108260
Carlos Hernández,hernc006,2021-07-18,2021,KCA,BAL,6,4.0,18,78,3,2,0,1,0.96,KCA202107180
Carlos Hernández,hernc006,2021-07-24,2021,KCA,DET,2,2.7,14,53,2,4,1,1,0.96,KCA202107240
Carlos Hernández,hernc006,2021-07-29,2021,KCA,CHA,4,6.0,21,84,4,1,0,1,0.96,KCA202107290
Carlos Hernández,hernc006,2021-08-04,2021,KCA,CHA,6,5.0,18,93,2,2,1,0,0.99,CHA202108040
Carlos Hernández,hernc006,2021-08-09,2021,KCA,NYA,3,6.7,24,96,5,1,0,1,0.96,KCA202108090
Carlos Hernández,hernc006,2021-08-16,2021,KCA,HOU,1,6.0,25,72,8,0,2,1,0.96,KCA202108160
Carlos Hernández,hernc006,2021-08-22,2021,KCA,CHN,8,7.0,27,107,4,3,0,0,0.97,CHN202108220
Carlos Hernández,hernc006,2021-09-03,2021,KCA,CHA,3,6.0,26,95,5,3,0,1,0.96,KCA202109030
Carlos Hernández,hernc006,2021-09-09,2021,KCA,BAL,1,6.0,23,89,3,3,0,0,1.0,BAL202109090
Carlos Hernández,hernc006,2021-09-15,2021,KCA,OAK,3,4.0,24,87,9,4,1,1,0.96,KCA202109150
Carlos Hernández,hernc006,2021-09-24,2021,KCA,DET,1,5.0,20,89,2,3,0,0,1.0,DET202109240
Elieser Hernández,herne002,2021-04-03,2021,MIA,TBA,3,2.3,9,34,2,0,1,1,0.98,MIA202104030
Elieser Hernández,herne002,2021-06-03,2021,MIA,PIT,6,5.0,18,68,3,0,1,0,1.0,PIT202106030
Elieser Hernández,herne002,2021-08-15,2021,MIA,CHN,4,5.3,22,82,4,1,1,1,0.98,MIA202108150
Elieser Hernández,herne002,2021-08-20,2021,MIA,CIN,6,4.7,23,68,5,2,2,0,1.0,CIN202108200
Elieser Hernández,herne002,2021-08-26,2021,MIA,WAS,4,5.0,23,83,7,1,1,1,0.98,MIA202108260
Elieser Hernández,herne002,2021-09-05,2021,MIA,PHI,6,5.0,19,72,3,1,2,1,0.98,MIA202109050
Elieser Hernández,herne002,2021-09-11,2021,MIA,ATL,4,4.7,22,93,7,1,0,0,1.02,ATL202109110
Elieser Hernández,herne002,2021-09-17,2021,MIA,PIT,3,5.7,26,92,5,5,0,1,0.98,MIA202109170
Elieser Hernández,herne002,2021-09-22,2021,MIA,WAS,7,4.0,21,78,7,2,3,1,0.98,MIA202109220
Elieser Hernández,herne002,2021-09-29,2021,MIA,NYN,6,5.0,20,65,6,0,1,0,1.06,NYN202109290
David Hess,hessd001,2021-08-08,2021,MIA,COL,0,1.0,10,29,6,0,3,0,0.92,COL202108080
Rich Hill,hillr001,2021-04-03,2021,TBA,MIA,4,4.0,18,71,5,2,1,0,0.98,MIA202104030
Rich Hill,hillr001,2021-04-09,2021,TBA,NYA,7,6.0,22,83,4,0,1,1,1.05,TBA202104090
Rich Hill,hillr001,2021-04-15,2021,TBA,TEX,2,4.3,21,88,7,2,2,1,1.05,TBA202104150
Rich Hill,hillr001,2021-04-20,2021,TBA,KCA,1,2.0,11,40,4,1,0,0,0.96,KCA202104200
Rich Hill,hillr001,2021-04-26,2021,TBA,OAK,10,6.0,23,93,2,2,1,1,1.05,TBA202104260
Rich Hill,hillr001,2021-05-02,2021,TBA,HOU,4,3.0,11,44,1,1,0,1,1.05,TBA202105020
Rich Hill,hillr001,2021-05-07,2021,TBA,OAK,4,6.0,22,79,2,2,0,0,1.0,OAK202105070
Rich Hill,hillr001,2021-05-13,2021,TBA,NYA,9,6.7,26,104,3,3,0,1,1.05,TBA202105130
Rich Hill,hillr001,2021-05-20,2021,TBA,BAL,4,6.0,23,90,2,4,1,0,1.0,BAL202105200
Rich Hill,hillr001,2021-05-25,2021,TBA,KCA,13,8.0,31,99,6,0,1,1,1.05,TBA202105250
Rich Hill,hillr001,2021-05-31,2021,TBA,NYA,2,5.0,19,56,3,2,0,0,0.99,NYA202105310
Rich Hill,hillr001,2021-06-05,2021,TBA,TEX,3,5.0,17,59,2,1,0,0,0.99,TEX202106050
Rich Hill,hillr001,2021-06-12,2021,TBA,BAL,5,4.7,19,70,4,3,1,1,1.05,TBA202106120
Rich Hill,hillr001,2021-06-17,2021,TBA,SEA,5,5.0,22,86,6,1,2,0,1.04,SEA202106170
Rich Hill,hillr001,2021-06-23,2021,TBA,BOS,5,5.0,23,97,3,5,0,1,1.05,TBA202106230
Rich Hill,hillr001,2021-06-29,2021,TBA,WAS,2,6.0,24,82,8,1,3,0,1.01,WAS202106290
Rich Hill,hillr001,2021-07-05,2021,TBA,CLE,5,3.7,16,52,3,1,0,1,1.05,TBA202107050
Rich Hill,hillr001,2021-07-11,2021,TBA,TOR,2,5.0,21,68,4,3,1,1,1.05,TBA202107110
Rich Hill,hillr001,2021-07-18,2021,TBA,ATL,4,4.0,20,83,6,2,0,0,1.02,ATL202107180
Rich Hill,hillr001,2021-07-25,2021,NYN,TOR,1,5.0,21,62,5,2,0,1,1.06,NYN202107250
Rich Hill,hillr001,2021-07-31,2021,NYN,CIN,4,5.0,22,81,5,1,2,1,1.06,NYN202107310
Rich Hill,hillr001,2021-08-05,2021,NYN,MIA,3,5.0,19,80,3,1,0,0,0.98,MIA202108050
Rich Hill,hillr001,2021-08-16,2021,NYN,SFN,2,3.7,16,68,6,0,0,0,1.03,SFN202108160
Rich Hill,hillr001,2021-08-21,2021,NYN,LAN,2,5.0,20,71,6,0,3,0,1.03,LAN202108210
Rich Hill,hillr001,2021-08-27,2021,NYN,WAS,8,5.0,22,91,5,0,0,1,1.06,NYN202108270
Rich Hill,hillr001,2021-09-03,2021,NYN,WAS,4,6.0,22,85,3,2,0,0,1.01,WAS202109030
Rich Hill,hillr001,2021-09-08,2021,NYN,MIA,8,6.0,24,83,5,0,0,0,0.98,MIA202109080
Rich Hill,hillr001,2021-09-13,2021,NYN,SLN,4,5.0,23,83,6,2,1,1,1.06,NYN202109130
Rich Hill,hillr001,2021-09-19,2021,NYN,PHI,7,4.7,21,86,6,1,0,1,1.06,NYN202109190
Rich Hill,hillr001,2021-09-25,2021,NYN,MIL,6,5.0,21,97,2,4,0,0,1.05,MIL202109250
Rich Hill,hillr001,2021-09-30,2021,NYN,MIA,6,5.0,24,86,6,3,1,1,1.06,NYN202109300
Jeff Hoffman,hoffj003,2021-04-04,2021,CIN,SLN,6,5.0,17,77,3,0,0,1,1.0,CIN202104040
Jeff Hoffman,hoffj003,2021-04-10,2021,CIN,ARI,2,4.3,21,82,6,3,1,0,1.03,ARI202104100
Jeff Hoffman,hoffj003,2021-04-16,2021,CIN,CLE,4,6.0,26,91,7,3,1,1,1.0,CIN202104160
Jeff Hoffman,hoffj003,2021-04-22,2021,CIN,ARI,4,5.0,20,88,4,1,0,1,1.0,CIN202104220
Jeff Hoffman,hoffj003,2021-04-27,2021,CIN,LAN,3,4.0,18,73,1,5,1,0,1.03,LAN202104270
Jeff Hoffman,hoffj003,2021-05-04,2021,CIN,CHA,4,2.3,14,63,5,1,1,1,1.0,CIN202105040
Jeff Hoffman,hoffj003,2021-05-11,2021,CIN,PIT,4,4.0,19,75,4,2,0,0,1.0,PIT202105110
Jeff Hoffman,hoffj003,2021-05-16,2021,CIN,COL,5,4.0,21,79,4,3,0,0,0.92,COL202105160
Jeff Hoffman,hoffj003,2021-05-21,2021,CIN,MIL,7,5.0,21,99,2,4,0,1,1.0,CIN202105210
Jeff Hoffman,hoffj003,2021-05-26,2021,CIN,WAS,0,1.3,11,46,2,5,0,0,1.01,WAS202105260
Jeff Hoffman,hoffj003,2021-07-21,2021,CIN,NYN,0,4.0,23,82,7,3,2,1,1.0,CIN202107210
Derek Holland,holld003,2021-04-09,2021,DET,CLE,3,2.7,13,46,4,0,1,0,1.04,CLE202104090
Jordan Holloway,hollj002,2021-05-10,2021,MIA,ARI,1,3.7,18,68,5,3,0,0,1.03,ARI202105100
Jordan Holloway,hollj002,2021-05-15,2021,MIA,LAN,2,3.0,15,74,2,4,0,0,1.03,LAN202105150
Jordan Holloway,hollj002,2021-06-30,2021,MIA,PHI,5,3.0,18,66,4,5,1,0,1.01,PHI202106300
Jordan Holloway,hollj002,2021-07-28,2021,MIA,BAL,4,2.3,14,60,3,4,2,0,1.0,BAL202107280
Brent Honeywell,honeb001,2021-04-11,2021,TBA,NYA,2,2.0,6,21,0,0,0,1,1.05,TBA202104110
Brent Honeywell,honeb001,2021-04-24,2021,TBA,TOR,2,1.0,7,30,3,1,1,1,1.05,TBA202104240
Tanner Houck,houct001,2021-04-03,2021,BOS,BAL,8,5.0,22,85,6,1,0,1,0.98,BOS202104030
Tanner Houck,houct001,2021-04-18,2021,BOS,CHA,2,4.3,19,58,7,0,1,1,0.98,BOS202104181
Tanner Houck,houct001,2021-07-22,2021,BOS,NYA,8,4.7,18,87,2,2,0,1,0.98,BOS202107220
Tanner Houck,houct001,2021-07-28,2021,BOS,TOR,7,4.0,15,75,2,1,0,1,0.98,BOS202107282
Tanner Houck,houct001,2021-08-07,2021,BOS,TOR,6,3.7,16,74,3,2,0,0,1.0,TOR202108072
Tanner Houck,houct001,2021-08-12,2021,BOS,TBA,8,5.0,21,89,6,0,1,1,0.98,BOS202108120
Tanner Houck,houct001,2021-08-17,2021,BOS,NYA,2,4.0,18,58,5,0,0,0,0.99,NYA202108171
Tanner Houck,houct001,2021-08-24,2021,BOS,MIN,6,4.7,22,90,8,1,0,1,0.98,BOS202108240
Tanner Houck,houct001,2021-08-29,2021,BOS,CLE,3,5.3,23,90,1,4,1,0,1.04,CLE202108290
Tanner Houck,houct001,2021-09-04,2021,BOS,CLE,7,5.0,17,68,3,0,0,1,0.98,BOS202109040
Tanner Houck,houct001,2021-09-10,2021,BOS,CHA,1,3.7,19,70,4,3,1,0,0.99,CHA202109100
Tanner Houck,houct001,2021-09-15,2021,BOS,SEA,7,4.3,18,71,4,1,0,0,1.04,SEA202109150
Tanner Houck,houct001,2021-10-02,2021,BOS,WAS,8,5.0,15,53,0,0,0,0,1.01,WAS202110020
Adrian Houser,housa001,2021-04-04,2021,MIL,MIN,4,5.0,18,77,4,2,1,1,1.05,MIL202104040
Adrian Houser,housa001,2021-04-10,2021,MIL,SLN,3,5.0,23,81,6,4,0,0,1.0,SLN202104100
Adrian Houser,housa001,2021-04-16,2021,MIL,PIT,3,4.3,18,73,5,1,1,1,1.05,MIL202104160
Adrian Houser,housa001,2021-04-21,2021,MIL,SDN,2,4.7,21,83,5,2,0,0,1.08,SDN202104210
Adrian Houser,housa001,2021-04-27,2021,MIL,MIA,7,5.7,22,87,5,1,1,1,1.05,MIL202104270
Adrian Houser,housa001,2021-05-03,2021,MIL,PHI,2,6.0,23,95,4,1,1,0,1.01,PHI202105030
Adrian Houser,housa001,2021-05-08,2021,MIL,MIA,10,6.0,23,94,5,0,1,0,0.98,MIA202105080
Adrian Houser,housa001,2021-05-14,2021,MIL,ATL,3,3.0,17,65,2,5,0,1,1.05,MIL202105140
Adrian Houser,housa001,2021-05-21,2021,MIL,CIN,4,4.0,21,91,5,4,3,0,1.0,CIN202105210
Adrian Houser,housa001,2021-05-27,2021,MIL,SDN,4,5.0,18,84,1,1,0,1,1.05,MIL202105270
Adrian Houser,housa001,2021-06-08,2021,MIL,CIN,4,5.3,23,87,5,3,0,0,1.0,CIN202106080
Adrian Houser,housa001,2021-06-13,2021,MIL,PIT,2,5.7,23,82,7,0,1,1,1.05,MIL202106130
Adrian Houser,housa001,2021-06-19,2021,MIL,COL,2,6.0,27,86,9,2,0,0,0.92,COL202106190
Adrian Houser,housa001,2021-06-26,2021,MIL,COL,4,5.0,23,95,5,4,1,1,1.05,MIL202106260
Adrian Houser,housa001,2021-07-02,2021,MIL,PIT,5,6.7,26,103,4,2,0,0,1.0,PIT202107020
Adrian Houser,housa001,2021-07-08,2021,MIL,CIN,6,4.3,23,93,5,4,0,1,1.05,MIL202107080
Adrian Houser,housa001,2021-07-16,2021,MIL,CIN,1,4.0,20,71,4,3,0,0,1.0,CIN202107160
Adrian Houser,housa001,2021-07-28,2021,MIL,PIT,2,5.0,18,70,2,1,0,0,1.0,PIT202107280
Adrian Houser,housa001,2021-08-03,2021,MIL,PIT,4,6.3,23,104,0,5,0,1,1.05,MIL202108030
Adrian Houser,housa001,2021-08-22,2021,MIL,WAS,2,3.3,14,68,3,2,0,1,1.05,MIL202108220
Adrian Houser,housa001,2021-08-28,2021,MIL,MIN,4,5.0,26,94,6,3,0,0,1.0,MIN202108280
Adrian Houser,housa001,2021-09-04,2021,MIL,SLN,7,9.0,29,100,3,0,0,1,1.05,MIL202109040
Adrian Houser,housa001,2021-09-10,2021,MIL,CLE,5,6.0,26,103,1,5,0,0,1.04,CLE202109100
Adrian Houser,housa001,2021-09-17,2021,MIL,CHN,3,4.0,21,92,7,2,1,1,1.05,MIL202109170
Adrian Houser,housa001,2021-09-23,2021,MIL,SLN,3,6.0,23,81,5,2,0,1,1.05,MIL202109230
Adrian Houser,housa001,2021-09-29,2021,MIL,SLN,1,5.0,19,67,3,2,0,0,1.0,SLN202109290
Sam Howard,howas002,2021-09-24,2021,PIT,PHI,3,1.0,3,12,0,0,0,0,1.01,PHI202109240
Spencer Howard,howas003,2021-05-22,2021,PHI,BOS,5,3.0,15,68,1,4,0,1,1.01,PHI202105220
Spencer Howard,howas003,2021-05-27,2021,PHI,MIA,4,4.0,17,66,2,3,0,0,0.98,MIA202105270
Spencer Howard,howas003,2021-06-05,2021,PHI,WAS,2,2.3,11,48,1,2,0,1,1.01,PHI202106050
Spencer Howard,howas003,2021-06-14,2021,PHI,LAN,4,4.0,15,67,2,1,2,0,1.03,LAN202106140
Spencer Howard,howas003,2021-06-28,2021,PHI,CIN,1,2.3,12,39,4,1,0,0,1.0,CIN202106280
Spencer Howard,howas003,2021-07-21,2021,PHI,NYA,2,3.0,11,42,1,1,0,0,0.99,NYA202107210
Spencer Howard,howas003,2021-07-26,2021,PHI,WAS,2,3.7,15,45,6,0,0,1,1.01,PHI202107260
Spencer Howard,howas003,2021-08-05,2021,TEX,ANA,3,2.3,12,45,3,2,1,1,0.99,TEX202108050
Spencer Howard,howas003,2021-08-11,2021,TEX,SEA,3,3.0,11,44,2,0,0,0,1.04,SEA202108110
Spencer Howard,howas003,2021-08-19,2021,TEX,SEA,3,2.0,12,52,5,1,1,1,0.99,TEX202108190
Spencer Howard,howas003,2021-09-07,2021,TEX,ARI,1,2.0,6,23,0,0,0,0,1.03,ARI202109070
Spencer Howard,howas003,2021-09-13,2021,TEX,HOU,2,1.3,11,51,6,1,0,1,0.99,TEX202109130
Spencer Howard,howas003,2021-09-18,2021,TEX,CHA,3,3.0,13,57,1,3,0,1,0.99,TEX202109180
Spencer Howard,howas003,2021-09-24,2021,TEX,BAL,4,4.0,17,66,6,0,1,0,1.0,BAL202109240
Spencer Howard,howas003,2021-10-01,2021,TEX,CLE,2,3.7,20,73,5,3,2,1,0.99,TEX202110010
Dakota Hudson,hudsd002,2021-10-01,2021,SLN,CHN,4,5.0,18,70,3,1,0,1,1.0,SLN202110010
Tommy Hunter,huntt002,2021-05-08,2021,NYN,ARI,1,2.0,7,17,0,0,0,1,1.06,NYN202105080
Drew Hutchison,hutcd001,2021-08-15,2021,DET,CLE,1,1.7,13,52,5,3,1,1,1.0,DET202108150
Drew Hutchison,hutcd001,2021-08-22,2021,DET,TOR,1,4.3,18,61,4,1,0,0,1.0,TOR202108220
Cole Irvin,irvic001,2021-04-03,2021,OAK,HOU,2,4.3,22,82,7,1,0,1,1.0,OAK202104030
Cole Irvin,irvic001,2021-04-08,2021,OAK,HOU,3,5.3,23,79,5,1,2,0,1.02,HOU202104080
Cole Irvin,irvic001,2021-04-17,2021,OAK,DET,6,6.0,23,93,4,0,0,1,1.0,OAK202104170
Cole Irvin,irvic001,2021-04-23,2021,OAK,BAL,6,5.3,25,93,8,1,0,0,1.0,BAL202104230
Cole Irvin,irvic001,2021-04-28,2021,OAK,TBA,8,6.0,24,98,7,1,1,0,1.05,TBA202104280
Cole Irvin,irvic001,2021-05-04,2021,OAK,TOR,9,8.0,27,102,3,1,0,1,1.0,OAK202105040
Cole Irvin,irvic001,2021-05-09,2021,OAK,TBA,3,6.0,24,82,4,1,2,1,1.0,OAK202105090
Cole Irvin,irvic001,2021-05-15,2021,OAK,MIN,2,6.7,27,81,5,2,0,0,1.0,MIN202105150
Cole Irvin,irvic001,2021-05-20,2021,OAK,HOU,1,5.0,24,86,8,2,1,1,1.0,OAK202105200
Cole Irvin,irvic001,2021-05-25,2021,OAK,SEA,2,4.7,24,73,10,1,0,1,1.0,OAK202105250
Cole Irvin,irvic001,2021-05-30,2021,OAK,ANA,3,6.0,25,85,6,0,1,1,1.0,OAK202105300
Cole Irvin,irvic001,2021-06-05,2021,OAK,COL,5,6.0,24,85,6,1,0,0,0.92,COL202106050
Cole Irvin,irvic001,2021-06-11,2021,OAK,KCA,4,6.0,23,62,6,0,1,1,1.0,OAK202106110
Cole Irvin,irvic001,2021-06-16,2021,OAK,ANA,2,5.7,27,81,9,2,1,1,1.0,OAK202106160
Cole Irvin,irvic001,2021-06-22,2021,OAK,TEX,4,5.0,23,69,7,1,0,0,0.99,TEX202106220
Cole Irvin,irvic001,2021-06-27,2021,OAK,SFN,8,8.0,29,100,3,2,0,0,1.03,SFN202106270
Cole Irvin,irvic001,2021-07-03,2021,OAK,BOS,5,7.0,29,98,5,2,1,1,1.0,OAK202107030
Cole Irvin,irvic001,2021-07-09,2021,OAK,TEX,5,5.0,20,86,3,0,0,0,0.99,TEX202107090
Cole Irvin,irvic001,2021-07-19,2021,OAK,ANA,3,7.0,26,84,7,1,0,1,1.0,OAK202107190
Cole Irvin,irvic001,2021-07-25,2021,OAK,SEA,3,4.0,19,77,5,1,0,0,1.04,SEA202107250
Cole Irvin,irvic001,2021-07-31,2021,OAK,ANA,6,6.3,26,95,5,1,0,0,0.99,ANA202107310
Cole Irvin,irvic001,2021-08-07,2021,OAK,TEX,4,7.0,27,92,4,2,1,1,1.0,OAK202108070
Cole Irvin,irvic001,2021-08-13,2021,OAK,TEX,2,5.0,25,87,8,1,0,0,0.99,TEX202108130
Cole Irvin,irvic001,2021-08-19,2021,OAK,CHA,1,6.0,28,87,7,4,1,0,0.99,CHA202108190
Cole Irvin,irvic001,2021-08-24,2021,OAK,SEA,0,3.0,17,66,7,2,0,1,1.0,OAK202108240
Cole Irvin,irvic001,2021-08-31,2021,OAK,DET,2,4.7,22,84,7,2,3,0,1.0,DET202108310
Cole Irvin,irvic001,2021-09-05,2021,OAK,TOR,2,2.3,15,50,8,0,2,0,1.0,TOR202109050
Cole Irvin,irvic001,2021-09-11,2021,OAK,TEX,8,7.0,28,93,6,1,0,1,1.0,OAK202109110
Cole Irvin,irvic001,2021-09-17,2021,OAK,ANA,3,6.0,27,89,7,1,1,0,0.99,ANA202109170
Cole Irvin,irvic001,2021-09-22,2021,OAK,SEA,5,5.0,25,93,7,3,2,1,1.0,OAK202109220
Cole Irvin,irvic001,2021-09-27,2021,OAK,SEA,4,3.0,17,68,6,3,0,0,1.04,SEA202109270
Cole Irvin,irvic001,2021-10-03,2021,OAK,HOU,4,6.0,23,82,5,1,3,0,1.02,HOU202110030
Tyler Ivey,iveyt001,2021-05-21,2021,HOU,TEX,3,4.7,20,79,6,1,1,0,0.99,TEX202105210
Jay Jackson,jackj001,2021-09-04,2021,SFN,LAN,1,0.3,4,22,1,2,1,1,1.03,SFN202109040
Cristian Javier,javic001,2021-04-02,2021,HOU,OAK,4,3.7,15,73,3,0,0,0,1.0,OAK202104020
Cristian Javier,javic001,2021-04-08,2021,HOU,OAK,7,5.0,20,88,3,2,0,1,1.02,HOU202104080
Cristian Javier,javic001,2021-04-22,2021,HOU,ANA,9,5.0,20,98,3,1,0,1,1.02,HOU202104220
Cristian Javier,javic001,2021-04-27,2021,HOU,SEA,6,7.0,24,107,2,3,0,1,1.02,HOU202104270
Cristian Javier,javic001,2021-05-02,2021,HOU,TBA,4,5.0,21,81,4,2,1,0,1.05,TBA202105020
Cristian Javier,javic001,2021-05-08,2021,HOU,TOR,8,5.3,24,91,4,4,2,1,1.02,HOU202105080
Cristian Javier,javic001,2021-05-13,2021,HOU,TEX,6,7.0,27,99,4,2,1,1,1.02,HOU202105130
Cristian Javier,javic001,2021-05-18,2021,HOU,OAK,9,6.0,23,95,5,1,3,0,1.0,OAK202105180
Cristian Javier,javic001,2021-05-23,2021,HOU,TEX,5,4.7,20,94,1,6,0,0,0.99,TEX202105230
Griffin Jax,jax-g001,2021-07-03,2021,MIN,KCA,3,5.0,25,88,8,3,1,0,0.96,KCA202107030
Griffin Jax,jax-g001,2021-07-19,2021,MIN,CHA,6,4.0,15,68,1,1,1,0,0.99,CHA202107191
Griffin Jax,jax-g001,2021-07-30,2021,MIN,SLN,2,5.0,19,83,2,2,0,0,1.0,SLN202107300
Griffin Jax,jax-g001,2021-08-05,2021,MIN,HOU,0,5.3,20,75,3,1,1,0,1.02,HOU202108050
Griffin Jax,jax-g001,2021-08-10,2021,MIN,CHA,10,6.0,24,83,5,1,2,1,1.0,MIN202108100
Griffin Jax,jax-g001,2021-08-16,2021,MIN,CLE,3,6.0,27,87,7,2,1,1,1.0,MIN202108160
Griffin Jax,jax-g001,2021-08-24,2021,MIN,BOS,4,4.7,25,92,7,4,3,0,0.98,BOS202108240
Griffin Jax,jax-g001,2021-08-29,2021,MIN,MIL,5,5.0,25,100,6,3,2,1,1.0,MIN202108290
Griffin Jax,jax-g001,2021-09-05,2021,MIN,TBA,3,4.7,21,89,6,1,1,0,1.05,TBA202109050
Griffin Jax,jax-g001,2021-09-10,2021,MIN,KCA,4,6.0,24,76,5,1,1,1,1.0,MIN202109100
Griffin Jax,jax-g001,2021-09-15,2021,MIN,CLE,3,4.7,22,82,7,1,1,1,1.0,MIN202109150
Griffin Jax,jax-g001,2021-09-21,2021,MIN,CHN,6,3.0,18,72,4,2,2,0,0.97,CHN202109210
Griffin Jax,jax-g001,2021-09-26,2021,MIN,TOR,2,5.0,21,83,6,0,2,1,1.0,MIN202109260
Griffin Jax,jax-g001,2021-10-02,2021,MIN,KCA,3,5.0,17,74,1,2,0,0,0.96,KCA202110020
Daulton Jefferies,jeffd001,2021-08-01,2021,OAK,ANA,3,5.0,20,73,3,3,1,0,0.99,ANA202108010
Pierce Johnson,johnp001,2021-08-24,2021,SDN,LAN,2,1.0,5,26,1,1,1,1,1.08,SDN202108240
Pierce Johnson,johnp001,2021-09-16,2021,SDN,SFN,2,1.0,5,25,1,0,0,0,1.03,SFN202109160
Jakob Junis,junij001,2021-04-07,2021,KCA,CLE,6,5.0,17,58,1,2,0,0,1.04,CLE202104070
Jakob Junis,junij001,2021-04-15,2021,KCA,TOR,6,5.0,21,81,5,1,0,1,0.96,KCA202104150
Jakob Junis,junij001,2021-04-21,2021,KCA,TBA,3,5.0,22,83,6,3,1,1,0.96,KCA202104210
Jakob Junis,junij001,2021-04-27,2021,KCA,PIT,9,6.3,26,84,6,1,0,0,1.0,PIT202104270
Jakob Junis,junij001,2021-05-14,2021,KCA,CHA,1,1.3,8,37,4,0,1,0,0.99,CHA202105142
Jakob Junis,junij001,2021-08-31,2021,KCA,CLE,6,4.7,19,78,4,1,1,1,0.96,KCA202108310
Janson Junk,junkj001,2021-09-05,2021,ANA,TEX,2,3.7,18,59,6,1,2,1,0.99,ANA202109050
Janson Junk,junkj001,2021-09-15,2021,ANA,CHA,2,4.3,16,61,3,0,1,0,0.99,CHA202109150
Janson Junk,junkj001,2021-09-22,2021,ANA,HOU,1,4.0,17,58,4,1,2,1,0.99,ANA202109220
Janson Junk,junkj001,2021-09-29,2021,ANA,TEX,5,4.3,20,69,7,0,0,0,0.99,TEX202109290
James Kaprielian,kaprj001,2021-05-12,2021,OAK,BOS,6,5.0,23,95,4,3,0,0,0.98,BOS202105120
James Kaprielian,kaprj001,2021-05-21,2021,OAK,ANA,9,5.7,22,99,4,1,2,0,0.99,ANA202105210
James Kaprielian,kaprj001,2021-05-26,2021,OAK,SEA,4,7.0,25,94,2,2,0,1,1.0,OAK202105260
James Kaprielian,kaprj001,2021-05-31,2021,OAK,SEA,3,3.7,20,81,5,3,1,0,1.04,SEA202105310
James Kaprielian,kaprj001,2021-06-06,2021,OAK,COL,6,5.0,22,90,5,3,0,0,0.92,COL202106060
James Kaprielian,kaprj001,2021-06-12,2021,OAK,KCA,7,6.0,24,95,2,4,0,1,1.0,OAK202106120
James Kaprielian,kaprj001,2021-06-18,2021,OAK,NYA,7,5.7,21,80,3,1,2,0,0.99,NYA202106180
James Kaprielian,kaprj001,2021-06-23,2021,OAK,TEX,4,6.0,22,82,5,2,1,0,0.99,TEX202106230
James Kaprielian,kaprj001,2021-06-29,2021,OAK,TEX,6,6.0,24,105,6,0,2,1,1.0,OAK202106290
James Kaprielian,kaprj001,2021-07-04,2021,OAK,BOS,10,7.0,27,97,5,1,0,1,1.0,OAK202107040
James Kaprielian,kaprj001,2021-07-10,2021,OAK,TEX,4,5.0,22,87,4,4,2,0,0.99,TEX202107100
James Kaprielian,kaprj001,2021-07-20,2021,OAK,ANA,7,6.0,25,100,5,2,0,1,1.0,OAK202107200
James Kaprielian,kaprj001,2021-07-27,2021,OAK,SDN,6,4.3,21,89,7,1,1,0,1.08,SDN202107270
James Kaprielian,kaprj001,2021-08-08,2021,OAK,TEX,4,6.0,23,84,3,2,0,1,1.0,OAK202108080
James Kaprielian,kaprj001,2021-08-14,2021,OAK,TEX,0,5.3,23,69,8,0,0,0,0.99,TEX202108140
James Kaprielian,kaprj001,2021-08-20,2021,OAK,SFN,4,5.0,21,92,3,4,1,1,1.0,OAK202108200
James Kaprielian,kaprj001,2021-08-26,2021,OAK,NYA,8,5.0,22,99,6,1,3,1,1.0,OAK202108260
James Kaprielian,kaprj001,2021-09-01,2021,OAK,DET,4,4.0,19,83,4,3,2,0,1.0,DET202109010
James Kaprielian,kaprj001,2021-09-07,2021,OAK,CHA,4,4.0,21,92,5,2,0,1,1.0,OAK202109070
James Kaprielian,kaprj001,2021-09-12,2021,OAK,TEX,5,3.7,19,70,8,1,0,1,1.0,OAK202109120
James Kaprielian,kaprj001,2021-09-18,2021,OAK,ANA,5,6.0,20,90,2,0,0,0,0.99,ANA202109180
Anthony Kay,kay-a001,2021-04-15,2021,TOR,KCA,3,3.3,16,56,6,0,0,0,0.96,KCA202104150
Anthony Kay,kay-a001,2021-05-04,2021,TOR,OAK,4,4.0,18,71,4,2,1,0,1.0,OAK202105040
Anthony Kay,kay-a001,2021-05-15,2021,TOR,PHI,6,4.0,16,79,1,2,0,1,1.0,TOR202105150
Anthony Kay,kay-a001,2021-05-21,2021,TOR,TBA,4,4.0,19,91,4,4,1,1,1.0,TOR202105210
Anthony Kay,kay-a001,2021-06-24,2021,TOR,BAL,8,5.0,22,95,5,2,0,1,1.0,TOR202106240
Scott Kazmir,kazms001,2021-05-22,2021,SFN,LAN,2,4.0,13,55,2,0,1,1,1.03,SFN202105220
Scott Kazmir,kazms001,2021-06-04,2021,SFN,CHN,3,2.0,9,30,3,0,1,1,1.03,SFN202106040
Scott Kazmir,kazms001,2021-09-22,2021,SFN,SDN,3,4.0,20,71,4,3,0,0,1.08,SDN202109220
Scott Kazmir,kazms001,2021-09-30,2021,SFN,ARI,0,0.3,6,23,3,2,0,1,1.03,SFN202109300
Brad Keller,kellb003,2021-04-01,2021,KCA,TEX,0,1.3,14,51,9,2,0,1,0.96,KCA202104010
Brad Keller,kellb003,2021-04-08,2021,KCA,CHA,3,3.3,18,69,6,3,2,0,0.99,CHA202104080
Brad Keller,kellb003,2021-04-14,2021,KCA,ANA,5,5.7,24,94,4,1,0,1,0.96,KCA202104140
Brad Keller,kellb003,2021-04-20,2021,KCA,TBA,1,1.7,13,54,3,3,0,1,0.96,KCA202104200
Brad Keller,kellb003,2021-04-26,2021,KCA,DET,4,6.0,27,103,8,2,0,0,1.0,DET202104260
Brad Keller,kellb003,2021-05-02,2021,KCA,MIN,3,4.3,22,72,6,1,2,0,1.0,MIN202105020
Brad Keller,kellb003,2021-05-07,2021,KCA,CHA,6,6.0,23,101,5,1,1,1,0.96,KCA202105070
Brad Keller,kellb003,2021-05-14,2021,KCA,CHA,7,5.0,22,97,5,3,0,0,0.99,CHA202105141
Brad Keller,kellb003,2021-05-19,2021,KCA,MIL,4,5.3,25,92,8,1,1,1,0.96,KCA202105190
Brad Keller,kellb003,2021-05-25,2021,KCA,TBA,7,7.0,28,95,4,4,0,0,1.05,TBA202105250
Brad Keller,kellb003,2021-05-30,2021,KCA,MIN,6,5.0,24,98,5,4,1,0,1.0,MIN202105300
Brad Keller,kellb003,2021-06-04,2021,KCA,MIN,5,5.0,22,86,7,0,1,1,0.96,KCA202106040
Brad Keller,kellb003,2021-06-09,2021,KCA,ANA,4,5.3,26,97,8,4,0,0,0.99,ANA202106090
Brad Keller,kellb003,2021-06-14,2021,KCA,DET,5,5.0,25,96,8,1,1,1,0.96,KCA202106140
Brad Keller,kellb003,2021-06-19,2021,KCA,BOS,4,5.0,23,92,5,3,1,1,0.96,KCA202106190
Brad Keller,kellb003,2021-06-24,2021,KCA,NYA,3,5.0,27,114,9,4,2,0,0.99,NYA202106240
Brad Keller,kellb003,2021-06-29,2021,KCA,BOS,0,5.0,27,100,10,5,0,0,0.98,BOS202106290
Brad Keller,kellb003,2021-07-04,2021,KCA,MIN,7,6.3,27,96,5,2,1,1,0.96,KCA202107040
Brad Keller,kellb003,2021-07-09,2021,KCA,CLE,9,7.7,30,114,4,4,0,0,1.04,CLE202107090
Brad Keller,kellb003,2021-07-21,2021,KCA,MIL,6,6.7,28,97,6,2,0,0,1.05,MIL202107210
Brad Keller,kellb003,2021-07-27,2021,KCA,CHA,4,7.0,25,90,4,2,1,1,0.96,KCA202107270
Brad Keller,kellb003,2021-08-01,2021,KCA,TOR,3,3.0,15,51,7,0,1,0,1.0,TOR202108010
Brad Keller,kellb003,2021-08-07,2021,KCA,SLN,5,5.0,26,95,7,5,1,0,1.0,SLN202108070
Brad Keller,kellb003,2021-08-14,2021,KCA,SLN,8,6.7,28,112,6,2,0,1,0.96,KCA202108140
Brad Keller,kellb003,2021-08-20,2021,KCA,CHN,8,6.0,23,97,4,1,1,0,0.97,CHN202108200
Brad Keller,kellb003,2021-08-26,2021,KCA,SEA,3,4.3,21,79,5,4,1,0,1.04,SEA202108260
Merrill Kelly,kellm002,2021-04-02,2021,ARI,SDN,4,4.0,18,94,5,3,1,0,1.08,SDN202104020
Merrill Kelly,kellm002,2021-04-08,2021,ARI,COL,1,6.0,28,90,9,0,1,0,0.92,COL202104080
Merrill Kelly,kellm002,2021-04-15,2021,ARI,WAS,5,6.0,28,96,9,1,2,0,1.01,WAS202104150
Merrill Kelly,kellm002,2021-04-21,2021,ARI,CIN,3,5.0,21,79,5,1,0,0,1.0,CIN202104210
Merrill Kelly,kellm002,2021-04-27,2021,ARI,SDN,5,6.0,23,95,4,2,0,1,1.03,ARI202104270
Merrill Kelly,kellm002,2021-05-02,2021,ARI,COL,6,5.7,27,85,7,2,1,1,1.03,ARI202105020
Merrill Kelly,kellm002,2021-05-08,2021,ARI,NYN,6,5.7,25,99,3,5,1,0,1.06,NYN202105080
Merrill Kelly,kellm002,2021-05-13,2021,ARI,MIA,4,6.3,27,96,7,2,0,1,1.03,ARI202105130
Merrill Kelly,kellm002,2021-05-20,2021,ARI,LAN,12,7.0,25,94,6,0,2,0,1.03,LAN202105200
Merrill Kelly,kellm002,2021-05-26,2021,ARI,SFN,6,6.0,23,81,5,0,0,1,1.03,ARI202105260
Merrill Kelly,kellm002,2021-05-31,2021,ARI,NYN,6,6.7,30,83,9,2,1,1,1.03,ARI202105310
Merrill Kelly,kellm002,2021-06-05,2021,ARI,MIL,4,6.0,25,85,6,1,1,0,1.05,MIL202106050
Merrill Kelly,kellm002,2021-06-11,2021,ARI,ANA,6,5.0,21,88,4,2,1,1,1.03,ARI202106110
Merrill Kelly,kellm002,2021-06-16,2021,ARI,SFN,4,3.0,16,85,4,3,1,0,1.03,SFN202106160
Merrill Kelly,kellm002,2021-06-21,2021,ARI,MIL,5,7.0,26,94,5,1,0,1,1.03,ARI202106210
Merrill Kelly,kellm002,2021-06-26,2021,ARI,SDN,5,6.0,24,99,5,0,0,0,1.08,SDN202106260
Merrill Kelly,kellm002,2021-07-01,2021,ARI,SFN,7,7.0,28,92,7,0,2,1,1.03,ARI202107010
Merrill Kelly,kellm002,2021-07-06,2021,ARI,COL,1,5.3,23,91,6,1,0,1,1.03,ARI202107060
Merrill Kelly,kellm002,2021-07-11,2021,ARI,LAN,3,5.3,20,88,4,1,1,0,1.03,LAN202107110
Merrill Kelly,kellm002,2021-07-18,2021,ARI,CHN,6,8.0,30,82,6,0,0,1,1.03,ARI202107180
Merrill Kelly,kellm002,2021-07-24,2021,ARI,CHN,6,6.0,24,77,5,1,1,0,0.97,CHN202107240
Merrill Kelly,kellm002,2021-07-31,2021,ARI,LAN,6,6.3,29,88,8,2,0,1,1.03,ARI202107310
Merrill Kelly,kellm002,2021-08-05,2021,ARI,SFN,4,8.0,29,102,3,2,0,1,1.03,ARI202108050
Merrill Kelly,kellm002,2021-08-11,2021,ARI,SFN,3,5.0,25,94,11,1,2,0,1.03,SFN202108110
Merrill Kelly,kellm002,2021-09-15,2021,ARI,LAN,1,4.7,24,82,10,2,1,0,1.03,LAN202109150
Merrill Kelly,kellm002,2021-09-22,2021,ARI,ATL,7,6.0,25,90,7,2,2,1,1.03,ARI202109220
Merrill Kelly,kellm002,2021-09-29,2021,ARI,SFN,4,5.0,23,96,3,4,0,0,1.03,SFN202109290
Mitch Keller,kellm003,2021-04-04,2021,PIT,CHN,4,3.0,15,77,2,4,1,0,0.97,CHN202104040
Mitch Keller,kellm003,2021-04-10,2021,PIT,CHN,7,5.0,21,80,5,1,0,1,1.0,PIT202104100
Mitch Keller,kellm003,2021-04-15,2021,PIT,SDN,1,3.3,21,83,9,3,1,1,1.0,PIT202104150
Mitch Keller,kellm003,2021-04-22,2021,PIT,DET,5,5.0,20,80,5,0,1,0,1.0,DET202104220
Mitch Keller,kellm003,2021-04-28,2021,PIT,KCA,2,2.3,15,83,3,5,0,1,1.0,PIT202104280
Mitch Keller,kellm003,2021-05-04,2021,PIT,SDN,5,5.7,21,83,2,2,0,0,1.08,SDN202105040
Mitch Keller,kellm003,2021-05-10,2021,PIT,CIN,2,3.3,18,65,7,2,1,1,1.0,PIT202105100
Mitch Keller,kellm003,2021-05-16,2021,PIT,SFN,8,5.0,24,92,6,3,0,1,1.0,PIT202105160
Mitch Keller,kellm003,2021-05-22,2021,PIT,ATL,6,5.0,25,89,8,1,2,0,1.02,ATL202105220
Mitch Keller,kellm003,2021-05-29,2021,PIT,COL,6,5.0,19,78,2,2,0,1,1.0,PIT202105292
Mitch Keller,kellm003,2021-06-04,2021,PIT,MIA,2,2.0,11,45,2,3,0,1,1.0,PIT202106040
Mitch Keller,kellm003,2021-06-10,2021,PIT,LAN,3,2.7,18,72,5,3,1,1,1.0,PIT202106100
Mitch Keller,kellm003,2021-08-01,2021,PIT,PHI,2,5.0,23,80,8,0,0,1,1.0,PIT202108010
Mitch Keller,kellm003,2021-08-07,2021,PIT,CIN,4,5.0,24,100,7,4,1,0,1.0,CIN202108070
Mitch Keller,kellm003,2021-08-14,2021,PIT,MIL,3,4.3,20,77,9,1,0,1,1.0,PIT202108142
Mitch Keller,kellm003,2021-08-20,2021,PIT,SLN,6,5.0,21,89,6,1,0,0,1.0,SLN202108200
Mitch Keller,kellm003,2021-08-26,2021,PIT,SLN,2,5.3,25,90,6,3,2,1,1.0,PIT202108260
Mitch Keller,kellm003,2021-09-02,2021,PIT,CHN,8,6.0,24,89,6,0,0,0,0.97,CHN202109020
Mitch Keller,kellm003,2021-09-08,2021,PIT,DET,6,5.0,24,86,10,1,0,1,1.0,PIT202109080
Mitch Keller,kellm003,2021-09-15,2021,PIT,CIN,3,5.0,21,92,4,2,0,1,1.0,PIT202109150
Mitch Keller,kellm003,2021-09-21,2021,PIT,CIN,2,5.7,25,83,7,4,0,0,1.0,CIN202109210
Mitch Keller,kellm003,2021-09-28,2021,PIT,CHN,2,4.0,22,92,9,3,0,1,1.0,PIT202109280
Mitch Keller,kellm003,2021-10-03,2021,PIT,CIN,3,3.0,13,53,3,1,0,1,1.0,PIT202110030
Clayton Kershaw,kersc001,2021-04-01,2021,LAN,COL,2,5.7,28,77,10,1,0,0,0.92,COL202104010
Clayton Kershaw,kersc001,2021-04-06,2021,LAN,OAK,8,7.0,25,91,4,0,0,0,1.0,OAK202104060
Clayton Kershaw,kersc001,2021-04-11,2021,LAN,WAS,6,6.0,23,86,5,0,0,1,1.03,LAN202104110
Clayton Kershaw,kersc001,2021-04-17,2021,LAN,SDN,8,6.0,22,98,2,2,0,0,1.08,SDN202104170
Clayton Kershaw,kersc001,2021-04-23,2021,LAN,SDN,7,7.0,27,91,5,1,3,1,1.03,LAN202104230
Clayton Kershaw,kersc001,2021-04-28,2021,LAN,CIN,8,7.0,25,90,4,1,0,1,1.03,LAN202104280
Clayton Kershaw,kersc001,2021-05-04,2021,LAN,CHN,2,1.0,9,39,4,2,0,0,0.97,CHN202105041
Clayton Kershaw,kersc001,2021-05-08,2021,LAN,ANA,5,5.0,17,71,2,1,0,0,0.99,ANA202105080
Clayton Kershaw,kersc001,2021-05-14,2021,LAN,MIA,11,6.0,26,105,6,1,1,1,1.03,LAN202105140
Clayton Kershaw,kersc001,2021-05-19,2021,LAN,ARI,8,6.0,22,83,2,1,1,1,1.03,LAN202105190
Clayton Kershaw,kersc001,2021-05-25,2021,LAN,HOU,6,7.7,27,81,4,0,1,0,1.02,HOU202105250
Clayton Kershaw,kersc001,2021-05-30,2021,LAN,SFN,6,6.0,27,104,7,3,2,1,1.03,LAN202105300
Clayton Kershaw,kersc001,2021-06-05,2021,LAN,ATL,9,6.0,26,95,8,1,0,0,1.02,ATL202106050
Clayton Kershaw,kersc001,2021-06-11,2021,LAN,TEX,9,6.0,24,92,3,0,0,1,1.03,LAN202106110
Clayton Kershaw,kersc001,2021-06-16,2021,LAN,PHI,9,6.0,27,110,8,1,1,1,1.03,LAN202106160
Clayton Kershaw,kersc001,2021-06-22,2021,LAN,SDN,7,6.0,24,99,4,2,2,0,1.08,SDN202106220
Clayton Kershaw,kersc001,2021-06-27,2021,LAN,CHN,13,8.0,28,101,4,1,1,1,1.03,LAN202106270
Clayton Kershaw,kersc001,2021-07-03,2021,LAN,WAS,3,4.0,15,54,3,1,1,0,1.01,WAS202107030
Clayton Kershaw,kersc001,2021-09-13,2021,LAN,ARI,5,4.3,18,50,4,1,0,1,1.03,LAN202109130
Clayton Kershaw,kersc001,2021-09-19,2021,LAN,CIN,8,5.0,17,74,3,0,0,0,1.0,CIN202109190
Clayton Kershaw,kersc001,2021-09-25,2021,LAN,ARI,3,4.3,21,73,6,1,2,0,1.03,ARI202109250
Clayton Kershaw,kersc001,2021-10-01,2021,LAN,MIL,1,1.7,10,42,5,0,0,1,1.03,LAN202110010
Dallas Keuchel,keucd001,2021-04-02,2021,CHA,ANA,4,4.0,19,69,6,2,1,0,0.99,ANA202104020
Dallas Keuchel,keucd001,2021-04-07,2021,CHA,SEA,3,5.0,23,93,4,3,0,0,1.04,SEA202104070
Dallas Keuchel,keucd001,2021-04-12,2021,CHA,CLE,2,5.0,20,68,3,2,1,1,0.99,CHA202104120
Dallas Keuchel,keucd001,2021-04-18,2021,CHA,BOS,1,5.0,19,67,6,0,1,0,0.98,BOS202104181
Dallas Keuchel,keucd001,2021-04-24,2021,CHA,TEX,2,6.0,25,93,7,0,0,1,0.99,CHA202104240
Dallas Keuchel,keucd001,2021-04-30,2021,CHA,CLE,4,6.0,25,85,4,4,0,1,0.99,CHA202104300
Dallas Keuchel,keucd001,2021-05-05,2021,CHA,CIN,1,7.0,25,95,2,3,0,0,1.0,CIN202105050
Dallas Keuchel,keucd001,2021-05-12,2021,CHA,MIN,1,5.7,24,84,8,1,1,1,0.99,CHA202105120
Dallas Keuchel,keucd001,2021-05-17,2021,CHA,MIN,6,7.0,27,107,7,0,1,0,1.0,MIN202105170
Dallas Keuchel,keucd001,2021-05-23,2021,CHA,NYA,4,4.0,21,100,6,2,0,0,0.99,NYA202105230
Dallas Keuchel,keucd001,2021-05-29,2021,CHA,BAL,2,5.0,23,87,8,1,3,1,0.99,CHA202105291
Dallas Keuchel,keucd001,2021-06-04,2021,CHA,DET,3,6.0,24,80,5,1,1,1,0.99,CHA202106040
Dallas Keuchel,keucd001,2021-06-10,2021,CHA,TOR,8,6.0,26,104,6,2,0,1,0.99,CHA202106100
Dallas Keuchel,keucd001,2021-06-15,2021,CHA,TBA,5,7.0,25,102,4,1,0,1,0.99,CHA202106150
Dallas Keuchel,keucd001,2021-06-20,2021,CHA,HOU,3,2.7,19,74,7,4,0,0,1.02,HOU202106200
Dallas Keuchel,keucd001,2021-07-03,2021,CHA,DET,2,4.0,21,79,7,3,1,0,1.0,DET202107030
Dallas Keuchel,keucd001,2021-07-09,2021,CHA,BAL,3,7.0,29,96,7,1,1,0,1.0,BAL202107090
Dallas Keuchel,keucd001,2021-07-20,2021,CHA,MIN,6,5.0,21,89,4,2,1,1,0.99,CHA202107200
Dallas Keuchel,keucd001,2021-07-26,2021,CHA,KCA,3,6.0,25,96,6,1,3,0,0.96,KCA202107260
Dallas Keuchel,keucd001,2021-07-31,2021,CHA,CLE,4,5.3,22,83,5,1,3,1,0.99,CHA202107310
Dallas Keuchel,keucd001,2021-08-05,2021,CHA,KCA,5,6.0,23,95,3,3,0,1,0.99,CHA202108050
Dallas Keuchel,keucd001,2021-08-10,2021,CHA,MIN,1,6.0,26,102,4,4,1,0,1.0,MIN202108100
Dallas Keuchel,keucd001,2021-08-16,2021,CHA,OAK,2,5.0,22,78,5,2,1,1,0.99,CHA202108160
Dallas Keuchel,keucd001,2021-08-21,2021,CHA,TBA,3,5.0,26,84,9,2,0,0,1.05,TBA202108210
Dallas Keuchel,keucd001,2021-08-27,2021,CHA,CHN,1,1.0,11,43,7,1,1,1,0.99,CHA202108270
Dallas Keuchel,keucd001,2021-09-03,2021,CHA,KCA,1,3.0,17,75,7,2,0,0,0.96,KCA202109030
Dallas Keuchel,keucd001,2021-09-08,2021,CHA,OAK,3,5.7,26,94,8,1,1,0,1.0,OAK202109080
Dallas Keuchel,keucd001,2021-09-15,2021,CHA,ANA,3,6.0,28,98,6,5,0,1,0.99,CHA202109150
Dallas Keuchel,keucd001,2021-09-21,2021,CHA,DET,2,5.0,26,95,11,1,0,0,1.0,DET202109210
Dallas Keuchel,keucd001,2021-09-27,2021,CHA,DET,2,5.0,22,91,7,2,1,0,1.0,DET202109270
Yusei Kikuchi,kikuy001,2021-04-02,2021,SEA,SFN,10,6.0,25,89,6,1,2,1,1.04,SEA202104020
Yusei Kikuchi,kikuy001,2021-04-10,2021,SEA,MIN,6,6.0,24,94,5,2,1,0,1.0,MIN202104100
Yusei Kikuchi,kikuy001,2021-04-16,2021,SEA,HOU,3,7.0,30,91,6,3,0,1,1.04,SEA202104160
Yusei Kikuchi,kikuy001,2021-04-23,2021,SEA,BOS,1,4.7,22,94,6,3,2,0,0.98,BOS202104230
Yusei Kikuchi,kikuy001,2021-04-29,2021,SEA,HOU,7,7.0,23,95,1,2,0,0,1.02,HOU202104290
Yusei Kikuchi,kikuy001,2021-05-05,2021,SEA,BAL,7,7.0,26,87,5,1,1,1,1.04,SEA202105050
Yusei Kikuchi,kikuy001,2021-05-11,2021,SEA,LAN,11,6.3,26,106,6,1,1,0,1.03,LAN202105110
Yusei Kikuchi,kikuy001,2021-05-17,2021,SEA,DET,8,6.0,25,96,3,4,2,1,1.04,SEA202105170
Yusei Kikuchi,kikuy001,2021-05-24,2021,SEA,OAK,3,6.0,23,88,4,2,1,0,1.0,OAK202105240
Yusei Kikuchi,kikuy001,2021-05-30,2021,SEA,TEX,5,6.7,24,104,3,1,1,1,1.04,SEA202105300
Yusei Kikuchi,kikuy001,2021-06-05,2021,SEA,ANA,8,4.0,18,64,6,0,2,0,0.99,ANA202106050
Yusei Kikuchi,kikuy001,2021-06-12,2021,SEA,CLE,6,7.0,26,94,3,3,0,0,1.04,CLE202106120
Yusei Kikuchi,kikuy001,2021-06-18,2021,SEA,TBA,6,7.0,28,103,4,3,0,1,1.04,SEA202106180
Yusei Kikuchi,kikuy001,2021-06-25,2021,SEA,CHA,6,5.7,21,90,2,4,1,0,0.99,CHA202106250
Yusei Kikuchi,kikuy001,2021-07-01,2021,SEA,TOR,6,7.0,25,100,5,1,1,0,1.0,TOR202107010
Yusei Kikuchi,kikuy001,2021-07-07,2021,SEA,NYA,5,5.0,26,94,8,3,1,1,1.04,SEA202107070
Yusei Kikuchi,kikuy001,2021-07-17,2021,SEA,ANA,7,5.0,25,83,9,1,2,0,0.99,ANA202107170
Yusei Kikuchi,kikuy001,2021-07-23,2021,SEA,OAK,12,6.0,23,95,6,1,2,1,1.04,SEA202107230
Yusei Kikuchi,kikuy001,2021-07-28,2021,SEA,HOU,7,5.0,25,100,7,2,1,1,1.04,SEA202107280
Yusei Kikuchi,kikuy001,2021-08-03,2021,SEA,TBA,5,6.0,25,92,6,2,1,0,1.05,TBA202108030
Yusei Kikuchi,kikuy001,2021-08-08,2021,SEA,NYA,6,5.0,23,97,4,3,0,0,0.99,NYA202108080
Yusei Kikuchi,kikuy001,2021-08-14,2021,SEA,TOR,5,4.3,23,97,5,4,1,1,1.04,SEA202108140
Yusei Kikuchi,kikuy001,2021-08-20,2021,SEA,HOU,2,2.7,18,72,7,3,3,0,1.02,HOU202108200
Yusei Kikuchi,kikuy001,2021-08-26,2021,SEA,KCA,3,5.0,20,65,4,1,0,1,1.04,SEA202108260
Yusei Kikuchi,kikuy001,2021-08-31,2021,SEA,HOU,4,7.0,26,95,4,2,0,1,1.04,SEA202108310
Yusei Kikuchi,kikuy001,2021-09-06,2021,SEA,HOU,0,1.7,12,42,3,4,1,0,1.02,HOU202109060
Yusei Kikuchi,kikuy001,2021-09-12,2021,SEA,ARI,8,5.0,21,76,6,1,0,1,1.04,SEA202109120
Yusei Kikuchi,kikuy001,2021-09-18,2021,SEA,KCA,3,3.0,17,86,8,0,0,0,0.96,KCA202109180
Yusei Kikuchi,kikuy001,2021-09-23,2021,SEA,OAK,3,3.0,16,72,3,4,0,0,1.0,OAK202109230
Kwang Hyun Kim,kim-k001,2021-04-17,2021,SLN,PHI,4,3.0,16,68,5,1,0,0,1.01,PHI202104170
Kwang Hyun Kim,kim-k001,2021-04-23,2021,SLN,CIN,8,5.7,22,85,5,0,1,1,1.0,SLN202104230
Kwang Hyun Kim,kim-k001,2021-04-29,2021,SLN,PHI,4,5.0,21,84,7,0,0,1,1.0,SLN202104290
Kwang Hyun Kim,kim-k001,2021-05-05,2021,SLN,NYN,2,4.0,17,66,2,3,0,1,1.0,SLN202105051
Kwang Hyun Kim,kim-k001,2021-05-11,2021,SLN,MIL,6,5.3,22,88,5,1,0,0,1.05,MIL202105110
Kwang Hyun Kim,kim-k001,2021-05-16,2021,SLN,SDN,3,3.3,16,71,2,3,0,0,1.08,SDN202105160
Kwang Hyun Kim,kim-k001,2021-05-24,2021,SLN,CHA,5,5.7,26,104,5,3,1,0,0.99,CHA202105240
Kwang Hyun Kim,kim-k001,2021-05-30,2021,SLN,ARI,1,5.0,25,92,9,1,1,0,1.03,ARI202105300
Kwang Hyun Kim,kim-k001,2021-06-04,2021,SLN,CIN,3,3.0,12,47,2,0,2,1,1.0,SLN202106040
Kwang Hyun Kim,kim-k001,2021-06-15,2021,SLN,MIA,6,6.0,26,102,3,5,0,1,1.0,SLN202106150
Kwang Hyun Kim,kim-k001,2021-06-20,2021,SLN,ATL,2,4.0,15,47,3,1,1,0,1.02,ATL202106202
Kwang Hyun Kim,kim-k001,2021-06-25,2021,SLN,PIT,1,4.3,19,70,7,1,0,1,1.0,SLN202106250
Kwang Hyun Kim,kim-k001,2021-06-30,2021,SLN,ARI,5,5.0,22,96,3,3,0,1,1.0,SLN202106300
Kwang Hyun Kim,kim-k001,2021-07-05,2021,SLN,SFN,2,7.0,25,89,3,2,0,0,1.03,SFN202107050
Kwang Hyun Kim,kim-k001,2021-07-10,2021,SLN,CHN,7,6.0,23,93,5,1,0,0,0.97,CHN202107100
Kwang Hyun Kim,kim-k001,2021-07-17,2021,SLN,SFN,1,6.0,22,85,3,2,0,1,1.0,SLN202107170
Kwang Hyun Kim,kim-k001,2021-07-22,2021,SLN,CHN,7,6.0,21,84,2,1,0,1,1.0,SLN202107220
Kwang Hyun Kim,kim-k001,2021-07-28,2021,SLN,CLE,0,2.7,14,58,5,1,4,0,1.04,CLE202107280
Kwang Hyun Kim,kim-k001,2021-08-07,2021,SLN,KCA,3,4.0,18,83,4,2,0,1,1.0,SLN202108070
Kwang Hyun Kim,kim-k001,2021-08-29,2021,SLN,PIT,3,4.0,16,64,3,1,0,0,1.0,PIT202108290
Kwang Hyun Kim,kim-k001,2021-09-04,2021,SLN,MIL,1,1.7,11,43,7,1,1,0,1.05,MIL202109040
Mike King,kingm002,2021-05-30,2021,NYA,DET,2,2.3,15,63,3,2,0,0,1.0,DET202105300
Mike King,kingm002,2021-06-04,2021,NYA,BOS,5,5.3,22,66,6,0,1,1,0.99,NYA202106040
Mike King,kingm002,2021-06-10,2021,NYA,MIN,3,3.7,18,69,4,3,0,0,1.0,MIN202106100
Mike King,kingm002,2021-06-17,2021,NYA,TOR,1,4.3,17,60,5,2,0,0,1.0,TOR202106170
Mike King,kingm002,2021-06-23,2021,NYA,KCA,5,4.7,21,72,3,3,1,1,0.99,NYA202106230
Mike King,kingm002,2021-06-28,2021,NYA,ANA,4,4.3,21,77,6,2,1,1,0.99,NYA202106280
Brandon Kintzler,kintb001,2021-07-11,2021,PHI,BOS,0,1.0,4,13,1,0,1,0,0.98,BOS202107110
Andrew Kittredge,kitta001,2021-04-18,2021,TBA,NYA,3,1.7,6,21,1,0,1,0,0.99,NYA202104180
Andrew Kittredge,kitta001,2021-05-05,2021,TBA,ANA,1,2.0,8,26,1,1,0,0,0.99,ANA202105050
Andrew Kittredge,kitta001,2021-06-22,2021,TBA,BOS,1,0.7,4,16,1,1,0,1,1.05,TBA202106220
Andrew Kittredge,kitta001,2021-06-25,2021,TBA,ANA,2,2.0,8,24,2,0,2,1,1.05,TBA202106250
Corey Kluber,klubc001,2021-04-03,2021,NYA,TOR,5,4.0,19,74,5,3,1,1,0.99,NYA202104030
Corey Kluber,klubc001,2021-04-09,2021,NYA,TBA,3,2.3,14,62,5,2,0,0,1.05,TBA202104090
Corey Kluber,klubc001,2021-04-14,2021,NYA,TOR,4,4.0,20,77,6,2,2,0,1.0,TOR202104140
Corey Kluber,klubc001,2021-04-21,2021,NYA,ATL,2,4.7,20,91,2,4,0,1,0.99,NYA202104210
Corey Kluber,klubc001,2021-04-27,2021,NYA,BAL,5,6.7,28,96,6,2,0,0,1.0,BAL202104270
Corey Kluber,klubc001,2021-05-02,2021,NYA,DET,10,8.0,27,103,2,1,0,1,0.99,NYA202105020
Corey Kluber,klubc001,2021-05-08,2021,NYA,WAS,6,5.7,25,101,6,3,0,1,0.99,NYA202105080
Corey Kluber,klubc001,2021-05-14,2021,NYA,BAL,6,6.0,25,85,7,2,1,0,1.0,BAL202105140
Corey Kluber,klubc001,2021-05-19,2021,NYA,TEX,9,9.0,28,101,0,1,0,0,0.99,TEX202105190
Corey Kluber,klubc001,2021-05-25,2021,NYA,TOR,5,3.0,14,58,2,3,1,1,0.99,NYA202105250
Corey Kluber,klubc001,2021-08-30,2021,NYA,ANA,6,4.0,19,68,5,2,1,0,0.99,ANA202108300
Corey Kluber,klubc001,2021-09-05,2021,NYA,BAL,5,3.7,18,78,4,3,1,1,0.99,NYA202109050
Corey Kluber,klubc001,2021-09-11,2021,NYA,NYN,6,4.0,19,82,5,2,1,0,1.06,NYN202109110
Corey Kluber,klubc001,2021-09-17,2021,NYA,CLE,4,6.0,23,95,4,2,0,1,0.99,NYA202109170
Corey Kluber,klubc001,2021-09-22,2021,NYA,TEX,4,4.3,21,84,8,0,0,1,0.99,NYA202109220
Corey Kluber,klubc001,2021-09-30,2021,NYA,TOR,2,4.7,21,83,7,1,0,0,1.0,TOR202109300
Corey Knebel,knebc001,2021-08-19,2021,LAN,NYN,1,1.0,4,16,1,0,0,1,1.03,LAN202108190
Corey Knebel,knebc001,2021-08-28,2021,LAN,COL,1,1.7,5,19,1,0,0,1,1.03,LAN202108280
Corey Knebel,knebc001,2021-09-03,2021,LAN,SFN,2,2.0,8,32,2,0,0,0,1.03,SFN202109030
Corey Knebel,knebc001,2021-09-07,2021,LAN,SLN,0,1.0,5,15,2,0,0,0,1.0,SLN202109070
Reiss Knehr,knehr001,2021-07-09,2021,SDN,COL,3,3.7,18,76,3,4,0,1,1.08,SDN202107090
Reiss Knehr,knehr001,2021-07-21,2021,SDN,ATL,1,1.7,8,45,1,2,0,0,1.02,ATL202107212
Reiss Knehr,knehr001,2021-08-01,2021,SDN,COL,2,3.0,10,42,2,0,1,1,1.08,SDN202108010
Reiss Knehr,knehr001,2021-09-24,2021,SDN,ATL,1,4.0,17,56,5,0,1,1,1.08,SDN202109240
Reiss Knehr,knehr001,2021-10-03,2021,SDN,SFN,2,3.0,14,45,3,2,0,0,1.03,SFN202110030
Michael Kopech,kopem001,2021-04-18,2021,CHA,BOS,4,3.0,11,41,1,1,0,0,0.98,BOS202104182
Michael Kopech,kopem001,2021-04-25,2021,CHA,TEX,10,5.0,18,87,4,0,1,1,0.99,CHA202104250
Michael Kopech,kopem001,2021-05-14,2021,CHA,KCA,5,4.0,16,65,2,2,1,1,0.99,CHA202105142
Michael Kopech,kopem001,2021-09-23,2021,CHA,CLE,4,2.0,6,27,0,0,0,0,1.04,CLE202109232
Jackson Kowar,kowaj001,2021-06-07,2021,KCA,ANA,0,0.7,7,39,3,2,0,0,0.99,ANA202106070
Jackson Kowar,kowaj001,2021-06-12,2021,KCA,OAK,1,1.3,12,57,5,3,0,0,1.0,OAK202106120
Jackson Kowar,kowaj001,2021-09-01,2021,KCA,CLE,6,6.0,24,94,5,3,0,1,0.96,KCA202109010
Jackson Kowar,kowaj001,2021-09-07,2021,KCA,BAL,7,6.0,27,105,5,3,2,0,1.0,BAL202109070
Jackson Kowar,kowaj001,2021-09-14,2021,KCA,OAK,1,1.0,10,39,3,4,0,1,0.96,KCA202109140
Jackson Kowar,kowaj001,2021-09-19,2021,KCA,SEA,3,4.0,22,96,7,3,2,1,0.96,KCA202109190
Jackson Kowar,kowaj001,2021-09-27,2021,KCA,CLE,4,4.3,22,84,7,1,1,0,1.04,CLE202109270
Jackson Kowar,kowaj001,2021-10-03,2021,KCA,MIN,6,4.0,18,75,5,1,1,1,0.96,KCA202110030
Max Kranick,kranm001,2021-06-27,2021,PIT,SLN,3,5.0,15,50,0,0,0,0,1.0,SLN202106270
Max Kranick,kranm001,2021-07-10,2021,PIT,NYN,5,3.0,16,70,4,3,1,0,1.06,NYN202107102
Max Kranick,kranm001,2021-07-21,2021,PIT,ARI,3,3.0,18,74,7,1,0,0,1.03,ARI202107210
Max Kranick,kranm001,2021-07-28,2021,PIT,MIL,3,5.0,26,73,10,1,0,1,1.0,PIT202107280
Max Kranick,kranm001,2021-08-03,2021,PIT,MIL,4,4.0,20,82,5,3,1,0,1.05,MIL202108030
Max Kranick,kranm001,2021-09-01,2021,PIT,CHA,1,4.7,24,83,8,2,1,0,0.99,CHA202109010
Max Kranick,kranm001,2021-09-19,2021,PIT,MIA,6,5.0,23,82,4,4,0,0,0.98,MIA202109190
Max Kranick,kranm001,2021-09-26,2021,PIT,PHI,5,5.0,22,90,4,3,0,0,1.01,PHI202109260
Max Kranick,kranm001,2021-10-02,2021,PIT,CIN,2,4.0,18,70,5,2,1,1,1.0,PIT202110020
Dean Kremer,kremd001,2021-04-06,2021,BAL,NYA,5,3.0,18,85,5,4,1,0,0.99,NYA202104060
Dean Kremer,kremd001,2021-04-13,2021,BAL,SEA,3,3.0,14,54,4,1,1,1,1.0,BAL202104132
Dean Kremer,kremd001,2021-04-17,2021,BAL,TEX,6,4.7,18,79,5,1,0,0,0.99,TEX202104170
Dean Kremer,kremd001,2021-04-28,2021,BAL,NYA,4,4.3,22,89,10,0,2,1,1.0,BAL202104280
Dean Kremer,kremd001,2021-05-03,2021,BAL,SEA,4,6.0,22,94,2,2,1,0,1.04,SEA202105030
Dean Kremer,kremd001,2021-05-09,2021,BAL,BOS,3,5.0,20,85,5,1,1,1,1.0,BAL202105090
Dean Kremer,kremd001,2021-05-14,2021,BAL,NYA,4,5.0,20,77,5,0,2,1,1.0,BAL202105140
Dean Kremer,kremd001,2021-05-20,2021,BAL,TBA,3,3.0,19,63,5,4,2,1,1.0,BAL202105200
Dean Kremer,kremd001,2021-05-25,2021,BAL,MIN,5,4.0,21,94,6,3,1,0,1.0,MIN202105250
Dean Kremer,kremd001,2021-06-14,2021,BAL,CLE,2,5.3,20,71,4,0,0,0,1.04,CLE202106140
Dean Kremer,kremd001,2021-06-19,2021,BAL,TOR,6,6.0,23,90,3,3,2,1,1.0,BAL202106190
Dean Kremer,kremd001,2021-06-24,2021,BAL,TOR,0,0.3,8,39,2,5,1,0,1.0,TOR202106240
Dean Kremer,kremd001,2021-09-11,2021,BAL,TOR,2,4.0,20,66,7,1,3,1,1.0,BAL202109111
Chad Kuhl,kuhlc001,2021-04-01,2021,PIT,CHN,2,3.0,14,63,1,3,0,0,0.97,CHN202104010
Chad Kuhl,kuhlc001,2021-04-07,2021,PIT,CIN,5,4.0,19,72,2,5,1,0,1.0,CIN202104070
Chad Kuhl,kuhlc001,2021-04-13,2021,PIT,SDN,1,3.7,22,92,4,7,1,1,1.0,PIT202104130
Chad Kuhl,kuhlc001,2021-04-18,2021,PIT,MIL,6,5.0,21,97,5,1,2,0,1.05,MIL202104180
Chad Kuhl,kuhlc001,2021-05-31,2021,PIT,KCA,5,4.0,19,75,6,0,0,0,0.96,KCA202105310
Chad Kuhl,kuhlc001,2021-06-06,2021,PIT,MIA,2,6.0,23,82,3,1,1,1,1.0,PIT202106060
Chad Kuhl,kuhlc001,2021-06-12,2021,PIT,MIL,2,3.3,21,93,5,4,0,0,1.05,MIL202106120
Chad Kuhl,kuhlc001,2021-06-18,2021,PIT,CLE,4,6.0,20,77,4,1,0,1,1.0,PIT202106180
Chad Kuhl,kuhlc001,2021-06-24,2021,PIT,SLN,2,6.0,22,93,3,3,0,0,1.0,SLN202106240
Chad Kuhl,kuhlc001,2021-06-30,2021,PIT,COL,6,4.3,21,82,5,3,1,0,0.92,COL202106300
Chad Kuhl,kuhlc001,2021-07-06,2021,PIT,ATL,7,6.0,21,97,4,0,1,1,1.0,PIT202107060
Chad Kuhl,kuhlc001,2021-07-16,2021,PIT,NYN,3,5.0,21,86,2,5,0,1,1.0,PIT202107160
Chad Kuhl,kuhlc001,2021-07-23,2021,PIT,SFN,8,5.3,22,94,6,1,2,0,1.03,SFN202107230
Chad Kuhl,kuhlc001,2021-07-29,2021,PIT,MIL,5,5.3,22,89,6,1,0,1,1.0,PIT202107290
Travis Lakins,lakit001,2021-06-29,2021,BAL,HOU,0,1.7,10,40,1,3,0,0,1.02,HOU202106290
Jimmy Lambert,lambj003,2021-05-31,2021,CHA,CLE,4,3.7,19,74,7,1,1,0,1.04,CLE202105312
Jimmy Lambert,lambj003,2021-08-01,2021,CHA,CLE,2,3.0,12,57,2,1,1,1,0.99,CHA202108010
Jimmy Lambert,lambj003,2021-09-07,2021,CHA,OAK,2,5.0,19,70,3,2,0,0,1.0,OAK202109070
Peter Lambert,lambp001,2021-09-24,2021,COL,SFN,2,3.7,15,65,4,1,2,1,0.92,COL202109240
Peter Lambert,lambp001,2021-09-29,2021,COL,WAS,1,2.0,15,58,8,1,0,1,0.92,COL202109290
Dinelson Lamet,lamed001,2021-04-21,2021,SDN,MIL,4,2.0,8,29,1,1,0,1,1.08,SDN202104210
Dinelson Lamet,lamed001,2021-05-04,2021,SDN,PIT,0,2.0,9,30,4,0,0,1,1.08,SDN202105040
Dinelson Lamet,lamed001,2021-05-11,2021,SDN,COL,1,2.0,8,29,1,1,0,0,0.92,COL202105110
Dinelson Lamet,lamed001,2021-05-28,2021,SDN,HOU,3,3.0,16,64,5,2,1,0,1.02,HOU202105280
Dinelson Lamet,lamed001,2021-06-02,2021,SDN,CHN,6,4.0,17,72,4,1,0,0,0.97,CHN202106020
Dinelson Lamet,lamed001,2021-06-08,2021,SDN,CHN,6,5.0,21,78,4,1,1,1,1.08,SDN202106080
Dinelson Lamet,lamed001,2021-06-14,2021,SDN,COL,3,4.0,17,75,4,2,0,0,0.92,COL202106140
Dinelson Lamet,lamed001,2021-06-20,2021,SDN,CIN,7,5.0,20,81,4,1,0,1,1.08,SDN202106200
Dinelson Lamet,lamed001,2021-06-26,2021,SDN,ARI,1,2.3,13,47,6,0,2,1,1.08,SDN202106260
Jacob Latz,latzj001,2021-08-25,2021,TEX,CLE,4,4.7,19,84,5,0,3,0,1.04,CLE202108250
Eric Lauer,lauee001,2021-04-29,2021,MIL,LAN,3,5.0,20,73,4,2,0,1,1.05,MIL202104290
Eric Lauer,lauee001,2021-05-04,2021,MIL,PHI,7,6.0,26,91,8,0,3,0,1.01,PHI202105040
Eric Lauer,lauee001,2021-05-26,2021,MIL,SDN,6,6.0,23,85,4,1,0,1,1.05,MIL202105260
Eric Lauer,lauee001,2021-06-01,2021,MIL,DET,5,2.0,16,66,7,2,3,1,1.05,MIL202106010
Eric Lauer,lauee001,2021-06-14,2021,MIL,CIN,3,5.0,24,90,5,4,0,1,1.05,MIL202106140
Eric Lauer,lauee001,2021-06-20,2021,MIL,COL,5,5.0,21,96,5,1,2,0,0.92,COL202106200
Eric Lauer,lauee001,2021-06-27,2021,MIL,COL,6,6.0,22,87,2,2,0,1,1.05,MIL202106270
Eric Lauer,lauee001,2021-07-03,2021,MIL,PIT,4,6.3,27,97,4,4,0,0,1.0,PIT202107030
Eric Lauer,lauee001,2021-07-09,2021,MIL,CIN,3,6.0,26,89,5,4,0,1,1.05,MIL202107090
Eric Lauer,lauee001,2021-07-21,2021,MIL,KCA,6,5.0,19,82,4,0,0,1,1.05,MIL202107210
Eric Lauer,lauee001,2021-08-02,2021,MIL,PIT,3,5.0,19,84,3,0,0,1,1.05,MIL202108020
Eric Lauer,lauee001,2021-08-15,2021,MIL,PIT,6,4.0,16,72,3,0,0,0,1.0,PIT202108150
Eric Lauer,lauee001,2021-08-21,2021,MIL,WAS,3,4.3,21,76,5,3,0,1,1.05,MIL202108210
Eric Lauer,lauee001,2021-08-27,2021,MIL,MIN,6,4.7,22,102,6,2,1,0,1.0,MIN202108270
Eric Lauer,lauee001,2021-09-02,2021,MIL,SFN,4,7.0,26,90,3,1,1,0,1.03,SFN202109020
Eric Lauer,lauee001,2021-09-07,2021,MIL,PHI,5,7.0,25,87,4,1,0,1,1.05,MIL202109070
Eric Lauer,lauee001,2021-09-12,2021,MIL,CLE,8,5.3,19,88,3,1,0,0,1.04,CLE202109120
Eric Lauer,lauee001,2021-09-19,2021,MIL,CHN,6,5.3,19,90,1,3,1,1,1.05,MIL202109190
Eric Lauer,lauee001,2021-09-24,2021,MIL,NYN,9,6.7,26,114,3,2,0,1,1.05,MIL202109240
Eric Lauer,lauee001,2021-10-01,2021,MIL,LAN,3,5.0,22,87,6,2,2,0,1.03,LAN202110010
Wade LeBlanc,leblw001,2021-04-24,2021,BAL,OAK,2,1.7,12,48,6,1,0,1,1.0,BAL202104240
Wade LeBlanc,leblw001,2021-06-28,2021,SLN,ARI,2,4.3,19,71,4,1,1,1,1.0,SLN202106280
Wade LeBlanc,leblw001,2021-07-03,2021,SLN,COL,3,5.7,23,79,3,3,0,0,0.92,COL202107030
Wade LeBlanc,leblw001,2021-07-09,2021,SLN,CHN,1,3.0,18,65,5,3,0,0,0.97,CHN202107090
Wade LeBlanc,leblw001,2021-07-18,2021,SLN,SFN,3,5.0,21,82,5,1,1,1,1.0,SLN202107180
Wade LeBlanc,leblw001,2021-07-23,2021,SLN,CIN,5,4.0,21,82,8,1,1,0,1.0,CIN202107230
Wade LeBlanc,leblw001,2021-07-30,2021,SLN,MIN,3,5.7,25,84,6,2,0,1,1.0,SLN202107300
Wade LeBlanc,leblw001,2021-08-05,2021,SLN,ATL,1,6.0,24,85,3,3,1,1,1.0,SLN202108050
Wade LeBlanc,leblw001,2021-08-12,2021,SLN,PIT,1,2.0,9,30,3,1,1,0,1.0,PIT202108120
Dominic Leone,leond003,2021-09-05,2021,SFN,LAN,0,1.0,3,13,0,0,0,1,1.03,SFN202109050
Dominic Leone,leond003,2021-09-10,2021,SFN,CHN,2,2.0,6,36,0,0,0,0,0.97,CHN202109100
Dominic Leone,leond003,2021-09-13,2021,SFN,SDN,1,2.0,7,18,1,0,0,1,1.03,SFN202109130
Dominic Leone,leond003,2021-09-15,2021,SFN,SDN,1,0.3,3,21,2,0,0,1,1.03,SFN202109150
Jon Lester,lestj001,2021-04-30,2021,WAS,MIA,1,5.0,21,70,5,2,0,1,1.01,WAS202104300
Jon Lester,lestj001,2021-05-06,2021,WAS,ATL,5,5.0,20,85,4,2,0,1,1.01,WAS202105060
Jon Lester,lestj001,2021-05-12,2021,WAS,PHI,4,6.0,25,97,6,3,0,1,1.01,WAS202105120
Jon Lester,lestj001,2021-05-17,2021,WAS,CHN,4,5.3,22,76,8,0,3,0,0.97,CHN202105170
Jon Lester,lestj001,2021-05-22,2021,WAS,BAL,4,4.0,19,79,5,3,1,1,1.01,WAS202105220
Jon Lester,lestj001,2021-05-29,2021,WAS,MIL,4,4.0,17,74,5,0,0,1,1.01,WAS202105292
Jon Lester,lestj001,2021-06-02,2021,WAS,ATL,3,5.7,24,87,5,2,1,0,1.02,ATL202106020
Jon Lester,lestj001,2021-06-08,2021,WAS,TBA,2,3.7,19,91,4,4,1,0,1.05,TBA202106080
Jon Lester,lestj001,2021-06-14,2021,WAS,PIT,2,5.3,23,86,6,1,1,1,1.01,WAS202106140
Jon Lester,lestj001,2021-06-19,2021,WAS,NYN,6,6.0,25,100,7,0,1,1,1.01,WAS202106192
Jon Lester,lestj001,2021-06-25,2021,WAS,MIA,1,2.3,16,64,5,3,1,0,0.98,MIA202106250
Jon Lester,lestj001,2021-06-30,2021,WAS,TBA,3,5.0,24,96,7,2,2,1,1.01,WAS202106300
Jon Lester,lestj001,2021-07-05,2021,WAS,SDN,2,3.3,21,83,6,4,1,0,1.08,SDN202107050
Jon Lester,lestj001,2021-07-10,2021,WAS,SFN,1,2.7,21,80,9,2,0,0,1.03,SFN202107100
Jon Lester,lestj001,2021-07-19,2021,WAS,MIA,7,7.0,26,81,6,0,0,1,1.01,WAS202107190
Jon Lester,lestj001,2021-07-24,2021,WAS,BAL,2,5.0,19,70,3,1,2,0,1.0,BAL202107240
Jon Lester,lestj001,2021-08-03,2021,SLN,ATL,4,5.0,24,88,9,2,2,1,1.0,SLN202108030
Jon Lester,lestj001,2021-08-08,2021,SLN,KCA,2,5.3,25,92,6,2,0,1,1.0,SLN202108080
Jon Lester,lestj001,2021-08-14,2021,SLN,KCA,2,5.7,24,90,7,2,0,0,0.96,KCA202108140
Jon Lester,lestj001,2021-08-19,2021,SLN,MIL,0,4.3,23,89,6,3,0,1,1.0,SLN202108190
Jon Lester,lestj001,2021-08-25,2021,SLN,DET,4,5.0,21,88,7,2,0,1,1.0,SLN202108250
Jon Lester,lestj001,2021-08-30,2021,SLN,CIN,5,6.3,22,86,1,2,1,0,1.0,CIN202108300
Jon Lester,lestj001,2021-09-05,2021,SLN,MIL,2,5.3,23,81,6,2,1,0,1.05,MIL202109050
Jon Lester,lestj001,2021-09-10,2021,SLN,CIN,2,7.0,27,92,3,4,2,1,1.0,SLN202109100
Jon Lester,lestj001,2021-09-15,2021,SLN,NYN,7,6.0,25,94,6,0,2,0,1.06,NYN202109150
Jon Lester,lestj001,2021-09-20,2021,SLN,MIL,2,6.0,21,77,3,0,2,0,1.05,MIL202109200
Jon Lester,lestj001,2021-09-25,2021,SLN,CHN,6,5.0,26,96,8,3,0,0,0.97,CHN202109250
Jon Lester,lestj001,2021-10-02,2021,SLN,CHN,4,5.0,24,88,6,4,1,1,1.0,SLN202110020
Zack Littell,littz001,2021-06-09,2021,SFN,TEX,1,1.0,3,14,0,1,0,0,0.99,TEX202106090
Zack Littell,littz001,2021-06-15,2021,SFN,ARI,0,0.0,6,17,4,2,0,1,1.03,SFN202106150
Sam Long,longs002,2021-06-20,2021,SFN,PHI,6,6.0,23,84,4,1,1,1,1.03,SFN202106200
Sam Long,longs002,2021-06-27,2021,SFN,OAK,3,5.0,24,91,4,3,0,1,1.03,SFN202106270
Sam Long,longs002,2021-07-03,2021,SFN,ARI,6,4.0,20,84,7,1,1,0,1.03,ARI202107030
Sam Long,longs002,2021-08-14,2021,SFN,COL,4,2.0,9,44,2,1,1,1,1.03,SFN202108140
Sam Long,longs002,2021-08-24,2021,SFN,NYN,4,5.3,19,92,3,1,0,0,1.06,NYN202108240
Jorge López,lopej004,2021-04-05,2021,BAL,NYA,5,4.7,20,75,3,3,1,0,0.99,NYA202104050
Jorge López,lopej004,2021-04-11,2021,BAL,BOS,4,4.0,21,68,8,1,2,1,1.0,BAL202104110
Jorge López,lopej004,2021-04-16,2021,BAL,TEX,8,5.0,18,75,2,1,2,0,0.99,TEX202104160
Jorge López,lopej004,2021-04-23,2021,BAL,OAK,1,4.0,19,81,5,2,1,1,1.0,BAL202104230
Jorge López,lopej004,2021-04-29,2021,BAL,NYA,3,4.0,19,79,4,2,0,1,1.0,BAL202104290
Jorge López,lopej004,2021-05-04,2021,BAL,SEA,4,4.7,18,76,3,2,1,0,1.04,SEA202105040
Jorge López,lopej004,2021-05-10,2021,BAL,BOS,5,5.7,22,71,4,0,0,1,1.0,BAL202105100
Jorge López,lopej004,2021-05-15,2021,BAL,NYA,4,2.0,14,71,6,2,1,1,1.0,BAL202105150
Jorge López,lopej004,2021-05-21,2021,BAL,WAS,8,5.0,25,88,7,3,0,0,1.01,WAS202105210
Jorge López,lopej004,2021-05-26,2021,BAL,MIN,3,6.0,25,93,4,4,1,0,1.0,MIN202105260
Jorge López,lopej004,2021-05-31,2021,BAL,MIN,7,6.0,24,90,5,2,0,1,1.0,BAL202105310
Jorge López,lopej004,2021-06-06,2021,BAL,CLE,2,5.0,21,74,4,3,1,1,1.0,BAL202106060
Jorge López,lopej004,2021-06-12,2021,BAL,TBA,8,4.7,24,95,8,1,0,0,1.05,TBA202106120
Jorge López,lopej004,2021-06-17,2021,BAL,CLE,3,4.3,21,81,7,1,3,0,1.04,CLE202106170
Jorge López,lopej004,2021-06-22,2021,BAL,HOU,6,6.3,25,95,5,2,1,1,1.0,BAL202106220
Jorge López,lopej004,2021-06-27,2021,BAL,TOR,2,4.7,24,100,10,4,0,0,1.0,TOR202106270
Jorge López,lopej004,2021-07-03,2021,BAL,ANA,4,4.7,24,88,7,4,0,0,0.99,ANA202107030
Jorge López,lopej004,2021-07-09,2021,BAL,CHA,4,4.0,21,87,8,1,0,1,1.0,BAL202107090
Jorge López,lopej004,2021-07-17,2021,BAL,KCA,4,4.7,21,80,7,1,0,0,0.96,KCA202107170
Jorge López,lopej004,2021-07-23,2021,BAL,WAS,3,4.7,20,82,4,2,1,1,1.0,BAL202107230
Jorge López,lopej004,2021-07-28,2021,BAL,MIA,2,2.0,15,58,7,2,1,1,1.0,BAL202107280
Jorge López,lopej004,2021-08-02,2021,BAL,NYA,4,6.0,25,106,1,5,0,0,0.99,NYA202108020
Jorge López,lopej004,2021-08-08,2021,BAL,TBA,5,6.0,23,100,4,2,1,1,1.0,BAL202108080
Jorge López,lopej004,2021-08-14,2021,BAL,BOS,1,3.3,21,81,9,2,1,0,0.98,BOS202108140
Jorge López,lopej004,2021-08-19,2021,BAL,TBA,2,2.0,12,48,4,2,1,0,1.05,TBA202108190
Pablo López,lopep002,2021-04-02,2021,MIA,TBA,4,5.0,18,77,2,2,0,1,0.98,MIA202104020
Pablo López,lopep002,2021-04-07,2021,MIA,SLN,6,6.7,24,99,3,2,1,1,0.98,MIA202104070
Pablo López,lopep002,2021-04-13,2021,MIA,ATL,6,4.0,22,83,9,1,2,0,1.02,ATL202104130
Pablo López,lopep002,2021-04-18,2021,MIA,SFN,9,6.0,27,101,6,2,0,1,0.98,MIA202104180
Pablo López,lopep002,2021-04-24,2021,MIA,SFN,7,6.0,21,97,2,1,0,0,1.03,SFN202104240
Pablo López,lopep002,2021-04-30,2021,MIA,WAS,2,7.0,25,79,6,2,0,0,1.01,WAS202104300
Pablo López,lopep002,2021-05-06,2021,MIA,ARI,6,5.0,23,94,3,2,0,1,0.98,MIA202105060
Pablo López,lopep002,2021-05-11,2021,MIA,ARI,3,4.3,21,86,7,3,1,0,1.03,ARI202105110
Pablo López,lopep002,2021-05-16,2021,MIA,LAN,3,5.0,22,90,7,1,0,0,1.03,LAN202105160
Pablo López,lopep002,2021-05-22,2021,MIA,NYN,8,7.0,26,90,4,1,0,1,0.98,MIA202105220
Pablo López,lopep002,2021-05-27,2021,MIA,PHI,5,7.0,25,92,4,1,1,1,0.98,MIA202105270
Pablo López,lopep002,2021-06-02,2021,MIA,TOR,9,4.0,18,90,5,1,2,0,1.0,TOR202106020
Pablo López,lopep002,2021-06-08,2021,MIA,COL,8,8.0,28,96,5,0,0,1,0.98,MIA202106080
Pablo López,lopep002,2021-06-13,2021,MIA,ATL,2,3.0,18,84,6,2,1,1,0.98,MIA202106130
Pablo López,lopep002,2021-06-19,2021,MIA,CHN,7,7.0,22,93,1,0,0,0,0.97,CHN202106190
Pablo López,lopep002,2021-06-25,2021,MIA,WAS,9,6.0,24,101,6,1,1,1,0.98,MIA202106250
Pablo López,lopep002,2021-07-02,2021,MIA,ATL,0,0.0,1,1,0,0,0,0,1.02,ATL202107020
Pablo López,lopep002,2021-07-06,2021,MIA,LAN,8,4.0,19,91,4,1,0,1,0.98,MIA202107060
Pablo López,lopep002,2021-07-11,2021,MIA,ATL,9,6.0,25,83,5,2,1,1,0.98,MIA202107110
Pablo López,lopep002,2021-10-03,2021,MIA,PHI,4,1.7,9,42,4,1,1,1,0.98,MIA202110030
Reynaldo López,loper003,2021-07-19,2021,CHA,MIN,3,3.0,11,44,2,1,1,1,0.99,CHA202107192
Reynaldo López,loper003,2021-08-11,2021,CHA,MIN,4,3.0,11,51,1,2,0,0,1.0,MIN202108110
Reynaldo López,loper003,2021-08-17,2021,CHA,OAK,4,5.0,17,66,1,2,0,1,0.99,CHA202108170
Reynaldo López,loper003,2021-08-22,2021,CHA,TBA,4,4.0,17,73,6,0,0,0,1.05,TBA202108220
Reynaldo López,loper003,2021-09-04,2021,CHA,KCA,1,4.0,16,65,3,1,1,0,0.96,KCA202109040
Reynaldo López,loper003,2021-09-09,2021,CHA,OAK,2,5.0,23,90,6,3,0,0,1.0,OAK202109090
Reynaldo López,loper003,2021-09-16,2021,CHA,ANA,7,4.0,20,81,7,1,2,1,0.99,CHA202109160
Reynaldo López,loper003,2021-09-23,2021,CHA,CLE,4,3.3,14,65,4,0,2,0,1.04,CLE202109231
Reynaldo López,loper003,2021-09-28,2021,CHA,CIN,4,6.0,20,81,2,0,1,1,0.99,CHA202109280
Aaron Loup,loupa001,2021-07-11,2021,NYN,PIT,2,2.0,7,26,2,0,0,1,1.06,NYN202107110
Aaron Loup,loupa001,2021-07-26,2021,NYN,ATL,1,1.0,3,11,0,0,0,1,1.06,NYN202107262
Zac Lowther,lowtz001,2021-05-08,2021,BAL,BOS,3,2.3,16,65,7,2,1,1,1.0,BAL202105080
Zac Lowther,lowtz001,2021-09-06,2021,BAL,KCA,2,6.0,23,92,3,2,1,1,1.0,BAL202109060
Zac Lowther,lowtz001,2021-09-12,2021,BAL,TOR,4,2.0,14,53,4,3,2,1,1.0,BAL202109120
Zac Lowther,lowtz001,2021-09-18,2021,BAL,BOS,2,3.3,17,57,5,2,0,0,0.98,BOS202109180
Zac Lowther,lowtz001,2021-09-23,2021,BAL,TEX,7,5.0,19,94,3,2,0,1,1.0,BAL202109230
Zac Lowther,lowtz001,2021-09-29,2021,BAL,BOS,4,5.0,21,73,8,0,1,1,1.0,BAL202109290
Joey Lucchesi,luccj001,2021-04-17,2021,NYN,COL,3,3.0,14,55,4,0,0,0,0.92,COL202104172
Joey Lucchesi,luccj001,2021-04-22,2021,NYN,CHN,5,3.0,13,60,2,2,0,0,0.97,CHN202104220
Joey Lucchesi,luccj001,2021-05-03,2021,NYN,SLN,1,2.7,15,63,7,1,2,0,1.0,SLN202105030
Joey Lucchesi,luccj001,2021-05-22,2021,NYN,MIA,8,4.0,12,43,1,0,0,0,0.98,MIA202105220
Joey Lucchesi,luccj001,2021-05-27,2021,NYN,COL,2,3.7,15,70,2,3,0,1,1.06,NYN202105272
Joey Lucchesi,luccj001,2021-06-04,2021,NYN,SDN,3,4.7,18,67,4,0,1,0,1.08,SDN202106040
Joey Lucchesi,luccj001,2021-06-13,2021,NYN,SDN,6,5.0,18,72,4,1,1,1,1.06,NYN202106130
Joey Lucchesi,luccj001,2021-06-18,2021,NYN,WAS,5,5.3,21,90,4,2,0,0,1.01,WAS202106180
Lucas Luetge,luetl001,2021-08-11,2021,NYA,KCA,1,2.0,8,46,2,0,0,0,0.96,KCA202108110
Jesús Luzardo,luzaj001,2021-04-02,2021,OAK,HOU,8,5.0,24,92,8,1,2,1,1.0,OAK202104020
Jesús Luzardo,luzaj001,2021-04-07,2021,OAK,LAN,6,5.3,25,104,5,4,0,1,1.0,OAK202104070
Jesús Luzardo,luzaj001,2021-04-13,2021,OAK,ARI,1,2.7,16,63,6,2,1,0,1.03,ARI202104130
Jesús Luzardo,luzaj001,2021-04-20,2021,OAK,MIN,6,5.3,18,65,2,1,0,1,1.0,OAK202104202
Jesús Luzardo,luzaj001,2021-04-25,2021,OAK,BAL,8,6.7,28,101,7,2,2,0,1.0,BAL202104250
Jesús Luzardo,luzaj001,2021-05-01,2021,OAK,BAL,1,3.0,16,64,5,2,0,1,1.0,OAK202105010
Jesús Luzardo,luzaj001,2021-08-02,2021,MIA,NYN,5,5.0,22,84,4,3,1,1,0.98,MIA202108020
Jesús Luzardo,luzaj001,2021-08-07,2021,MIA,COL,2,4.7,24,81,7,4,0,0,0.92,COL202108070
Jesús Luzardo,luzaj001,2021-08-13,2021,MIA,CHN,6,5.0,26,106,6,4,2,1,0.98,MIA202108130
Jesús Luzardo,luzaj001,2021-08-18,2021,MIA,ATL,4,3.0,17,74,4,5,0,1,0.98,MIA202108180
Jesús Luzardo,luzaj001,2021-08-24,2021,MIA,WAS,3,4.7,25,93,10,1,2,1,0.98,MIA202108240
Jesús Luzardo,luzaj001,2021-08-29,2021,MIA,CIN,8,6.0,22,94,1,1,0,1,0.98,MIA202108290
Jesús Luzardo,luzaj001,2021-09-03,2021,MIA,PHI,3,5.7,24,90,5,2,1,1,0.98,MIA202109030
Jesús Luzardo,luzaj001,2021-09-09,2021,MIA,NYN,8,5.7,23,97,2,4,1,1,0.98,MIA202109090
Jesús Luzardo,luzaj001,2021-09-14,2021,MIA,WAS,1,4.3,21,86,7,2,1,0,1.01,WAS202109140
Jesús Luzardo,luzaj001,2021-09-20,2021,MIA,WAS,2,4.0,22,91,6,4,1,1,0.98,MIA202109200
Jesús Luzardo,luzaj001,2021-09-26,2021,MIA,TBA,5,4.0,17,82,2,2,0,0,1.05,TBA202109260
Jesús Luzardo,luzaj001,2021-10-02,2021,MIA,PHI,11,5.3,21,87,6,0,0,1,0.98,MIA202110020
Jordan Lyles,lylej001,2021-04-04,2021,TEX,KCA,8,5.7,23,76,5,0,1,0,0.96,KCA202104040
Jordan Lyles,lylej001,2021-04-10,2021,TEX,SDN,1,4.3,19,78,6,2,2,1,0.99,TEX202104100
Jordan Lyles,lylej001,2021-04-15,2021,TEX,TBA,4,5.3,22,86,5,1,1,0,1.05,TBA202104150
Jordan Lyles,lylej001,2021-04-20,2021,TEX,ANA,5,6.0,23,80,5,0,1,0,0.99,ANA202104200
Jordan Lyles,lylej001,2021-04-26,2021,TEX,ANA,2,2.7,21,77,10,3,2,1,0.99,TEX202104260
Jordan Lyles,lylej001,2021-05-01,2021,TEX,BOS,3,4.0,20,84,6,2,1,1,0.99,TEX202105010
Jordan Lyles,lylej001,2021-05-06,2021,TEX,MIN,7,5.0,24,83,7,2,1,0,1.0,MIN202105060
Jordan Lyles,lylej001,2021-05-11,2021,TEX,SFN,6,5.0,20,83,2,5,0,0,1.03,SFN202105110
Jordan Lyles,lylej001,2021-05-17,2021,TEX,NYA,6,6.0,23,85,6,1,0,1,0.99,TEX202105170
Jordan Lyles,lylej001,2021-05-22,2021,TEX,HOU,2,6.0,27,87,7,2,1,1,0.99,TEX202105220
Jordan Lyles,lylej001,2021-05-28,2021,TEX,SEA,8,6.0,24,95,6,1,1,0,1.04,SEA202105280
Jordan Lyles,lylej001,2021-06-02,2021,TEX,COL,2,5.0,24,87,7,2,0,0,0.92,COL202106020
Jordan Lyles,lylej001,2021-06-08,2021,TEX,SFN,3,6.0,25,100,6,3,1,1,0.99,TEX202106080
Jordan Lyles,lylej001,2021-06-16,2021,TEX,HOU,3,4.3,22,77,7,2,4,0,1.02,HOU202106160
Jordan Lyles,lylej001,2021-06-27,2021,TEX,KCA,4,7.0,28,97,7,0,0,1,0.99,TEX202106270
Jordan Lyles,lylej001,2021-07-03,2021,TEX,SEA,6,6.0,26,124,5,2,1,0,1.04,SEA202107030
Jordan Lyles,lylej001,2021-07-09,2021,TEX,OAK,3,6.0,24,92,7,1,0,1,0.99,TEX202107090
Jordan Lyles,lylej001,2021-07-16,2021,TEX,TOR,3,4.0,22,95,7,3,4,0,1.0,TOR202107160
Jordan Lyles,lylej001,2021-07-21,2021,TEX,DET,5,7.0,27,109,6,1,3,0,1.0,DET202107210
Jordan Lyles,lylej001,2021-07-28,2021,TEX,ARI,6,7.0,25,98,2,2,1,1,0.99,TEX202107280
Jordan Lyles,lylej001,2021-08-03,2021,TEX,ANA,6,5.7,27,110,9,3,1,1,0.99,TEX202108030
Jordan Lyles,lylej001,2021-08-08,2021,TEX,OAK,4,5.3,29,114,10,4,1,0,1.0,OAK202108080
Jordan Lyles,lylej001,2021-08-14,2021,TEX,OAK,5,6.0,25,103,8,0,4,1,0.99,TEX202108140
Jordan Lyles,lylej001,2021-08-21,2021,TEX,BOS,6,7.0,27,100,5,3,0,0,0.98,BOS202108210
Jordan Lyles,lylej001,2021-08-26,2021,TEX,CLE,3,3.7,22,87,9,1,2,0,1.04,CLE202108260
Jordan Lyles,lylej001,2021-08-31,2021,TEX,COL,7,6.7,26,104,6,1,3,1,0.99,TEX202108310
Jordan Lyles,lylej001,2021-09-14,2021,TEX,HOU,7,7.0,24,98,3,1,0,1,0.99,TEX202109140
Jordan Lyles,lylej001,2021-09-19,2021,TEX,CHA,3,3.7,22,80,8,3,1,1,0.99,TEX202109190
Jordan Lyles,lylej001,2021-09-25,2021,TEX,BAL,4,6.7,26,102,7,1,1,0,1.0,BAL202109250
Jordan Lyles,lylej001,2021-10-02,2021,TEX,CLE,8,7.0,23,99,2,1,0,1,0.99,TEX202110020
Daniel Lynch,lyncd001,2021-05-03,2021,KCA,CLE,3,4.7,21,74,4,4,0,1,0.96,KCA202105030
Daniel Lynch,lyncd001,2021-05-08,2021,KCA,CHA,0,0.7,10,34,7,1,1,1,0.96,KCA202105080
Daniel Lynch,lyncd001,2021-05-13,2021,KCA,DET,4,2.7,15,66,7,0,0,0,1.0,DET202105130
Daniel Lynch,lyncd001,2021-07-25,2021,KCA,DET,4,8.0,28,95,5,0,0,1,0.96,KCA202107250
Daniel Lynch,lyncd001,2021-07-30,2021,KCA,TOR,2,6.0,26,107,7,2,1,0,1.0,TOR202107300
Daniel Lynch,lyncd001,2021-08-05,2021,KCA,CHA,7,5.0,22,95,4,2,1,0,0.99,CHA202108050
Daniel Lynch,lyncd001,2021-08-10,2021,KCA,NYA,6,4.7,22,100,4,4,1,1,0.96,KCA202108100
Daniel Lynch,lyncd001,2021-08-17,2021,KCA,HOU,5,7.0,25,98,4,3,0,1,0.96,KCA202108170
Daniel Lynch,lyncd001,2021-08-23,2021,KCA,HOU,5,5.0,24,88,6,3,0,0,1.02,HOU202108230
Daniel Lynch,lyncd001,2021-08-28,2021,KCA,SEA,4,4.7,24,104,7,3,0,0,1.04,SEA202108280
Daniel Lynch,lyncd001,2021-09-04,2021,KCA,CHA,3,2.7,16,65,5,3,2,1,0.96,KCA202109040
Daniel Lynch,lyncd001,2021-09-10,2021,KCA,MIN,4,6.0,25,98,7,0,2,0,1.0,MIN202109100
Daniel Lynch,lyncd001,2021-09-16,2021,KCA,OAK,1,2.0,11,53,2,1,0,1,0.96,KCA202109160
Daniel Lynch,lyncd001,2021-09-21,2021,KCA,CLE,5,6.0,25,99,4,3,1,0,1.04,CLE202109210
Daniel Lynch,lyncd001,2021-09-29,2021,KCA,CLE,2,3.0,17,81,7,2,0,1,0.96,KCA202109290
Lance Lynn,lynnl001,2021-04-03,2021,CHA,ANA,6,4.7,22,99,6,2,0,0,0.99,ANA202104030
Lance Lynn,lynnl001,2021-04-08,2021,CHA,KCA,11,9.0,32,111,5,0,0,1,0.99,CHA202104080
Lance Lynn,lynnl001,2021-04-15,2021,CHA,CLE,10,6.0,23,93,5,0,1,1,0.99,CHA202104150
Lance Lynn,lynnl001,2021-05-01,2021,CHA,CLE,2,5.0,20,68,4,2,1,1,0.99,CHA202105010
Lance Lynn,lynnl001,2021-05-08,2021,CHA,KCA,6,5.0,20,90,1,4,0,0,0.96,KCA202105080
Lance Lynn,lynnl001,2021-05-13,2021,CHA,MIN,9,5.0,24,111,2,3,0,1,0.99,CHA202105130
Lance Lynn,lynnl001,2021-05-18,2021,CHA,MIN,2,6.0,25,109,5,1,2,0,1.0,MIN202105180
Lance Lynn,lynnl001,2021-05-24,2021,CHA,SLN,4,7.0,27,104,2,3,0,1,0.99,CHA202105240
Lance Lynn,lynnl001,2021-05-29,2021,CHA,BAL,7,5.0,19,82,3,0,0,1,0.99,CHA202105292
Lance Lynn,lynnl001,2021-06-03,2021,CHA,DET,6,6.0,23,89,4,2,1,1,0.99,CHA202106030
Lance Lynn,lynnl001,2021-06-09,2021,CHA,TOR,9,7.0,25,95,4,0,1,1,0.99,CHA202106090
Lance Lynn,lynnl001,2021-06-14,2021,CHA,TBA,8,6.0,25,103,6,3,2,1,0.99,CHA202106140
Lance Lynn,lynnl001,2021-06-19,2021,CHA,HOU,6,4.0,21,84,8,1,0,0,1.02,HOU202106190
Lance Lynn,lynnl001,2021-06-26,2021,CHA,SEA,4,3.0,10,47,0,2,0,1,0.99,CHA202106260
Lance Lynn,lynnl001,2021-07-02,2021,CHA,DET,9,6.0,27,117,4,5,0,0,1.0,DET202107020
Lance Lynn,lynnl001,2021-07-07,2021,CHA,MIN,6,6.0,25,102,4,3,1,0,1.0,MIN202107070
Lance Lynn,lynnl001,2021-07-19,2021,CHA,MIN,4,7.0,27,89,5,1,1,1,0.99,CHA202107191
Lance Lynn,lynnl001,2021-07-25,2021,CHA,MIL,6,6.0,24,98,6,0,0,0,1.05,MIL202107250
Lance Lynn,lynnl001,2021-07-30,2021,CHA,CLE,7,5.0,23,104,7,1,0,1,0.99,CHA202107300
Lance Lynn,lynnl001,2021-08-06,2021,CHA,CHN,8,6.0,24,100,4,2,0,0,0.97,CHN202108060
Lance Lynn,lynnl001,2021-08-12,2021,CHA,NYA,7,5.0,22,105,4,2,2,1,0.99,CHA202108120
Lance Lynn,lynnl001,2021-08-18,2021,CHA,OAK,4,4.0,19,88,4,3,1,1,0.99,CHA202108180
Lance Lynn,lynnl001,2021-08-23,2021,CHA,TOR,4,7.0,26,86,4,0,0,0,1.0,TOR202108230
Lance Lynn,lynnl001,2021-08-28,2021,CHA,CHN,7,5.0,24,95,7,2,3,1,0.99,CHA202108280
Lance Lynn,lynnl001,2021-09-12,2021,CHA,BOS,9,5.0,17,70,2,0,0,1,0.99,CHA202109120
Lance Lynn,lynnl001,2021-09-18,2021,CHA,TEX,5,5.3,24,83,6,2,0,0,0.99,TEX202109180
Lance Lynn,lynnl001,2021-09-25,2021,CHA,CLE,6,6.0,25,105,7,0,2,0,1.04,CLE202109250
Lance Lynn,lynnl001,2021-10-01,2021,CHA,DET,4,5.0,18,81,4,1,0,1,0.99,CHA202110010
Kenta Maeda,maedk001,2021-04-01,2021,MIN,MIL,5,4.3,23,83,6,2,0,0,1.05,MIL202104010
Kenta Maeda,maedk001,2021-04-07,2021,MIN,DET,6,6.0,24,75,7,1,1,0,1.0,DET202104070
Kenta Maeda,maedk001,2021-04-14,2021,MIN,BOS,5,4.3,23,86,7,2,0,1,1.0,MIN202104141
Kenta Maeda,maedk001,2021-04-21,2021,MIN,OAK,1,3.0,18,51,8,0,3,0,1.0,OAK202104210
Kenta Maeda,maedk001,2021-04-27,2021,MIN,CLE,3,5.7,24,75,7,0,3,0,1.04,CLE202104270
Kenta Maeda,maedk001,2021-05-03,2021,MIN,TEX,8,5.3,20,94,2,2,0,1,1.0,MIN202105030
Kenta Maeda,maedk001,2021-05-11,2021,MIN,CHA,3,5.0,19,87,4,2,1,0,0.99,CHA202105110
Kenta Maeda,maedk001,2021-05-16,2021,MIN,OAK,2,4.0,19,89,8,1,0,1,1.0,MIN202105160
Kenta Maeda,maedk001,2021-05-22,2021,MIN,CLE,6,5.0,20,73,3,1,1,0,1.04,CLE202105220
Kenta Maeda,maedk001,2021-06-14,2021,MIN,SEA,7,4.0,18,76,3,3,0,0,1.04,SEA202106140
Kenta Maeda,maedk001,2021-06-20,2021,MIN,TEX,4,5.3,22,84,5,1,2,0,0.99,TEX202106200
Kenta Maeda,maedk001,2021-06-29,2021,MIN,CHA,4,4.7,27,92,8,5,0,0,0.99,CHA202106290
Kenta Maeda,maedk001,2021-07-04,2021,MIN,KCA,10,6.0,21,97,2,1,0,0,0.96,KCA202107040
Kenta Maeda,maedk001,2021-07-09,2021,MIN,DET,7,5.0,18,84,2,2,0,1,1.0,MIN202107090
Kenta Maeda,maedk001,2021-07-17,2021,MIN,DET,8,5.0,20,90,3,1,0,0,1.0,DET202107172
Kenta Maeda,maedk001,2021-07-22,2021,MIN,ANA,6,7.0,27,95,7,0,1,1,1.0,MIN202107220
Kenta Maeda,maedk001,2021-07-27,2021,MIN,DET,5,6.3,23,91,4,2,1,1,1.0,MIN202107270
Kenta Maeda,maedk001,2021-08-03,2021,MIN,CIN,9,5.0,22,84,7,1,3,0,1.0,CIN202108030
Kenta Maeda,maedk001,2021-08-08,2021,MIN,HOU,5,5.0,23,100,6,3,0,0,1.02,HOU202108080
Kenta Maeda,maedk001,2021-08-14,2021,MIN,TBA,4,6.0,21,76,3,1,0,1,1.0,MIN202108140
Kenta Maeda,maedk001,2021-08-21,2021,MIN,NYA,5,4.3,21,88,4,1,0,0,0.99,NYA202108210
Tyler Mahle,mahlt001,2021-04-03,2021,CIN,SLN,9,5.0,21,84,4,2,2,1,1.0,CIN202104030
Tyler Mahle,mahlt001,2021-04-09,2021,CIN,ARI,6,4.0,16,92,0,4,0,0,1.03,ARI202104090
Tyler Mahle,mahlt001,2021-04-14,2021,CIN,SFN,7,5.0,19,89,3,1,0,0,1.03,SFN202104140
Tyler Mahle,mahlt001,2021-04-21,2021,CIN,ARI,9,6.7,24,103,2,2,0,1,1.0,CIN202104210
Tyler Mahle,mahlt001,2021-04-26,2021,CIN,LAN,5,5.0,22,97,5,2,0,0,1.03,LAN202104260
Tyler Mahle,mahlt001,2021-05-02,2021,CIN,CHN,5,5.0,23,82,9,0,3,1,1.0,CIN202105020
Tyler Mahle,mahlt001,2021-05-10,2021,CIN,PIT,7,5.3,23,96,4,4,1,0,1.0,PIT202105100
Tyler Mahle,mahlt001,2021-05-15,2021,CIN,COL,4,7.0,28,93,7,0,1,0,0.92,COL202105150
Tyler Mahle,mahlt001,2021-05-20,2021,CIN,SFN,2,2.0,15,66,7,2,0,1,1.0,CIN202105200
Tyler Mahle,mahlt001,2021-05-25,2021,CIN,WAS,2,5.3,20,94,3,1,0,0,1.01,WAS202105250
Tyler Mahle,mahlt001,2021-05-30,2021,CIN,CHN,8,5.0,17,98,1,1,0,0,0.97,CHN202105300
Tyler Mahle,mahlt001,2021-06-05,2021,CIN,SLN,8,7.0,27,95,5,1,0,0,1.0,SLN202106050
Tyler Mahle,mahlt001,2021-06-11,2021,CIN,COL,6,6.0,24,95,5,1,1,1,1.0,CIN202106110
Tyler Mahle,mahlt001,2021-06-16,2021,CIN,MIL,12,6.0,25,107,3,2,0,0,1.05,MIL202106160
Tyler Mahle,mahlt001,2021-06-21,2021,CIN,MIN,8,4.0,21,93,5,3,1,0,1.0,MIN202106210
Tyler Mahle,mahlt001,2021-06-27,2021,CIN,ATL,7,6.0,25,105,6,1,2,1,1.0,CIN202106270
Tyler Mahle,mahlt001,2021-07-03,2021,CIN,CHN,7,5.0,24,102,5,4,1,1,1.0,CIN202107030
Tyler Mahle,mahlt001,2021-07-08,2021,CIN,MIL,6,6.0,26,103,4,4,0,0,1.05,MIL202107080
Tyler Mahle,mahlt001,2021-07-16,2021,CIN,MIL,8,5.3,25,104,6,3,2,1,1.0,CIN202107160
Tyler Mahle,mahlt001,2021-07-23,2021,CIN,SLN,5,5.0,23,95,5,4,2,1,1.0,CIN202107230
Tyler Mahle,mahlt001,2021-07-28,2021,CIN,CHN,2,6.0,24,103,5,1,0,0,0.97,CHN202107280
Tyler Mahle,mahlt001,2021-08-03,2021,CIN,MIN,5,5.0,23,95,6,2,1,1,1.0,CIN202108030
Tyler Mahle,mahlt001,2021-08-08,2021,CIN,PIT,10,7.0,27,110,6,0,1,1,1.0,CIN202108080
Tyler Mahle,mahlt001,2021-08-13,2021,CIN,PHI,7,7.0,24,108,3,0,0,0,1.01,PHI202108130
Tyler Mahle,mahlt001,2021-08-18,2021,CIN,CHN,5,5.0,25,99,8,1,2,1,1.0,CIN202108180
Tyler Mahle,mahlt001,2021-08-24,2021,CIN,MIL,8,5.7,24,104,5,1,0,0,1.05,MIL202108240
Tyler Mahle,mahlt001,2021-08-29,2021,CIN,MIA,6,7.0,25,104,4,2,1,0,0.98,MIA202108290
Tyler Mahle,mahlt001,2021-09-04,2021,CIN,DET,8,5.0,26,106,6,5,1,1,1.0,CIN202109040
Tyler Mahle,mahlt001,2021-09-10,2021,CIN,SLN,6,6.0,24,96,4,2,1,0,1.0,SLN202109100
Tyler Mahle,mahlt001,2021-09-16,2021,CIN,PIT,4,6.0,23,95,5,1,0,0,1.0,PIT202109160
Tyler Mahle,mahlt001,2021-09-21,2021,CIN,PIT,6,4.3,21,96,6,3,1,1,1.0,CIN202109210
Tyler Mahle,mahlt001,2021-09-26,2021,CIN,WAS,6,6.0,24,105,3,2,0,1,1.0,CIN202109260
Tyler Mahle,mahlt001,2021-10-02,2021,CIN,PIT,6,4.3,21,82,8,2,0,0,1.0,PIT202110020
Sean Manaea,manas001,2021-04-04,2021,OAK,HOU,4,4.7,21,101,6,3,2,1,1.0,OAK202104040
Sean Manaea,manas001,2021-04-09,2021,OAK,HOU,4,6.0,25,97,6,1,0,0,1.02,HOU202104090
Sean Manaea,manas001,2021-04-15,2021,OAK,DET,7,6.0,23,82,5,0,1,1,1.0,OAK202104150
Sean Manaea,manas001,2021-04-20,2021,OAK,MIN,7,7.0,28,95,6,1,0,1,1.0,OAK202104201
Sean Manaea,manas001,2021-04-26,2021,OAK,TBA,6,5.0,20,100,4,2,0,0,1.05,TBA202104260
Sean Manaea,manas001,2021-05-02,2021,OAK,BAL,5,5.0,22,91,7,0,1,1,1.0,OAK202105020
Sean Manaea,manas001,2021-05-07,2021,OAK,TBA,10,7.3,25,81,2,1,0,1,1.0,OAK202105070
Sean Manaea,manas001,2021-05-13,2021,OAK,BOS,2,2.0,17,47,10,1,2,0,0.98,BOS202105130
Sean Manaea,manas001,2021-05-18,2021,OAK,HOU,3,6.0,27,91,10,0,1,1,1.0,OAK202105180
Sean Manaea,manas001,2021-05-23,2021,OAK,ANA,6,5.0,21,98,4,2,0,0,0.99,ANA202105230
Sean Manaea,manas001,2021-05-28,2021,OAK,ANA,8,6.7,27,94,6,3,0,1,1.0,OAK202105280
Sean Manaea,manas001,2021-06-02,2021,OAK,SEA,8,9.0,31,111,4,2,0,0,1.04,SEA202106020
Sean Manaea,manas001,2021-06-09,2021,OAK,ARI,3,6.0,23,111,2,2,0,1,1.0,OAK202106090
Sean Manaea,manas001,2021-06-14,2021,OAK,ANA,5,5.7,27,104,9,1,1,1,1.0,OAK202106140
Sean Manaea,manas001,2021-06-20,2021,OAK,NYA,11,5.3,21,98,3,2,0,0,0.99,NYA202106200
Sean Manaea,manas001,2021-06-25,2021,OAK,SFN,7,6.0,24,93,3,3,0,0,1.03,SFN202106250
Sean Manaea,manas001,2021-07-01,2021,OAK,TEX,6,5.0,25,94,9,1,2,1,1.0,OAK202107010
Sean Manaea,manas001,2021-07-07,2021,OAK,HOU,6,6.7,25,92,4,0,2,0,1.02,HOU202107070
Sean Manaea,manas001,2021-07-16,2021,OAK,CLE,7,5.3,23,96,7,0,1,1,1.0,OAK202107160
Sean Manaea,manas001,2021-07-22,2021,OAK,SEA,13,7.0,28,106,3,3,1,0,1.04,SEA202107220
Sean Manaea,manas001,2021-07-28,2021,OAK,SDN,9,6.0,20,90,1,1,0,0,1.08,SDN202107280
Sean Manaea,manas001,2021-08-03,2021,OAK,SDN,4,4.3,21,99,8,0,1,1,1.0,OAK202108030
Sean Manaea,manas001,2021-08-10,2021,OAK,CLE,2,1.7,12,69,5,3,0,0,1.04,CLE202108100
Sean Manaea,manas001,2021-08-15,2021,OAK,TEX,5,5.0,23,86,7,1,3,0,0.99,TEX202108150
Sean Manaea,manas001,2021-08-21,2021,OAK,SFN,3,4.7,23,96,4,3,1,1,1.0,OAK202108210
Sean Manaea,manas001,2021-08-27,2021,OAK,NYA,5,4.3,21,86,7,0,3,1,1.0,OAK202108270
Sean Manaea,manas001,2021-09-03,2021,OAK,TOR,9,7.0,26,86,5,0,1,0,1.0,TOR202109030
Sean Manaea,manas001,2021-09-09,2021,OAK,CHA,9,7.0,26,101,5,1,0,1,1.0,OAK202109090
Sean Manaea,manas001,2021-09-15,2021,OAK,KCA,3,5.0,24,101,9,1,1,0,0.96,KCA202109150
Sean Manaea,manas001,2021-09-20,2021,OAK,SEA,3,5.0,23,86,8,1,0,1,1.0,OAK202109200
Sean Manaea,manas001,2021-09-25,2021,OAK,HOU,8,7.0,26,95,3,1,1,1,1.0,OAK202109250
Sean Manaea,manas001,2021-10-01,2021,OAK,HOU,6,5.7,26,103,7,1,0,0,1.02,HOU202110010
Matt Manning,mannm001,2021-06-17,2021,DET,ANA,3,5.0,21,77,4,2,0,0,0.99,ANA202106170
Matt Manning,mannm001,2021-06-23,2021,DET,SLN,1,5.7,24,80,5,2,1,1,1.0,DET202106230
Matt Manning,mannm001,2021-06-28,2021,DET,CLE,2,3.7,21,75,9,0,2,0,1.04,CLE202106280
Matt Manning,mannm001,2021-07-04,2021,DET,CHA,0,2.7,15,60,7,1,0,1,1.0,DET202107040
Matt Manning,mannm001,2021-07-09,2021,DET,MIN,3,5.0,20,69,2,3,0,0,1.0,MIN202107090
Matt Manning,mannm001,2021-07-21,2021,DET,TEX,4,6.0,23,77,4,2,0,1,1.0,DET202107210
Matt Manning,mannm001,2021-07-26,2021,DET,MIN,4,5.0,21,74,5,1,1,0,1.0,MIN202107260
Matt Manning,mannm001,2021-07-31,2021,DET,BAL,3,5.7,27,93,7,2,1,1,1.0,DET202107310
Matt Manning,mannm001,2021-08-06,2021,DET,CLE,3,4.0,21,83,10,0,0,0,1.04,CLE202108060
Matt Manning,mannm001,2021-08-12,2021,DET,BAL,2,6.0,25,83,8,0,2,0,1.0,BAL202108120
Matt Manning,mannm001,2021-08-19,2021,DET,ANA,4,4.7,24,96,5,4,0,1,1.0,DET202108190
Matt Manning,mannm001,2021-08-27,2021,DET,TOR,5,6.0,25,83,6,1,0,1,1.0,DET202108270
Matt Manning,mannm001,2021-09-02,2021,DET,OAK,1,3.7,22,80,8,3,2,1,1.0,DET202109020
Matt Manning,mannm001,2021-09-08,2021,DET,PIT,4,3.0,13,52,4,0,0,0,1.0,PIT202109080
Matt Manning,mannm001,2021-09-15,2021,DET,MIL,6,6.0,24,98,2,3,0,1,1.0,DET202109150
Matt Manning,mannm001,2021-09-20,2021,DET,CHA,2,5.0,23,90,4,3,0,1,1.0,DET202109200
Matt Manning,mannm001,2021-09-27,2021,DET,CHA,3,3.3,18,82,4,5,1,1,1.0,DET202109270
Matt Manning,mannm001,2021-10-02,2021,DET,CHA,7,5.0,18,69,2,1,0,0,0.99,CHA202110020
Alek Manoah,manoa001,2021-05-27,2021,TOR,NYA,7,6.0,22,88,2,2,0,0,0.99,NYA202105271
Alek Manoah,manoa001,2021-06-02,2021,TOR,MIA,5,3.3,18,74,4,3,3,1,1.0,TOR202106020
Alek Manoah,manoa001,2021-06-09,2021,TOR,CHA,4,5.0,21,90,4,2,0,0,0.99,CHA202106090
Alek Manoah,manoa001,2021-06-14,2021,TOR,BOS,5,6.0,22,93,4,1,0,0,0.98,BOS202106140
Alek Manoah,manoa001,2021-06-19,2021,TOR,BAL,6,3.3,16,69,4,1,4,0,1.0,BAL202106190
Alek Manoah,manoa001,2021-06-25,2021,TOR,BAL,6,6.0,24,97,4,2,0,1,1.0,TOR202106250
Alek Manoah,manoa001,2021-07-02,2021,TOR,TBA,10,7.0,25,109,3,1,0,1,1.0,TOR202107020
Alek Manoah,manoa001,2021-07-09,2021,TOR,TBA,9,3.7,20,88,3,3,0,0,1.05,TBA202107090
Alek Manoah,manoa001,2021-07-31,2021,TOR,KCA,4,7.0,24,89,2,1,0,1,1.0,TOR202107310
Alek Manoah,manoa001,2021-08-06,2021,TOR,BOS,4,5.0,21,93,4,3,0,1,1.0,TOR202108060
Alek Manoah,manoa001,2021-08-11,2021,TOR,ANA,11,6.7,29,111,5,2,1,0,0.99,ANA202108110
Alek Manoah,manoa001,2021-08-17,2021,TOR,WAS,2,3.0,16,53,6,1,1,0,1.01,WAS202108170
Alek Manoah,manoa001,2021-08-23,2021,TOR,CHA,5,6.0,27,108,5,3,0,1,1.0,TOR202108230
Alek Manoah,manoa001,2021-08-28,2021,TOR,DET,8,6.3,23,103,4,0,0,0,1.0,DET202108280
Alek Manoah,manoa001,2021-09-03,2021,TOR,OAK,2,5.0,25,89,5,3,1,1,1.0,TOR202109030
Alek Manoah,manoa001,2021-09-08,2021,TOR,NYA,4,5.7,24,101,5,3,1,0,0.99,NYA202109080
Alek Manoah,manoa001,2021-09-13,2021,TOR,TBA,10,8.0,26,97,1,0,0,1,1.0,TOR202109130
Alek Manoah,manoa001,2021-09-21,2021,TOR,TBA,7,6.0,27,99,5,6,0,0,1.05,TBA202109210
Alek Manoah,manoa001,2021-09-26,2021,TOR,MIN,8,5.7,25,102,6,2,1,0,1.0,MIN202109260
Alek Manoah,manoa001,2021-10-02,2021,TOR,BAL,10,7.0,24,89,1,1,0,1,1.0,TOR202110020
Nick Margevicius,margn001,2021-04-13,2021,SEA,BAL,4,3.0,18,67,6,1,0,0,1.0,BAL202104132
Nick Margevicius,margn001,2021-04-18,2021,SEA,HOU,3,4.0,15,77,1,1,0,1,1.04,SEA202104180
Nick Margevicius,margn001,2021-04-25,2021,SEA,BOS,1,0.3,7,32,2,4,0,0,0.98,BOS202104250
Germán Márquez,marqg001,2021-04-01,2021,COL,LAN,2,4.0,21,92,6,6,0,1,0.92,COL202104010
Germán Márquez,marqg001,2021-04-06,2021,COL,ARI,5,6.0,25,91,5,2,1,1,0.92,COL202104060
Germán Márquez,marqg001,2021-04-11,2021,COL,SFN,7,5.7,26,97,6,3,2,0,1.03,SFN202104110
Germán Márquez,marqg001,2021-04-17,2021,COL,NYN,6,7.0,25,87,2,2,0,1,0.92,COL202104172
Germán Márquez,marqg001,2021-04-23,2021,COL,PHI,8,6.0,26,100,6,3,0,1,0.92,COL202104230
Germán Márquez,marqg001,2021-04-28,2021,COL,SFN,5,4.0,20,89,4,3,0,0,1.03,SFN202104280
Germán Márquez,marqg001,2021-05-04,2021,COL,SFN,1,0.7,10,36,6,2,0,1,0.92,COL202105041
Germán Márquez,marqg001,2021-05-09,2021,COL,SLN,6,6.0,27,95,6,3,1,0,1.0,SLN202105090
Germán Márquez,marqg001,2021-05-14,2021,COL,CIN,8,6.0,27,93,8,3,1,1,0.92,COL202105140
Germán Márquez,marqg001,2021-05-21,2021,COL,ARI,8,7.0,27,103,4,3,0,1,0.92,COL202105210
Germán Márquez,marqg001,2021-05-27,2021,COL,NYN,6,6.0,21,62,3,1,1,0,1.06,NYN202105271
Germán Márquez,marqg001,2021-06-01,2021,COL,TEX,7,7.0,25,88,2,2,0,1,0.92,COL202106010
Germán Márquez,marqg001,2021-06-06,2021,COL,OAK,6,6.0,24,86,4,1,0,1,0.92,COL202106060
Germán Márquez,marqg001,2021-06-12,2021,COL,CIN,5,5.0,28,93,12,2,0,0,1.0,CIN202106120
Germán Márquez,marqg001,2021-06-17,2021,COL,MIL,2,6.0,22,83,1,3,0,1,0.92,COL202106170
Germán Márquez,marqg001,2021-06-23,2021,COL,SEA,7,8.0,26,98,2,0,1,0,1.04,SEA202106230
Germán Márquez,marqg001,2021-06-29,2021,COL,PIT,5,9.0,28,92,1,1,0,1,0.92,COL202106290
Germán Márquez,marqg001,2021-07-04,2021,COL,SLN,11,6.0,25,95,5,1,1,1,0.92,COL202107040
Germán Márquez,marqg001,2021-07-10,2021,COL,SDN,9,7.0,23,86,3,1,0,0,1.08,SDN202107100
Germán Márquez,marqg001,2021-07-20,2021,COL,SEA,5,6.0,26,91,7,2,1,1,0.92,COL202107200
Germán Márquez,marqg001,2021-07-26,2021,COL,ANA,8,6.3,28,107,9,0,1,0,0.99,ANA202107260
Germán Márquez,marqg001,2021-07-31,2021,COL,SDN,7,6.0,25,102,4,4,1,0,1.08,SDN202107310
Germán Márquez,marqg001,2021-08-06,2021,COL,MIA,7,6.0,21,76,2,1,0,1,0.92,COL202108060
Germán Márquez,marqg001,2021-08-12,2021,COL,SFN,6,4.0,21,81,7,2,1,0,1.03,SFN202108120
Germán Márquez,marqg001,2021-08-17,2021,COL,SDN,4,6.3,24,83,5,1,3,1,0.92,COL202108170
Germán Márquez,marqg001,2021-08-25,2021,COL,CHN,3,3.0,16,49,7,0,0,0,0.97,CHN202108252
Germán Márquez,marqg001,2021-08-30,2021,COL,TEX,2,6.0,25,89,7,2,3,0,0.99,TEX202108300
Germán Márquez,marqg001,2021-09-04,2021,COL,ATL,5,5.0,22,99,5,1,1,1,0.92,COL202109040
Germán Márquez,marqg001,2021-09-10,2021,COL,PHI,6,6.0,25,93,6,1,0,0,1.01,PHI202109100
Germán Márquez,marqg001,2021-09-17,2021,COL,WAS,1,4.0,22,80,8,2,1,0,1.01,WAS202109170
Germán Márquez,marqg001,2021-09-22,2021,COL,LAN,4,4.0,22,87,6,4,1,1,0.92,COL202109220
Germán Márquez,marqg001,2021-09-27,2021,COL,WAS,4,5.0,23,90,6,2,0,1,0.92,COL202109270
Carlos Martínez,martc006,2021-04-04,2021,SLN,CIN,4,5.0,21,77,4,2,1,0,1.0,CIN202104040
Carlos Martínez,martc006,2021-04-10,2021,SLN,MIL,1,5.0,23,83,8,0,1,1,1.0,SLN202104100
Carlos Martínez,martc006,2021-04-16,2021,SLN,PHI,5,5.0,24,81,5,2,0,0,1.01,PHI202104160
Carlos Martínez,martc006,2021-04-21,2021,SLN,WAS,3,6.0,23,91,4,1,0,0,1.01,WAS202104210
Carlos Martínez,martc006,2021-04-27,2021,SLN,PHI,4,7.3,27,93,2,2,0,1,1.0,SLN202104270
Carlos Martínez,martc006,2021-05-02,2021,SLN,PIT,3,8.0,30,100,5,2,0,0,1.0,PIT202105020
Carlos Martínez,martc006,2021-05-08,2021,SLN,COL,2,5.0,26,97,6,5,0,1,1.0,SLN202105080
Carlos Martínez,martc006,2021-05-21,2021,SLN,CHN,2,6.0,25,80,4,1,1,1,1.0,SLN202105210
Carlos Martínez,martc006,2021-05-27,2021,SLN,ARI,6,6.0,22,86,3,1,0,0,1.03,ARI202105270
Carlos Martínez,martc006,2021-06-02,2021,SLN,LAN,1,0.7,12,39,6,4,0,0,1.03,LAN202106020
Carlos Martínez,martc006,2021-06-08,2021,SLN,CLE,7,4.0,20,71,7,1,1,1,1.0,SLN202106080
Carlos Martínez,martc006,2021-06-13,2021,SLN,CHN,6,7.0,28,97,5,1,0,0,0.97,CHN202106130
Carlos Martínez,martc006,2021-06-18,2021,SLN,ATL,3,3.0,21,68,8,4,2,0,1.02,ATL202106180
Carlos Martínez,martc006,2021-06-24,2021,SLN,PIT,2,5.0,26,87,5,7,1,1,1.0,SLN202106240
Carlos Martínez,martc006,2021-06-29,2021,SLN,ARI,6,6.0,23,87,4,2,0,1,1.0,SLN202106290
Carlos Martínez,martc006,2021-07-04,2021,SLN,COL,2,3.3,12,44,1,1,1,0,0.92,COL202107040
Corbin Martin,martc009,2021-05-18,2021,ARI,LAN,6,5.0,23,96,4,4,2,0,1.03,LAN202105180
Corbin Martin,martc009,2021-05-25,2021,ARI,SFN,2,4.0,20,78,5,3,1,1,1.03,ARI202105250
Corbin Martin,martc009,2021-06-25,2021,ARI,SDN,0,0.3,7,25,3,2,2,0,1.08,SDN202106250
Phil Maton,matop002,2021-05-04,2021,CLE,KCA,3,1.3,7,29,2,1,0,0,0.96,KCA202105040
Steven Matz,matzs001,2021-04-05,2021,TOR,TEX,9,6.3,23,91,2,1,0,0,0.99,TEX202104050
Steven Matz,matzs001,2021-04-10,2021,TOR,ANA,4,6.0,24,89,5,3,1,1,1.0,TOR202104100
Steven Matz,matzs001,2021-04-17,2021,TOR,KCA,5,6.0,21,82,2,2,0,0,0.96,KCA202104171
Steven Matz,matzs001,2021-04-23,2021,TOR,TBA,7,5.0,24,87,5,2,1,0,1.05,TBA202104230
Steven Matz,matzs001,2021-04-28,2021,TOR,WAS,2,3.7,21,80,8,1,1,1,1.0,TOR202104280
Steven Matz,matzs001,2021-05-03,2021,TOR,OAK,6,5.0,22,92,7,1,2,0,1.0,OAK202105030
Steven Matz,matzs001,2021-05-08,2021,TOR,HOU,4,5.0,23,92,8,0,1,0,1.02,HOU202105080
Steven Matz,matzs001,2021-05-14,2021,TOR,PHI,9,5.0,22,106,4,3,0,1,1.0,TOR202105140
Steven Matz,matzs001,2021-05-20,2021,TOR,BOS,4,6.0,28,93,10,2,1,1,1.0,TOR202105200
Steven Matz,matzs001,2021-05-25,2021,TOR,NYA,10,6.7,26,112,6,0,0,0,0.99,NYA202105250
Steven Matz,matzs001,2021-05-30,2021,TOR,CLE,4,5.0,20,69,4,0,0,0,1.04,CLE202105302
Steven Matz,matzs001,2021-06-06,2021,TOR,HOU,3,4.3,24,77,8,4,2,1,1.0,TOR202106060
Steven Matz,matzs001,2021-06-12,2021,TOR,BOS,8,5.7,24,111,4,2,0,0,0.98,BOS202106120
Steven Matz,matzs001,2021-06-30,2021,TOR,SEA,3,2.7,13,48,5,0,1,1,1.0,TOR202106300
Steven Matz,matzs001,2021-07-06,2021,TOR,BAL,4,4.0,19,68,6,0,2,0,1.0,BAL202107060
Steven Matz,matzs001,2021-07-18,2021,TOR,TEX,2,5.0,17,68,3,0,0,1,1.0,TOR202107182
Steven Matz,matzs001,2021-07-23,2021,TOR,NYN,5,5.7,23,96,4,3,1,0,1.06,NYN202107230
Steven Matz,matzs001,2021-07-28,2021,TOR,BOS,2,3.3,20,71,9,1,0,0,0.98,BOS202107282
Steven Matz,matzs001,2021-08-04,2021,TOR,CLE,8,6.0,25,92,6,1,0,1,1.0,TOR202108040
Steven Matz,matzs001,2021-08-10,2021,TOR,ANA,5,4.7,23,97,6,3,0,0,0.99,ANA202108101
Steven Matz,matzs001,2021-08-15,2021,TOR,SEA,4,5.0,21,95,3,3,0,0,1.04,SEA202108150
Steven Matz,matzs001,2021-08-22,2021,TOR,DET,1,6.0,24,95,5,0,1,1,1.0,TOR202108220
Steven Matz,matzs001,2021-08-27,2021,TOR,DET,2,6.0,21,85,4,0,0,0,1.0,DET202108270
Steven Matz,matzs001,2021-09-01,2021,TOR,BAL,5,5.0,24,100,5,4,0,1,1.0,TOR202109010
Steven Matz,matzs001,2021-09-07,2021,TOR,NYA,6,6.0,25,93,7,0,0,0,0.99,NYA202109070
Steven Matz,matzs001,2021-09-12,2021,TOR,BAL,6,6.0,26,103,6,2,2,0,1.0,BAL202109120
Steven Matz,matzs001,2021-09-18,2021,TOR,MIN,5,5.7,22,96,3,2,1,1,1.0,TOR202109180
Steven Matz,matzs001,2021-09-23,2021,TOR,MIN,6,3.0,17,80,7,2,0,0,1.0,MIN202109230
Steven Matz,matzs001,2021-10-01,2021,TOR,BAL,5,7.0,25,88,6,1,1,1,1.0,TOR202110010
Dustin May,may-d003,2021-04-05,2021,LAN,OAK,8,6.0,23,85,2,2,0,0,1.0,OAK202104050
Dustin May,may-d003,2021-04-14,2021,LAN,COL,6,4.3,21,69,7,1,0,1,1.03,LAN202104140
Dustin May,may-d003,2021-04-19,2021,LAN,SEA,8,5.0,21,92,4,1,2,0,1.04,SEA202104190
Dustin May,may-d003,2021-04-25,2021,LAN,SDN,10,6.0,21,93,2,1,1,1,1.03,LAN202104250
Dustin May,may-d003,2021-05-01,2021,LAN,MIL,3,1.7,7,27,1,1,1,0,1.05,MIL202105010
Mike Mayers,mayem001,2021-08-30,2021,ANA,NYA,1,2.0,8,29,3,0,0,1,0.99,ANA202108300
Mike Mayers,mayem001,2021-09-08,2021,ANA,SDN,1,1.7,9,34,3,1,0,0,1.08,SDN202109080
Darren McCaughan,mccad002,2021-07-26,2021,SEA,HOU,2,4.0,22,86,8,1,3,1,1.04,SEA202107260
Shane McClanahan,mccls003,2021-04-29,2021,TBA,OAK,5,4.0,15,59,5,0,1,1,1.05,TBA202104290
Shane McClanahan,mccls003,2021-05-04,2021,TBA,ANA,5,4.0,16,63,2,2,0,0,0.99,ANA202105040
Shane McClanahan,mccls003,2021-05-09,2021,TBA,OAK,5,4.0,18,80,4,2,0,0,1.0,OAK202105090
Shane McClanahan,mccls003,2021-05-15,2021,TBA,NYN,7,5.3,23,75,6,1,2,1,1.05,TBA202105150
Shane McClanahan,mccls003,2021-05-22,2021,TBA,TOR,4,5.0,19,67,4,2,0,0,1.0,TOR202105220
Shane McClanahan,mccls003,2021-05-27,2021,TBA,KCA,6,5.0,17,63,3,0,0,1,1.05,TBA202105270
Shane McClanahan,mccls003,2021-06-02,2021,TBA,NYA,6,3.3,17,79,5,2,1,0,0.99,NYA202106020
Shane McClanahan,mccls003,2021-06-09,2021,TBA,WAS,4,3.0,17,77,5,3,2,1,1.05,TBA202106090
Shane McClanahan,mccls003,2021-06-15,2021,TBA,CHA,4,5.0,23,89,7,1,1,0,0.99,CHA202106150
Shane McClanahan,mccls003,2021-06-20,2021,TBA,SEA,8,6.0,21,86,3,1,1,0,1.04,SEA202106200
Shane McClanahan,mccls003,2021-06-26,2021,TBA,ANA,7,6.0,25,87,4,2,0,1,1.05,TBA202106260
Shane McClanahan,mccls003,2021-07-03,2021,TBA,TOR,5,5.3,22,71,3,2,1,0,1.0,TOR202107030
Shane McClanahan,mccls003,2021-07-09,2021,TBA,TOR,5,4.0,19,91,4,3,0,1,1.05,TBA202107090
Shane McClanahan,mccls003,2021-07-20,2021,TBA,BAL,7,5.0,21,93,4,1,0,1,1.05,TBA202107200
Shane McClanahan,mccls003,2021-07-27,2021,TBA,NYA,6,6.0,28,89,9,3,0,1,1.05,TBA202107270
Shane McClanahan,mccls003,2021-08-01,2021,TBA,BOS,7,6.0,24,88,4,2,1,1,1.05,TBA202108010
Shane McClanahan,mccls003,2021-08-07,2021,TBA,BAL,8,7.0,27,92,5,1,1,0,1.0,BAL202108070
Shane McClanahan,mccls003,2021-08-13,2021,TBA,MIN,6,5.3,25,101,8,2,0,0,1.0,MIN202108130
Shane McClanahan,mccls003,2021-08-19,2021,TBA,BAL,8,5.0,20,79,5,1,0,1,1.05,TBA202108190
Shane McClanahan,mccls003,2021-08-27,2021,TBA,BAL,4,6.0,25,78,8,0,1,0,1.0,BAL202108270
Shane McClanahan,mccls003,2021-09-02,2021,TBA,BOS,8,5.0,24,88,8,2,0,1,1.05,TBA202109020
Shane McClanahan,mccls003,2021-09-08,2021,TBA,BOS,3,5.0,19,68,3,1,0,0,0.98,BOS202109080
Shane McClanahan,mccls003,2021-09-19,2021,TBA,DET,7,5.0,19,64,2,2,1,1,1.05,TBA202109190
Shane McClanahan,mccls003,2021-09-25,2021,TBA,MIA,3,5.0,21,84,6,1,1,1,1.05,TBA202109250
Shane McClanahan,mccls003,2021-10-01,2021,TBA,NYA,3,3.0,12,43,3,0,0,0,0.99,NYA202110010
Lance McCullers,mccul002,2021-04-03,2021,HOU,OAK,7,5.0,20,95,2,3,0,0,1.0,OAK202104030
Lance McCullers,mccul002,2021-04-09,2021,HOU,OAK,6,5.0,21,88,2,3,1,1,1.02,HOU202104090
Lance McCullers,mccul002,2021-04-14,2021,HOU,DET,3,3.7,19,87,4,3,0,1,1.02,HOU202104140
Lance McCullers,mccul002,2021-04-25,2021,HOU,ANA,5,6.0,24,106,3,2,0,1,1.02,HOU202104250
Lance McCullers,mccul002,2021-04-30,2021,HOU,TBA,9,7.0,26,111,3,3,0,0,1.05,TBA202104300
Lance McCullers,mccul002,2021-05-06,2021,HOU,NYA,8,6.0,28,105,6,4,2,0,0.99,NYA202105060
Lance McCullers,mccul002,2021-05-11,2021,HOU,ANA,9,8.0,27,96,3,2,1,1,1.02,HOU202105110
Lance McCullers,mccul002,2021-05-16,2021,HOU,TEX,5,6.0,23,95,5,2,0,1,1.02,HOU202105160
Lance McCullers,mccul002,2021-05-22,2021,HOU,TEX,7,5.0,26,105,6,4,1,0,0.99,TEX202105220
Lance McCullers,mccul002,2021-06-15,2021,HOU,TEX,3,4.3,21,77,3,3,0,1,1.02,HOU202106150
Lance McCullers,mccul002,2021-06-20,2021,HOU,CHA,4,6.0,21,94,2,4,1,1,1.02,HOU202106200
Lance McCullers,mccul002,2021-06-26,2021,HOU,DET,7,5.3,23,89,5,2,0,0,1.0,DET202106262
Lance McCullers,mccul002,2021-07-02,2021,HOU,CLE,8,5.3,27,107,6,4,0,0,1.04,CLE202107020
Lance McCullers,mccul002,2021-07-08,2021,HOU,OAK,8,7.0,31,107,7,2,0,1,1.02,HOU202107080
Lance McCullers,mccul002,2021-07-16,2021,HOU,CHA,10,7.0,24,94,2,2,0,0,0.99,CHA202107160
Lance McCullers,mccul002,2021-07-21,2021,HOU,CLE,8,5.0,24,100,6,2,0,1,1.02,HOU202107210
Lance McCullers,mccul002,2021-07-27,2021,HOU,SEA,8,6.0,27,109,6,3,1,0,1.04,SEA202107270
Lance McCullers,mccul002,2021-08-03,2021,HOU,LAN,9,6.7,28,110,4,3,0,0,1.03,LAN202108030
Lance McCullers,mccul002,2021-08-08,2021,HOU,MIN,4,4.7,26,89,8,3,2,1,1.02,HOU202108080
Lance McCullers,mccul002,2021-08-15,2021,HOU,ANA,8,5.7,25,108,6,1,0,0,0.99,ANA202108150
Lance McCullers,mccul002,2021-08-20,2021,HOU,SEA,8,6.0,25,102,5,1,1,1,1.02,HOU202108200
Lance McCullers,mccul002,2021-08-25,2021,HOU,KCA,7,6.7,27,107,5,4,1,1,1.02,HOU202108250
Lance McCullers,mccul002,2021-08-31,2021,HOU,SEA,3,5.0,21,102,4,3,0,0,1.04,SEA202108310
Lance McCullers,mccul002,2021-09-06,2021,HOU,SEA,7,6.0,25,93,4,4,0,1,1.02,HOU202109060
Lance McCullers,mccul002,2021-09-12,2021,HOU,ANA,7,6.0,23,102,3,2,1,1,1.02,HOU202109120
Lance McCullers,mccul002,2021-09-18,2021,HOU,ARI,8,6.0,27,111,7,2,0,1,1.02,HOU202109180
Lance McCullers,mccul002,2021-09-23,2021,HOU,ANA,5,6.0,24,101,2,4,0,0,0.99,ANA202109230
Lance McCullers,mccul002,2021-09-30,2021,HOU,TBA,4,6.0,21,98,3,1,1,1,1.02,HOU202109300
Collin McHugh,mchuc001,2021-05-06,2021,TBA,ANA,5,2.0,6,23,0,0,0,0,0.99,ANA202105060
Collin McHugh,mchuc001,2021-05-12,2021,TBA,NYA,2,2.0,6,29,0,1,0,1,1.05,TBA202105120
Collin McHugh,mchuc001,2021-05-30,2021,TBA,PHI,0,0.7,4,14,2,0,0,1,1.05,TBA202105300
Collin McHugh,mchuc001,2021-07-07,2021,TBA,CLE,3,2.0,6,27,0,0,0,1,1.05,TBA202107072
Collin McHugh,mchuc001,2021-08-16,2021,TBA,BAL,1,2.0,6,21,0,0,0,1,1.05,TBA202108160
Collin McHugh,mchuc001,2021-09-13,2021,TBA,TOR,1,2.3,9,36,3,0,0,0,1.0,TOR202109130
Collin McHugh,mchuc001,2021-09-30,2021,TBA,HOU,0,1.0,4,14,1,0,0,0,1.02,HOU202109300
Triston McKenzie,mcket001,2021-04-12,2021,CLE,CHA,6,4.0,15,76,2,2,1,0,0.99,CHA202104120
Triston McKenzie,mcket001,2021-04-17,2021,CLE,CIN,7,5.0,23,87,5,4,1,0,1.0,CIN202104170
Triston McKenzie,mcket001,2021-04-25,2021,CLE,NYA,5,4.0,20,87,4,4,2,1,1.04,CLE202104250
Triston McKenzie,mcket001,2021-05-01,2021,CLE,CHA,6,2.0,11,57,1,4,1,0,0.99,CHA202105010
Triston McKenzie,mcket001,2021-05-06,2021,CLE,KCA,5,5.0,21,92,2,4,0,0,0.96,KCA202105060
Triston McKenzie,mcket001,2021-05-15,2021,CLE,SEA,6,4.3,21,90,5,3,2,0,1.04,SEA202105150
Triston McKenzie,mcket001,2021-05-21,2021,CLE,MIN,4,3.3,17,72,2,5,1,1,1.04,CLE202105210
Triston McKenzie,mcket001,2021-05-26,2021,CLE,DET,5,5.0,18,73,1,3,0,0,1.0,DET202105260
Triston McKenzie,mcket001,2021-05-31,2021,CLE,CHA,10,5.3,21,86,4,2,0,1,1.04,CLE202105311
Triston McKenzie,mcket001,2021-06-12,2021,CLE,SEA,0,0.7,6,32,0,4,0,1,1.04,CLE202106120
Triston McKenzie,mcket001,2021-07-09,2021,CLE,KCA,9,7.0,23,85,1,1,0,1,1.04,CLE202107090
Triston McKenzie,mcket001,2021-07-20,2021,CLE,HOU,3,4.0,22,93,8,1,2,0,1.02,HOU202107200
Triston McKenzie,mcket001,2021-07-25,2021,CLE,TBA,6,6.0,24,87,5,1,1,1,1.04,CLE202107250
Triston McKenzie,mcket001,2021-07-31,2021,CLE,CHA,2,4.0,19,83,4,3,3,0,0.99,CHA202107310
Triston McKenzie,mcket001,2021-08-05,2021,CLE,TOR,4,7.0,26,90,5,0,1,0,1.0,TOR202108050
Triston McKenzie,mcket001,2021-08-10,2021,CLE,OAK,5,6.0,23,86,4,1,1,1,1.04,CLE202108100
Triston McKenzie,mcket001,2021-08-15,2021,CLE,DET,11,8.0,25,106,1,0,0,0,1.0,DET202108150
Triston McKenzie,mcket001,2021-08-21,2021,CLE,ANA,8,7.0,24,95,2,1,0,1,1.04,CLE202108210
Triston McKenzie,mcket001,2021-09-02,2021,CLE,KCA,6,6.0,22,76,2,1,0,0,0.96,KCA202109020
Triston McKenzie,mcket001,2021-09-08,2021,CLE,MIN,7,6.0,21,83,3,1,0,1,1.04,CLE202109080
Triston McKenzie,mcket001,2021-09-14,2021,CLE,MIN,7,6.0,21,72,3,1,0,0,1.0,MIN202109141
Triston McKenzie,mcket001,2021-09-20,2021,CLE,KCA,4,4.3,22,74,9,1,3,1,1.04,CLE202109201
Triston McKenzie,mcket001,2021-09-26,2021,CLE,CHA,3,2.3,16,61,5,3,0,1,1.04,CLE202109260
Triston McKenzie,mcket001,2021-10-02,2021,CLE,TEX,2,4.0,18,74,4,4,2,0,0.99,TEX202110020
John Means,meanj001,2021-04-02,2021,BAL,BOS,5,7.0,22,97,1,0,0,0,0.98,BOS202104020
John Means,meanj001,2021-04-07,2021,BAL,NYA,4,4.7,22,93,7,2,0,0,0.99,NYA202104070
John Means,meanj001,2021-04-13,2021,BAL,SEA,5,5.0,21,88,5,2,2,1,1.0,BAL202104131
John Means,meanj001,2021-04-18,2021,BAL,TEX,9,7.0,26,96,3,2,0,0,0.99,TEX202104180
John Means,meanj001,2021-04-25,2021,BAL,OAK,6,6.3,23,101,2,3,1,1,1.0,BAL202104250
John Means,meanj001,2021-04-30,2021,BAL,OAK,9,7.0,25,93,3,1,2,0,1.0,OAK202104300
John Means,meanj001,2021-05-05,2021,BAL,SEA,12,9.0,27,113,0,0,0,0,1.04,SEA202105050
John Means,meanj001,2021-05-11,2021,BAL,NYN,3,6.0,23,74,6,0,0,0,1.06,NYN202105110
John Means,meanj001,2021-05-19,2021,BAL,TBA,6,6.3,26,93,6,1,2,1,1.0,BAL202105190
John Means,meanj001,2021-05-24,2021,BAL,MIN,5,7.0,25,95,5,0,2,0,1.0,MIN202105240
John Means,meanj001,2021-05-29,2021,BAL,CHA,4,5.0,23,86,5,2,2,0,0.99,CHA202105292
John Means,meanj001,2021-06-05,2021,BAL,CLE,1,0.7,5,29,3,0,2,1,1.0,BAL202106050
John Means,meanj001,2021-07-20,2021,BAL,TBA,2,5.0,22,78,7,0,2,0,1.05,TBA202107200
John Means,meanj001,2021-07-25,2021,BAL,WAS,2,6.7,28,87,5,1,1,1,1.0,BAL202107250
John Means,meanj001,2021-07-31,2021,BAL,DET,6,6.0,24,99,4,1,1,0,1.0,DET202107310
John Means,meanj001,2021-08-06,2021,BAL,TBA,5,5.0,25,94,8,1,0,1,1.0,BAL202108060
John Means,meanj001,2021-08-12,2021,BAL,DET,3,4.3,21,79,8,1,3,1,1.0,BAL202108120
John Means,meanj001,2021-08-17,2021,BAL,TBA,7,4.0,21,92,8,0,2,0,1.05,TBA202108170
John Means,meanj001,2021-08-22,2021,BAL,ATL,5,6.0,23,91,4,2,1,1,1.0,BAL202108220
John Means,meanj001,2021-08-28,2021,BAL,TBA,5,6.3,23,95,5,0,0,1,1.0,BAL202108280
John Means,meanj001,2021-09-03,2021,BAL,NYA,5,5.0,20,93,3,2,1,0,0.99,NYA202109030
John Means,meanj001,2021-09-09,2021,BAL,KCA,5,7.0,27,89,5,2,1,1,1.0,BAL202109090
John Means,meanj001,2021-09-15,2021,BAL,NYA,4,5.7,23,103,4,2,1,1,1.0,BAL202109150
John Means,meanj001,2021-09-20,2021,BAL,PHI,6,6.7,25,105,4,1,0,0,1.01,PHI202109200
John Means,meanj001,2021-09-26,2021,BAL,TEX,8,5.0,23,108,7,0,1,1,1.0,BAL202109260
John Means,meanj001,2021-10-02,2021,BAL,TOR,2,3.0,17,57,7,0,3,0,1.0,TOR202110020
Adonis Medina,media001,2021-09-21,2021,PHI,BAL,3,3.7,18,69,4,2,0,1,1.01,PHI202109210
Tylor Megill,megit002,2021-06-23,2021,NYN,ATL,4,4.3,18,92,3,2,1,1,1.06,NYN202106230
Tylor Megill,megit002,2021-06-29,2021,NYN,ATL,8,5.0,22,85,5,2,1,0,1.02,ATL202106290
Tylor Megill,megit002,2021-07-05,2021,NYN,MIL,7,5.0,19,92,2,2,1,1,1.06,NYN202107050
Tylor Megill,megit002,2021-07-10,2021,NYN,PIT,7,3.7,18,85,4,3,0,1,1.06,NYN202107102
Tylor Megill,megit002,2021-07-17,2021,NYN,PIT,2,6.0,24,93,7,0,0,0,1.0,PIT202107170
Tylor Megill,megit002,2021-07-23,2021,NYN,TOR,5,6.0,21,78,2,1,0,1,1.06,NYN202107230
Tylor Megill,megit002,2021-07-28,2021,NYN,ATL,6,5.3,22,94,5,1,1,1,1.06,NYN202107280
Tylor Megill,megit002,2021-08-02,2021,NYN,MIA,4,5.0,22,94,6,0,1,0,0.98,MIA202108020
Tylor Megill,megit002,2021-08-07,2021,NYN,PHI,5,4.7,20,79,5,1,2,0,1.01,PHI202108070
Tylor Megill,megit002,2021-08-13,2021,NYN,LAN,6,5.0,23,92,6,1,0,1,1.06,NYN202108130
Tylor Megill,megit002,2021-08-18,2021,NYN,SFN,6,6.0,23,90,5,2,0,0,1.03,SFN202108180
Tylor Megill,megit002,2021-08-24,2021,NYN,SFN,5,3.7,22,74,11,0,4,1,1.06,NYN202108240
Tylor Megill,megit002,2021-08-29,2021,NYN,WAS,5,5.0,20,82,1,3,1,1,1.06,NYN202108290
Tylor Megill,megit002,2021-09-04,2021,NYN,WAS,8,6.0,24,96,7,1,2,0,1.01,WAS202109042
Tylor Megill,megit002,2021-09-10,2021,NYN,NYA,10,7.0,25,98,4,1,1,1,1.06,NYN202109100
Tylor Megill,megit002,2021-09-15,2021,NYN,SLN,3,3.0,19,74,9,2,1,1,1.06,NYN202109150
Tylor Megill,megit002,2021-09-24,2021,NYN,MIL,2,4.0,20,82,5,4,3,0,1.05,MIL202109240
Tylor Megill,megit002,2021-10-01,2021,NYN,ATL,6,5.0,17,74,1,1,0,0,1.02,ATL202110010
Humberto Mejía,mejih001,2021-08-23,2021,ARI,PIT,7,5.0,23,99,6,2,0,0,1.0,PIT202108230
Humberto Mejía,mejih001,2021-08-28,2021,ARI,PHI,3,6.0,25,92,8,1,2,0,1.01,PHI202108280
Humberto Mejía,mejih001,2021-09-20,2021,ARI,ATL,4,4.0,22,94,8,2,0,1,1.03,ARI202109200
Humberto Mejía,mejih001,2021-09-26,2021,ARI,LAN,1,2.7,14,60,4,3,3,1,1.03,ARI202109260
Humberto Mejía,mejih001,2021-10-03,2021,ARI,COL,5,4.7,21,76,6,1,0,1,1.03,ARI202110030
J. C. Mejía,mejij002,2021-06-04,2021,CLE,BAL,2,3.0,11,50,2,1,0,0,1.0,BAL202106040
J. C. Mejía,mejij002,2021-06-09,2021,CLE,SLN,1,0.7,7,38,3,2,0,0,1.0,SLN202106090
J. C. Mejía,mejij002,2021-06-14,2021,CLE,BAL,3,4.0,15,55,4,1,0,1,1.04,CLE202106140
J. C. Mejía,mejij002,2021-06-18,2021,CLE,PIT,3,5.0,21,77,7,0,2,0,1.0,PIT202106180
J. C. Mejía,mejij002,2021-06-24,2021,CLE,MIN,6,6.0,23,96,4,2,0,0,1.0,MIN202106240
J. C. Mejía,mejij002,2021-07-01,2021,CLE,HOU,3,4.0,20,87,5,2,2,1,1.04,CLE202107010
J. C. Mejía,mejij002,2021-07-07,2021,CLE,TBA,2,2.7,15,73,4,2,1,0,1.05,TBA202107071
J. C. Mejía,mejij002,2021-07-19,2021,CLE,HOU,8,4.3,23,98,7,2,1,0,1.02,HOU202107190
J. C. Mejía,mejij002,2021-07-24,2021,CLE,TBA,6,6.0,27,87,7,2,3,1,1.04,CLE202107240
J. C. Mejía,mejij002,2021-07-30,2021,CLE,CHA,2,4.3,22,87,4,4,1,0,0.99,CHA202107300
J. C. Mejía,mejij002,2021-08-04,2021,CLE,TOR,0,2.3,18,75,7,4,1,0,1.0,TOR202108040
Conner Menez,menec001,2021-06-12,2021,SFN,WAS,1,2.0,8,43,1,1,0,0,1.01,WAS202106122
Julian Merryweather,merrj001,2021-09-22,2021,TOR,TBA,0,1.0,5,21,1,1,0,0,1.05,TBA202109220
Keynan Middleton,middk001,2021-07-21,2021,SEA,COL,1,1.0,9,30,5,1,0,0,0.92,COL202107210
Miles Mikolas,mikom001,2021-05-22,2021,SLN,CHN,3,4.0,17,59,3,1,0,1,1.0,SLN202105220
Miles Mikolas,mikom001,2021-08-20,2021,SLN,PIT,5,5.0,20,84,2,2,0,1,1.0,SLN202108200
Miles Mikolas,mikom001,2021-08-26,2021,SLN,PIT,3,4.3,22,76,8,1,1,0,1.0,PIT202108260
Miles Mikolas,mikom001,2021-09-01,2021,SLN,CIN,3,3.0,15,55,5,1,0,0,1.0,CIN202109011
Miles Mikolas,mikom001,2021-09-06,2021,SLN,LAN,3,5.0,21,90,5,2,1,1,1.0,SLN202109060
Miles Mikolas,mikom001,2021-09-11,2021,SLN,CIN,1,5.0,21,72,6,1,2,1,1.0,SLN202109110
Miles Mikolas,mikom001,2021-09-17,2021,SLN,SDN,3,5.7,21,86,3,2,0,1,1.0,SLN202109170
Miles Mikolas,mikom001,2021-09-22,2021,SLN,MIL,3,7.0,25,91,4,0,1,0,1.05,MIL202109220
Miles Mikolas,mikom001,2021-09-29,2021,SLN,MIL,7,5.7,24,96,7,1,1,1,1.0,SLN202109290
Wade Miley,milew001,2021-04-06,2021,CIN,PIT,6,6.0,21,78,2,1,0,1,1.0,CIN202104060
Wade Miley,milew001,2021-04-12,2021,CIN,SFN,3,5.0,18,73,2,1,0,0,1.03,SFN202104120
Wade Miley,milew001,2021-04-18,2021,CIN,CLE,5,5.0,20,83,5,1,2,1,1.0,CIN202104180
Wade Miley,milew001,2021-04-24,2021,CIN,SLN,2,6.0,27,96,5,2,0,0,1.0,SLN202104240
Wade Miley,milew001,2021-04-30,2021,CIN,CHN,3,5.0,22,99,5,2,1,1,1.0,CIN202104300
Wade Miley,milew001,2021-05-07,2021,CIN,CLE,8,9.0,29,114,0,1,0,0,1.04,CLE202105070
Wade Miley,milew001,2021-05-14,2021,CIN,COL,5,3.0,23,89,11,3,0,0,0.92,COL202105140
Wade Miley,milew001,2021-05-19,2021,CIN,SFN,2,4.7,20,81,6,0,0,1,1.0,CIN202105190
Wade Miley,milew001,2021-05-31,2021,CIN,PHI,6,6.0,26,102,6,3,0,1,1.0,CIN202105310
Wade Miley,milew001,2021-06-06,2021,CIN,SLN,8,5.0,21,92,4,2,0,0,1.0,SLN202106060
Wade Miley,milew001,2021-06-12,2021,CIN,COL,3,7.0,27,103,6,1,0,1,1.0,CIN202106120
Wade Miley,milew001,2021-06-17,2021,CIN,SDN,5,7.0,27,102,4,2,2,0,1.08,SDN202106170
Wade Miley,milew001,2021-06-22,2021,CIN,MIN,6,7.0,27,94,5,0,1,0,1.0,MIN202106220
Wade Miley,milew001,2021-06-28,2021,CIN,PHI,7,6.0,29,97,8,3,0,1,1.0,CIN202106280
Wade Miley,milew001,2021-07-04,2021,CIN,CHN,3,6.7,28,91,10,1,0,1,1.0,CIN202107040
Wade Miley,milew001,2021-07-09,2021,CIN,MIL,4,8.0,31,104,7,3,0,0,1.05,MIL202107090
Wade Miley,milew001,2021-07-20,2021,CIN,NYN,8,6.3,28,104,7,2,1,1,1.0,CIN202107200
Wade Miley,milew001,2021-07-26,2021,CIN,CHN,2,4.3,26,104,7,5,1,0,0.97,CHN202107260
Wade Miley,milew001,2021-07-31,2021,CIN,NYN,2,7.0,26,97,4,3,1,0,1.06,NYN202107310
Wade Miley,milew001,2021-08-06,2021,CIN,PIT,5,7.0,27,100,6,2,0,1,1.0,CIN202108060
Wade Miley,milew001,2021-08-11,2021,CIN,ATL,4,5.0,22,77,5,3,1,0,1.02,ATL202108110
Wade Miley,milew001,2021-08-16,2021,CIN,CHN,7,7.0,26,97,4,1,0,1,1.0,CIN202108160
Wade Miley,milew001,2021-08-21,2021,CIN,MIA,3,4.7,21,83,5,3,0,1,1.0,CIN202108210
Wade Miley,milew001,2021-08-27,2021,CIN,MIA,5,7.0,27,109,6,1,0,0,0.98,MIA202108270
Wade Miley,milew001,2021-09-01,2021,CIN,SLN,2,4.0,23,66,12,1,3,1,1.0,CIN202109011
Wade Miley,milew001,2021-09-07,2021,CIN,CHN,8,7.0,26,101,5,0,1,0,0.97,CHN202109070
Wade Miley,milew001,2021-09-14,2021,CIN,PIT,1,4.3,24,87,10,2,0,0,1.0,PIT202109140
Wade Miley,milew001,2021-09-19,2021,CIN,LAN,2,3.0,18,64,9,1,3,1,1.0,CIN202109190
Alec Mills,milla003,2021-04-13,2021,CHN,MIL,0,4.0,15,41,2,0,1,0,1.05,MIL202104130
Alec Mills,milla003,2021-06-15,2021,CHN,NYN,6,4.3,19,57,5,2,0,0,1.06,NYN202106150
Alec Mills,milla003,2021-06-20,2021,CHN,MIA,3,5.0,21,77,6,0,0,1,0.97,CHN202106200
Alec Mills,milla003,2021-06-26,2021,CHN,LAN,2,4.0,19,69,8,2,0,0,1.03,LAN202106260
Alec Mills,milla003,2021-07-02,2021,CHN,CIN,9,5.7,21,92,2,1,0,0,1.0,CIN202107020
Alec Mills,milla003,2021-07-07,2021,CHN,PHI,5,5.7,23,95,5,1,1,1,0.97,CHN202107070
Alec Mills,milla003,2021-07-19,2021,CHN,SLN,6,4.0,21,81,6,2,0,0,1.0,SLN202107190
Alec Mills,milla003,2021-07-24,2021,CHN,ARI,1,5.0,20,86,3,2,1,1,0.97,CHN202107240
Alec Mills,milla003,2021-07-29,2021,CHN,CIN,0,6.0,27,96,9,0,1,1,0.97,CHN202107290
Alec Mills,milla003,2021-08-04,2021,CHN,COL,3,6.0,25,91,8,2,0,0,0.92,COL202108040
Alec Mills,milla003,2021-08-10,2021,CHN,MIL,3,2.3,8,40,1,0,0,1,0.97,CHN202108102
Alec Mills,milla003,2021-08-15,2021,CHN,MIA,4,5.7,25,92,7,1,1,0,0.98,MIA202108150
Alec Mills,milla003,2021-08-22,2021,CHN,KCA,5,4.0,24,100,12,0,0,1,0.97,CHN202108220
Alec Mills,milla003,2021-08-28,2021,CHN,CHA,3,8.3,30,103,4,2,0,0,0.99,CHA202108280
Alec Mills,milla003,2021-09-03,2021,CHN,PIT,6,5.7,25,83,8,0,3,1,0.97,CHN202109030
Alec Mills,milla003,2021-09-08,2021,CHN,CIN,3,6.0,21,73,4,1,1,1,0.97,CHN202109080
Alec Mills,milla003,2021-09-15,2021,CHN,PHI,4,4.7,21,68,6,2,1,0,1.01,PHI202109150
Alec Mills,milla003,2021-09-21,2021,CHN,MIN,4,4.0,20,91,6,2,1,1,0.97,CHN202109210
Alec Mills,milla003,2021-09-28,2021,CHN,PIT,4,5.0,23,83,7,2,1,0,1.0,PIT202109280
Alec Mills,milla003,2021-10-03,2021,CHN,SLN,1,4.0,16,54,4,2,1,0,1.0,SLN202110030
Tommy Milone,milot001,2021-04-17,2021,TOR,KCA,4,2.3,11,39,3,0,0,0,0.96,KCA202104172
Mike Minor,minom001,2021-04-03,2021,KCA,TEX,6,6.0,24,93,4,2,1,1,0.96,KCA202104030
Mike Minor,minom001,2021-04-11,2021,KCA,CHA,3,4.0,20,85,4,3,0,0,0.99,CHA202104110
Mike Minor,minom001,2021-04-17,2021,KCA,TOR,3,5.7,24,99,7,0,2,1,0.96,KCA202104171
Mike Minor,minom001,2021-04-23,2021,KCA,DET,9,5.7,22,102,4,2,1,0,1.0,DET202104230
Mike Minor,minom001,2021-04-28,2021,KCA,PIT,6,4.3,22,95,6,3,2,0,1.0,PIT202104280
Mike Minor,minom001,2021-05-04,2021,KCA,CLE,3,5.3,21,93,3,3,0,1,0.96,KCA202105040
Mike Minor,minom001,2021-05-09,2021,KCA,CHA,7,5.0,22,91,4,2,0,1,0.96,KCA202105090
Mike Minor,minom001,2021-05-15,2021,KCA,CHA,7,7.0,25,100,2,2,1,0,0.99,CHA202105150
Mike Minor,minom001,2021-05-21,2021,KCA,DET,8,6.0,27,98,10,0,1,1,0.96,KCA202105210
Mike Minor,minom001,2021-05-26,2021,KCA,TBA,9,5.0,21,96,2,4,0,0,1.05,TBA202105260
Mike Minor,minom001,2021-05-31,2021,KCA,PIT,7,6.0,24,98,5,1,0,1,0.96,KCA202105310
Mike Minor,minom001,2021-06-05,2021,KCA,MIN,5,7.0,28,90,7,1,3,1,0.96,KCA202106050
Mike Minor,minom001,2021-06-10,2021,KCA,OAK,8,7.0,24,106,3,1,1,0,1.0,OAK202106100
Mike Minor,minom001,2021-06-15,2021,KCA,DET,5,5.7,23,97,7,0,1,1,0.96,KCA202106150
Mike Minor,minom001,2021-06-20,2021,KCA,BOS,6,6.7,30,107,9,1,1,1,0.96,KCA202106200
Mike Minor,minom001,2021-06-25,2021,KCA,TEX,2,5.0,27,79,11,2,0,0,0.99,TEX202106250
Mike Minor,minom001,2021-06-30,2021,KCA,BOS,1,5.0,25,92,7,2,1,0,0.98,BOS202106300
Mike Minor,minom001,2021-07-05,2021,KCA,CIN,6,6.0,23,94,3,3,1,1,0.96,KCA202107050
Mike Minor,minom001,2021-07-10,2021,KCA,CLE,2,4.0,20,66,9,1,1,0,1.04,CLE202107100
Mike Minor,minom001,2021-07-20,2021,KCA,MIL,5,6.0,24,78,5,1,0,0,1.05,MIL202107200
Mike Minor,minom001,2021-07-26,2021,KCA,CHA,7,6.0,23,92,3,2,0,1,0.96,KCA202107260
Mike Minor,minom001,2021-07-31,2021,KCA,TOR,6,7.0,27,99,5,1,2,0,1.0,TOR202107310
Mike Minor,minom001,2021-08-06,2021,KCA,SLN,7,5.0,24,98,7,2,2,0,1.0,SLN202108060
Mike Minor,minom001,2021-08-13,2021,KCA,SLN,7,6.0,25,102,6,1,2,1,0.96,KCA202108130
Mike Minor,minom001,2021-08-19,2021,KCA,HOU,4,5.3,24,94,7,0,0,1,0.96,KCA202108190
Mike Minor,minom001,2021-08-25,2021,KCA,HOU,3,6.0,25,94,6,1,2,0,1.02,HOU202108250
Mike Minor,minom001,2021-09-02,2021,KCA,CLE,4,5.0,21,93,5,0,1,1,0.96,KCA202109020
Mike Minor,minom001,2021-09-08,2021,KCA,BAL,3,6.0,24,90,5,0,0,0,1.0,BAL202109080
Casey Mize,mizec001,2021-04-06,2021,DET,MIN,4,4.0,19,82,5,2,0,1,1.0,DET202104060
Casey Mize,mizec001,2021-04-12,2021,DET,HOU,5,7.0,27,89,4,2,0,0,1.02,HOU202104120
Casey Mize,mizec001,2021-04-17,2021,DET,OAK,4,5.0,23,95,7,0,3,0,1.0,OAK202104170
Casey Mize,mizec001,2021-04-23,2021,DET,KCA,1,4.7,22,85,7,3,2,1,1.0,DET202104230
Casey Mize,mizec001,2021-04-29,2021,DET,CHA,6,6.0,24,87,4,3,0,0,0.99,CHA202104291
Casey Mize,mizec001,2021-05-05,2021,DET,BOS,3,6.0,26,95,3,4,0,0,0.98,BOS202105050
Casey Mize,mizec001,2021-05-12,2021,DET,KCA,4,6.0,23,96,3,2,0,1,1.0,DET202105120
Casey Mize,mizec001,2021-05-17,2021,DET,SEA,7,7.7,27,95,3,3,1,0,1.04,SEA202105170
Casey Mize,mizec001,2021-05-23,2021,DET,KCA,6,6.3,23,86,3,1,0,0,0.96,KCA202105230
Casey Mize,mizec001,2021-05-28,2021,DET,NYA,7,5.0,20,97,5,0,1,1,1.0,DET202105280
Casey Mize,mizec001,2021-06-03,2021,DET,CHA,6,7.0,26,89,5,0,3,0,0.99,CHA202106030
Casey Mize,mizec001,2021-06-09,2021,DET,SEA,6,6.0,24,99,4,2,1,1,1.0,DET202106090
Casey Mize,mizec001,2021-06-15,2021,DET,KCA,3,6.7,27,103,7,1,0,0,0.96,KCA202106150
Casey Mize,mizec001,2021-06-20,2021,DET,ANA,4,5.0,22,85,8,1,2,0,0.99,ANA202106200
Casey Mize,mizec001,2021-06-26,2021,DET,HOU,5,6.0,26,102,6,2,0,1,1.0,DET202106261
Casey Mize,mizec001,2021-07-02,2021,DET,CHA,4,3.0,13,56,4,1,0,1,1.0,DET202107020
Casey Mize,mizec001,2021-07-07,2021,DET,TEX,2,4.0,15,50,4,0,2,0,0.99,TEX202107070
Casey Mize,mizec001,2021-07-19,2021,DET,TEX,2,4.0,13,54,1,0,0,1,1.0,DET202107190
Casey Mize,mizec001,2021-07-24,2021,DET,KCA,6,4.7,21,79,6,1,1,0,0.96,KCA202107240
Casey Mize,mizec001,2021-07-29,2021,DET,BAL,2,7.0,27,88,4,2,0,1,1.0,DET202107290
Casey Mize,mizec001,2021-08-04,2021,DET,BOS,3,5.0,21,76,7,1,3,1,1.0,DET202108040
Casey Mize,mizec001,2021-08-10,2021,DET,BAL,4,4.3,20,85,5,1,3,0,1.0,BAL202108100
Casey Mize,mizec001,2021-08-17,2021,DET,ANA,4,4.0,19,88,4,4,0,1,1.0,DET202108170
Casey Mize,mizec001,2021-08-24,2021,DET,SLN,2,5.0,19,76,3,2,0,0,1.0,SLN202108240
Casey Mize,mizec001,2021-08-30,2021,DET,MIN,4,6.0,24,79,5,1,1,1,1.0,DET202108300
Casey Mize,mizec001,2021-09-05,2021,DET,CIN,2,3.0,9,34,0,0,0,0,1.0,CIN202109050
Casey Mize,mizec001,2021-09-11,2021,DET,TBA,2,2.0,11,48,3,1,0,1,1.0,DET202109110
Casey Mize,mizec001,2021-09-17,2021,DET,TBA,3,3.0,13,53,3,1,0,0,1.05,TBA202109170
Casey Mize,mizec001,2021-09-24,2021,DET,KCA,3,3.0,11,41,2,0,0,1,1.0,DET202109240
Casey Mize,mizec001,2021-09-29,2021,DET,MIN,4,4.0,17,65,5,0,1,0,1.0,MIN202109290
Frankie Montas,montf001,2021-04-05,2021,OAK,LAN,4,2.7,19,90,7,3,1,1,1.0,OAK202104050
Frankie Montas,montf001,2021-04-10,2021,OAK,HOU,5,6.0,24,100,6,1,1,0,1.02,HOU202104100
Frankie Montas,montf001,2021-04-16,2021,OAK,DET,7,6.0,21,100,2,1,0,1,1.0,OAK202104160
Frankie Montas,montf001,2021-04-21,2021,OAK,MIN,4,4.0,22,76,9,0,3,1,1.0,OAK202104210
Frankie Montas,montf001,2021-04-27,2021,OAK,TBA,5,6.0,28,105,6,2,1,0,1.05,TBA202104270
Frankie Montas,montf001,2021-05-03,2021,OAK,TOR,4,6.0,26,88,7,1,0,1,1.0,OAK202105030
Frankie Montas,montf001,2021-05-08,2021,OAK,TBA,6,5.3,23,88,5,2,1,1,1.0,OAK202105080
Frankie Montas,montf001,2021-05-14,2021,OAK,MIN,4,6.0,23,94,5,1,1,0,1.0,MIN202105140
Frankie Montas,montf001,2021-05-19,2021,OAK,HOU,6,5.0,24,98,7,2,1,1,1.0,OAK202105190
Frankie Montas,montf001,2021-05-24,2021,OAK,SEA,11,6.0,27,101,6,3,2,1,1.0,OAK202105240
Frankie Montas,montf001,2021-05-29,2021,OAK,ANA,7,5.7,25,98,6,1,0,1,1.0,OAK202105290
Frankie Montas,montf001,2021-06-04,2021,OAK,COL,2,5.0,22,69,6,1,0,0,0.92,COL202106040
Frankie Montas,montf001,2021-06-10,2021,OAK,KCA,8,6.3,25,96,5,0,0,1,1.0,OAK202106100
Frankie Montas,montf001,2021-06-15,2021,OAK,ANA,8,7.0,26,98,5,1,0,1,1.0,OAK202106150
Frankie Montas,montf001,2021-06-21,2021,OAK,TEX,6,5.7,28,87,9,2,2,0,0.99,TEX202106210
Frankie Montas,montf001,2021-06-26,2021,OAK,SFN,5,5.0,20,96,2,3,1,0,1.03,SFN202106260
Frankie Montas,montf001,2021-07-02,2021,OAK,BOS,3,5.7,26,95,5,3,0,1,1.0,OAK202107020
Frankie Montas,montf001,2021-07-08,2021,OAK,HOU,10,6.7,25,95,5,1,0,0,1.02,HOU202107080
Frankie Montas,montf001,2021-07-17,2021,OAK,CLE,7,6.0,25,94,6,1,0,1,1.0,OAK202107170
Frankie Montas,montf001,2021-07-23,2021,OAK,SEA,10,6.0,23,102,4,1,2,0,1.04,SEA202107230
Frankie Montas,montf001,2021-07-29,2021,OAK,ANA,10,7.0,27,109,3,3,0,0,0.99,ANA202107290
Frankie Montas,montf001,2021-08-04,2021,OAK,SDN,8,6.0,24,86,8,0,0,1,1.0,OAK202108040
Frankie Montas,montf001,2021-08-11,2021,OAK,CLE,6,6.0,20,103,2,3,0,0,1.04,CLE202108110
Frankie Montas,montf001,2021-08-16,2021,OAK,CHA,6,5.0,24,99,8,3,0,0,0.99,CHA202108160
Frankie Montas,montf001,2021-08-22,2021,OAK,SFN,9,7.0,24,105,2,2,0,1,1.0,OAK202108220
Frankie Montas,montf001,2021-08-28,2021,OAK,NYA,6,7.0,23,98,2,1,0,1,1.0,OAK202108280
Frankie Montas,montf001,2021-09-02,2021,OAK,DET,7,6.7,28,104,5,3,2,0,1.0,DET202109020
Frankie Montas,montf001,2021-09-08,2021,OAK,CHA,7,7.0,27,105,6,2,0,1,1.0,OAK202109080
Frankie Montas,montf001,2021-09-14,2021,OAK,KCA,4,3.3,20,64,8,2,1,0,0.96,KCA202109140
Frankie Montas,montf001,2021-09-19,2021,OAK,ANA,7,7.0,26,87,1,4,0,0,0.99,ANA202109190
Frankie Montas,montf001,2021-09-24,2021,OAK,HOU,8,7.0,28,106,2,3,1,1,1.0,OAK202109240
Frankie Montas,montf001,2021-09-29,2021,OAK,SEA,7,6.0,25,92,4,1,0,0,1.04,SEA202109290
Jordan Montgomery,montj004,2021-04-05,2021,NYA,BAL,7,6.0,22,70,4,0,0,1,0.99,NYA202104050
Jordan Montgomery,montj004,2021-04-11,2021,NYA,TBA,4,5.0,23,82,5,2,2,0,1.05,TBA202104110
Jordan Montgomery,montj004,2021-04-17,2021,NYA,TBA,7,6.0,22,86,2,2,2,1,0.99,NYA202104170
Jordan Montgomery,montj004,2021-04-23,2021,NYA,CLE,5,4.7,21,89,4,3,0,0,1.04,CLE202104230
Jordan Montgomery,montj004,2021-04-29,2021,NYA,BAL,1,5.0,21,74,6,1,1,0,1.0,BAL202104290
Jordan Montgomery,montj004,2021-05-05,2021,NYA,HOU,4,6.0,23,82,8,0,0,1,0.99,NYA202105050
Jordan Montgomery,montj004,2021-05-11,2021,NYA,TBA,9,6.0,21,85,2,1,1,0,1.05,TBA202105110
Jordan Montgomery,montj004,2021-05-16,2021,NYA,BAL,4,3.0,17,76,6,2,0,0,1.0,BAL202105160
Jordan Montgomery,montj004,2021-05-21,2021,NYA,CHA,11,7.0,26,90,5,0,0,1,0.99,NYA202105210
Jordan Montgomery,montj004,2021-05-27,2021,NYA,TOR,1,4.7,19,73,5,2,1,1,0.99,NYA202105272
Jordan Montgomery,montj004,2021-06-02,2021,NYA,TBA,6,6.3,27,99,5,2,0,1,0.99,NYA202106020
Jordan Montgomery,montj004,2021-06-08,2021,NYA,MIN,6,5.7,25,89,8,0,0,0,1.0,MIN202106080
Jordan Montgomery,montj004,2021-06-15,2021,NYA,TOR,4,5.3,25,97,5,4,1,0,1.0,TOR202106150
Jordan Montgomery,montj004,2021-06-20,2021,NYA,OAK,6,5.3,21,85,3,2,1,1,0.99,NYA202106200
Jordan Montgomery,montj004,2021-06-26,2021,NYA,BOS,5,6.0,27,95,8,2,0,0,0.98,BOS202106260
Jordan Montgomery,montj004,2021-07-03,2021,NYA,NYN,6,4.3,22,86,6,3,0,1,0.99,NYA202107030
Jordan Montgomery,montj004,2021-07-08,2021,NYA,SEA,9,6.7,26,105,4,2,2,0,1.04,SEA202107080
Jordan Montgomery,montj004,2021-07-16,2021,NYA,BOS,4,6.0,23,92,3,2,1,1,0.99,NYA202107160
Jordan Montgomery,montj004,2021-07-22,2021,NYA,BOS,6,5.7,21,83,3,1,0,0,0.98,BOS202107220
Jordan Montgomery,montj004,2021-07-27,2021,NYA,TBA,5,5.0,21,102,5,3,0,0,1.05,TBA202107270
Jordan Montgomery,montj004,2021-08-01,2021,NYA,MIA,5,5.0,19,81,4,1,0,0,0.98,MIA202108010
Jordan Montgomery,montj004,2021-08-17,2021,NYA,BOS,6,4.7,19,78,5,2,1,1,0.99,NYA202108171
Jordan Montgomery,montj004,2021-08-23,2021,NYA,ATL,2,5.0,21,75,2,4,1,0,1.02,ATL202108230
Jordan Montgomery,montj004,2021-08-29,2021,NYA,OAK,3,6.0,25,83,6,0,0,0,1.0,OAK202108290
Jordan Montgomery,montj004,2021-09-04,2021,NYA,BAL,5,4.7,22,97,6,2,0,1,0.99,NYA202109040
Jordan Montgomery,montj004,2021-09-10,2021,NYA,NYN,6,3.3,20,79,7,3,1,0,1.06,NYN202109100
Jordan Montgomery,montj004,2021-09-16,2021,NYA,BAL,12,5.7,23,99,6,1,1,0,1.0,BAL202109160
Jordan Montgomery,montj004,2021-09-21,2021,NYA,TEX,6,5.7,21,93,4,1,0,1,0.99,NYA202109210
Jordan Montgomery,montj004,2021-09-26,2021,NYA,BOS,4,5.0,21,71,7,0,0,0,0.98,BOS202109260
Jordan Montgomery,montj004,2021-10-02,2021,NYA,TBA,3,2.7,17,71,6,3,3,1,0.99,NYA202110020
Matt Moore,moorm003,2021-04-05,2021,PHI,NYN,4,3.3,18,74,4,4,0,1,1.01,PHI202104050
Matt Moore,moorm003,2021-04-11,2021,PHI,ATL,5,5.0,24,80,9,0,2,0,1.02,ATL202104110
Matt Moore,moorm003,2021-04-17,2021,PHI,SLN,3,2.7,17,66,4,5,2,1,1.01,PHI202104170
Matt Moore,moorm003,2021-06-25,2021,PHI,NYN,2,5.0,19,73,3,1,0,0,1.06,NYN202106252
Matt Moore,moorm003,2021-07-05,2021,PHI,CHN,4,4.0,19,74,5,2,1,0,0.97,CHN202107050
Matt Moore,moorm003,2021-07-10,2021,PHI,BOS,1,4.3,20,66,3,3,1,0,0.98,BOS202107100
Matt Moore,moorm003,2021-07-16,2021,PHI,MIA,9,4.3,19,79,6,0,0,1,1.01,PHI202107161
Matt Moore,moorm003,2021-07-22,2021,PHI,ATL,4,6.0,27,96,6,3,2,1,1.01,PHI202107220
Matt Moore,moorm003,2021-07-27,2021,PHI,WAS,3,4.0,21,69,7,2,2,1,1.01,PHI202107270
Matt Moore,moorm003,2021-08-14,2021,PHI,CIN,8,6.0,19,76,0,2,0,1,1.01,PHI202108140
Matt Moore,moorm003,2021-08-20,2021,PHI,SDN,4,4.3,20,75,3,4,1,0,1.08,SDN202108200
Matt Moore,moorm003,2021-08-26,2021,PHI,ARI,2,4.0,21,70,7,2,1,1,1.01,PHI202108260
Matt Moore,moorm003,2021-08-31,2021,PHI,WAS,2,3.3,21,82,6,5,1,0,1.01,WAS202108310
Adrián Morejón,morea001,2021-04-05,2021,SDN,SFN,2,4.0,17,64,5,1,2,1,1.08,SDN202104050
Adrián Morejón,morea001,2021-04-11,2021,SDN,TEX,1,0.7,3,16,0,1,0,0,0.99,TEX202104110
Eli Morgan,morge001,2021-05-28,2021,CLE,TOR,1,2.7,17,65,8,2,1,1,1.04,CLE202105280
Eli Morgan,morge001,2021-06-17,2021,CLE,BAL,5,3.7,18,67,5,0,2,1,1.04,CLE202106170
Eli Morgan,morge001,2021-06-22,2021,CLE,CHN,9,5.0,19,71,4,0,1,0,0.97,CHN202106220
Eli Morgan,morge001,2021-06-28,2021,CLE,DET,4,5.0,21,69,6,0,2,1,1.04,CLE202106280
Eli Morgan,morge001,2021-07-03,2021,CLE,HOU,3,5.0,21,86,5,2,2,1,1.04,CLE202107030
Eli Morgan,morge001,2021-07-16,2021,CLE,OAK,6,5.0,23,84,7,1,1,0,1.0,OAK202107160
Eli Morgan,morge001,2021-07-21,2021,CLE,HOU,5,5.0,18,77,3,0,2,0,1.02,HOU202107210
Eli Morgan,morge001,2021-08-02,2021,CLE,TOR,9,6.0,24,92,5,1,1,0,1.0,TOR202108020
Eli Morgan,morge001,2021-08-07,2021,CLE,DET,3,7.0,28,88,6,1,0,1,1.04,CLE202108070
Eli Morgan,morge001,2021-08-12,2021,CLE,OAK,1,4.0,21,72,3,3,0,1,1.04,CLE202108120
Eli Morgan,morge001,2021-08-17,2021,CLE,MIN,8,6.0,22,90,3,2,0,0,1.0,MIN202108170
Eli Morgan,morge001,2021-08-24,2021,CLE,TEX,4,4.3,22,76,8,2,1,1,1.04,CLE202108240
Eli Morgan,morge001,2021-08-29,2021,CLE,BOS,3,3.0,11,45,2,1,2,1,1.04,CLE202108290
Eli Morgan,morge001,2021-09-04,2021,CLE,BOS,7,5.7,23,96,3,4,0,0,0.98,BOS202109040
Eli Morgan,morge001,2021-09-10,2021,CLE,MIL,2,4.3,25,81,8,2,2,1,1.04,CLE202109100
Eli Morgan,morge001,2021-09-19,2021,CLE,NYA,3,6.0,22,85,6,0,1,0,0.99,NYA202109190
Eli Morgan,morge001,2021-09-25,2021,CLE,CHA,6,6.0,21,85,1,1,0,1,1.04,CLE202109250
Eli Morgan,morge001,2021-10-01,2021,CLE,TEX,2,5.7,23,85,7,0,2,0,0.99,TEX202110010
Charlie Morton,mortc002,2021-04-03,2021,ATL,PHI,5,5.0,22,76,6,2,0,0,1.01,PHI202104030
Charlie Morton,mortc002,2021-04-09,2021,ATL,PHI,7,6.0,23,83,4,1,0,1,1.02,ATL202104090
Charlie Morton,mortc002,2021-04-14,2021,ATL,MIA,9,6.0,26,96,7,2,1,1,1.02,ATL202104140
Charlie Morton,mortc002,2021-04-20,2021,ATL,NYA,6,6.0,23,99,3,2,1,0,0.99,NYA202104200
Charlie Morton,mortc002,2021-04-26,2021,ATL,CHN,6,5.3,24,89,4,3,1,1,1.02,ATL202104260
Charlie Morton,mortc002,2021-05-01,2021,ATL,TOR,6,5.3,24,98,5,2,1,0,1.0,TOR202105010
Charlie Morton,mortc002,2021-05-07,2021,ATL,PHI,1,0.7,9,36,4,2,1,1,1.02,ATL202105070
Charlie Morton,mortc002,2021-05-13,2021,ATL,TOR,4,4.7,23,94,7,2,0,1,1.02,ATL202105130
Charlie Morton,mortc002,2021-05-19,2021,ATL,NYN,8,6.0,19,79,2,0,1,1,1.02,ATL202105190
Charlie Morton,mortc002,2021-05-25,2021,ATL,BOS,9,7.0,26,103,4,2,0,0,0.98,BOS202105250
Charlie Morton,mortc002,2021-05-31,2021,ATL,WAS,6,5.0,24,91,6,3,1,1,1.02,ATL202105310
Charlie Morton,mortc002,2021-06-05,2021,ATL,LAN,5,5.0,22,94,4,1,0,1,1.02,ATL202106050
Charlie Morton,mortc002,2021-06-11,2021,ATL,MIA,3,4.0,21,84,4,4,0,0,0.98,MIA202106110
Charlie Morton,mortc002,2021-06-17,2021,ATL,SLN,7,7.7,27,112,3,0,0,1,1.02,ATL202106170
Charlie Morton,mortc002,2021-06-22,2021,ATL,NYN,11,7.0,26,107,1,2,0,0,1.06,NYN202106220
Charlie Morton,mortc002,2021-06-29,2021,ATL,NYN,7,6.0,25,96,5,1,1,1,1.02,ATL202106290
Charlie Morton,mortc002,2021-07-04,2021,ATL,MIA,7,5.3,23,90,5,2,1,1,1.02,ATL202107040
Charlie Morton,mortc002,2021-07-09,2021,ATL,MIA,7,7.0,25,95,2,2,0,0,0.98,MIA202107090
Charlie Morton,mortc002,2021-07-16,2021,ATL,TBA,8,6.0,28,107,6,3,1,1,1.02,ATL202107160
Charlie Morton,mortc002,2021-07-22,2021,ATL,PHI,8,6.0,25,102,4,4,0,0,1.01,PHI202107220
Charlie Morton,mortc002,2021-07-27,2021,ATL,NYN,5,5.0,22,89,5,2,1,0,1.06,NYN202107270
Charlie Morton,mortc002,2021-08-01,2021,ATL,MIL,6,6.0,21,87,3,0,1,1,1.02,ATL202108010
Charlie Morton,mortc002,2021-08-07,2021,ATL,WAS,7,6.0,22,85,3,2,0,1,1.02,ATL202108070
Charlie Morton,mortc002,2021-08-13,2021,ATL,WAS,7,6.0,24,95,6,2,0,0,1.01,WAS202108130
Charlie Morton,mortc002,2021-08-18,2021,ATL,MIA,9,6.0,23,89,3,1,0,0,0.98,MIA202108180
Charlie Morton,mortc002,2021-08-24,2021,ATL,NYA,9,5.0,21,88,6,0,2,1,1.02,ATL202108240
Charlie Morton,mortc002,2021-08-31,2021,ATL,LAN,8,6.0,23,106,3,2,1,0,1.03,LAN202108310
Charlie Morton,mortc002,2021-09-05,2021,ATL,COL,4,7.0,25,89,2,2,0,0,0.92,COL202109050
Charlie Morton,mortc002,2021-09-11,2021,ATL,MIA,7,7.0,27,91,6,0,1,1,1.02,ATL202109110
Charlie Morton,mortc002,2021-09-18,2021,ATL,SFN,3,5.0,24,97,4,3,0,0,1.03,SFN202109180
Charlie Morton,mortc002,2021-09-23,2021,ATL,ARI,8,6.0,24,96,5,2,0,0,1.03,ARI202109230
Charlie Morton,mortc002,2021-09-28,2021,ATL,PHI,10,7.0,26,101,3,2,0,1,1.02,ATL202109280
Charlie Morton,mortc002,2021-10-03,2021,ATL,NYN,3,2.7,9,43,1,0,0,1,1.02,ATL202110030
Kyle Muller,mullk001,2021-06-21,2021,ATL,NYN,3,4.0,15,56,0,2,0,0,1.06,NYN202106211
Kyle Muller,mullk001,2021-06-27,2021,ATL,CIN,9,5.0,18,93,1,2,0,0,1.0,CIN202106270
Kyle Muller,mullk001,2021-07-03,2021,ATL,MIA,7,5.7,24,102,4,4,1,1,1.02,ATL202107030
Kyle Muller,mullk001,2021-07-21,2021,ATL,SDN,3,4.0,17,87,2,3,0,1,1.02,ATL202107211
Kyle Muller,mullk001,2021-07-26,2021,ATL,NYN,3,5.0,20,75,4,2,0,0,1.06,NYN202107261
Kyle Muller,mullk001,2021-07-31,2021,ATL,MIL,7,5.0,21,87,4,2,0,1,1.02,ATL202107310
Kyle Muller,mullk001,2021-08-06,2021,ATL,WAS,3,4.7,18,80,2,2,0,1,1.02,ATL202108060
Kyle Muller,mullk001,2021-08-12,2021,ATL,CIN,1,2.3,15,72,5,3,1,1,1.02,ATL202108120
Joe Musgrove,musgj001,2021-04-03,2021,SDN,ARI,8,6.0,21,78,3,0,0,1,1.08,SDN202104030
Joe Musgrove,musgj001,2021-04-09,2021,SDN,TEX,10,9.0,28,112,0,0,0,0,0.99,TEX202104090
Joe Musgrove,musgj001,2021-04-14,2021,SDN,PIT,6,4.0,18,81,4,2,1,0,1.0,PIT202104140
Joe Musgrove,musgj001,2021-04-19,2021,SDN,MIL,13,7.0,26,96,4,1,2,1,1.08,SDN202104190
Joe Musgrove,musgj001,2021-04-25,2021,SDN,LAN,4,3.0,17,77,3,2,0,0,1.03,LAN202104250
Joe Musgrove,musgj001,2021-05-02,2021,SDN,SFN,6,5.0,22,85,4,2,1,1,1.08,SDN202105020
Joe Musgrove,musgj001,2021-05-08,2021,SDN,SFN,7,5.0,23,90,8,0,2,0,1.03,SFN202105080
Joe Musgrove,musgj001,2021-05-14,2021,SDN,SLN,5,5.0,24,93,5,4,0,1,1.08,SDN202105140
Joe Musgrove,musgj001,2021-05-19,2021,SDN,COL,11,7.0,23,93,2,0,0,1,1.08,SDN202105190
Joe Musgrove,musgj001,2021-05-25,2021,SDN,MIL,6,4.7,18,84,1,1,0,0,1.05,MIL202105250
Joe Musgrove,musgj001,2021-06-05,2021,SDN,NYN,10,5.0,24,99,8,1,2,1,1.08,SDN202106050
Joe Musgrove,musgj001,2021-06-12,2021,SDN,NYN,7,6.3,24,84,4,1,1,0,1.06,NYN202106120
Joe Musgrove,musgj001,2021-06-17,2021,SDN,CIN,2,7.0,27,91,4,3,0,1,1.08,SDN202106170
Joe Musgrove,musgj001,2021-06-23,2021,SDN,LAN,5,6.0,23,101,2,2,0,1,1.08,SDN202106230
Joe Musgrove,musgj001,2021-06-30,2021,SDN,CIN,3,4.0,19,85,4,3,2,0,1.0,CIN202106300
Joe Musgrove,musgj001,2021-07-05,2021,SDN,WAS,4,5.0,24,100,7,1,1,1,1.08,SDN202107050
Joe Musgrove,musgj001,2021-07-10,2021,SDN,COL,6,4.3,21,94,5,2,0,1,1.08,SDN202107100
Joe Musgrove,musgj001,2021-07-18,2021,SDN,WAS,3,5.0,27,81,8,2,0,0,1.01,WAS202107180
Joe Musgrove,musgj001,2021-07-23,2021,SDN,MIA,4,6.0,24,98,6,1,1,0,0.98,MIA202107230
Joe Musgrove,musgj001,2021-07-29,2021,SDN,COL,11,7.0,25,91,3,1,0,1,1.08,SDN202107290
Joe Musgrove,musgj001,2021-08-04,2021,SDN,OAK,5,6.0,24,99,2,3,1,0,1.0,OAK202108040
Joe Musgrove,musgj001,2021-08-09,2021,SDN,MIA,8,6.0,24,94,5,1,0,1,1.08,SDN202108090
Joe Musgrove,musgj001,2021-08-14,2021,SDN,ARI,4,5.0,25,97,10,2,1,0,1.03,ARI202108140
Joe Musgrove,musgj001,2021-08-21,2021,SDN,PHI,9,6.0,23,99,3,2,1,1,1.08,SDN202108210
Joe Musgrove,musgj001,2021-08-27,2021,SDN,ANA,9,9.0,32,111,3,2,0,0,0.99,ANA202108270
Joe Musgrove,musgj001,2021-09-04,2021,SDN,HOU,4,5.3,24,100,7,1,1,1,1.08,SDN202109040
Joe Musgrove,musgj001,2021-09-10,2021,SDN,LAN,7,6.0,27,106,4,5,1,0,1.03,LAN202109100
Joe Musgrove,musgj001,2021-09-15,2021,SDN,SFN,4,6.0,25,98,5,3,2,0,1.03,SFN202109150
Joe Musgrove,musgj001,2021-09-21,2021,SDN,SFN,6,5.7,27,98,8,3,1,1,1.08,SDN202109210
Joe Musgrove,musgj001,2021-09-26,2021,SDN,ATL,9,5.0,24,94,7,3,1,1,1.08,SDN202109260
Joe Musgrove,musgj001,2021-10-02,2021,SDN,SFN,4,5.0,19,70,3,0,0,0,1.03,SFN202110020
Packy Naughton,naugp001,2021-09-01,2021,ANA,NYA,2,3.7,18,58,6,2,0,1,0.99,ANA202109010
Packy Naughton,naugp001,2021-09-07,2021,ANA,SDN,5,5.0,19,72,2,2,0,0,1.08,SDN202109070
Packy Naughton,naugp001,2021-09-14,2021,ANA,CHA,2,2.7,15,58,6,1,1,0,0.99,CHA202109140
Packy Naughton,naugp001,2021-09-21,2021,ANA,HOU,1,4.0,18,78,4,3,2,1,0.99,ANA202109210
Packy Naughton,naugp001,2021-09-28,2021,ANA,TEX,0,2.0,13,46,4,3,0,0,0.99,TEX202109280
Nick Neidert,neidn001,2021-04-08,2021,MIA,NYN,3,4.3,20,85,3,5,0,0,1.06,NYN202104080
Nick Neidert,neidn001,2021-04-14,2021,MIA,ATL,3,4.7,20,76,5,4,1,0,1.02,ATL202104140
Nick Neidert,neidn001,2021-04-20,2021,MIA,BAL,2,3.0,17,70,5,2,2,1,0.98,MIA202104200
Nick Neidert,neidn001,2021-05-26,2021,MIA,PHI,3,4.0,19,78,4,2,0,1,0.98,MIA202105260
Nick Neidert,neidn001,2021-07-21,2021,MIA,WAS,2,5.0,20,79,3,3,0,0,1.01,WAS202107210
Nick Neidert,neidn001,2021-08-03,2021,MIA,NYN,5,5.7,24,74,3,4,0,1,0.98,MIA202108030
Nick Neidert,neidn001,2021-08-19,2021,MIA,CIN,1,5.0,21,71,5,3,1,0,1.0,CIN202108190
Jimmy Nelson,nelsj004,2021-05-16,2021,LAN,MIA,3,1.7,8,41,1,2,0,1,1.03,LAN202105160
Nick Nelson,nelsn001,2021-04-16,2021,NYA,TBA,2,1.0,7,30,2,2,0,1,0.99,NYA202104160
Nick Nelson,nelsn001,2021-07-07,2021,NYA,SEA,1,0.7,6,32,0,3,0,0,1.04,SEA202107070
Ljay Newsome,newsl001,2021-05-01,2021,SEA,ANA,1,2.0,15,52,7,2,3,1,1.04,SEA202105010
Aaron Nola,nolaa001,2021-04-01,2021,PHI,ATL,6,6.7,27,84,6,0,1,1,1.01,PHI202104010
Aaron Nola,nolaa001,2021-04-07,2021,PHI,NYN,5,4.0,21,92,6,2,0,1,1.01,PHI202104070
Aaron Nola,nolaa001,2021-04-13,2021,PHI,NYN,7,5.0,24,92,7,1,0,0,1.06,NYN202104132
Aaron Nola,nolaa001,2021-04-18,2021,PHI,SLN,10,9.0,30,109,2,0,0,1,1.01,PHI202104180
Aaron Nola,nolaa001,2021-04-24,2021,PHI,COL,4,7.0,27,101,6,1,1,0,0.92,COL202104240
Aaron Nola,nolaa001,2021-04-29,2021,PHI,SLN,7,6.0,22,80,4,1,1,0,1.0,SLN202104290
Aaron Nola,nolaa001,2021-05-04,2021,PHI,MIL,10,6.0,26,114,5,2,0,1,1.01,PHI202105040
Aaron Nola,nolaa001,2021-05-09,2021,PHI,ATL,4,4.0,17,58,5,1,2,0,1.02,ATL202105090
Aaron Nola,nolaa001,2021-05-15,2021,PHI,TOR,8,6.7,29,98,9,1,1,0,1.0,TOR202105150
Aaron Nola,nolaa001,2021-05-21,2021,PHI,BOS,9,5.0,23,98,7,1,1,1,1.01,PHI202105210
Aaron Nola,nolaa001,2021-05-26,2021,PHI,MIA,6,6.0,24,97,2,3,0,0,0.98,MIA202105260
Aaron Nola,nolaa001,2021-06-01,2021,PHI,CIN,2,5.0,22,94,8,2,1,0,1.0,CIN202106010
Aaron Nola,nolaa001,2021-06-08,2021,PHI,ATL,7,5.0,23,89,7,2,2,1,1.01,PHI202106080
Aaron Nola,nolaa001,2021-06-13,2021,PHI,NYA,9,7.7,26,103,3,1,0,1,1.01,PHI202106130
Aaron Nola,nolaa001,2021-06-19,2021,PHI,SFN,1,2.3,15,66,6,3,2,0,1.03,SFN202106190
Aaron Nola,nolaa001,2021-06-25,2021,PHI,NYN,12,5.3,22,99,2,1,0,0,1.06,NYN202106251
Aaron Nola,nolaa001,2021-06-30,2021,PHI,MIA,11,4.7,24,98,9,0,2,1,1.01,PHI202106300
Aaron Nola,nolaa001,2021-07-06,2021,PHI,CHN,8,6.0,25,100,6,1,1,0,0.97,CHN202107060
Aaron Nola,nolaa001,2021-07-20,2021,PHI,NYA,5,5.3,24,101,7,1,2,0,0.99,NYA202107200
Aaron Nola,nolaa001,2021-07-25,2021,PHI,ATL,9,8.7,31,116,4,0,1,1,1.01,PHI202107250
Aaron Nola,nolaa001,2021-07-31,2021,PHI,PIT,5,6.0,22,101,3,1,0,0,1.0,PIT202107310
Aaron Nola,nolaa001,2021-08-05,2021,PHI,WAS,7,5.0,25,99,5,3,1,0,1.01,WAS202108050
Aaron Nola,nolaa001,2021-08-10,2021,PHI,LAN,7,4.0,12,51,1,0,0,1,1.01,PHI202108100
Aaron Nola,nolaa001,2021-08-15,2021,PHI,CIN,4,4.3,22,88,6,3,1,1,1.01,PHI202108150
Aaron Nola,nolaa001,2021-08-21,2021,PHI,SDN,11,8.7,31,117,2,2,1,0,1.08,SDN202108210
Aaron Nola,nolaa001,2021-08-27,2021,PHI,ARI,7,5.3,19,93,3,0,0,1,1.01,PHI202108270
Aaron Nola,nolaa001,2021-09-02,2021,PHI,WAS,5,4.0,20,83,6,2,2,0,1.01,WAS202109020
Aaron Nola,nolaa001,2021-09-07,2021,PHI,MIL,6,5.0,21,92,6,0,0,0,1.05,MIL202109070
Aaron Nola,nolaa001,2021-09-12,2021,PHI,COL,10,5.3,21,83,5,0,1,1,1.01,PHI202109120
Aaron Nola,nolaa001,2021-09-18,2021,PHI,NYN,9,5.7,22,96,4,1,0,0,1.06,NYN202109180
Aaron Nola,nolaa001,2021-09-23,2021,PHI,PIT,8,6.0,25,84,6,1,2,1,1.01,PHI202109230
Aaron Nola,nolaa001,2021-09-29,2021,PHI,ATL,4,6.0,27,90,7,2,0,0,1.02,ATL202109290
Sean Nolin,nolis001,2021-08-12,2021,WAS,NYN,2,3.0,16,51,8,0,1,0,1.06,NYN202108121
Sean Nolin,nolis001,2021-08-22,2021,WAS,MIL,5,4.0,20,81,6,3,1,0,1.05,MIL202108220
Sean Nolin,nolis001,2021-08-28,2021,WAS,NYN,6,5.3,21,71,6,0,2,0,1.06,NYN202108280
Sean Nolin,nolis001,2021-09-03,2021,WAS,NYN,3,5.0,22,102,5,1,0,1,1.01,WAS202109030
Sean Nolin,nolis001,2021-09-08,2021,WAS,ATL,0,0.3,3,8,1,0,0,0,1.02,ATL202109080
Darién Núñez,nuned002,2021-07-20,2021,LAN,SFN,2,2.0,8,29,2,1,1,1,1.03,LAN202107200
Bailey Ober,oberb002,2021-05-18,2021,MIN,CHA,4,4.0,20,82,5,1,2,1,1.0,MIN202105180
Bailey Ober,oberb002,2021-06-06,2021,MIN,KCA,4,4.0,15,51,5,0,0,0,0.96,KCA202106060
Bailey Ober,oberb002,2021-06-11,2021,MIN,HOU,7,5.0,22,73,7,1,1,1,1.0,MIN202106110
Bailey Ober,oberb002,2021-06-16,2021,MIN,SEA,6,4.0,12,61,1,0,0,0,1.04,SEA202106160
Bailey Ober,oberb002,2021-06-22,2021,MIN,CIN,2,4.3,21,78,6,2,1,1,1.0,MIN202106220
Bailey Ober,oberb002,2021-06-30,2021,MIN,CHA,3,3.3,16,80,4,2,3,0,0.99,CHA202106300
Bailey Ober,oberb002,2021-07-05,2021,MIN,CHA,7,5.0,20,93,2,3,0,1,1.0,MIN202107050
Bailey Ober,oberb002,2021-07-10,2021,MIN,DET,4,3.3,16,79,4,2,2,1,1.0,MIN202107100
Bailey Ober,oberb002,2021-07-20,2021,MIN,CHA,4,5.0,21,66,5,1,1,0,0.99,CHA202107200
Bailey Ober,oberb002,2021-07-25,2021,MIN,ANA,4,5.3,19,68,3,1,1,1,1.0,MIN202107250
Bailey Ober,oberb002,2021-07-31,2021,MIN,SLN,6,4.0,16,64,4,1,0,0,1.0,SLN202107310
Bailey Ober,oberb002,2021-08-06,2021,MIN,HOU,5,5.0,23,80,7,1,2,0,1.02,HOU202108060
Bailey Ober,oberb002,2021-08-11,2021,MIN,CHA,6,5.3,22,82,6,1,0,1,1.0,MIN202108110
Bailey Ober,oberb002,2021-08-17,2021,MIN,CLE,3,6.0,23,69,5,0,1,1,1.0,MIN202108170
Bailey Ober,oberb002,2021-08-25,2021,MIN,BOS,7,5.0,19,81,4,1,0,0,0.98,BOS202108250
Bailey Ober,oberb002,2021-08-30,2021,MIN,DET,5,6.0,22,77,5,0,1,0,1.0,DET202108300
Bailey Ober,oberb002,2021-09-06,2021,MIN,CLE,4,4.0,16,59,6,0,1,0,1.04,CLE202109060
Bailey Ober,oberb002,2021-09-12,2021,MIN,KCA,6,4.3,18,75,5,0,1,1,1.0,MIN202109120
Bailey Ober,oberb002,2021-09-18,2021,MIN,TOR,3,4.0,18,74,4,2,2,0,1.0,TOR202109180
Bailey Ober,oberb002,2021-09-24,2021,MIN,TOR,6,5.3,20,82,4,0,1,1,1.0,MIN202109240
Riley O'Brien,obrir001,2021-09-28,2021,CIN,CHA,2,1.3,9,42,2,3,2,0,0.99,CHA202109280
Jake Odorizzi,odorj001,2021-04-13,2021,HOU,DET,4,3.3,17,80,7,0,3,1,1.02,HOU202104130
Jake Odorizzi,odorj001,2021-04-18,2021,HOU,SEA,7,4.3,19,89,3,3,0,0,1.04,SEA202104180
Jake Odorizzi,odorj001,2021-04-24,2021,HOU,ANA,0,0.3,1,5,0,0,0,1,1.02,HOU202104240
Jake Odorizzi,odorj001,2021-05-29,2021,HOU,SDN,4,5.3,20,87,3,1,0,1,1.02,HOU202105290
Jake Odorizzi,odorj001,2021-06-03,2021,HOU,BOS,2,3.0,15,76,4,3,1,1,1.02,HOU202106030
Jake Odorizzi,odorj001,2021-06-09,2021,HOU,BOS,6,5.0,19,77,3,1,1,0,0.98,BOS202106090
Jake Odorizzi,odorj001,2021-06-21,2021,HOU,BAL,9,5.0,16,86,0,1,0,0,1.0,BAL202106210
Jake Odorizzi,odorj001,2021-06-27,2021,HOU,DET,3,5.0,18,77,2,1,0,0,1.0,DET202106270
Jake Odorizzi,odorj001,2021-07-03,2021,HOU,CLE,2,6.0,23,91,4,2,0,0,1.04,CLE202107030
Jake Odorizzi,odorj001,2021-07-09,2021,HOU,NYA,4,6.0,24,103,7,0,0,1,1.02,HOU202107090
Jake Odorizzi,odorj001,2021-07-17,2021,HOU,CHA,1,3.3,19,73,6,4,2,0,0.99,CHA202107170
Jake Odorizzi,odorj001,2021-07-23,2021,HOU,TEX,6,4.7,20,86,4,2,0,1,1.02,HOU202107230
Jake Odorizzi,odorj001,2021-07-28,2021,HOU,SEA,3,5.3,23,95,5,1,2,0,1.04,SEA202107280
Jake Odorizzi,odorj001,2021-08-04,2021,HOU,LAN,3,3.0,18,73,6,2,4,0,1.03,LAN202108040
Jake Odorizzi,odorj001,2021-08-10,2021,HOU,COL,3,5.0,19,81,3,2,0,1,1.02,HOU202108100
Jake Odorizzi,odorj001,2021-08-16,2021,HOU,KCA,2,5.3,26,89,8,2,1,0,0.96,KCA202108160
Jake Odorizzi,odorj001,2021-08-21,2021,HOU,SEA,8,5.7,24,100,4,4,1,1,1.02,HOU202108210
Jake Odorizzi,odorj001,2021-08-27,2021,HOU,TEX,5,5.0,22,88,6,0,1,0,0.99,TEX202108270
Jake Odorizzi,odorj001,2021-09-01,2021,HOU,SEA,7,5.0,20,87,2,2,0,0,1.04,SEA202109010
Jake Odorizzi,odorj001,2021-09-07,2021,HOU,SEA,3,5.0,20,66,5,0,0,1,1.02,HOU202109070
Jake Odorizzi,odorj001,2021-09-13,2021,HOU,TEX,1,1.3,6,32,2,0,0,0,0.99,TEX202109130
Jake Odorizzi,odorj001,2021-09-26,2021,HOU,OAK,2,4.0,19,82,4,2,0,0,1.0,OAK202109260
Jake Odorizzi,odorj001,2021-10-02,2021,HOU,OAK,3,4.7,19,69,7,1,0,1,1.02,HOU202110020
Shohei Ohtani,ohtas001,2021-04-04,2021,ANA,CHA,7,4.7,22,92,2,5,0,1,0.99,ANA202104040
Shohei Ohtani,ohtas001,2021-04-20,2021,ANA,TEX,7,4.0,19,80,1,6,0,1,0.99,ANA202104200
Shohei Ohtani,ohtas001,2021-04-26,2021,ANA,TEX,9,5.0,21,75,3,2,1,0,0.99,TEX202104260
Shohei Ohtani,ohtas001,2021-05-05,2021,ANA,TBA,7,5.0,22,84,1,6,0,1,0.99,ANA202105050
Shohei Ohtani,ohtas001,2021-05-11,2021,ANA,HOU,10,7.0,26,88,4,1,1,0,1.02,HOU202105110
Shohei Ohtani,ohtas001,2021-05-19,2021,ANA,CLE,5,4.7,19,72,5,2,1,1,0.99,ANA202105190
Shohei Ohtani,ohtas001,2021-05-28,2021,ANA,OAK,5,6.0,25,93,3,4,0,0,1.0,OAK202105280
Shohei Ohtani,ohtas001,2021-06-04,2021,ANA,SEA,10,6.0,22,76,4,0,1,1,0.99,ANA202106040
Shohei Ohtani,ohtas001,2021-06-11,2021,ANA,ARI,8,5.0,24,86,5,2,0,0,1.03,ARI202106110
Shohei Ohtani,ohtas001,2021-06-17,2021,ANA,DET,5,6.0,22,78,5,1,1,1,0.99,ANA202106170
Shohei Ohtani,ohtas001,2021-06-23,2021,ANA,SFN,9,6.0,26,105,6,2,1,1,0.99,ANA202106230
Shohei Ohtani,ohtas001,2021-06-30,2021,ANA,NYA,1,0.7,9,41,2,4,0,0,0.99,NYA202106300
Shohei Ohtani,ohtas001,2021-07-06,2021,ANA,BOS,4,7.0,26,89,5,0,0,1,0.99,ANA202107060
Shohei Ohtani,ohtas001,2021-07-19,2021,ANA,OAK,8,6.0,22,96,3,1,0,0,1.0,OAK202107190
Shohei Ohtani,ohtas001,2021-07-26,2021,ANA,COL,5,7.0,27,99,5,0,1,1,0.99,ANA202107260
Shohei Ohtani,ohtas001,2021-08-04,2021,ANA,TEX,6,6.0,22,86,4,0,0,0,0.99,TEX202108040
Shohei Ohtani,ohtas001,2021-08-12,2021,ANA,TOR,6,6.0,23,99,3,3,0,1,0.99,ANA202108120
Shohei Ohtani,ohtas001,2021-08-18,2021,ANA,DET,8,8.0,28,90,6,0,1,0,1.0,DET202108180
Shohei Ohtani,ohtas001,2021-08-25,2021,ANA,BAL,7,5.0,20,84,5,0,3,0,1.0,BAL202108250
Shohei Ohtani,ohtas001,2021-09-03,2021,ANA,TEX,8,7.0,29,117,7,2,1,1,0.99,ANA202109030
Shohei Ohtani,ohtas001,2021-09-10,2021,ANA,HOU,1,3.3,19,77,9,0,0,0,1.02,HOU202109100
Shohei Ohtani,ohtas001,2021-09-19,2021,ANA,OAK,10,8.0,33,108,5,3,2,1,0.99,ANA202109190
Shohei Ohtani,ohtas001,2021-09-26,2021,ANA,SEA,10,7.0,27,112,5,0,1,1,0.99,ANA202109260
Corey Oswalt,oswac001,2021-07-04,2021,NYN,NYA,4,4.0,16,65,4,1,1,0,0.99,NYA202107042
Glenn Otto,ottog001,2021-08-27,2021,TEX,HOU,7,5.0,17,73,2,0,0,1,0.99,TEX202108270
Glenn Otto,ottog001,2021-09-03,2021,TEX,ANA,4,4.7,19,84,4,1,0,0,0.99,ANA202109030
Glenn Otto,ottog001,2021-09-10,2021,TEX,OAK,5,3.3,20,78,8,1,0,0,1.0,OAK202109100
Glenn Otto,ottog001,2021-09-16,2021,TEX,HOU,3,3.3,21,69,7,4,1,1,0.99,TEX202109160
Glenn Otto,ottog001,2021-09-23,2021,TEX,BAL,7,5.0,21,81,5,1,1,0,1.0,BAL202109230
Glenn Otto,ottog001,2021-09-30,2021,TEX,ANA,2,2.0,13,63,6,1,0,1,0.99,TEX202109300
Connor Overton,overc001,2021-09-16,2021,PIT,CIN,3,3.0,12,42,2,1,0,1,1.0,PIT202109160
Connor Overton,overc001,2021-09-23,2021,PIT,PHI,4,2.7,12,64,2,2,1,0,1.01,PHI202109230
Connor Overton,overc001,2021-09-27,2021,PIT,CIN,2,1.0,9,39,6,0,1,0,1.0,CIN202109270
Johan Oviedo,oviej001,2021-04-28,2021,SLN,PHI,7,5.0,20,86,3,2,1,1,1.0,SLN202104280
Johan Oviedo,oviej001,2021-05-05,2021,SLN,NYN,2,4.0,18,59,5,0,2,1,1.0,SLN202105052
Johan Oviedo,oviej001,2021-05-14,2021,SLN,SDN,0,2.0,13,57,2,5,0,0,1.08,SDN202105140
Johan Oviedo,oviej001,2021-05-28,2021,SLN,ARI,3,4.3,24,91,5,6,0,0,1.03,ARI202105280
Johan Oviedo,oviej001,2021-06-05,2021,SLN,CIN,4,4.0,18,65,3,2,1,1,1.0,SLN202106050
Johan Oviedo,oviej001,2021-06-11,2021,SLN,CHN,5,4.3,18,73,5,1,1,0,0.97,CHN202106110
Johan Oviedo,oviej001,2021-06-16,2021,SLN,MIA,4,7.0,27,87,6,0,0,1,1.0,SLN202106160
Johan Oviedo,oviej001,2021-06-22,2021,SLN,DET,1,3.7,21,82,6,3,1,0,1.0,DET202106220
Johan Oviedo,oviej001,2021-06-27,2021,SLN,PIT,5,4.0,22,90,6,4,0,1,1.0,SLN202106270
Johan Oviedo,oviej001,2021-07-02,2021,SLN,COL,2,6.0,26,79,7,1,1,0,0.92,COL202107020
Johan Oviedo,oviej001,2021-07-07,2021,SLN,SFN,3,4.0,20,80,3,4,0,0,1.03,SFN202107070
Johan Oviedo,oviej001,2021-07-20,2021,SLN,CHN,5,5.0,21,74,3,1,0,1,1.0,SLN202107200
Johan Oviedo,oviej001,2021-07-25,2021,SLN,CIN,6,4.3,23,98,5,6,1,0,1.0,CIN202107250
Luis Oviedo,oviel001,2021-07-27,2021,PIT,MIL,2,1.0,13,55,5,3,1,1,1.0,PIT202107270
Chris Paddack,paddc001,2021-04-04,2021,SDN,ARI,3,4.0,19,89,4,3,0,1,1.08,SDN202104040
Chris Paddack,paddc001,2021-04-10,2021,SDN,TEX,3,4.0,17,71,4,1,0,0,0.99,TEX202104100
Chris Paddack,paddc001,2021-04-15,2021,SDN,PIT,4,5.0,23,99,5,2,0,0,1.0,PIT202104150
Chris Paddack,paddc001,2021-04-20,2021,SDN,MIL,7,5.0,22,79,6,1,1,1,1.08,SDN202104200
Chris Paddack,paddc001,2021-04-27,2021,SDN,ARI,5,5.3,23,95,6,0,1,0,1.03,ARI202104270
Chris Paddack,paddc001,2021-05-09,2021,SDN,SFN,4,3.0,13,53,4,1,0,0,1.03,SFN202105090
Chris Paddack,paddc001,2021-05-15,2021,SDN,SLN,2,4.0,16,84,3,1,1,1,1.08,SDN202105150
Chris Paddack,paddc001,2021-05-21,2021,SDN,SEA,6,6.0,22,91,3,2,0,1,1.08,SDN202105210
Chris Paddack,paddc001,2021-05-26,2021,SDN,MIL,2,6.0,20,68,2,0,1,0,1.05,MIL202105260
Chris Paddack,paddc001,2021-05-31,2021,SDN,CHN,6,4.3,20,93,6,1,3,0,0.97,CHN202105310
Chris Paddack,paddc001,2021-06-06,2021,SDN,NYN,6,6.0,23,94,6,1,1,1,1.08,SDN202106060
Chris Paddack,paddc001,2021-06-13,2021,SDN,NYN,9,6.0,24,84,6,0,1,0,1.06,NYN202106130
Chris Paddack,paddc001,2021-06-18,2021,SDN,CIN,11,5.0,22,87,6,1,0,1,1.08,SDN202106180
Chris Paddack,paddc001,2021-06-25,2021,SDN,ARI,2,2.3,17,72,8,2,0,1,1.08,SDN202106250
Chris Paddack,paddc001,2021-07-02,2021,SDN,PHI,5,7.0,26,95,4,1,1,0,1.01,PHI202107020
Chris Paddack,paddc001,2021-07-07,2021,SDN,WAS,2,2.0,18,75,9,1,1,1,1.08,SDN202107070
Chris Paddack,paddc001,2021-07-16,2021,SDN,WAS,2,5.0,20,80,5,1,1,0,1.01,WAS202107160
Chris Paddack,paddc001,2021-07-21,2021,SDN,ATL,1,5.0,19,77,3,0,0,0,1.02,ATL202107211
Chris Paddack,paddc001,2021-07-27,2021,SDN,OAK,6,6.0,26,102,9,1,0,1,1.08,SDN202107270
Chris Paddack,paddc001,2021-08-30,2021,SDN,ARI,5,4.7,17,86,3,0,0,0,1.03,ARI202108300
Chris Paddack,paddc001,2021-09-05,2021,SDN,HOU,0,6.0,24,63,6,0,2,1,1.08,SDN202109050
Chris Paddack,paddc001,2021-09-11,2021,SDN,LAN,4,4.7,18,96,3,2,0,0,1.03,LAN202109110
Luis Patiño,patil001,2021-04-25,2021,TBA,TOR,3,2.7,9,42,0,1,0,1,1.05,TBA202104250
Luis Patiño,patil001,2021-05-11,2021,TBA,NYA,3,4.0,16,65,3,1,1,1,1.05,TBA202105110
Luis Patiño,patil001,2021-05-18,2021,TBA,BAL,6,3.3,19,82,6,2,0,0,1.0,BAL202105180
Luis Patiño,patil001,2021-07-02,2021,TBA,TOR,5,5.3,25,94,7,1,1,0,1.0,TOR202107020
Luis Patiño,patil001,2021-07-22,2021,TBA,CLE,4,5.3,25,98,5,3,1,0,1.04,CLE202107220
Luis Patiño,patil001,2021-07-29,2021,TBA,NYA,8,6.0,23,97,3,2,0,1,1.05,TBA202107290
Luis Patiño,patil001,2021-08-03,2021,TBA,SEA,3,5.0,22,100,5,2,2,1,1.05,TBA202108030
Luis Patiño,patil001,2021-08-10,2021,TBA,BOS,7,6.0,26,103,6,3,2,0,0.98,BOS202108100
Luis Patiño,patil001,2021-08-15,2021,TBA,MIN,2,3.0,16,69,2,5,0,0,1.0,MIN202108150
Luis Patiño,patil001,2021-08-21,2021,TBA,CHA,5,6.0,23,91,5,1,1,1,1.05,TBA202108210
Luis Patiño,patil001,2021-08-30,2021,TBA,BOS,5,5.7,23,102,5,1,1,1,1.05,TBA202108300
Luis Patiño,patil001,2021-09-05,2021,TBA,MIN,4,2.7,17,73,6,3,0,1,1.05,TBA202109050
Luis Patiño,patil001,2021-09-12,2021,TBA,DET,3,4.3,20,76,5,2,1,0,1.0,DET202109120
Luis Patiño,patil001,2021-09-17,2021,TBA,DET,4,6.0,25,80,6,1,1,1,1.05,TBA202109170
Luis Patiño,patil001,2021-09-22,2021,TBA,TOR,1,3.0,12,37,1,1,0,1,1.05,TBA202109220
James Paxton,paxtj001,2021-04-06,2021,SEA,CHA,2,1.3,5,24,0,1,0,1,1.04,SEA202104060
Joel Payamps,payaj001,2021-09-20,2021,KCA,CLE,2,2.3,8,33,2,0,1,0,1.04,CLE202109202
Brad Peacock,peacb001,2021-08-31,2021,BOS,TBA,0,2.3,12,48,2,2,1,0,1.05,TBA202108310
Matt Peacock,peacm001,2021-05-12,2021,ARI,MIA,3,5.0,22,64,7,0,2,1,1.03,ARI202105120
Matt Peacock,peacm001,2021-05-19,2021,ARI,LAN,4,5.3,20,85,4,0,0,0,1.03,LAN202105190
Matt Peacock,peacm001,2021-05-30,2021,ARI,SLN,6,6.0,23,78,6,0,1,1,1.03,ARI202105300
Matt Peacock,peacm001,2021-06-04,2021,ARI,MIL,2,4.7,22,83,5,4,1,0,1.05,MIL202106040
Matt Peacock,peacm001,2021-06-09,2021,ARI,OAK,1,1.7,11,48,3,3,0,0,1.0,OAK202106090
Matt Peacock,peacm001,2021-06-14,2021,ARI,SFN,3,5.0,27,94,10,3,1,0,1.03,SFN202106140
Matt Peacock,peacm001,2021-06-19,2021,ARI,LAN,3,5.0,24,81,7,2,1,1,1.03,ARI202106190
Matt Peacock,peacm001,2021-08-12,2021,ARI,SDN,2,1.3,6,29,3,0,0,1,1.03,ARI202108120
Nate Pearson,pearn001,2021-05-09,2021,TOR,HOU,0,2.3,16,64,4,5,0,0,1.02,HOU202105090
Freddy Peralta,peraf001,2021-04-06,2021,MIL,CHN,8,5.0,18,91,1,4,0,0,0.97,CHN202104060
Freddy Peralta,peraf001,2021-04-12,2021,MIL,CHN,10,6.0,22,93,2,2,1,1,1.05,MIL202104120
Freddy Peralta,peraf001,2021-04-18,2021,MIL,PIT,7,5.0,22,87,3,3,1,1,1.05,MIL202104180
Freddy Peralta,peraf001,2021-04-24,2021,MIL,CHN,7,4.0,18,81,5,1,0,0,0.97,CHN202104240
Freddy Peralta,peraf001,2021-04-30,2021,MIL,LAN,7,6.0,21,91,1,1,1,1,1.05,MIL202104300
Freddy Peralta,peraf001,2021-05-05,2021,MIL,PHI,8,4.0,18,73,4,3,1,0,1.01,PHI202105050
Freddy Peralta,peraf001,2021-05-11,2021,MIL,SLN,8,7.0,25,97,1,1,0,1,1.05,MIL202105110
Freddy Peralta,peraf001,2021-05-16,2021,MIL,ATL,8,6.0,21,88,2,1,0,1,1.05,MIL202105160
Freddy Peralta,peraf001,2021-05-23,2021,MIL,CIN,7,4.7,22,103,3,4,1,0,1.0,CIN202105230
Freddy Peralta,peraf001,2021-05-29,2021,MIL,WAS,7,7.0,25,100,4,1,1,0,1.01,WAS202105291
Freddy Peralta,peraf001,2021-06-04,2021,MIL,ARI,9,7.3,26,109,1,3,0,1,1.05,MIL202106040
Freddy Peralta,peraf001,2021-06-10,2021,MIL,CIN,6,4.0,16,75,2,2,1,0,1.0,CIN202106100
Freddy Peralta,peraf001,2021-06-16,2021,MIL,CIN,6,7.0,25,96,5,0,0,1,1.05,MIL202106160
Freddy Peralta,peraf001,2021-06-22,2021,MIL,ARI,10,6.0,23,96,1,4,0,0,1.03,ARI202106220
Freddy Peralta,peraf001,2021-06-28,2021,MIL,CHN,8,6.0,24,94,2,4,1,1,1.05,MIL202106280
Freddy Peralta,peraf001,2021-07-04,2021,MIL,PIT,7,6.0,27,96,3,5,1,0,1.0,PIT202107040
Freddy Peralta,peraf001,2021-07-10,2021,MIL,CIN,6,5.0,21,92,2,2,1,1,1.05,MIL202107100
Freddy Peralta,peraf001,2021-07-23,2021,MIL,CHA,5,4.0,15,51,1,2,0,1,1.05,MIL202107230
Freddy Peralta,peraf001,2021-07-29,2021,MIL,PIT,5,6.0,20,68,2,1,0,0,1.0,PIT202107290
Freddy Peralta,peraf001,2021-08-04,2021,MIL,PIT,9,6.0,26,98,6,2,0,1,1.05,MIL202108040
Freddy Peralta,peraf001,2021-08-10,2021,MIL,CHN,8,5.3,24,89,5,2,0,0,0.97,CHN202108101
Freddy Peralta,peraf001,2021-08-18,2021,MIL,SLN,2,2.0,12,43,5,0,0,0,1.0,SLN202108180
Freddy Peralta,peraf001,2021-09-03,2021,MIL,SLN,4,2.0,12,53,3,2,1,1,1.05,MIL202109030
Freddy Peralta,peraf001,2021-09-08,2021,MIL,PHI,4,3.7,16,81,4,1,1,1,1.05,MIL202109080
Freddy Peralta,peraf001,2021-09-14,2021,MIL,DET,9,6.0,21,71,2,0,0,0,1.0,DET202109140
Freddy Peralta,peraf001,2021-09-20,2021,MIL,SLN,9,6.0,26,96,7,1,1,1,1.05,MIL202109200
Freddy Peralta,peraf001,2021-09-26,2021,MIL,NYN,5,5.3,23,91,5,1,1,1,1.05,MIL202109260
Wily Peralta,peraw001,2021-06-19,2021,DET,ANA,2,5.0,24,87,7,2,2,0,0.99,ANA202106190
Wily Peralta,peraw001,2021-06-26,2021,DET,HOU,0,2.7,9,50,0,2,0,1,1.0,DET202106262
Wily Peralta,peraw001,2021-06-30,2021,DET,CLE,5,5.0,20,80,3,0,0,0,1.04,CLE202106302
Wily Peralta,peraw001,2021-07-05,2021,DET,TEX,6,7.0,24,91,3,0,0,0,0.99,TEX202107050
Wily Peralta,peraw001,2021-07-11,2021,DET,MIN,2,5.0,19,97,3,2,1,0,1.0,MIN202107110
Wily Peralta,peraw001,2021-07-18,2021,DET,MIN,4,7.0,25,90,4,4,0,1,1.0,DET202107180
Wily Peralta,peraw001,2021-07-23,2021,DET,KCA,3,5.7,25,85,5,3,2,0,0.96,KCA202107230
Wily Peralta,peraw001,2021-07-28,2021,DET,MIN,1,3.3,19,76,6,2,2,0,1.0,MIN202107280
Wily Peralta,peraw001,2021-08-03,2021,DET,BOS,3,4.7,22,96,6,2,1,1,1.0,DET202108030
Wily Peralta,peraw001,2021-08-08,2021,DET,CLE,4,5.0,23,88,6,1,1,0,1.04,CLE202108080
Wily Peralta,peraw001,2021-08-14,2021,DET,CLE,6,4.3,22,90,6,3,0,1,1.0,DET202108140
Wily Peralta,peraw001,2021-08-21,2021,DET,TOR,2,6.0,23,64,6,1,1,0,1.0,TOR202108210
Wily Peralta,peraw001,2021-09-01,2021,DET,OAK,2,4.0,17,71,4,1,1,1,1.0,DET202109010
Wily Peralta,peraw001,2021-09-07,2021,DET,PIT,3,4.0,21,84,6,3,0,0,1.0,PIT202109070
Wily Peralta,peraw001,2021-09-14,2021,DET,MIL,5,6.0,22,85,2,2,0,1,1.0,DET202109140
Wily Peralta,peraw001,2021-09-19,2021,DET,TBA,3,7.0,26,100,3,3,0,0,1.05,TBA202109190
Wily Peralta,peraw001,2021-09-26,2021,DET,KCA,3,4.7,25,100,8,3,0,1,1.0,DET202109260
Wily Peralta,peraw001,2021-10-01,2021,DET,CHA,3,6.0,31,96,9,3,1,0,0.99,CHA202110010
Wandy Peralta,peraw002,2021-08-06,2021,NYA,SEA,2,1.7,7,26,2,0,0,1,0.99,NYA202108060
Martín Pérez,perem004,2021-04-06,2021,BOS,TBA,6,5.0,23,92,5,2,0,1,0.98,BOS202104060
Martín Pérez,perem004,2021-04-13,2021,BOS,MIN,2,5.0,24,88,4,3,0,0,1.0,MIN202104130
Martín Pérez,perem004,2021-04-18,2021,BOS,CHA,4,3.7,18,58,7,0,1,1,0.98,BOS202104182
Martín Pérez,perem004,2021-04-23,2021,BOS,SEA,3,3.7,18,83,4,4,0,1,0.98,BOS202104230
Martín Pérez,perem004,2021-04-29,2021,BOS,TEX,7,5.7,23,82,5,0,0,0,0.99,TEX202104290
Martín Pérez,perem004,2021-05-05,2021,BOS,DET,6,5.7,25,91,6,2,0,1,0.98,BOS202105050
Martín Pérez,perem004,2021-05-10,2021,BOS,BAL,4,5.0,20,74,4,1,1,0,1.0,BAL202105100
Martín Pérez,perem004,2021-05-15,2021,BOS,ANA,5,6.0,23,97,3,4,0,1,0.98,BOS202105150
Martín Pérez,perem004,2021-05-21,2021,BOS,PHI,7,6.0,24,79,5,1,1,0,1.01,PHI202105210
Martín Pérez,perem004,2021-05-28,2021,BOS,MIA,4,5.0,19,71,5,0,1,1,0.98,BOS202105280
Martín Pérez,perem004,2021-06-03,2021,BOS,HOU,4,7.7,29,82,6,1,0,0,1.02,HOU202106030
Martín Pérez,perem004,2021-06-08,2021,BOS,HOU,2,2.0,16,59,6,3,1,1,0.98,BOS202106080
Martín Pérez,perem004,2021-06-13,2021,BOS,TOR,0,1.3,11,38,6,1,3,1,0.98,BOS202106130
Martín Pérez,perem004,2021-06-19,2021,BOS,KCA,3,5.0,20,78,3,2,0,0,0.96,KCA202106190
Martín Pérez,perem004,2021-06-25,2021,BOS,NYA,3,3.7,18,67,6,2,0,1,0.98,BOS202106250
Martín Pérez,perem004,2021-06-30,2021,BOS,KCA,2,5.3,21,86,7,0,1,1,0.98,BOS202106300
Martín Pérez,perem004,2021-07-05,2021,BOS,ANA,3,5.3,23,78,8,1,0,0,0.99,ANA202107050
Martín Pérez,perem004,2021-07-10,2021,BOS,PHI,4,3.7,18,73,6,2,2,1,0.98,BOS202107100
Martín Pérez,perem004,2021-07-18,2021,BOS,NYA,5,4.0,17,62,5,1,1,0,0.99,NYA202107180
Martín Pérez,perem004,2021-07-25,2021,BOS,NYA,6,6.0,24,80,6,2,1,1,0.98,BOS202107250
Martín Pérez,perem004,2021-07-30,2021,BOS,TBA,3,4.0,21,72,7,1,3,0,1.05,TBA202107300
Martín Pérez,perem004,2021-08-05,2021,BOS,DET,2,1.3,10,37,5,0,1,0,1.0,DET202108050
Dillon Peters,peted001,2021-08-15,2021,PIT,MIL,3,4.7,22,75,5,3,0,1,1.0,PIT202108150
Dillon Peters,peted001,2021-08-21,2021,PIT,SLN,3,5.0,20,72,3,1,0,0,1.0,SLN202108210
Dillon Peters,peted001,2021-08-27,2021,PIT,SLN,4,5.0,21,78,6,0,1,1,1.0,PIT202108270
Dillon Peters,peted001,2021-09-07,2021,PIT,DET,5,4.0,18,74,3,3,0,1,1.0,PIT202109070
Dillon Peters,peted001,2021-09-14,2021,PIT,CIN,5,5.0,21,80,5,1,0,1,1.0,PIT202109140
Dillon Peters,peted001,2021-09-20,2021,PIT,CIN,3,3.0,15,64,4,2,1,0,1.0,CIN202109200
David Peterson,peted003,2021-04-07,2021,NYN,PHI,5,4.0,21,78,7,2,2,0,1.01,PHI202104070
David Peterson,peted003,2021-04-14,2021,NYN,PHI,10,6.0,21,80,3,0,1,1,1.06,NYN202104140
David Peterson,peted003,2021-04-21,2021,NYN,CHN,3,3.3,16,62,4,2,0,0,0.97,CHN202104210
David Peterson,peted003,2021-04-27,2021,NYN,BOS,3,6.0,22,92,4,2,1,1,1.06,NYN202104270
David Peterson,peted003,2021-05-02,2021,NYN,PHI,8,5.0,20,88,4,2,1,0,1.01,PHI202105020
David Peterson,peted003,2021-05-07,2021,NYN,ARI,3,1.7,12,55,3,3,0,1,1.06,NYN202105070
David Peterson,peted003,2021-05-14,2021,NYN,TBA,9,7.3,27,93,4,2,1,0,1.05,TBA202105140
David Peterson,peted003,2021-05-19,2021,NYN,ATL,5,4.7,20,62,5,1,0,0,1.02,ATL202105190
David Peterson,peted003,2021-05-24,2021,NYN,COL,3,6.0,25,89,5,3,2,1,1.06,NYN202105240
David Peterson,peted003,2021-06-02,2021,NYN,ARI,0,0.3,7,35,3,3,1,0,1.03,ARI202106020
David Peterson,peted003,2021-06-08,2021,NYN,BAL,4,2.7,17,69,8,1,0,0,1.0,BAL202106080
David Peterson,peted003,2021-06-14,2021,NYN,CHN,3,6.0,19,73,1,2,0,1,1.06,NYN202106140
David Peterson,peted003,2021-06-19,2021,NYN,WAS,6,4.7,20,94,2,3,0,0,1.01,WAS202106191
David Peterson,peted003,2021-06-25,2021,NYN,PHI,5,6.0,23,95,3,2,1,1,1.06,NYN202106252
David Peterson,peted003,2021-06-30,2021,NYN,ATL,2,3.0,17,57,8,1,1,0,1.02,ATL202106300
David Phelps,pheld001,2021-04-09,2021,TOR,ANA,2,1.0,4,20,0,1,0,1,1.0,TOR202104090
Michael Pineda,pinem001,2021-04-04,2021,MIN,MIL,5,5.0,22,81,4,2,0,0,1.05,MIL202104040
Michael Pineda,pinem001,2021-04-10,2021,MIN,SEA,6,6.0,22,75,4,0,2,1,1.0,MIN202104100
Michael Pineda,pinem001,2021-04-15,2021,MIN,BOS,6,7.0,23,88,2,1,0,1,1.0,MIN202104150
Michael Pineda,pinem001,2021-04-24,2021,MIN,PIT,5,4.3,21,90,6,1,2,1,1.0,MIN202104240
Michael Pineda,pinem001,2021-04-30,2021,MIN,KCA,5,5.0,19,71,3,2,1,1,1.0,MIN202104300
Michael Pineda,pinem001,2021-05-06,2021,MIN,TEX,5,6.0,24,87,6,1,1,1,1.0,MIN202105060
Michael Pineda,pinem001,2021-05-13,2021,MIN,CHA,7,5.3,23,96,4,3,2,0,0.99,CHA202105130
Michael Pineda,pinem001,2021-05-26,2021,MIN,BAL,8,6.0,22,101,3,2,1,1,1.0,MIN202105260
Michael Pineda,pinem001,2021-06-01,2021,MIN,BAL,1,3.0,16,53,7,0,0,0,1.0,BAL202106010
Michael Pineda,pinem001,2021-06-08,2021,MIN,NYA,2,4.3,20,76,4,2,0,1,1.0,MIN202106080
Michael Pineda,pinem001,2021-06-13,2021,MIN,HOU,1,4.0,19,64,6,1,1,1,1.0,MIN202106130
Michael Pineda,pinem001,2021-07-07,2021,MIN,CHA,4,5.3,25,82,12,0,1,1,1.0,MIN202107070
Michael Pineda,pinem001,2021-07-21,2021,MIN,CHA,3,5.0,20,73,4,1,0,0,0.99,CHA202107210
Michael Pineda,pinem001,2021-07-26,2021,MIN,DET,6,6.0,22,85,5,0,1,1,1.0,MIN202107260
Michael Pineda,pinem001,2021-08-01,2021,MIN,SLN,3,4.0,19,68,5,1,0,0,1.0,SLN202108010
Michael Pineda,pinem001,2021-08-07,2021,MIN,HOU,3,6.0,24,102,7,0,1,0,1.02,HOU202108070
Michael Pineda,pinem001,2021-08-13,2021,MIN,TBA,3,2.7,14,47,6,0,2,1,1.0,MIN202108130
Michael Pineda,pinem001,2021-09-11,2021,MIN,KCA,3,5.0,20,72,5,0,0,1,1.0,MIN202109110
Michael Pineda,pinem001,2021-09-17,2021,MIN,TOR,2,5.7,23,89,3,2,1,0,1.0,TOR202109170
Michael Pineda,pinem001,2021-09-23,2021,MIN,TOR,2,5.0,23,78,8,1,1,1,1.0,MIN202109230
Michael Pineda,pinem001,2021-09-29,2021,MIN,DET,5,5.7,25,85,8,0,0,1,1.0,MIN202109290
Nick Pivetta,piven001,2021-04-05,2021,BOS,TBA,4,5.0,20,91,2,4,0,1,0.98,BOS202104050
Nick Pivetta,piven001,2021-04-11,2021,BOS,BAL,7,6.0,26,101,7,3,1,0,1.0,BAL202104110
Nick Pivetta,piven001,2021-04-17,2021,BOS,CHA,3,3.7,19,83,4,4,0,1,0.98,BOS202104170
Nick Pivetta,piven001,2021-04-22,2021,BOS,SEA,4,6.0,20,86,1,3,0,1,0.98,BOS202104220
Nick Pivetta,piven001,2021-04-28,2021,BOS,NYN,7,5.0,19,93,1,3,0,0,1.06,NYN202104280
Nick Pivetta,piven001,2021-05-04,2021,BOS,DET,8,5.0,22,100,6,2,0,1,0.98,BOS202105040
Nick Pivetta,piven001,2021-05-09,2021,BOS,BAL,2,6.0,24,103,3,3,1,0,1.0,BAL202105090
Nick Pivetta,piven001,2021-05-14,2021,BOS,ANA,7,6.0,22,92,4,0,1,1,0.98,BOS202105140
Nick Pivetta,piven001,2021-05-20,2021,BOS,TOR,8,5.0,25,95,7,2,0,0,1.0,TOR202105200
Nick Pivetta,piven001,2021-05-26,2021,BOS,ATL,9,6.0,27,102,7,2,1,1,0.98,BOS202105260
Nick Pivetta,piven001,2021-06-02,2021,BOS,HOU,9,6.0,24,111,3,2,0,0,1.02,HOU202106020
Nick Pivetta,piven001,2021-06-07,2021,BOS,MIA,6,4.7,23,92,7,3,1,1,0.98,BOS202106070
Nick Pivetta,piven001,2021-06-12,2021,BOS,TOR,6,5.0,23,96,6,2,4,1,0.98,BOS202106120
Nick Pivetta,piven001,2021-06-18,2021,BOS,KCA,6,5.0,24,98,6,3,1,0,0.96,KCA202106180
Nick Pivetta,piven001,2021-06-24,2021,BOS,TBA,8,6.7,23,100,0,2,0,0,1.05,TBA202106240
Nick Pivetta,piven001,2021-06-29,2021,BOS,KCA,5,4.3,23,89,9,2,3,1,0.98,BOS202106290
Nick Pivetta,piven001,2021-07-04,2021,BOS,OAK,10,7.0,25,101,2,2,0,0,1.0,OAK202107040
Nick Pivetta,piven001,2021-07-11,2021,BOS,PHI,4,4.0,18,74,4,2,1,1,0.98,BOS202107110
Nick Pivetta,piven001,2021-07-19,2021,BOS,TOR,4,6.7,32,108,11,2,1,0,1.0,TOR202107190
Nick Pivetta,piven001,2021-07-26,2021,BOS,TOR,3,4.7,22,92,6,2,1,1,0.98,BOS202107260
Nick Pivetta,piven001,2021-08-01,2021,BOS,TBA,6,4.7,18,76,3,1,1,0,1.05,TBA202108010
Nick Pivetta,piven001,2021-08-07,2021,BOS,TOR,5,6.0,20,76,1,1,0,0,1.0,TOR202108071
Nick Pivetta,piven001,2021-08-13,2021,BOS,BAL,8,6.0,23,93,3,2,1,1,0.98,BOS202108130
Nick Pivetta,piven001,2021-08-18,2021,BOS,NYA,1,1.7,12,57,4,3,0,0,0.99,NYA202108180
Nick Pivetta,piven001,2021-08-25,2021,BOS,MIN,5,4.0,21,87,6,2,2,1,0.98,BOS202108250
Nick Pivetta,piven001,2021-08-30,2021,BOS,TBA,6,5.0,27,108,6,5,1,0,1.05,TBA202108300
Nick Pivetta,piven001,2021-09-12,2021,BOS,CHA,5,5.3,19,79,4,0,0,0,0.99,CHA202109120
Nick Pivetta,piven001,2021-09-18,2021,BOS,BAL,3,3.7,18,68,7,1,2,1,0.98,BOS202109180
Nick Pivetta,piven001,2021-09-25,2021,BOS,NYA,7,5.3,19,90,3,0,0,1,0.98,BOS202109250
Nick Pivetta,piven001,2021-09-30,2021,BOS,BAL,8,4.7,20,87,4,2,1,0,1.0,BAL202109300
Zach Plesac,plesz001,2021-04-03,2021,CLE,DET,4,6.0,26,94,6,2,0,0,1.0,DET202104030
Zach Plesac,plesz001,2021-04-09,2021,CLE,DET,6,7.0,23,97,3,0,0,1,1.04,CLE202104090
Zach Plesac,plesz001,2021-04-14,2021,CLE,CHA,0,0.7,9,26,7,0,1,0,0.99,CHA202104140
Zach Plesac,plesz001,2021-04-20,2021,CLE,CHA,4,5.0,22,92,7,0,2,1,1.04,CLE202104200
Zach Plesac,plesz001,2021-04-26,2021,CLE,MIN,4,7.7,29,93,5,1,1,1,1.04,CLE202104260
Zach Plesac,plesz001,2021-05-02,2021,CLE,CHA,6,5.7,25,110,3,4,0,0,0.99,CHA202105020
Zach Plesac,plesz001,2021-05-07,2021,CLE,CIN,7,8.0,27,112,3,0,0,1,1.04,CLE202105070
Zach Plesac,plesz001,2021-05-13,2021,CLE,SEA,2,8.0,28,96,2,3,1,0,1.04,SEA202105130
Zach Plesac,plesz001,2021-05-18,2021,CLE,ANA,4,7.0,28,98,7,1,3,0,0.99,ANA202105180
Zach Plesac,plesz001,2021-05-23,2021,CLE,MIN,1,3.7,18,63,5,1,1,1,1.04,CLE202105230
Zach Plesac,plesz001,2021-07-08,2021,CLE,KCA,4,4.0,17,55,5,0,2,1,1.04,CLE202107080
Zach Plesac,plesz001,2021-07-18,2021,CLE,OAK,3,6.0,23,87,4,1,1,0,1.0,OAK202107180
Zach Plesac,plesz001,2021-07-23,2021,CLE,TBA,3,6.7,29,99,8,2,1,1,1.04,CLE202107230
Zach Plesac,plesz001,2021-07-28,2021,CLE,SLN,4,5.0,24,89,7,1,1,1,1.04,CLE202107280
Zach Plesac,plesz001,2021-08-03,2021,CLE,TOR,0,5.0,24,82,10,0,2,0,1.0,TOR202108030
Zach Plesac,plesz001,2021-08-08,2021,CLE,DET,6,4.0,19,84,2,3,1,1,1.04,CLE202108080
Zach Plesac,plesz001,2021-08-13,2021,CLE,DET,9,7.7,28,101,5,0,1,0,1.0,DET202108130
Zach Plesac,plesz001,2021-08-18,2021,CLE,MIN,2,4.7,24,73,6,2,1,0,1.0,MIN202108180
Zach Plesac,plesz001,2021-08-25,2021,CLE,TEX,4,5.7,27,97,8,3,1,1,1.04,CLE202108250
Zach Plesac,plesz001,2021-08-31,2021,CLE,KCA,7,7.0,22,96,2,0,0,0,0.96,KCA202108310
Zach Plesac,plesz001,2021-09-05,2021,CLE,BOS,5,5.0,27,101,8,3,0,0,0.98,BOS202109050
Zach Plesac,plesz001,2021-09-11,2021,CLE,MIL,3,6.0,24,84,4,2,0,1,1.04,CLE202109110
Zach Plesac,plesz001,2021-09-17,2021,CLE,NYA,6,6.0,25,93,7,1,2,0,0.99,NYA202109170
Zach Plesac,plesz001,2021-09-23,2021,CLE,CHA,4,5.3,22,86,6,1,0,1,1.04,CLE202109232
Zach Plesac,plesz001,2021-09-29,2021,CLE,KCA,2,6.0,28,97,7,3,1,0,0.96,KCA202109290
Adam Plutko,pluta001,2021-05-16,2021,BAL,NYA,0,1.0,7,24,4,1,2,1,1.0,BAL202105160
Cody Ponce,poncc002,2021-05-25,2021,PIT,CHN,2,5.0,23,87,9,1,2,1,1.0,PIT202105250
Cody Ponce,poncc002,2021-07-03,2021,PIT,MIL,3,1.7,14,59,6,3,0,1,1.0,PIT202107030
Daniel Ponce de Leon,poncd001,2021-04-05,2021,SLN,MIA,3,5.0,21,93,3,1,0,0,0.98,MIA202104050
Daniel Ponce de Leon,poncd001,2021-04-11,2021,SLN,MIL,0,1.3,14,52,6,4,2,1,1.0,SLN202104110
Cody Poteet,potec001,2021-05-12,2021,MIA,ARI,6,5.0,19,77,4,0,1,0,1.03,ARI202105120
Cody Poteet,potec001,2021-05-18,2021,MIA,PHI,3,5.0,20,85,3,2,0,0,1.01,PHI202105180
Cody Poteet,potec001,2021-05-23,2021,MIA,NYN,4,7.0,23,93,3,0,0,1,0.98,MIA202105230
Cody Poteet,potec001,2021-05-28,2021,MIA,BOS,6,4.3,20,79,4,2,1,0,0.98,BOS202105280
Cody Poteet,potec001,2021-06-04,2021,MIA,PIT,2,2.7,13,58,2,4,1,0,1.0,PIT202106040
Cody Poteet,potec001,2021-06-18,2021,MIA,CHN,5,3.7,18,80,3,4,2,0,0.97,CHN202106180
Cody Poteet,potec001,2021-06-24,2021,MIA,WAS,6,3.0,19,77,6,4,2,1,0.98,MIA202106240
David Price,pricd001,2021-05-20,2021,LAN,ARI,1,2.0,8,31,3,0,0,1,1.03,LAN202105200
David Price,pricd001,2021-05-27,2021,LAN,SFN,5,2.7,8,35,0,0,0,1,1.03,LAN202105270
David Price,pricd001,2021-06-01,2021,LAN,SLN,3,1.7,11,50,5,1,0,1,1.03,LAN202106010
David Price,pricd001,2021-07-09,2021,LAN,ARI,3,3.0,15,51,4,1,0,1,1.03,LAN202107090
David Price,pricd001,2021-07-18,2021,LAN,COL,4,4.0,15,66,2,1,0,0,0.92,COL202107180
David Price,pricd001,2021-07-23,2021,LAN,COL,4,5.7,22,74,4,1,2,1,1.03,LAN202107230
David Price,pricd001,2021-07-29,2021,LAN,SFN,2,4.3,21,64,4,3,0,0,1.03,SFN202107290
David Price,pricd001,2021-08-06,2021,LAN,ANA,4,5.3,18,62,4,0,2,1,1.03,LAN202108060
David Price,pricd001,2021-08-11,2021,LAN,PHI,1,4.0,17,51,5,1,0,0,1.01,PHI202108110
David Price,pricd001,2021-08-17,2021,LAN,PIT,3,4.7,20,67,3,1,0,1,1.03,LAN202108170
David Price,pricd001,2021-08-22,2021,LAN,NYN,4,4.0,17,75,3,2,0,1,1.03,LAN202108220
Cal Quantrill,quanc001,2021-05-31,2021,CLE,CHA,5,3.7,14,60,4,0,0,1,1.04,CLE202105312
Cal Quantrill,quanc001,2021-06-06,2021,CLE,BAL,1,1.3,11,44,5,0,1,0,1.0,BAL202106060
Cal Quantrill,quanc001,2021-06-15,2021,CLE,BAL,4,4.0,16,60,3,0,0,1,1.04,CLE202106150
Cal Quantrill,quanc001,2021-06-19,2021,CLE,PIT,2,5.0,20,77,3,2,0,0,1.0,PIT202106190
Cal Quantrill,quanc001,2021-06-25,2021,CLE,MIN,2,4.3,20,63,6,1,1,0,1.0,MIN202106250
Cal Quantrill,quanc001,2021-06-30,2021,CLE,DET,3,3.3,19,67,8,2,0,1,1.04,CLE202106301
Cal Quantrill,quanc001,2021-07-04,2021,CLE,HOU,3,5.3,24,94,6,2,1,1,1.04,CLE202107040
Cal Quantrill,quanc001,2021-07-10,2021,CLE,KCA,1,6.0,23,90,5,1,2,1,1.04,CLE202107100
Cal Quantrill,quanc001,2021-07-17,2021,CLE,OAK,5,5.0,22,85,4,2,0,0,1.0,OAK202107170
Cal Quantrill,quanc001,2021-07-22,2021,CLE,TBA,2,6.0,24,94,4,3,0,1,1.04,CLE202107220
Cal Quantrill,quanc001,2021-07-27,2021,CLE,SLN,5,6.0,23,90,4,1,1,1,1.04,CLE202107270
Cal Quantrill,quanc001,2021-08-01,2021,CLE,CHA,6,6.0,26,100,3,4,0,0,0.99,CHA202108010
Cal Quantrill,quanc001,2021-08-06,2021,CLE,DET,10,7.0,24,93,4,0,0,1,1.04,CLE202108060
Cal Quantrill,quanc001,2021-08-11,2021,CLE,OAK,5,6.0,23,93,3,3,0,1,1.04,CLE202108110
Cal Quantrill,quanc001,2021-08-16,2021,CLE,MIN,4,5.0,24,92,8,1,1,0,1.0,MIN202108160
Cal Quantrill,quanc001,2021-08-22,2021,CLE,ANA,9,7.0,24,94,2,2,0,1,1.04,CLE202108220
Cal Quantrill,quanc001,2021-08-28,2021,CLE,BOS,6,7.0,28,96,6,2,1,1,1.04,CLE202108280
Cal Quantrill,quanc001,2021-09-03,2021,CLE,BOS,6,6.0,27,99,7,2,3,0,0.98,BOS202109030
Cal Quantrill,quanc001,2021-09-09,2021,CLE,MIN,5,7.7,27,109,4,2,1,1,1.04,CLE202109090
Cal Quantrill,quanc001,2021-09-15,2021,CLE,MIN,4,6.7,25,100,2,3,1,0,1.0,MIN202109150
Cal Quantrill,quanc001,2021-09-21,2021,CLE,KCA,6,6.7,27,102,7,2,1,1,1.04,CLE202109210
Cal Quantrill,quanc001,2021-09-27,2021,CLE,KCA,5,6.0,24,94,6,0,0,1,1.04,CLE202109270
Jose Quintana,quinj001,2021-04-05,2021,ANA,HOU,5,3.3,19,86,5,3,0,1,0.99,ANA202104050
Jose Quintana,quinj001,2021-04-10,2021,ANA,TOR,4,1.7,15,61,5,4,0,0,1.0,TOR202104100
Jose Quintana,quinj001,2021-04-21,2021,ANA,TEX,8,5.0,20,95,2,4,0,1,0.99,ANA202104210
Jose Quintana,quinj001,2021-04-27,2021,ANA,TEX,2,3.3,17,66,6,2,2,0,0.99,TEX202104270
Jose Quintana,quinj001,2021-05-03,2021,ANA,TBA,9,3.7,18,73,6,1,1,1,0.99,ANA202105030
Jose Quintana,quinj001,2021-05-09,2021,ANA,LAN,6,4.0,20,97,2,5,0,1,0.99,ANA202105090
Jose Quintana,quinj001,2021-05-16,2021,ANA,BOS,7,4.3,18,74,5,0,1,0,0.98,BOS202105160
Jose Quintana,quinj001,2021-05-21,2021,ANA,OAK,4,5.3,23,82,6,3,1,1,0.99,ANA202105210
Jose Quintana,quinj001,2021-05-30,2021,ANA,OAK,5,3.0,16,75,2,4,0,0,1.0,OAK202105300
Jose Quintana,quinj001,2021-08-19,2021,ANA,DET,1,1.3,11,29,7,0,1,0,1.0,DET202108190
Drew Rasmussen,rasmd002,2021-06-30,2021,TBA,WAS,2,2.0,8,26,2,1,0,0,1.01,WAS202106300
Drew Rasmussen,rasmd002,2021-07-24,2021,TBA,CLE,3,3.0,10,35,1,0,1,0,1.04,CLE202107240
Drew Rasmussen,rasmd002,2021-08-12,2021,TBA,BOS,4,4.0,14,50,1,2,0,0,0.98,BOS202108120
Drew Rasmussen,rasmd002,2021-08-17,2021,TBA,BAL,3,4.0,14,56,1,1,0,1,1.05,TBA202108170
Drew Rasmussen,rasmd002,2021-08-24,2021,TBA,PHI,1,5.0,20,58,4,1,0,0,1.01,PHI202108240
Drew Rasmussen,rasmd002,2021-09-01,2021,TBA,BOS,5,4.0,15,74,3,0,0,1,1.05,TBA202109010
Drew Rasmussen,rasmd002,2021-09-07,2021,TBA,BOS,2,5.0,21,71,6,0,0,0,0.98,BOS202109070
Drew Rasmussen,rasmd002,2021-09-14,2021,TBA,TOR,3,5.0,17,52,2,1,0,0,1.0,TOR202109140
Drew Rasmussen,rasmd002,2021-09-21,2021,TBA,TOR,3,5.0,19,70,4,1,1,1,1.05,TBA202109210
Drew Rasmussen,rasmd002,2021-09-29,2021,TBA,HOU,2,5.0,16,54,1,0,0,0,1.02,HOU202109290
Robbie Ray,ray-r002,2021-04-12,2021,TOR,NYA,3,5.0,19,84,3,3,1,1,1.0,TOR202104120
Robbie Ray,ray-r002,2021-04-18,2021,TOR,KCA,3,5.0,25,92,4,6,0,0,0.96,KCA202104180
Robbie Ray,ray-r002,2021-04-24,2021,TOR,TBA,9,6.0,25,94,6,0,2,0,1.05,TBA202104240
Robbie Ray,ray-r002,2021-04-30,2021,TOR,ATL,5,6.7,23,95,5,0,1,1,1.0,TOR202104300
Robbie Ray,ray-r002,2021-05-05,2021,TOR,OAK,9,6.0,24,95,6,0,2,0,1.0,OAK202105050
Robbie Ray,ray-r002,2021-05-11,2021,TOR,ATL,10,6.0,23,99,5,0,2,0,1.02,ATL202105110
Robbie Ray,ray-r002,2021-05-16,2021,TOR,PHI,9,5.7,27,112,7,1,3,1,1.0,TOR202105160
Robbie Ray,ray-r002,2021-05-22,2021,TOR,TBA,7,7.0,27,109,5,0,1,1,1.0,TOR202105220
Robbie Ray,ray-r002,2021-05-27,2021,TOR,NYA,5,4.7,21,80,5,2,2,0,0.99,NYA202105272
Robbie Ray,ray-r002,2021-06-01,2021,TOR,MIA,9,6.0,24,96,6,2,0,1,1.0,TOR202106010
Robbie Ray,ray-r002,2021-06-08,2021,TOR,CHA,13,6.3,25,102,5,0,1,0,0.99,CHA202106080
Robbie Ray,ray-r002,2021-06-13,2021,TOR,BOS,10,6.0,24,88,4,3,1,0,0.98,BOS202106130
Robbie Ray,ray-r002,2021-06-18,2021,TOR,BAL,5,4.3,21,106,6,2,1,0,1.0,BAL202106180
Robbie Ray,ray-r002,2021-06-23,2021,TOR,MIA,6,6.0,24,96,4,1,1,0,0.98,MIA202106230
Robbie Ray,ray-r002,2021-06-29,2021,TOR,SEA,10,6.0,24,90,5,1,1,1,1.0,TOR202106290
Robbie Ray,ray-r002,2021-07-04,2021,TOR,TBA,6,7.0,27,104,5,2,1,1,1.0,TOR202107040
Robbie Ray,ray-r002,2021-07-11,2021,TOR,TBA,11,7.0,23,103,1,1,0,0,1.05,TBA202107110
Robbie Ray,ray-r002,2021-07-16,2021,TOR,TEX,8,6.7,26,100,4,2,0,1,1.0,TOR202107160
Robbie Ray,ray-r002,2021-07-21,2021,TOR,BOS,4,5.0,21,79,5,1,3,1,1.0,TOR202107210
Robbie Ray,ray-r002,2021-07-28,2021,TOR,BOS,8,6.0,26,108,5,3,0,0,0.98,BOS202107281
Robbie Ray,ray-r002,2021-08-02,2021,TOR,CLE,4,6.0,26,109,6,3,0,1,1.0,TOR202108020
Robbie Ray,ray-r002,2021-08-07,2021,TOR,BOS,5,6.0,21,86,2,2,0,1,1.0,TOR202108071
Robbie Ray,ray-r002,2021-08-13,2021,TOR,SEA,8,7.0,25,90,5,1,1,0,1.04,SEA202108130
Robbie Ray,ray-r002,2021-08-20,2021,TOR,DET,11,8.0,29,109,5,0,0,1,1.0,TOR202108200
Robbie Ray,ray-r002,2021-08-25,2021,TOR,CHA,14,7.0,28,111,5,1,0,1,1.0,TOR202108250
Robbie Ray,ray-r002,2021-08-30,2021,TOR,BAL,10,7.0,25,97,4,1,1,1,1.0,TOR202108300
Robbie Ray,ray-r002,2021-09-05,2021,TOR,OAK,10,6.7,24,107,1,3,0,1,1.0,TOR202109050
Robbie Ray,ray-r002,2021-09-10,2021,TOR,BAL,8,4.3,22,98,8,2,2,0,1.0,BAL202109100
Robbie Ray,ray-r002,2021-09-15,2021,TOR,TBA,13,7.0,25,101,4,0,1,1,1.0,TOR202109150
Robbie Ray,ray-r002,2021-09-20,2021,TOR,TBA,5,4.7,21,97,7,2,1,0,1.05,TBA202109200
Robbie Ray,ray-r002,2021-09-25,2021,TOR,MIN,6,6.0,25,104,3,4,0,0,1.0,MIN202109250
Robbie Ray,ray-r002,2021-09-30,2021,TOR,NYA,4,5.3,23,100,4,3,4,1,1.0,TOR202109300
Jake Reed,reedj005,2021-07-07,2021,LAN,MIA,0,1.0,4,12,1,0,1,0,0.98,MIA202107070
Garrett Richards,richg002,2021-04-04,2021,BOS,BAL,2,2.0,15,61,7,2,0,1,0.98,BOS202104040
Garrett Richards,richg002,2021-04-10,2021,BOS,BAL,4,5.0,21,79,3,3,2,0,1.0,BAL202104100
Garrett Richards,richg002,2021-04-15,2021,BOS,MIN,4,5.0,23,89,4,2,0,0,1.0,MIN202104150
Garrett Richards,richg002,2021-04-21,2021,BOS,TOR,2,4.7,24,92,4,6,0,1,0.98,BOS202104210
Garrett Richards,richg002,2021-04-27,2021,BOS,NYN,10,7.0,26,93,7,0,1,0,1.06,NYN202104270
Garrett Richards,richg002,2021-05-02,2021,BOS,TEX,7,5.0,20,93,4,1,0,0,0.99,TEX202105020
Garrett Richards,richg002,2021-05-08,2021,BOS,BAL,5,7.0,28,98,8,1,1,0,1.0,BAL202105080
Garrett Richards,richg002,2021-05-13,2021,BOS,OAK,4,6.0,24,91,5,3,0,1,0.98,BOS202105130
Garrett Richards,richg002,2021-05-19,2021,BOS,TOR,5,6.7,27,99,7,4,0,0,1.0,TOR202105190
Garrett Richards,richg002,2021-05-25,2021,BOS,ATL,4,5.7,27,97,6,4,0,1,0.98,BOS202105250
Garrett Richards,richg002,2021-06-01,2021,BOS,HOU,5,6.0,23,97,4,4,1,0,1.02,HOU202106010
Garrett Richards,richg002,2021-06-06,2021,BOS,NYA,6,5.0,24,95,8,2,0,0,0.99,NYA202106060
Garrett Richards,richg002,2021-06-11,2021,BOS,TOR,3,5.3,28,101,11,2,0,1,0.98,BOS202106110
Garrett Richards,richg002,2021-06-16,2021,BOS,ATL,3,4.0,24,84,7,1,1,0,1.02,ATL202106160
Garrett Richards,richg002,2021-06-23,2021,BOS,TBA,0,1.7,14,54,3,4,2,0,1.05,TBA202106230
Garrett Richards,richg002,2021-06-28,2021,BOS,KCA,3,5.7,27,94,11,0,3,1,0.98,BOS202106280
Garrett Richards,richg002,2021-07-03,2021,BOS,OAK,2,5.0,23,92,5,3,0,0,1.0,OAK202107030
Garrett Richards,richg002,2021-07-09,2021,BOS,PHI,4,5.0,22,85,7,1,0,1,0.98,BOS202107090
Garrett Richards,richg002,2021-07-21,2021,BOS,TOR,5,5.7,23,82,4,1,3,0,1.0,TOR202107210
Garrett Richards,richg002,2021-07-28,2021,BOS,TOR,2,4.0,20,67,8,1,2,1,0.98,BOS202107281
Garrett Richards,richg002,2021-08-03,2021,BOS,DET,5,4.0,19,72,5,2,1,0,1.0,DET202108030
Garrett Richards,richg002,2021-08-08,2021,BOS,TOR,2,5.0,22,86,6,1,1,0,1.0,TOR202108080
Tanner Roark,roart001,2021-04-06,2021,TOR,TEX,2,3.0,15,59,6,0,3,0,0.99,TEX202104060
David Robertson,robed002,2021-09-24,2021,TBA,MIA,1,1.0,3,13,0,1,0,1,1.05,TBA202109240
Carlos Rodón,rodoc001,2021-04-05,2021,CHA,SEA,9,5.0,22,95,2,3,0,0,1.04,SEA202104050
Carlos Rodón,rodoc001,2021-04-14,2021,CHA,CLE,7,9.0,28,114,0,0,0,1,0.99,CHA202104140
Carlos Rodón,rodoc001,2021-04-20,2021,CHA,CLE,8,5.0,24,110,3,5,1,0,1.04,CLE202104200
Carlos Rodón,rodoc001,2021-04-29,2021,CHA,DET,12,6.0,21,96,2,1,0,1,0.99,CHA202104291
Carlos Rodón,rodoc001,2021-05-07,2021,CHA,KCA,8,6.0,23,92,5,0,0,0,0.96,KCA202105070
Carlos Rodón,rodoc001,2021-05-15,2021,CHA,KCA,5,5.7,27,110,8,3,1,1,0.99,CHA202105150
Carlos Rodón,rodoc001,2021-05-21,2021,CHA,NYA,13,6.0,21,95,2,0,0,0,0.99,NYA202105210
Carlos Rodón,rodoc001,2021-05-26,2021,CHA,SLN,10,6.0,21,94,1,0,1,1,0.99,CHA202105260
Carlos Rodón,rodoc001,2021-05-31,2021,CHA,CLE,8,6.0,28,85,9,1,3,0,1.04,CLE202105311
Carlos Rodón,rodoc001,2021-06-08,2021,CHA,TOR,8,5.0,22,106,6,2,0,1,0.99,CHA202106080
Carlos Rodón,rodoc001,2021-06-13,2021,CHA,DET,9,7.0,24,103,1,2,0,0,1.0,DET202106130
Carlos Rodón,rodoc001,2021-06-18,2021,CHA,HOU,8,7.0,26,106,3,3,0,0,1.02,HOU202106180
Carlos Rodón,rodoc001,2021-06-25,2021,CHA,SEA,8,5.0,25,104,5,4,1,1,0.99,CHA202106250
Carlos Rodón,rodoc001,2021-07-01,2021,CHA,MIN,9,5.0,24,97,6,2,0,1,0.99,CHA202107010
Carlos Rodón,rodoc001,2021-07-06,2021,CHA,MIN,8,6.0,24,104,7,0,0,0,1.0,MIN202107060
Carlos Rodón,rodoc001,2021-07-18,2021,CHA,HOU,10,7.0,22,98,1,0,0,1,0.99,CHA202107180
Carlos Rodón,rodoc001,2021-07-24,2021,CHA,MIL,5,4.0,21,79,4,2,2,0,1.05,MIL202107240
Carlos Rodón,rodoc001,2021-07-29,2021,CHA,KCA,4,4.0,20,74,8,0,2,0,0.96,KCA202107290
Carlos Rodón,rodoc001,2021-08-07,2021,CHA,CHN,11,5.0,19,89,2,2,0,0,0.97,CHN202108070
Carlos Rodón,rodoc001,2021-08-26,2021,CHA,TOR,3,5.0,22,67,5,1,1,0,1.0,TOR202108260
Carlos Rodón,rodoc001,2021-09-01,2021,CHA,PIT,5,5.0,20,77,5,1,0,1,0.99,CHA202109010
Carlos Rodón,rodoc001,2021-09-10,2021,CHA,BOS,7,5.0,18,86,3,0,1,1,0.99,CHA202109100
Carlos Rodón,rodoc001,2021-09-20,2021,CHA,DET,6,3.0,14,69,2,2,0,0,1.0,DET202109200
Carlos Rodón,rodoc001,2021-09-29,2021,CHA,CIN,4,5.0,18,69,1,2,0,1,0.99,CHA202109290
Chris Rodriguez,rodrc002,2021-08-02,2021,ANA,TEX,7,6.0,25,86,4,2,0,0,0.99,TEX202108020
Chris Rodriguez,rodrc002,2021-08-10,2021,ANA,TOR,2,4.0,19,68,6,2,0,1,0.99,ANA202108101
Eduardo Rodríguez,rodre004,2021-04-08,2021,BOS,BAL,7,5.0,20,77,4,0,2,0,1.0,BAL202104080
Eduardo Rodríguez,rodre004,2021-04-14,2021,BOS,MIN,5,5.0,20,76,5,1,0,0,1.0,MIN202104142
Eduardo Rodríguez,rodre004,2021-04-20,2021,BOS,TOR,6,6.0,22,90,3,1,2,1,0.98,BOS202104200
Eduardo Rodríguez,rodre004,2021-04-25,2021,BOS,SEA,8,7.0,27,98,6,0,0,1,0.98,BOS202104250
Eduardo Rodríguez,rodre004,2021-05-01,2021,BOS,TEX,5,5.0,22,67,8,1,1,0,0.99,TEX202105010
Eduardo Rodríguez,rodre004,2021-05-07,2021,BOS,BAL,2,5.0,23,91,7,3,0,0,1.0,BAL202105070
Eduardo Rodríguez,rodre004,2021-05-12,2021,BOS,OAK,9,6.0,25,99,7,1,1,1,0.98,BOS202105120
Eduardo Rodríguez,rodre004,2021-05-18,2021,BOS,TOR,6,5.0,26,87,11,1,0,0,1.0,TOR202105180
Eduardo Rodríguez,rodre004,2021-05-23,2021,BOS,PHI,6,4.0,21,103,5,3,1,0,1.01,PHI202105230
Eduardo Rodríguez,rodre004,2021-05-31,2021,BOS,HOU,4,4.7,21,97,7,2,1,0,1.02,HOU202105310
Eduardo Rodríguez,rodre004,2021-06-05,2021,BOS,NYA,7,5.3,22,88,5,1,1,0,0.99,NYA202106050
Eduardo Rodríguez,rodre004,2021-06-10,2021,BOS,HOU,5,4.7,22,106,6,3,1,1,0.98,BOS202106100
Eduardo Rodríguez,rodre004,2021-06-15,2021,BOS,ATL,8,4.0,20,80,6,1,0,0,1.02,ATL202106150
Eduardo Rodríguez,rodre004,2021-06-22,2021,BOS,TBA,7,6.0,26,90,7,1,1,0,1.05,TBA202106220
Eduardo Rodríguez,rodre004,2021-06-27,2021,BOS,NYA,8,6.0,23,96,5,0,1,1,0.98,BOS202106270
Eduardo Rodríguez,rodre004,2021-07-02,2021,BOS,OAK,6,6.0,21,89,1,2,0,0,1.0,OAK202107020
Eduardo Rodríguez,rodre004,2021-07-07,2021,BOS,ANA,5,5.0,24,87,9,0,2,0,0.99,ANA202107070
Eduardo Rodríguez,rodre004,2021-07-16,2021,BOS,NYA,8,5.7,21,97,2,2,0,0,0.99,NYA202107160
Eduardo Rodríguez,rodre004,2021-07-23,2021,BOS,NYA,1,1.0,6,25,2,1,0,1,0.98,BOS202107230
Eduardo Rodríguez,rodre004,2021-07-29,2021,BOS,TOR,8,3.3,21,92,7,4,0,1,0.98,BOS202107290
Eduardo Rodríguez,rodre004,2021-08-04,2021,BOS,DET,10,5.0,21,99,2,4,0,0,1.0,DET202108040
Eduardo Rodríguez,rodre004,2021-08-10,2021,BOS,TBA,8,5.3,21,82,4,1,1,1,0.98,BOS202108100
Eduardo Rodríguez,rodre004,2021-08-15,2021,BOS,BAL,6,6.0,23,83,3,3,0,1,0.98,BOS202108150
Eduardo Rodríguez,rodre004,2021-08-21,2021,BOS,TEX,3,3.7,20,68,8,1,0,1,0.98,BOS202108210
Eduardo Rodríguez,rodre004,2021-08-27,2021,BOS,CLE,2,7.0,27,109,8,1,2,0,1.04,CLE202108270
Eduardo Rodríguez,rodre004,2021-09-02,2021,BOS,TBA,6,6.0,22,94,4,1,0,0,1.05,TBA202109020
Eduardo Rodríguez,rodre004,2021-09-07,2021,BOS,TBA,3,3.7,18,68,8,0,2,1,0.98,BOS202109070
Eduardo Rodríguez,rodre004,2021-09-13,2021,BOS,SEA,6,6.0,24,107,6,1,0,0,1.04,SEA202109130
Eduardo Rodríguez,rodre004,2021-09-21,2021,BOS,NYN,5,4.3,20,92,5,3,0,1,0.98,BOS202109210
Eduardo Rodríguez,rodre004,2021-09-26,2021,BOS,NYA,8,5.0,20,81,6,1,0,1,0.98,BOS202109260
Eduardo Rodríguez,rodre004,2021-10-01,2021,BOS,WAS,6,5.0,23,93,5,3,0,0,1.01,WAS202110010
Jefry Rodríguez,rodrj005,2021-06-12,2021,WAS,SFN,2,4.0,15,60,1,3,0,1,1.01,WAS202106122
Josh Rogers,rogej003,2021-09-04,2021,WAS,NYN,5,5.7,24,87,4,3,1,1,1.01,WAS202109042
Josh Rogers,rogej003,2021-09-10,2021,WAS,PIT,1,6.7,27,82,8,1,1,0,1.0,PIT202109100
Josh Rogers,rogej003,2021-09-15,2021,WAS,MIA,6,5.0,19,73,1,1,0,1,1.01,WAS202109150
Josh Rogers,rogej003,2021-09-21,2021,WAS,MIA,4,7.7,29,103,5,2,1,0,0.98,MIA202109210
Josh Rogers,rogej003,2021-09-26,2021,WAS,CIN,3,4.7,25,102,7,4,2,0,1.0,CIN202109260
Josh Rogers,rogej003,2021-10-01,2021,WAS,BOS,3,6.0,27,86,7,3,2,1,1.01,WAS202110010
Trevor Rogers,roget003,2021-04-05,2021,MIA,SLN,6,4.0,18,77,2,4,0,1,0.98,MIA202104050
Trevor Rogers,roget003,2021-04-10,2021,MIA,NYN,10,6.0,22,82,3,2,0,0,1.06,NYN202104100
Trevor Rogers,roget003,2021-04-15,2021,MIA,ATL,7,5.0,22,95,3,3,1,0,1.02,ATL202104150
Trevor Rogers,roget003,2021-04-21,2021,MIA,BAL,8,7.0,25,82,4,1,0,1,0.98,MIA202104210
Trevor Rogers,roget003,2021-04-26,2021,MIA,MIL,7,6.0,22,85,6,0,0,0,1.05,MIL202104260
Trevor Rogers,roget003,2021-05-02,2021,MIA,WAS,6,5.0,21,77,4,3,1,0,1.01,WAS202105020
Trevor Rogers,roget003,2021-05-07,2021,MIA,MIL,6,5.0,21,90,4,2,0,1,0.98,MIA202105070
Trevor Rogers,roget003,2021-05-13,2021,MIA,ARI,7,6.0,24,87,4,2,0,0,1.03,ARI202105130
Trevor Rogers,roget003,2021-05-19,2021,MIA,PHI,8,7.7,27,98,5,2,1,0,1.01,PHI202105190
Trevor Rogers,roget003,2021-05-24,2021,MIA,PHI,5,5.0,21,85,3,3,0,1,0.98,MIA202105240
Trevor Rogers,roget003,2021-05-29,2021,MIA,BOS,6,6.0,26,90,9,0,0,0,0.98,BOS202105290
Trevor Rogers,roget003,2021-06-05,2021,MIA,PIT,5,6.0,24,94,4,2,0,0,1.0,PIT202106050
Trevor Rogers,roget003,2021-06-10,2021,MIA,COL,8,7.0,26,87,3,1,1,1,0.98,MIA202106100
Trevor Rogers,roget003,2021-06-15,2021,MIA,SLN,6,6.0,21,91,3,1,0,0,1.0,SLN202106150
Trevor Rogers,roget003,2021-06-23,2021,MIA,TOR,6,5.0,23,83,5,2,0,1,0.98,MIA202106230
Trevor Rogers,roget003,2021-06-29,2021,MIA,PHI,9,5.7,24,99,2,4,1,0,1.01,PHI202106290
Trevor Rogers,roget003,2021-07-05,2021,MIA,LAN,8,5.0,22,96,6,0,0,1,0.98,MIA202107050
Trevor Rogers,roget003,2021-07-10,2021,MIA,ATL,4,4.0,18,81,4,2,0,1,0.98,MIA202107100
Trevor Rogers,roget003,2021-07-20,2021,MIA,WAS,3,5.0,23,78,5,3,0,0,1.01,WAS202107200
Trevor Rogers,roget003,2021-07-31,2021,MIA,NYA,4,3.7,20,74,5,3,0,1,0.98,MIA202107310
Trevor Rogers,roget003,2021-09-04,2021,MIA,PHI,3,4.3,21,83,6,2,1,1,0.98,MIA202109040
Trevor Rogers,roget003,2021-09-10,2021,MIA,ATL,6,4.3,18,86,3,1,0,0,1.02,ATL202109100
Trevor Rogers,roget003,2021-09-15,2021,MIA,WAS,3,4.0,20,84,7,1,0,0,1.01,WAS202109150
Trevor Rogers,roget003,2021-09-21,2021,MIA,WAS,10,5.3,24,96,4,2,0,1,0.98,MIA202109210
Trevor Rogers,roget003,2021-09-28,2021,MIA,NYN,6,5.0,17,89,3,0,0,0,1.06,NYN202109282
Joe Ross,rossj002,2021-04-09,2021,WAS,LAN,4,5.0,18,67,2,2,0,0,1.03,LAN202104090
Joe Ross,rossj002,2021-04-14,2021,WAS,SLN,5,6.0,22,89,4,1,0,0,1.0,SLN202104140
Joe Ross,rossj002,2021-04-19,2021,WAS,SLN,5,4.3,24,85,8,3,4,1,1.01,WAS202104190
Joe Ross,rossj002,2021-04-24,2021,WAS,NYN,4,6.0,24,91,5,1,1,0,1.06,NYN202104240
Joe Ross,rossj002,2021-05-04,2021,WAS,ATL,3,5.3,22,86,5,2,1,1,1.01,WAS202105040
Joe Ross,rossj002,2021-05-09,2021,WAS,NYA,7,5.0,23,97,3,5,1,0,0.99,NYA202105090
Joe Ross,rossj002,2021-05-15,2021,WAS,ARI,5,4.0,24,86,8,3,1,0,1.03,ARI202105150
Joe Ross,rossj002,2021-05-20,2021,WAS,CHN,3,3.7,19,78,5,1,1,0,0.97,CHN202105200
Joe Ross,rossj002,2021-05-26,2021,WAS,CIN,4,4.0,16,55,3,1,0,1,1.01,WAS202105260
Joe Ross,rossj002,2021-05-31,2021,WAS,ATL,7,5.0,21,87,3,3,1,0,1.02,ATL202105310
Joe Ross,rossj002,2021-06-05,2021,WAS,PHI,4,6.0,24,92,3,2,1,0,1.01,PHI202106050
Joe Ross,rossj002,2021-06-13,2021,WAS,SFN,9,8.0,29,108,5,0,0,1,1.01,WAS202106130
Joe Ross,rossj002,2021-06-19,2021,WAS,NYN,5,5.0,23,67,6,0,2,1,1.01,WAS202106191
Joe Ross,rossj002,2021-06-24,2021,WAS,MIA,8,7.0,25,101,4,2,0,0,0.98,MIA202106240
Joe Ross,rossj002,2021-06-29,2021,WAS,TBA,7,6.3,27,88,6,2,1,1,1.01,WAS202106290
Joe Ross,rossj002,2021-07-04,2021,WAS,LAN,11,6.7,28,101,7,0,1,1,1.01,WAS202107040
Joe Ross,rossj002,2021-07-26,2021,WAS,PHI,4,5.0,20,72,3,2,0,0,1.01,PHI202107260
Joe Ross,rossj002,2021-07-31,2021,WAS,CHN,5,4.3,23,84,7,1,1,1,1.01,WAS202107310
Joe Ross,rossj002,2021-08-05,2021,WAS,PHI,7,6.3,25,84,5,2,1,1,1.01,WAS202108050
Joe Ryan,ryanj002,2021-09-01,2021,MIN,CHN,5,5.0,19,89,3,1,1,1,1.0,MIN202109010
Joe Ryan,ryanj002,2021-09-08,2021,MIN,CLE,4,7.0,22,85,1,0,0,0,1.04,CLE202109080
Joe Ryan,ryanj002,2021-09-14,2021,MIN,CLE,5,5.0,19,67,3,1,1,1,1.0,MIN202109141
Joe Ryan,ryanj002,2021-09-22,2021,MIN,CHN,11,5.0,18,86,3,1,0,0,0.97,CHN202109220
Joe Ryan,ryanj002,2021-09-30,2021,MIN,DET,5,4.7,22,85,6,2,2,1,1.0,MIN202109300
Hyun Jin Ryu,ryu-h001,2021-04-01,2021,TOR,NYA,5,5.3,21,92,4,1,1,0,0.99,NYA202104010
Hyun Jin Ryu,ryu-h001,2021-04-07,2021,TOR,TEX,7,7.0,28,90,7,0,1,0,0.99,TEX202104070
Hyun Jin Ryu,ryu-h001,2021-04-13,2021,TOR,NYA,7,6.7,24,95,4,1,0,1,1.0,TOR202104130
Hyun Jin Ryu,ryu-h001,2021-04-20,2021,TOR,BOS,2,5.0,23,83,8,0,1,0,0.98,BOS202104200
Hyun Jin Ryu,ryu-h001,2021-04-25,2021,TOR,TBA,5,3.7,15,62,3,1,0,0,1.05,TBA202104250
Hyun Jin Ryu,ryu-h001,2021-05-06,2021,TOR,OAK,6,5.0,21,91,6,1,1,0,1.0,OAK202105060
Hyun Jin Ryu,ryu-h001,2021-05-12,2021,TOR,ATL,6,7.0,27,94,5,1,1,0,1.02,ATL202105120
Hyun Jin Ryu,ryu-h001,2021-05-18,2021,TOR,BOS,7,7.0,25,100,4,0,0,1,1.0,TOR202105180
Hyun Jin Ryu,ryu-h001,2021-05-23,2021,TOR,TBA,7,6.7,27,107,8,1,1,1,1.0,TOR202105230
Hyun Jin Ryu,ryu-h001,2021-05-28,2021,TOR,CLE,6,5.0,21,91,4,2,0,0,1.04,CLE202105280
Hyun Jin Ryu,ryu-h001,2021-06-04,2021,TOR,HOU,1,5.7,27,91,7,3,2,1,1.0,TOR202106040
Hyun Jin Ryu,ryu-h001,2021-06-10,2021,TOR,CHA,3,6.0,23,95,5,1,1,0,0.99,CHA202106100
Hyun Jin Ryu,ryu-h001,2021-06-15,2021,TOR,NYA,3,6.0,26,92,5,4,2,1,1.0,TOR202106150
Hyun Jin Ryu,ryu-h001,2021-06-20,2021,TOR,BAL,4,7.0,24,100,3,1,1,0,1.0,BAL202106200
Hyun Jin Ryu,ryu-h001,2021-06-26,2021,TOR,BAL,3,6.7,28,91,7,2,0,1,1.0,TOR202106260
Hyun Jin Ryu,ryu-h001,2021-07-01,2021,TOR,SEA,2,4.0,21,85,7,2,2,1,1.0,TOR202107010
Hyun Jin Ryu,ryu-h001,2021-07-07,2021,TOR,BAL,7,5.0,21,86,5,2,0,0,1.0,BAL202107070
Hyun Jin Ryu,ryu-h001,2021-07-18,2021,TOR,TEX,4,7.0,25,83,3,1,0,1,1.0,TOR202107181
Hyun Jin Ryu,ryu-h001,2021-07-24,2021,TOR,NYN,4,4.3,21,77,10,1,0,0,1.06,NYN202107240
Hyun Jin Ryu,ryu-h001,2021-07-29,2021,TOR,BOS,5,6.0,23,87,2,0,0,0,0.98,BOS202107290
Hyun Jin Ryu,ryu-h001,2021-08-03,2021,TOR,CLE,8,7.0,28,99,7,0,0,1,1.0,TOR202108030
Hyun Jin Ryu,ryu-h001,2021-08-08,2021,TOR,BOS,1,3.7,22,76,10,1,0,1,1.0,TOR202108080
Hyun Jin Ryu,ryu-h001,2021-08-14,2021,TOR,SEA,3,6.3,23,89,3,2,1,0,1.04,SEA202108140
Hyun Jin Ryu,ryu-h001,2021-08-21,2021,TOR,DET,5,7.0,24,105,5,1,0,1,1.0,TOR202108210
Hyun Jin Ryu,ryu-h001,2021-08-26,2021,TOR,CHA,4,3.7,19,66,7,1,3,1,1.0,TOR202108260
Hyun Jin Ryu,ryu-h001,2021-08-31,2021,TOR,BAL,6,5.7,23,95,3,3,0,1,1.0,TOR202108310
Hyun Jin Ryu,ryu-h001,2021-09-06,2021,TOR,NYA,6,6.0,20,80,3,0,0,0,0.99,NYA202109060
Hyun Jin Ryu,ryu-h001,2021-09-11,2021,TOR,BAL,4,2.3,16,69,8,1,2,0,1.0,BAL202109111
Hyun Jin Ryu,ryu-h001,2021-09-17,2021,TOR,MIN,2,2.0,12,48,5,1,2,1,1.0,TOR202109170
Hyun Jin Ryu,ryu-h001,2021-09-28,2021,TOR,NYA,3,4.3,20,93,6,1,1,1,1.0,TOR202109280
Hyun Jin Ryu,ryu-h001,2021-10-03,2021,TOR,BAL,7,5.0,23,77,6,1,1,1,1.0,TOR202110030
Chris Sale,salec001,2021-08-14,2021,BOS,BAL,8,5.0,20,89,6,0,2,1,0.98,BOS202108140
Chris Sale,salec001,2021-08-20,2021,BOS,TEX,5,5.0,20,71,5,1,0,1,0.98,BOS202108200
Chris Sale,salec001,2021-08-26,2021,BOS,MIN,8,5.3,21,80,2,2,1,1,0.98,BOS202108260
Chris Sale,salec001,2021-09-01,2021,BOS,TBA,3,6.0,25,95,6,2,1,0,1.05,TBA202109010
Chris Sale,salec001,2021-09-06,2021,BOS,TBA,6,3.7,23,86,10,1,0,1,0.98,BOS202109060
Chris Sale,salec001,2021-09-17,2021,BOS,BAL,1,5.0,17,79,2,0,1,1,0.98,BOS202109170
Chris Sale,salec001,2021-09-22,2021,BOS,NYN,8,5.0,22,89,6,2,0,1,0.98,BOS202109220
Chris Sale,salec001,2021-09-28,2021,BOS,BAL,6,5.3,21,85,4,1,1,0,1.0,BAL202109280
Chris Sale,salec001,2021-10-03,2021,BOS,WAS,7,2.3,14,62,4,3,0,0,1.01,WAS202110030
Adrian Sampson,sampa001,2021-08-18,2021,CHN,CIN,2,4.0,17,69,5,0,1,0,1.0,CIN202108180
Adrian Sampson,sampa001,2021-09-07,2021,CHN,CIN,2,5.0,21,70,6,1,2,1,0.97,CHN202109070
Adrian Sampson,sampa001,2021-09-14,2021,CHN,PHI,3,5.0,20,72,4,2,1,0,1.01,PHI202109140
Adrian Sampson,sampa001,2021-09-25,2021,CHN,SLN,4,6.0,21,83,3,0,2,1,0.97,CHN202109250
Adrian Sampson,sampa001,2021-10-02,2021,CHN,SLN,7,4.0,18,91,3,2,1,0,1.0,SLN202110020
Aaron Sanchez,sanca006,2021-04-06,2021,SFN,SDN,4,5.0,20,74,6,0,0,0,1.08,SDN202104060
Aaron Sanchez,sanca006,2021-04-12,2021,SFN,CIN,3,5.0,20,66,3,1,1,1,1.03,SFN202104120
Aaron Sanchez,sanca006,2021-04-17,2021,SFN,MIA,5,4.7,23,82,5,3,0,0,0.98,MIA202104170
Aaron Sanchez,sanca006,2021-04-22,2021,SFN,MIA,2,5.0,17,67,2,0,0,1,1.03,SFN202104220
Aaron Sanchez,sanca006,2021-04-27,2021,SFN,COL,6,4.7,20,82,1,5,0,1,1.03,SFN202104270
Aaron Sanchez,sanca006,2021-05-04,2021,SFN,COL,4,4.0,22,83,7,1,1,0,0.92,COL202105041
Aaron Sanchez,sanca006,2021-08-07,2021,SFN,MIL,0,2.0,11,46,4,1,0,0,1.05,MIL202108070
Cristopher Sánchez,sancc002,2021-07-29,2021,PHI,WAS,1,0.3,5,15,3,1,0,1,1.01,PHI202107292
Patrick Sandoval,sandp002,2021-05-17,2021,ANA,CLE,2,4.0,18,57,6,1,1,1,0.99,ANA202105170
Patrick Sandoval,sandp002,2021-05-22,2021,ANA,OAK,3,5.0,21,83,4,2,0,1,0.99,ANA202105220
Patrick Sandoval,sandp002,2021-05-27,2021,ANA,OAK,4,5.0,20,84,5,2,0,0,1.0,OAK202105270
Patrick Sandoval,sandp002,2021-06-06,2021,ANA,SEA,10,6.0,24,101,5,1,1,1,0.99,ANA202106060
Patrick Sandoval,sandp002,2021-06-13,2021,ANA,ARI,4,6.0,24,94,4,2,0,0,1.03,ARI202106130
Patrick Sandoval,sandp002,2021-06-19,2021,ANA,DET,9,5.7,22,81,4,2,2,1,0.99,ANA202106190
Patrick Sandoval,sandp002,2021-06-27,2021,ANA,TBA,6,5.0,21,95,4,2,1,0,1.05,TBA202106270
Patrick Sandoval,sandp002,2021-07-04,2021,ANA,BAL,7,5.0,21,101,2,5,0,1,0.99,ANA202107040
Patrick Sandoval,sandp002,2021-07-10,2021,ANA,SEA,6,7.0,28,114,6,2,0,0,1.04,SEA202107100
Patrick Sandoval,sandp002,2021-07-18,2021,ANA,SEA,9,7.0,28,101,6,1,2,1,0.99,ANA202107180
Patrick Sandoval,sandp002,2021-07-24,2021,ANA,MIN,13,8.7,30,108,1,1,0,0,1.0,MIN202107240
Patrick Sandoval,sandp002,2021-07-30,2021,ANA,OAK,6,5.7,27,115,4,6,0,1,0.99,ANA202107300
Patrick Sandoval,sandp002,2021-08-06,2021,ANA,LAN,4,5.0,24,96,7,2,0,0,1.03,LAN202108060
Patrick Sandoval,sandp002,2021-08-13,2021,ANA,HOU,3,4.7,22,83,5,2,1,1,0.99,ANA202108130
Reiver Sanmartin,sanmr001,2021-09-27,2021,CIN,PIT,5,5.7,22,93,5,1,0,1,1.0,CIN202109270
Reiver Sanmartin,sanmr001,2021-10-03,2021,CIN,PIT,6,6.0,25,88,7,1,0,0,1.0,PIT202110030
Ervin Santana,sante001,2021-04-17,2021,KCA,TOR,1,3.0,11,36,2,0,0,1,0.96,KCA202104172
Ervin Santana,sante001,2021-05-29,2021,KCA,MIN,2,3.0,14,47,4,1,1,0,1.0,MIN202105290
Héctor Santiago,santh001,2021-07-11,2021,SEA,ANA,1,3.0,12,33,2,1,1,1,1.04,SEA202107110
Tony Santillan,santt001,2021-06-13,2021,CIN,COL,5,4.7,25,97,5,4,0,1,1.0,CIN202106130
Tony Santillan,santt001,2021-06-18,2021,CIN,SDN,3,3.0,14,53,4,1,2,0,1.08,SDN202106180
Tony Santillan,santt001,2021-06-24,2021,CIN,ATL,8,6.0,25,104,3,3,1,1,1.0,CIN202106240
Tony Santillan,santt001,2021-06-29,2021,CIN,SDN,4,3.0,18,75,6,2,0,1,1.0,CIN202106290
Max Scherzer,schem001,2021-04-06,2021,WAS,ATL,9,6.0,23,91,5,0,4,1,1.01,WAS202104060
Max Scherzer,schem001,2021-04-11,2021,WAS,LAN,5,6.0,21,90,3,1,0,0,1.03,LAN202104110
Max Scherzer,schem001,2021-04-16,2021,WAS,ARI,10,7.0,25,106,2,2,0,1,1.01,WAS202104160
Max Scherzer,schem001,2021-04-21,2021,WAS,SLN,9,6.0,23,109,4,1,0,1,1.01,WAS202104210
Max Scherzer,schem001,2021-04-27,2021,WAS,TOR,5,5.0,24,86,8,2,2,0,1.0,TOR202104270
Max Scherzer,schem001,2021-05-02,2021,WAS,MIA,9,9.0,31,106,5,0,1,1,1.01,WAS202105020
Max Scherzer,schem001,2021-05-08,2021,WAS,NYA,14,7.3,25,109,2,1,1,0,0.99,NYA202105080
Max Scherzer,schem001,2021-05-14,2021,WAS,ARI,7,5.0,18,85,2,1,0,0,1.03,ARI202105140
Max Scherzer,schem001,2021-05-19,2021,WAS,CHN,8,5.0,23,100,5,4,0,0,0.97,CHN202105190
Max Scherzer,schem001,2021-05-25,2021,WAS,CIN,9,7.0,26,107,5,1,2,1,1.01,WAS202105250
Max Scherzer,schem001,2021-05-30,2021,WAS,MIL,10,6.0,21,89,2,1,1,1,1.01,WAS202105300
Max Scherzer,schem001,2021-06-04,2021,WAS,PHI,9,7.7,28,108,5,1,0,0,1.01,PHI202106040
Max Scherzer,schem001,2021-06-11,2021,WAS,SFN,0,0.3,1,12,0,0,0,1,1.01,WAS202106110
Max Scherzer,schem001,2021-06-22,2021,WAS,PHI,8,5.0,21,106,2,3,1,0,1.01,PHI202106220
Max Scherzer,schem001,2021-06-27,2021,WAS,MIA,7,6.0,26,102,5,2,0,0,0.98,MIA202106270
Max Scherzer,schem001,2021-07-02,2021,WAS,LAN,8,6.0,22,100,4,1,1,1,1.01,WAS202107020
Max Scherzer,schem001,2021-07-08,2021,WAS,SDN,7,3.7,19,91,5,1,2,0,1.08,SDN202107080
Max Scherzer,schem001,2021-07-18,2021,WAS,SDN,8,7.0,28,102,4,3,2,1,1.01,WAS202107180
Max Scherzer,schem001,2021-07-29,2021,WAS,PHI,5,6.0,23,88,3,3,1,0,1.01,PHI202107291
Max Scherzer,schem001,2021-08-04,2021,LAN,HOU,10,7.0,27,109,5,1,1,1,1.03,LAN202108040
Max Scherzer,schem001,2021-08-10,2021,LAN,PHI,6,3.3,12,58,3,0,0,0,1.01,PHI202108100
Max Scherzer,schem001,2021-08-15,2021,LAN,NYN,7,6.0,27,94,4,2,0,0,1.06,NYN202108150
Max Scherzer,schem001,2021-08-21,2021,LAN,NYN,8,5.0,23,103,5,1,1,1,1.03,LAN202108210
Max Scherzer,schem001,2021-08-26,2021,LAN,SDN,10,7.7,26,104,2,1,0,0,1.08,SDN202108260
Max Scherzer,schem001,2021-09-01,2021,LAN,ATL,9,6.0,21,76,3,0,0,1,1.03,LAN202109010
Max Scherzer,schem001,2021-09-06,2021,LAN,SLN,13,8.0,30,103,6,0,0,0,1.0,SLN202109060
Max Scherzer,schem001,2021-09-12,2021,LAN,SDN,9,8.0,25,89,1,0,0,1,1.03,LAN202109120
Max Scherzer,schem001,2021-09-18,2021,LAN,CIN,7,7.0,25,96,2,2,0,0,1.0,CIN202109180
Max Scherzer,schem001,2021-09-23,2021,LAN,COL,6,5.0,22,102,6,1,1,0,0.92,COL202109230
Max Scherzer,schem001,2021-09-29,2021,LAN,SDN,4,5.3,27,97,11,0,2,1,1.03,LAN202109290
Clarke Schmidt,schmc002,2021-09-12,2021,NYA,NYN,2,4.3,25,90,7,3,1,0,1.06,NYN202109120
Connor Seabold,seabc001,2021-09-11,2021,BOS,CHA,0,3.0,12,43,3,2,1,0,0.99,CHA202109110
Antonio Senzatela,senza001,2021-04-02,2021,COL,LAN,2,3.3,21,70,9,1,0,1,0.92,COL202104020
Antonio Senzatela,senza001,2021-04-07,2021,COL,ARI,3,8.0,28,96,4,2,0,1,0.92,COL202104070
Antonio Senzatela,senza001,2021-04-13,2021,COL,LAN,2,2.7,16,73,5,2,3,0,1.03,LAN202104130
Antonio Senzatela,senza001,2021-04-18,2021,COL,NYN,4,6.0,24,78,5,0,0,1,0.92,COL202104180
Antonio Senzatela,senza001,2021-04-24,2021,COL,PHI,4,5.0,24,88,5,3,1,1,0.92,COL202104240
Antonio Senzatela,senza001,2021-04-29,2021,COL,ARI,3,4.7,24,104,9,1,1,0,1.03,ARI202104290
Antonio Senzatela,senza001,2021-05-11,2021,COL,SDN,4,5.0,24,89,7,2,1,1,0.92,COL202105110
Antonio Senzatela,senza001,2021-05-16,2021,COL,CIN,3,7.0,25,98,4,1,0,1,0.92,COL202105160
Antonio Senzatela,senza001,2021-05-22,2021,COL,ARI,3,5.0,23,89,7,1,0,1,0.92,COL202105220
Antonio Senzatela,senza001,2021-05-27,2021,COL,NYN,3,4.0,17,67,4,2,0,0,1.06,NYN202105272
Antonio Senzatela,senza001,2021-06-02,2021,COL,TEX,3,7.7,31,89,7,1,0,1,0.92,COL202106020
Antonio Senzatela,senza001,2021-06-08,2021,COL,MIA,8,6.0,27,98,9,1,0,0,0.98,MIA202106080
Antonio Senzatela,senza001,2021-06-13,2021,COL,CIN,4,6.0,27,91,8,0,1,0,1.0,CIN202106130
Antonio Senzatela,senza001,2021-06-18,2021,COL,MIL,4,6.0,24,71,7,0,1,1,0.92,COL202106180
Antonio Senzatela,senza001,2021-06-26,2021,COL,MIL,5,5.0,25,98,7,3,0,0,1.05,MIL202106260
Antonio Senzatela,senza001,2021-07-01,2021,COL,SLN,5,7.0,28,87,7,0,1,1,0.92,COL202107010
Antonio Senzatela,senza001,2021-07-07,2021,COL,ARI,5,6.0,26,105,7,1,0,0,1.03,ARI202107070
Antonio Senzatela,senza001,2021-08-05,2021,COL,CHN,6,4.7,21,75,7,1,0,1,0.92,COL202108050
Antonio Senzatela,senza001,2021-08-11,2021,COL,HOU,3,6.0,28,93,9,1,0,0,1.02,HOU202108110
Antonio Senzatela,senza001,2021-08-16,2021,COL,SDN,2,7.0,26,83,6,1,0,1,0.92,COL202108160
Antonio Senzatela,senza001,2021-08-23,2021,COL,CHN,6,6.0,24,86,5,2,0,0,0.97,CHN202108230
Antonio Senzatela,senza001,2021-08-29,2021,COL,LAN,5,7.0,25,90,2,1,0,0,1.03,LAN202108290
Antonio Senzatela,senza001,2021-09-03,2021,COL,ATL,3,7.0,25,83,6,0,1,1,0.92,COL202109030
Antonio Senzatela,senza001,2021-09-09,2021,COL,PHI,3,6.0,23,90,4,2,1,0,1.01,PHI202109090
Antonio Senzatela,senza001,2021-09-15,2021,COL,ATL,7,6.0,23,88,7,0,1,0,1.02,ATL202109150
Antonio Senzatela,senza001,2021-09-21,2021,COL,LAN,3,6.0,25,88,7,0,0,1,0.92,COL202109210
Antonio Senzatela,senza001,2021-09-26,2021,COL,SFN,2,6.0,26,98,8,1,0,1,0.92,COL202109260
Antonio Senzatela,senza001,2021-10-02,2021,COL,ARI,0,0.7,10,40,6,2,0,0,1.03,ARI202110020
Justus Sheffield,shefj001,2021-04-05,2021,SEA,CHA,5,5.0,26,92,8,2,1,1,1.04,SEA202104050
Justus Sheffield,shefj001,2021-04-13,2021,SEA,BAL,5,6.0,21,77,3,2,1,0,1.0,BAL202104131
Justus Sheffield,shefj001,2021-04-19,2021,SEA,LAN,6,5.7,25,94,4,3,1,1,1.04,SEA202104190
Justus Sheffield,shefj001,2021-04-26,2021,SEA,HOU,4,5.3,29,97,12,1,0,0,1.02,HOU202104260
Justus Sheffield,shefj001,2021-05-02,2021,SEA,ANA,4,6.0,25,103,2,3,0,1,1.04,SEA202105020
Justus Sheffield,shefj001,2021-05-09,2021,SEA,TEX,5,5.0,25,78,10,0,2,0,0.99,TEX202105090
Justus Sheffield,shefj001,2021-05-15,2021,SEA,CLE,2,6.0,24,94,5,2,0,1,1.04,SEA202105150
Justus Sheffield,shefj001,2021-05-22,2021,SEA,SDN,3,5.0,25,91,7,5,0,0,1.08,SDN202105220
Justus Sheffield,shefj001,2021-05-28,2021,SEA,TEX,1,5.0,20,74,6,2,0,1,1.04,SEA202105280
Justus Sheffield,shefj001,2021-06-03,2021,SEA,ANA,7,5.7,26,103,6,3,2,0,0.99,ANA202106030
Justus Sheffield,shefj001,2021-06-10,2021,SEA,DET,3,4.0,22,87,7,1,2,0,1.0,DET202106100
Justus Sheffield,shefj001,2021-06-16,2021,SEA,MIN,4,5.0,26,92,10,2,2,1,1.04,SEA202106160
Justus Sheffield,shefj001,2021-06-23,2021,SEA,COL,5,4.3,20,87,4,3,2,1,1.04,SEA202106230
Justus Sheffield,shefj001,2021-06-30,2021,SEA,TOR,3,4.0,21,95,7,3,0,0,1.0,TOR202106300
Justus Sheffield,shefj001,2021-07-06,2021,SEA,NYA,2,1.7,14,63,5,3,1,1,1.04,SEA202107060
Matt Shoemaker,shoem001,2021-04-05,2021,MIN,DET,5,6.0,22,92,3,0,1,0,1.0,DET202104050
Matt Shoemaker,shoem001,2021-04-11,2021,MIN,SEA,7,5.0,24,91,7,1,2,1,1.0,MIN202104110
Matt Shoemaker,shoem001,2021-04-20,2021,MIN,OAK,0,3.3,19,67,4,4,2,0,1.0,OAK202104201
Matt Shoemaker,shoem001,2021-04-25,2021,MIN,PIT,2,5.3,22,91,6,1,0,1,1.0,MIN202104250
Matt Shoemaker,shoem001,2021-05-01,2021,MIN,KCA,0,3.3,19,68,8,2,2,1,1.0,MIN202105010
Matt Shoemaker,shoem001,2021-05-07,2021,MIN,DET,5,5.0,20,86,4,2,0,0,1.0,DET202105070
Matt Shoemaker,shoem001,2021-05-14,2021,MIN,OAK,4,6.0,25,92,5,2,3,1,1.0,MIN202105140
Matt Shoemaker,shoem001,2021-05-19,2021,MIN,CHA,2,6.0,28,87,5,4,0,1,1.0,MIN202105190
Matt Shoemaker,shoem001,2021-05-24,2021,MIN,BAL,3,6.0,25,96,5,2,0,1,1.0,MIN202105240
Matt Shoemaker,shoem001,2021-05-30,2021,MIN,KCA,5,4.3,20,66,6,1,0,1,1.0,MIN202105300
Matt Shoemaker,shoem001,2021-06-04,2021,MIN,KCA,1,0.3,10,38,6,2,1,0,0.96,KCA202106040
Brady Singer,singb001,2021-04-04,2021,KCA,TEX,5,3.3,19,77,5,3,1,1,0.96,KCA202104040
Brady Singer,singb001,2021-04-12,2021,KCA,ANA,6,5.0,21,83,7,0,0,1,0.96,KCA202104120
Brady Singer,singb001,2021-04-18,2021,KCA,TOR,6,6.0,24,90,2,3,0,1,0.96,KCA202104180
Brady Singer,singb001,2021-04-24,2021,KCA,DET,8,7.0,24,93,3,0,1,0,1.0,DET202104240
Brady Singer,singb001,2021-04-30,2021,KCA,MIN,1,2.0,11,48,2,3,0,0,1.0,MIN202104300
Brady Singer,singb001,2021-05-05,2021,KCA,CLE,3,5.7,24,92,4,2,0,1,0.96,KCA202105050
Brady Singer,singb001,2021-05-11,2021,KCA,DET,4,3.3,20,85,7,2,0,0,1.0,DET202105110
Brady Singer,singb001,2021-05-16,2021,KCA,CHA,7,6.3,27,102,7,2,1,0,0.99,CHA202105160
Brady Singer,singb001,2021-05-22,2021,KCA,DET,6,6.3,27,96,6,2,0,1,0.96,KCA202105220
Brady Singer,singb001,2021-05-27,2021,KCA,TBA,3,2.7,15,70,4,2,1,0,1.05,TBA202105270
Brady Singer,singb001,2021-06-01,2021,KCA,PIT,6,5.7,28,91,8,1,0,1,0.96,KCA202106010
Brady Singer,singb001,2021-06-06,2021,KCA,MIN,7,5.7,27,103,8,3,0,1,0.96,KCA202106060
Brady Singer,singb001,2021-06-11,2021,KCA,OAK,7,6.0,25,104,5,1,1,0,1.0,OAK202106110
Brady Singer,singb001,2021-06-16,2021,KCA,DET,2,3.0,13,51,4,1,0,1,0.96,KCA202106160
Brady Singer,singb001,2021-06-22,2021,KCA,NYA,5,3.7,21,96,5,5,2,0,0.99,NYA202106220
Brady Singer,singb001,2021-06-27,2021,KCA,TEX,5,5.0,23,90,4,3,1,0,0.99,TEX202106270
Brady Singer,singb001,2021-07-02,2021,KCA,MIN,4,3.0,16,72,5,2,0,1,0.96,KCA202107020
Brady Singer,singb001,2021-07-07,2021,KCA,CIN,6,6.0,25,95,5,1,0,1,0.96,KCA202107070
Brady Singer,singb001,2021-07-17,2021,KCA,BAL,1,2.0,15,60,8,1,0,1,0.96,KCA202107170
Brady Singer,singb001,2021-08-11,2021,KCA,NYA,2,3.7,21,67,10,3,0,1,0.96,KCA202108110
Brady Singer,singb001,2021-08-18,2021,KCA,HOU,6,6.7,27,92,6,2,0,1,0.96,KCA202108180
Brady Singer,singb001,2021-08-24,2021,KCA,HOU,6,5.0,26,102,7,4,0,0,1.02,HOU202108240
Brady Singer,singb001,2021-08-29,2021,KCA,SEA,5,6.0,26,102,3,3,1,0,1.04,SEA202108290
Brady Singer,singb001,2021-09-05,2021,KCA,CHA,6,7.0,25,106,5,0,0,1,0.96,KCA202109050
Brady Singer,singb001,2021-09-11,2021,KCA,MIN,7,4.7,23,97,7,2,5,0,1.0,MIN202109110
Brady Singer,singb001,2021-09-20,2021,KCA,CLE,7,7.0,28,97,6,1,0,0,1.04,CLE202109201
Brady Singer,singb001,2021-09-28,2021,KCA,CLE,0,0.7,5,18,3,1,0,1,0.96,KCA202109280
Tarik Skubal,skubt001,2021-04-04,2021,DET,CLE,4,5.3,21,87,4,2,0,1,1.0,DET202104040
Tarik Skubal,skubt001,2021-04-10,2021,DET,CLE,3,4.0,20,75,5,3,3,0,1.04,CLE202104100
Tarik Skubal,skubt001,2021-04-15,2021,DET,OAK,5,4.0,20,88,2,4,1,0,1.0,OAK202104150
Tarik Skubal,skubt001,2021-04-30,2021,DET,NYA,1,3.0,16,77,5,2,3,0,0.99,NYA202104300
Tarik Skubal,skubt001,2021-05-07,2021,DET,MIN,8,5.0,21,96,4,2,2,1,1.0,DET202105070
Tarik Skubal,skubt001,2021-05-14,2021,DET,CHN,5,6.0,27,95,8,1,1,1,1.0,DET202105140
Tarik Skubal,skubt001,2021-05-19,2021,DET,SEA,9,5.0,21,90,4,2,1,0,1.04,SEA202105190
Tarik Skubal,skubt001,2021-05-25,2021,DET,CLE,9,5.0,22,93,6,1,1,1,1.0,DET202105250
Tarik Skubal,skubt001,2021-05-30,2021,DET,NYA,8,6.0,23,95,3,3,0,1,1.0,DET202105300
Tarik Skubal,skubt001,2021-06-05,2021,DET,CHA,11,5.0,22,103,4,3,0,0,0.99,CHA202106050
Tarik Skubal,skubt001,2021-06-11,2021,DET,CHA,6,6.0,25,96,7,3,1,1,1.0,DET202106110
Tarik Skubal,skubt001,2021-06-16,2021,DET,KCA,7,6.0,26,91,6,2,2,0,0.96,KCA202106160
Tarik Skubal,skubt001,2021-06-22,2021,DET,SLN,4,4.7,21,97,4,2,0,1,1.0,DET202106220
Tarik Skubal,skubt001,2021-06-27,2021,DET,HOU,9,7.0,26,102,1,3,0,1,1.0,DET202106270
Tarik Skubal,skubt001,2021-07-03,2021,DET,CHA,6,5.0,24,94,8,1,1,1,1.0,DET202107030
Tarik Skubal,skubt001,2021-07-08,2021,DET,MIN,5,6.0,26,93,6,1,2,0,1.0,MIN202107080
Tarik Skubal,skubt001,2021-07-20,2021,DET,TEX,4,6.0,21,83,4,0,0,1,1.0,DET202107200
Tarik Skubal,skubt001,2021-07-25,2021,DET,KCA,4,5.0,20,88,5,0,3,0,0.96,KCA202107250
Tarik Skubal,skubt001,2021-07-30,2021,DET,BAL,4,5.7,24,88,7,1,3,1,1.0,DET202107300
Tarik Skubal,skubt001,2021-08-05,2021,DET,BOS,4,5.0,21,91,5,1,0,1,1.0,DET202108050
Tarik Skubal,skubt001,2021-08-11,2021,DET,BAL,6,6.0,23,84,5,1,0,0,1.0,BAL202108110
Tarik Skubal,skubt001,2021-08-18,2021,DET,ANA,7,6.7,26,97,6,0,1,1,1.0,DET202108180
Tarik Skubal,skubt001,2021-08-25,2021,DET,SLN,10,5.0,20,85,3,1,2,0,1.0,SLN202108250
Tarik Skubal,skubt001,2021-08-31,2021,DET,OAK,6,5.0,25,97,7,3,2,1,1.0,DET202108310
Tarik Skubal,skubt001,2021-09-06,2021,DET,PIT,4,3.0,13,50,4,0,1,0,1.0,PIT202109060
Tarik Skubal,skubt001,2021-09-12,2021,DET,TBA,6,3.0,11,49,1,1,0,1,1.0,DET202109120
Tarik Skubal,skubt001,2021-09-18,2021,DET,TBA,2,3.0,12,41,3,0,1,0,1.05,TBA202109180
Tarik Skubal,skubt001,2021-09-25,2021,DET,KCA,1,4.0,13,45,1,0,0,1,1.0,DET202109250
Tarik Skubal,skubt001,2021-09-30,2021,DET,MIN,1,3.3,17,54,6,1,3,0,1.0,MIN202109300
Caleb Smith,smitc006,2021-04-03,2021,ARI,SDN,4,3.0,18,79,5,3,1,0,1.08,SDN202104030
Caleb Smith,smitc006,2021-06-01,2021,ARI,NYN,2,5.0,18,58,3,1,1,1,1.03,ARI202106010
Caleb Smith,smitc006,2021-06-06,2021,ARI,MIL,8,5.0,21,84,3,2,1,0,1.05,MIL202106060
Caleb Smith,smitc006,2021-06-12,2021,ARI,ANA,6,4.3,21,103,5,3,1,1,1.03,ARI202106120
Caleb Smith,smitc006,2021-06-18,2021,ARI,LAN,5,6.0,21,91,1,4,0,1,1.03,ARI202106180
Caleb Smith,smitc006,2021-06-23,2021,ARI,MIL,6,6.0,28,101,4,4,0,1,1.03,ARI202106230
Caleb Smith,smitc006,2021-06-29,2021,ARI,SLN,8,5.0,23,98,4,3,1,0,1.0,SLN202106290
Caleb Smith,smitc006,2021-07-04,2021,ARI,SFN,5,6.0,24,99,5,1,2,1,1.03,ARI202107040
Caleb Smith,smitc006,2021-07-10,2021,ARI,LAN,1,1.0,12,53,6,3,3,0,1.03,LAN202107100
Caleb Smith,smitc006,2021-07-19,2021,ARI,PIT,7,6.7,28,93,6,2,0,1,1.03,ARI202107190
Caleb Smith,smitc006,2021-07-25,2021,ARI,CHN,8,6.0,24,102,3,3,3,0,0.97,CHN202107250
Caleb Smith,smitc006,2021-08-01,2021,ARI,LAN,3,1.7,13,70,3,5,0,1,1.03,ARI202108010
Caleb Smith,smitc006,2021-08-06,2021,ARI,SDN,2,1.3,13,61,3,6,1,0,1.08,SDN202108060
Drew Smith,smitd009,2021-05-15,2021,NYN,TBA,3,2.0,8,24,2,0,0,0,1.05,TBA202105150
Riley Smith,smitr005,2021-04-10,2021,ARI,CIN,2,6.0,25,82,8,1,0,1,1.03,ARI202104100
Riley Smith,smitr005,2021-04-28,2021,ARI,SDN,0,4.0,17,46,6,0,0,1,1.03,ARI202104280
Riley Smith,smitr005,2021-05-04,2021,ARI,MIA,4,5.0,21,75,5,2,1,0,0.98,MIA202105040
Riley Smith,smitr005,2021-05-09,2021,ARI,NYN,1,4.0,16,51,4,1,0,0,1.06,NYN202105090
Riley Smith,smitr005,2021-05-14,2021,ARI,WAS,0,3.0,20,67,8,2,2,1,1.03,ARI202105140
Riley Smith,smitr005,2021-06-30,2021,ARI,SLN,1,3.0,16,60,7,0,0,0,1.0,SLN202106300
Drew Smyly,smyld001,2021-04-06,2021,ATL,WAS,8,6.0,23,94,4,1,1,0,1.01,WAS202104060
Drew Smyly,smyld001,2021-04-11,2021,ATL,PHI,3,5.0,20,91,5,0,2,1,1.02,ATL202104110
Drew Smyly,smyld001,2021-04-25,2021,ATL,ARI,4,4.0,20,71,6,2,3,1,1.02,ATL202104252
Drew Smyly,smyld001,2021-04-30,2021,ATL,TOR,3,4.0,24,84,7,4,3,0,1.0,TOR202104300
Drew Smyly,smyld001,2021-05-06,2021,ATL,WAS,4,6.0,25,98,4,4,0,0,1.01,WAS202105060
Drew Smyly,smyld001,2021-05-14,2021,ATL,MIL,4,6.0,23,98,4,1,0,0,1.05,MIL202105140
Drew Smyly,smyld001,2021-05-20,2021,ATL,PIT,7,6.0,24,109,6,1,2,1,1.02,ATL202105200
Drew Smyly,smyld001,2021-05-26,2021,ATL,BOS,4,5.3,23,86,5,1,2,0,0.98,BOS202105260
Drew Smyly,smyld001,2021-06-02,2021,ATL,WAS,6,4.3,22,90,7,2,1,1,1.02,ATL202106020
Drew Smyly,smyld001,2021-06-08,2021,ATL,PHI,0,4.3,20,80,5,3,1,0,1.01,PHI202106080
Drew Smyly,smyld001,2021-06-13,2021,ATL,MIA,6,5.0,22,90,6,1,0,0,0.98,MIA202106130
Drew Smyly,smyld001,2021-06-20,2021,ATL,SLN,5,5.7,21,85,1,3,0,1,1.02,ATL202106202
Drew Smyly,smyld001,2021-06-25,2021,ATL,CIN,3,6.0,23,84,6,0,0,0,1.0,CIN202106250
Drew Smyly,smyld001,2021-07-02,2021,ATL,MIA,7,5.7,21,86,3,2,0,1,1.02,ATL202107020
Drew Smyly,smyld001,2021-07-07,2021,ATL,PIT,4,5.0,27,88,9,3,1,0,1.0,PIT202107070
Drew Smyly,smyld001,2021-07-18,2021,ATL,TBA,6,5.7,23,92,4,2,1,1,1.02,ATL202107180
Drew Smyly,smyld001,2021-07-24,2021,ATL,PHI,3,4.0,17,72,3,3,0,0,1.01,PHI202107240
Drew Smyly,smyld001,2021-07-29,2021,ATL,NYN,6,4.0,20,85,9,1,1,0,1.06,NYN202107290
Drew Smyly,smyld001,2021-08-04,2021,ATL,SLN,2,4.0,19,75,6,1,1,0,1.0,SLN202108040
Drew Smyly,smyld001,2021-08-10,2021,ATL,CIN,7,6.0,22,92,2,2,1,1,1.02,ATL202108100
Drew Smyly,smyld001,2021-08-15,2021,ATL,WAS,4,4.0,18,74,6,1,0,0,1.01,WAS202108150
Drew Smyly,smyld001,2021-08-21,2021,ATL,BAL,8,5.0,20,86,5,0,3,0,1.0,BAL202108210
Drew Smyly,smyld001,2021-08-30,2021,ATL,LAN,5,4.7,24,89,9,0,4,0,1.03,LAN202108300
Blake Snell,snelb001,2021-04-02,2021,SDN,ARI,8,4.7,21,86,4,2,0,1,1.08,SDN202104020
Blake Snell,snelb001,2021-04-07,2021,SDN,SFN,8,5.0,22,87,2,4,1,1,1.08,SDN202104070
Blake Snell,snelb001,2021-04-13,2021,SDN,PIT,1,0.7,8,38,3,2,0,0,1.0,PIT202104130
Blake Snell,snelb001,2021-04-18,2021,SDN,LAN,7,5.0,19,95,2,2,1,1,1.08,SDN202104180
Blake Snell,snelb001,2021-04-24,2021,SDN,LAN,7,5.3,24,87,7,2,0,0,1.03,LAN202104240
Blake Snell,snelb001,2021-05-01,2021,SDN,SFN,6,5.0,23,91,5,3,1,1,1.08,SDN202105010
Blake Snell,snelb001,2021-05-07,2021,SDN,SFN,5,4.7,21,95,1,6,1,0,1.03,SFN202105070
Blake Snell,snelb001,2021-05-12,2021,SDN,COL,7,4.0,20,84,5,3,1,0,0.92,COL202105122
Blake Snell,snelb001,2021-05-18,2021,SDN,COL,11,6.0,24,97,5,1,0,1,1.08,SDN202105180
Blake Snell,snelb001,2021-05-24,2021,SDN,MIL,7,3.7,19,81,5,3,2,0,1.05,MIL202105240
Blake Snell,snelb001,2021-05-30,2021,SDN,HOU,3,3.0,17,81,5,3,1,0,1.02,HOU202105300
Blake Snell,snelb001,2021-06-04,2021,SDN,NYN,10,7.0,23,101,1,1,0,1,1.08,SDN202106040
Blake Snell,snelb001,2021-06-11,2021,SDN,NYN,4,4.0,18,71,5,3,0,0,1.06,NYN202106110
Blake Snell,snelb001,2021-06-16,2021,SDN,COL,1,3.3,21,75,9,2,2,0,0.92,COL202106160
Blake Snell,snelb001,2021-06-22,2021,SDN,LAN,5,5.0,22,99,4,3,0,1,1.08,SDN202106220
Blake Snell,snelb001,2021-07-04,2021,SDN,PHI,3,4.0,17,81,2,4,0,0,1.01,PHI202107040
Blake Snell,snelb001,2021-07-17,2021,SDN,WAS,3,4.0,21,74,6,4,1,0,1.01,WAS202107170
Blake Snell,snelb001,2021-07-22,2021,SDN,MIA,8,6.0,23,92,3,3,0,0,0.98,MIA202107220
Blake Snell,snelb001,2021-07-28,2021,SDN,OAK,1,4.0,22,86,7,4,1,1,1.08,SDN202107280
Blake Snell,snelb001,2021-08-03,2021,SDN,OAK,6,5.0,23,105,6,3,1,0,1.0,OAK202108030
Blake Snell,snelb001,2021-08-08,2021,SDN,ARI,13,7.0,26,108,2,3,0,1,1.08,SDN202108080
Blake Snell,snelb001,2021-08-13,2021,SDN,ARI,6,5.0,22,101,6,2,1,0,1.03,ARI202108130
Blake Snell,snelb001,2021-08-20,2021,SDN,PHI,9,5.0,19,92,2,2,1,1,1.08,SDN202108200
Blake Snell,snelb001,2021-08-25,2021,SDN,LAN,10,7.7,26,122,3,0,1,1,1.08,SDN202108250
Blake Snell,snelb001,2021-08-31,2021,SDN,ARI,10,7.0,23,107,0,2,0,0,1.03,ARI202108310
Blake Snell,snelb001,2021-09-07,2021,SDN,ANA,11,7.0,24,100,1,2,0,1,1.08,SDN202109070
Blake Snell,snelb001,2021-09-12,2021,SDN,LAN,0,0.7,2,11,0,0,0,0,1.03,LAN202109120
Craig Stammen,stamc001,2021-06-29,2021,SDN,CIN,1,2.0,9,29,3,1,0,0,1.0,CIN202106290
Craig Stammen,stamc001,2021-08-10,2021,SDN,MIA,2,2.0,11,45,6,0,0,1,1.08,SDN202108100
Craig Stammen,stamc001,2021-08-15,2021,SDN,ARI,1,2.0,8,33,2,0,0,0,1.03,ARI202108150
Craig Stammen,stamc001,2021-08-22,2021,SDN,PHI,1,2.0,9,27,2,2,0,1,1.08,SDN202108220
Justin Steele,steej002,2021-08-10,2021,CHN,MIL,1,5.0,21,70,5,1,2,1,0.97,CHN202108101
Justin Steele,steej002,2021-08-16,2021,CHN,CIN,5,4.0,20,82,5,3,1,0,1.0,CIN202108160
Justin Steele,steej002,2021-08-25,2021,CHN,COL,5,3.7,17,73,5,2,1,1,0.97,CHN202108252
Justin Steele,steej002,2021-09-01,2021,CHN,MIN,3,5.0,19,86,1,3,0,0,1.0,MIN202109010
Justin Steele,steej002,2021-09-06,2021,CHN,CIN,4,5.0,23,78,4,2,0,1,0.97,CHN202109060
Justin Steele,steej002,2021-09-12,2021,CHN,SFN,4,5.0,26,101,10,2,1,1,0.97,CHN202109120
Justin Steele,steej002,2021-09-18,2021,CHN,MIL,4,4.0,19,79,2,4,2,0,1.05,MIL202109180
Justin Steele,steej002,2021-09-24,2021,CHN,SLN,5,5.0,23,86,7,2,3,1,0.97,CHN202109241
Justin Steele,steej002,2021-09-30,2021,CHN,PIT,7,7.0,24,76,4,1,0,0,1.0,PIT202109300
Kohl Stewart,stewk001,2021-05-31,2021,CHN,SDN,2,5.0,19,64,3,1,0,1,0.97,CHN202105310
Kohl Stewart,stewk001,2021-06-05,2021,CHN,SFN,5,3.7,19,79,7,2,1,0,1.03,SFN202106050
Kohl Stewart,stewk001,2021-06-11,2021,CHN,SLN,3,4.0,20,73,6,2,0,1,0.97,CHN202106110
Robert Stock,stocr001,2021-06-16,2021,CHN,NYN,3,4.0,22,79,4,6,1,0,1.06,NYN202106160
Robert Stock,stocr001,2021-07-07,2021,NYN,MIL,5,4.0,17,68,4,2,1,1,1.06,NYN202107072
Robert Stock,stocr001,2021-07-20,2021,NYN,CIN,1,1.0,6,21,2,1,1,0,1.0,CIN202107200
Matt Strahm,stram001,2021-08-17,2021,SDN,COL,1,1.3,8,44,4,0,0,0,0.92,COL202108170
Stephen Strasburg,stras001,2021-04-07,2021,WAS,ATL,8,6.0,21,85,1,2,0,1,1.01,WAS202104072
Stephen Strasburg,stras001,2021-04-13,2021,WAS,SLN,3,4.0,25,88,8,5,3,0,1.0,SLN202104130
Stephen Strasburg,stras001,2021-05-21,2021,WAS,BAL,4,5.3,20,72,1,4,0,1,1.01,WAS202105210
Stephen Strasburg,stras001,2021-05-27,2021,WAS,CIN,5,5.0,22,87,5,1,1,1,1.01,WAS202105270
Stephen Strasburg,stras001,2021-06-01,2021,WAS,ATL,1,1.3,7,30,1,2,0,0,1.02,ATL202106010
Ross Stripling,strir001,2021-04-03,2021,TOR,NYA,5,3.3,19,77,7,2,1,0,0.99,NYA202104030
Ross Stripling,strir001,2021-04-08,2021,TOR,ANA,5,5.0,22,70,6,1,1,1,1.0,TOR202104080
Ross Stripling,strir001,2021-05-02,2021,TOR,ATL,4,4.3,19,70,5,1,0,1,1.0,TOR202105020
Ross Stripling,strir001,2021-05-07,2021,TOR,HOU,3,3.7,19,82,6,3,1,0,1.02,HOU202105070
Ross Stripling,strir001,2021-05-13,2021,TOR,ATL,9,5.0,20,84,4,1,1,0,1.02,ATL202105130
Ross Stripling,strir001,2021-05-19,2021,TOR,BOS,3,3.7,19,76,8,0,3,1,1.0,TOR202105190
Ross Stripling,strir001,2021-05-30,2021,TOR,CLE,3,5.0,18,67,2,1,1,0,1.04,CLE202105301
Ross Stripling,strir001,2021-06-05,2021,TOR,HOU,4,5.0,21,74,7,1,0,1,1.0,TOR202106050
Ross Stripling,strir001,2021-06-11,2021,TOR,BOS,6,5.7,24,83,5,2,1,0,0.98,BOS202106110
Ross Stripling,strir001,2021-06-16,2021,TOR,NYA,9,6.7,27,101,3,2,1,1,1.0,TOR202106160
Ross Stripling,strir001,2021-06-22,2021,TOR,MIA,7,6.0,21,91,2,1,1,0,0.98,MIA202106220
Ross Stripling,strir001,2021-06-27,2021,TOR,BAL,3,5.0,23,95,6,1,1,1,1.0,TOR202106270
Ross Stripling,strir001,2021-07-03,2021,TOR,TBA,5,5.7,22,97,2,3,1,1,1.0,TOR202107030
Ross Stripling,strir001,2021-07-10,2021,TOR,TBA,5,3.7,17,73,4,2,3,0,1.05,TBA202107100
Ross Stripling,strir001,2021-07-19,2021,TOR,BOS,0,0.3,7,36,4,2,2,1,1.0,TOR202107190
Ross Stripling,strir001,2021-07-25,2021,TOR,NYN,6,5.0,18,79,5,0,0,0,1.06,NYN202107250
Ross Stripling,strir001,2021-07-30,2021,TOR,KCA,1,5.3,21,76,4,1,1,1,1.0,TOR202107300
Ross Stripling,strir001,2021-08-05,2021,TOR,CLE,6,6.0,23,98,3,1,0,1,1.0,TOR202108050
Ross Stripling,strir001,2021-08-10,2021,TOR,ANA,0,2.0,8,28,1,1,0,0,0.99,ANA202108102
Marcus Stroman,strom001,2021-04-06,2021,NYN,PHI,3,6.0,24,85,3,2,1,0,1.01,PHI202104060
Marcus Stroman,strom001,2021-04-11,2021,NYN,MIA,0,0.3,2,9,1,0,0,1,1.06,NYN202104110
Marcus Stroman,strom001,2021-04-13,2021,NYN,PHI,3,6.0,20,86,4,0,0,1,1.06,NYN202104132
Marcus Stroman,strom001,2021-04-18,2021,NYN,COL,5,8.0,27,90,3,1,0,0,0.92,COL202104180
Marcus Stroman,strom001,2021-04-24,2021,NYN,WAS,4,4.0,21,72,8,2,0,1,1.06,NYN202104240
Marcus Stroman,strom001,2021-04-30,2021,NYN,PHI,8,5.0,19,64,3,1,0,0,1.01,PHI202104300
Marcus Stroman,strom001,2021-05-05,2021,NYN,SLN,6,5.0,25,98,7,1,2,0,1.0,SLN202105051
Marcus Stroman,strom001,2021-05-11,2021,NYN,BAL,5,6.3,26,90,5,2,0,1,1.06,NYN202105110
Marcus Stroman,strom001,2021-05-16,2021,NYN,TBA,1,6.0,25,91,6,1,3,0,1.05,TBA202105160
Marcus Stroman,strom001,2021-05-21,2021,NYN,MIA,8,6.0,23,89,6,1,0,0,0.98,MIA202105210
Marcus Stroman,strom001,2021-05-27,2021,NYN,COL,3,6.0,23,90,3,2,0,1,1.06,NYN202105271
Marcus Stroman,strom001,2021-06-01,2021,NYN,ARI,6,6.0,25,90,7,0,1,0,1.03,ARI202106010
Marcus Stroman,strom001,2021-06-06,2021,NYN,SDN,7,6.7,28,98,4,4,0,0,1.08,SDN202106060
Marcus Stroman,strom001,2021-06-12,2021,NYN,SDN,8,6.3,24,85,6,1,1,1,1.06,NYN202106120
Marcus Stroman,strom001,2021-06-17,2021,NYN,CHN,8,7.0,26,92,4,1,1,1,1.06,NYN202106170
Marcus Stroman,strom001,2021-06-22,2021,NYN,ATL,0,1.0,5,21,0,2,0,1,1.06,NYN202106220
Marcus Stroman,strom001,2021-06-27,2021,NYN,PHI,3,3.0,18,74,5,3,0,1,1.06,NYN202106270
Marcus Stroman,strom001,2021-07-04,2021,NYN,NYA,0,5.0,22,87,6,1,0,0,0.99,NYA202107041
Marcus Stroman,strom001,2021-07-10,2021,NYN,PIT,5,5.0,19,68,5,0,1,1,1.06,NYN202107101
Marcus Stroman,strom001,2021-07-16,2021,NYN,PIT,3,5.0,23,92,8,0,0,0,1.0,PIT202107160
Marcus Stroman,strom001,2021-07-21,2021,NYN,CIN,7,8.0,26,90,1,1,0,0,1.0,CIN202107210
Marcus Stroman,strom001,2021-07-26,2021,NYN,ATL,4,5.0,23,65,8,1,0,1,1.06,NYN202107261
Marcus Stroman,strom001,2021-08-01,2021,NYN,CIN,4,5.7,25,90,8,1,1,1,1.06,NYN202108010
Marcus Stroman,strom001,2021-08-06,2021,NYN,PHI,5,5.0,20,91,5,1,1,0,1.01,PHI202108060
Marcus Stroman,strom001,2021-08-12,2021,NYN,WAS,8,5.3,20,83,3,2,0,1,1.06,NYN202108121
Marcus Stroman,strom001,2021-08-17,2021,NYN,SFN,9,7.0,27,114,5,2,2,0,1.03,SFN202108170
Marcus Stroman,strom001,2021-08-22,2021,NYN,LAN,6,6.0,23,94,4,2,0,0,1.03,LAN202108220
Marcus Stroman,strom001,2021-08-28,2021,NYN,WAS,5,6.0,25,91,7,1,0,1,1.06,NYN202108280
Marcus Stroman,strom001,2021-09-04,2021,NYN,WAS,2,5.0,24,94,6,3,0,0,1.01,WAS202109041
Marcus Stroman,strom001,2021-09-09,2021,NYN,MIA,7,6.3,24,94,4,0,0,0,0.98,MIA202109090
Marcus Stroman,strom001,2021-09-14,2021,NYN,SLN,8,6.0,24,89,4,1,0,1,1.06,NYN202109140
Marcus Stroman,strom001,2021-09-21,2021,NYN,BOS,3,5.0,24,95,7,2,2,0,0.98,BOS202109210
Marcus Stroman,strom001,2021-09-28,2021,NYN,MIA,4,5.0,20,78,5,2,1,1,1.06,NYN202109281
José Suarez,suarj001,2021-07-05,2021,ANA,BOS,3,3.0,16,75,3,4,1,1,0.99,ANA202107050
José Suarez,suarj001,2021-07-11,2021,ANA,SEA,4,5.0,20,88,3,2,0,0,1.04,SEA202107110
José Suarez,suarj001,2021-07-20,2021,ANA,OAK,4,5.7,22,73,3,1,1,0,1.0,OAK202107200
José Suarez,suarj001,2021-07-27,2021,ANA,COL,4,3.3,21,88,6,2,1,1,0.99,ANA202107270
José Suarez,suarj001,2021-08-03,2021,ANA,TEX,6,5.7,24,88,6,1,1,0,0.99,TEX202108030
José Suarez,suarj001,2021-08-10,2021,ANA,TOR,2,5.3,23,88,7,1,0,1,0.99,ANA202108102
José Suarez,suarj001,2021-08-16,2021,ANA,NYA,6,5.0,21,82,4,3,1,0,0.99,NYA202108160
José Suarez,suarj001,2021-08-22,2021,ANA,CLE,4,4.0,21,77,6,2,1,0,1.04,CLE202108220
José Suarez,suarj001,2021-08-28,2021,ANA,SDN,2,3.7,18,73,4,3,0,1,0.99,ANA202108280
José Suarez,suarj001,2021-09-04,2021,ANA,TEX,8,9.0,31,100,5,0,0,1,0.99,ANA202109040
José Suarez,suarj001,2021-09-11,2021,ANA,HOU,7,5.7,22,102,3,3,0,0,1.02,HOU202109110
José Suarez,suarj001,2021-09-18,2021,ANA,OAK,3,5.7,25,96,6,2,1,1,0.99,ANA202109180
José Suarez,suarj001,2021-09-24,2021,ANA,SEA,1,5.0,21,97,5,1,1,1,0.99,ANA202109240
José Suarez,suarj001,2021-10-01,2021,ANA,SEA,5,5.0,19,85,3,2,0,0,1.04,SEA202110010
Ranger Suárez,suarr001,2021-08-02,2021,PHI,WAS,1,3.0,9,33,0,1,0,0,1.01,WAS202108020
Ranger Suárez,suarr001,2021-08-07,2021,PHI,NYN,4,2.7,11,61,0,3,0,1,1.01,PHI202108070
Ranger Suárez,suarr001,2021-08-12,2021,PHI,LAN,4,4.3,18,82,3,2,0,1,1.01,PHI202108120
Ranger Suárez,suarr001,2021-08-18,2021,PHI,ARI,2,4.7,25,86,8,4,0,0,1.03,ARI202108180
Ranger Suárez,suarr001,2021-08-24,2021,PHI,TBA,7,6.7,25,99,6,1,0,1,1.01,PHI202108240
Ranger Suárez,suarr001,2021-08-29,2021,PHI,ARI,5,5.3,23,95,5,2,0,1,1.01,PHI202108290
Ranger Suárez,suarr001,2021-09-04,2021,PHI,MIA,7,5.0,19,71,2,2,0,0,0.98,MIA202109040
Ranger Suárez,suarr001,2021-09-09,2021,PHI,COL,6,6.0,24,96,5,1,0,1,1.01,PHI202109090
Ranger Suárez,suarr001,2021-09-15,2021,PHI,CHN,8,6.0,26,94,6,1,1,1,1.01,PHI202109150
Ranger Suárez,suarr001,2021-09-20,2021,PHI,BAL,5,6.0,25,102,7,1,0,1,1.01,PHI202109200
Ranger Suárez,suarr001,2021-09-25,2021,PHI,PIT,7,9.0,28,97,4,0,0,1,1.01,PHI202109250
Ranger Suárez,suarr001,2021-10-01,2021,PHI,MIA,9,7.0,27,101,6,1,0,0,0.98,MIA202110010
Brent Suter,suteb001,2021-05-07,2021,MIL,MIA,2,2.3,12,39,4,1,0,0,0.98,MIA202105070
Erik Swanson,swane001,2021-05-03,2021,SEA,BAL,3,2.0,6,27,0,0,0,1,1.04,SEA202105030
Erik Swanson,swane001,2021-05-08,2021,SEA,TEX,0,2.7,10,45,2,1,1,0,0.99,TEX202105080
Noah Syndergaard,syndn001,2021-09-28,2021,NYN,MIA,2,1.0,3,10,0,0,0,1,1.06,NYN202109282
Noah Syndergaard,syndn001,2021-10-03,2021,NYN,ATL,0,1.0,5,16,3,0,1,0,1.02,ATL202110030
Jameson Taillon,tailj001,2021-04-07,2021,NYA,BAL,7,4.7,17,74,3,0,2,1,0.99,NYA202104070
Jameson Taillon,tailj001,2021-04-13,2021,NYA,TOR,3,3.7,21,84,8,1,1,0,1.0,TOR202104130
Jameson Taillon,tailj001,2021-04-20,2021,NYA,ATL,5,5.0,19,80,4,1,0,1,0.99,NYA202104200
Jameson Taillon,tailj001,2021-04-25,2021,NYA,CLE,6,4.0,17,82,5,0,1,0,1.04,CLE202104250
Jameson Taillon,tailj001,2021-05-01,2021,NYA,DET,8,5.0,21,79,3,3,1,1,0.99,NYA202105010
Jameson Taillon,tailj001,2021-05-07,2021,NYA,WAS,5,6.3,23,99,3,1,2,1,0.99,NYA202105070
Jameson Taillon,tailj001,2021-05-13,2021,NYA,TBA,9,4.7,22,95,6,2,1,0,1.05,TBA202105130
Jameson Taillon,tailj001,2021-05-18,2021,NYA,TEX,3,4.3,20,76,6,2,1,0,0.99,TEX202105180
Jameson Taillon,tailj001,2021-05-23,2021,NYA,CHA,4,5.0,19,80,2,2,0,1,0.99,NYA202105230
Jameson Taillon,tailj001,2021-05-31,2021,NYA,TBA,5,5.0,24,85,5,3,1,1,0.99,NYA202105310
Jameson Taillon,tailj001,2021-06-05,2021,NYA,BOS,3,5.3,22,76,6,1,0,1,0.99,NYA202106050
Jameson Taillon,tailj001,2021-06-12,2021,NYA,PHI,0,0.3,7,34,5,1,0,0,1.01,PHI202106120
Jameson Taillon,tailj001,2021-06-18,2021,NYA,OAK,5,4.7,20,76,4,1,1,1,0.99,NYA202106180
Jameson Taillon,tailj001,2021-06-24,2021,NYA,KCA,6,6.3,26,96,5,2,0,1,0.99,NYA202106240
Jameson Taillon,tailj001,2021-06-29,2021,NYA,ANA,4,5.3,25,83,9,1,3,1,0.99,NYA202106290
Jameson Taillon,tailj001,2021-07-06,2021,NYA,SEA,9,7.0,26,101,4,1,0,0,1.04,SEA202107060
Jameson Taillon,tailj001,2021-07-11,2021,NYA,HOU,4,6.0,24,85,3,2,2,0,1.02,HOU202107110
Jameson Taillon,tailj001,2021-07-18,2021,NYA,BOS,3,5.3,22,91,4,2,0,1,0.99,NYA202107180
Jameson Taillon,tailj001,2021-07-24,2021,NYA,BOS,4,7.0,27,100,4,3,0,0,0.98,BOS202107240
Jameson Taillon,tailj001,2021-07-30,2021,NYA,MIA,5,5.7,23,98,5,2,0,0,0.98,MIA202107300
Jameson Taillon,tailj001,2021-08-04,2021,NYA,BAL,10,6.3,24,90,4,1,1,1,0.99,NYA202108040
Jameson Taillon,tailj001,2021-08-09,2021,NYA,KCA,4,6.0,24,87,4,2,0,0,0.96,KCA202108090
Jameson Taillon,tailj001,2021-08-14,2021,NYA,CHA,4,5.0,22,93,7,1,1,0,0.99,CHA202108140
Jameson Taillon,tailj001,2021-08-19,2021,NYA,MIN,5,5.3,20,81,5,0,1,1,0.99,NYA202108190
Jameson Taillon,tailj001,2021-08-26,2021,NYA,OAK,4,3.7,18,78,4,3,2,0,1.0,OAK202108260
Jameson Taillon,tailj001,2021-08-31,2021,NYA,ANA,6,4.7,21,92,5,2,1,0,0.99,ANA202108310
Jameson Taillon,tailj001,2021-09-06,2021,NYA,TOR,5,7.0,27,94,4,2,2,1,0.99,NYA202109060
Jameson Taillon,tailj001,2021-09-28,2021,NYA,TOR,2,2.3,9,38,1,1,0,0,1.0,TOR202109280
Jameson Taillon,tailj001,2021-10-03,2021,NYA,TBA,2,3.3,13,45,2,1,0,1,0.99,NYA202110030
Julio Teherán,tehej001,2021-04-03,2021,DET,CLE,3,5.0,20,90,4,3,1,1,1.0,DET202104030
Keegan Thompson,thomk002,2021-05-04,2021,CHN,LAN,2,3.7,13,61,2,2,0,1,0.97,CHN202105042
Keegan Thompson,thomk002,2021-08-21,2021,CHN,KCA,1,4.0,19,73,5,2,0,1,0.97,CHN202108210
Keegan Thompson,thomk002,2021-08-27,2021,CHN,CHA,1,2.0,14,62,5,2,0,0,0.99,CHA202108270
Keegan Thompson,thomk002,2021-09-02,2021,CHN,PIT,3,1.7,12,54,4,2,1,1,0.97,CHN202109020
Keegan Thompson,thomk002,2021-09-19,2021,CHN,MIL,0,2.0,10,40,1,2,0,0,1.05,MIL202109190
Keegan Thompson,thomk002,2021-09-26,2021,CHN,SLN,7,3.0,14,56,3,1,1,1,0.97,CHN202109260
Zach Thompson,thomz001,2021-06-07,2021,MIA,BOS,1,3.0,14,55,4,1,0,0,0.98,BOS202106070
Zach Thompson,thomz001,2021-06-12,2021,MIA,ATL,6,5.0,19,66,4,0,0,1,0.98,MIA202106120
Zach Thompson,thomz001,2021-06-20,2021,MIA,CHN,7,4.0,15,73,0,3,0,0,0.97,CHN202106200
Zach Thompson,thomz001,2021-06-26,2021,MIA,WAS,11,6.0,25,91,4,2,0,1,0.98,MIA202106260
Zach Thompson,thomz001,2021-07-04,2021,MIA,ATL,6,6.0,24,87,5,1,1,0,1.02,ATL202107040
Zach Thompson,thomz001,2021-07-17,2021,MIA,PHI,2,4.0,16,60,2,2,0,0,1.01,PHI202107170
Zach Thompson,thomz001,2021-07-23,2021,MIA,SDN,3,5.0,22,85,6,1,1,1,0.98,MIA202107230
Zach Thompson,thomz001,2021-07-30,2021,MIA,NYA,5,5.7,23,87,3,4,1,1,0.98,MIA202107300
Zach Thompson,thomz001,2021-08-04,2021,MIA,NYN,2,4.0,19,77,3,2,0,1,0.98,MIA202108040
Zach Thompson,thomz001,2021-08-09,2021,MIA,SDN,2,4.0,19,75,4,4,1,0,1.08,SDN202108090
Zach Thompson,thomz001,2021-08-14,2021,MIA,CHN,3,6.0,20,72,4,0,0,1,0.98,MIA202108140
Zach Thompson,thomz001,2021-08-21,2021,MIA,CIN,3,5.0,18,73,3,1,1,0,1.0,CIN202108210
Zach Thompson,thomz001,2021-08-27,2021,MIA,CIN,1,5.0,23,73,6,1,1,1,0.98,MIA202108270
Zach Thompson,thomz001,2021-09-28,2021,MIA,NYN,3,1.0,6,20,3,0,0,0,1.06,NYN202109281
Lewis Thorpe,thorl002,2021-04-16,2021,MIN,ANA,2,4.0,15,60,3,1,0,0,0.99,ANA202104160
Lewis Thorpe,thorl002,2021-05-05,2021,MIN,TEX,2,5.0,21,80,5,1,0,1,1.0,MIN202105050
Lewis Thorpe,thorl002,2021-05-20,2021,MIN,ANA,0,4.0,19,63,5,2,1,0,0.99,ANA202105201
Lewis Thorpe,thorl002,2021-08-18,2021,MIN,CLE,1,1.3,8,38,1,3,1,1,1.0,MIN202108180
Trent Thornton,thort002,2021-04-21,2021,TOR,BOS,0,2.0,7,25,2,0,0,0,0.98,BOS202104210
Trent Thornton,thort002,2021-04-27,2021,TOR,WAS,2,2.3,10,42,3,0,2,1,1.0,TOR202104270
Trent Thornton,thort002,2021-05-24,2021,TOR,TBA,2,1.0,8,29,2,2,1,1,1.0,TOR202105240
Touki Toussaint,toust001,2021-07-20,2021,ATL,SDN,5,6.7,26,79,3,2,0,1,1.02,ATL202107200
Touki Toussaint,toust001,2021-07-25,2021,ATL,PHI,10,7.0,25,90,5,0,1,0,1.01,PHI202107250
Touki Toussaint,toust001,2021-07-30,2021,ATL,MIL,5,3.3,20,79,6,2,2,1,1.02,ATL202107300
Touki Toussaint,toust001,2021-08-05,2021,ATL,SLN,3,5.3,22,94,5,2,1,0,1.0,SLN202108050
Touki Toussaint,toust001,2021-08-11,2021,ATL,CIN,5,5.0,23,97,4,3,1,1,1.02,ATL202108110
Touki Toussaint,toust001,2021-08-16,2021,ATL,MIA,7,6.3,24,97,3,2,2,0,0.98,MIA202108160
Touki Toussaint,toust001,2021-08-22,2021,ATL,BAL,5,5.3,22,89,5,3,0,0,1.0,BAL202108220
Touki Toussaint,toust001,2021-09-02,2021,ATL,COL,0,3.0,15,46,6,0,1,0,0.92,COL202109020
Touki Toussaint,toust001,2021-09-08,2021,ATL,WAS,3,3.0,15,62,1,4,1,1,1.02,ATL202109080
Touki Toussaint,toust001,2021-09-14,2021,ATL,COL,5,4.0,20,75,5,3,2,1,1.02,ATL202109140
Spencer Turnbull,turns003,2021-04-21,2021,DET,PIT,6,5.0,19,62,2,2,0,1,1.0,DET202104212
Spencer Turnbull,turns003,2021-04-26,2021,DET,KCA,5,6.0,23,81,5,0,1,1,1.0,DET202104260
Spencer Turnbull,turns003,2021-05-01,2021,DET,NYA,1,5.0,25,94,5,3,0,0,0.99,NYA202105010
Spencer Turnbull,turns003,2021-05-06,2021,DET,BOS,3,3.0,18,80,7,0,0,0,0.98,BOS202105060
Spencer Turnbull,turns003,2021-05-13,2021,DET,KCA,7,6.3,27,99,6,1,0,1,1.0,DET202105130
Spencer Turnbull,turns003,2021-05-18,2021,DET,SEA,9,9.0,29,117,0,2,0,0,1.04,SEA202105180
Spencer Turnbull,turns003,2021-05-24,2021,DET,CLE,3,6.0,24,86,7,1,0,1,1.0,DET202105240
Spencer Turnbull,turns003,2021-05-29,2021,DET,NYA,6,5.7,22,100,3,3,0,1,1.0,DET202105290
Spencer Turnbull,turns003,2021-06-04,2021,DET,CHA,4,4.0,14,56,2,0,1,0,0.99,CHA202106040
Edwin Uceta,ucete001,2021-04-30,2021,LAN,MIL,2,2.0,9,27,4,1,1,0,1.05,MIL202104300
José Ureña,urenj001,2021-04-05,2021,DET,MIN,5,3.0,16,81,4,4,1,1,1.0,DET202104050
José Ureña,urenj001,2021-04-11,2021,DET,CLE,4,4.7,21,85,3,5,0,0,1.04,CLE202104110
José Ureña,urenj001,2021-04-16,2021,DET,OAK,8,7.0,30,96,7,2,0,0,1.0,OAK202104160
José Ureña,urenj001,2021-04-22,2021,DET,PIT,2,7.0,26,89,5,1,0,1,1.0,DET202104220
José Ureña,urenj001,2021-04-27,2021,DET,CHA,2,7.0,30,98,7,3,0,0,0.99,CHA202104270
José Ureña,urenj001,2021-05-02,2021,DET,NYA,7,7.0,25,100,3,1,0,0,0.99,NYA202105020
José Ureña,urenj001,2021-05-08,2021,DET,MIN,3,4.3,24,94,9,2,1,1,1.0,DET202105080
José Ureña,urenj001,2021-05-15,2021,DET,CHN,1,2.7,14,48,5,1,0,1,1.0,DET202105150
José Ureña,urenj001,2021-05-21,2021,DET,KCA,1,6.0,27,94,10,0,1,0,0.96,KCA202105210
José Ureña,urenj001,2021-05-26,2021,DET,CLE,2,5.7,21,82,3,3,0,1,1.0,DET202105260
José Ureña,urenj001,2021-06-06,2021,DET,CHA,1,5.0,23,87,6,2,0,0,0.99,CHA202106060
José Ureña,urenj001,2021-06-12,2021,DET,CHA,1,1.7,15,58,5,3,1,1,1.0,DET202106120
José Ureña,urenj001,2021-06-18,2021,DET,ANA,4,4.3,22,87,7,3,3,0,0.99,ANA202106180
José Ureña,urenj001,2021-06-24,2021,DET,HOU,1,3.7,23,82,8,2,0,1,1.0,DET202106240
José Ureña,urenj001,2021-06-30,2021,DET,CLE,5,3.3,16,58,5,1,4,0,1.04,CLE202106301
José Ureña,urenj001,2021-07-06,2021,DET,TEX,3,4.7,24,84,6,4,1,0,0.99,TEX202107060
José Ureña,urenj001,2021-07-17,2021,DET,MIN,2,3.0,11,42,2,0,0,1,1.0,DET202107171
José Ureña,urenj001,2021-08-28,2021,DET,TOR,2,3.0,11,49,3,0,0,1,1.0,DET202108280
Julio Urías,uriaj001,2021-04-04,2021,LAN,COL,6,7.0,25,79,3,1,0,0,0.92,COL202104040
Julio Urías,uriaj001,2021-04-10,2021,LAN,WAS,3,5.7,25,95,9,0,1,1,1.03,LAN202104100
Julio Urías,uriaj001,2021-04-15,2021,LAN,COL,6,6.0,27,90,7,2,2,1,1.03,LAN202104150
Julio Urías,uriaj001,2021-04-20,2021,LAN,SEA,11,7.0,23,88,1,1,0,0,1.04,SEA202104200
Julio Urías,uriaj001,2021-04-26,2021,LAN,CIN,6,5.0,22,87,4,2,0,1,1.03,LAN202104260
Julio Urías,uriaj001,2021-05-02,2021,LAN,MIL,10,7.0,24,90,4,0,1,0,1.05,MIL202105020
Julio Urías,uriaj001,2021-05-07,2021,LAN,ANA,4,5.0,23,76,8,0,2,0,0.99,ANA202105070
Julio Urías,uriaj001,2021-05-12,2021,LAN,SEA,6,7.0,24,87,2,1,0,1,1.03,LAN202105120
Julio Urías,uriaj001,2021-05-18,2021,LAN,ARI,8,6.7,24,92,3,0,0,1,1.03,LAN202105180
Julio Urías,uriaj001,2021-05-23,2021,LAN,SFN,10,6.0,21,89,3,0,1,0,1.03,SFN202105230
Julio Urías,uriaj001,2021-05-29,2021,LAN,SFN,5,5.0,27,82,11,2,1,1,1.03,LAN202105290
Julio Urías,uriaj001,2021-06-04,2021,LAN,ATL,5,5.0,20,83,4,2,1,0,1.02,ATL202106040
Julio Urías,uriaj001,2021-06-10,2021,LAN,PIT,5,6.0,23,86,6,0,1,0,1.0,PIT202106100
Julio Urías,uriaj001,2021-06-15,2021,LAN,PHI,5,5.7,26,94,6,2,1,1,1.03,LAN202106150
Julio Urías,uriaj001,2021-06-21,2021,LAN,SDN,5,4.0,21,87,6,4,2,0,1.08,SDN202106210
Julio Urías,uriaj001,2021-06-26,2021,LAN,CHN,12,5.3,22,84,5,1,1,1,1.03,LAN202106260
Julio Urías,uriaj001,2021-07-02,2021,LAN,WAS,3,6.0,24,87,3,3,0,0,1.01,WAS202107020
Julio Urías,uriaj001,2021-07-08,2021,LAN,MIA,9,7.0,28,101,6,2,1,0,0.98,MIA202107080
Julio Urías,uriaj001,2021-07-16,2021,LAN,COL,3,5.7,27,89,7,1,1,0,0.92,COL202107160
Julio Urías,uriaj001,2021-07-21,2021,LAN,SFN,5,7.0,24,96,3,1,1,1,1.03,LAN202107210
Julio Urías,uriaj001,2021-07-27,2021,LAN,SFN,5,5.7,22,86,6,0,0,0,1.03,SFN202107270
Julio Urías,uriaj001,2021-08-01,2021,LAN,ARI,7,5.0,19,83,4,0,0,0,1.03,ARI202108010
Julio Urías,uriaj001,2021-08-07,2021,LAN,ANA,5,5.0,24,95,6,3,0,1,1.03,LAN202108070
Julio Urías,uriaj001,2021-08-13,2021,LAN,NYN,5,5.0,19,82,2,2,0,0,1.06,NYN202108130
Julio Urías,uriaj001,2021-08-24,2021,LAN,SDN,4,5.0,18,74,1,2,0,0,1.08,SDN202108240
Julio Urías,uriaj001,2021-08-30,2021,LAN,ATL,7,6.0,22,86,4,0,2,1,1.03,LAN202108300
Julio Urías,uriaj001,2021-09-04,2021,LAN,SFN,8,5.7,25,96,8,0,0,0,1.03,SFN202109040
Julio Urías,uriaj001,2021-09-10,2021,LAN,SDN,7,7.0,27,94,3,1,0,1,1.03,LAN202109100
Julio Urías,uriaj001,2021-09-15,2021,LAN,ARI,5,5.0,20,76,3,2,0,1,1.03,LAN202109150
Julio Urías,uriaj001,2021-09-21,2021,LAN,COL,5,6.0,25,73,7,0,0,0,0.92,COL202109210
Julio Urías,uriaj001,2021-09-26,2021,LAN,ARI,3,5.0,22,85,5,1,0,0,1.03,ARI202109260
Julio Urías,uriaj001,2021-10-02,2021,LAN,MIL,7,6.3,22,92,1,2,0,1,1.03,LAN202110020
José Urquidy,urquj001,2021-04-04,2021,HOU,OAK,5,4.3,19,101,4,2,0,0,1.0,OAK202104040
José Urquidy,urquj001,2021-04-10,2021,HOU,OAK,7,6.0,24,93,7,0,1,1,1.02,HOU202104100
José Urquidy,urquj001,2021-04-16,2021,HOU,SEA,7,5.7,23,90,5,2,0,0,1.04,SEA202104160
José Urquidy,urquj001,2021-04-21,2021,HOU,COL,1,5.0,23,88,6,3,1,0,0.92,COL202104210
José Urquidy,urquj001,2021-04-26,2021,HOU,SEA,2,6.0,24,96,5,0,2,1,1.02,HOU202104260
José Urquidy,urquj001,2021-05-01,2021,HOU,TBA,5,7.0,26,91,4,1,0,0,1.05,TBA202105010
José Urquidy,urquj001,2021-05-07,2021,HOU,TOR,2,7.0,25,84,4,1,2,1,1.02,HOU202105070
José Urquidy,urquj001,2021-05-12,2021,HOU,ANA,4,3.7,13,44,2,0,0,1,1.02,HOU202105120
José Urquidy,urquj001,2021-05-31,2021,HOU,BOS,9,6.0,22,87,3,1,0,1,1.02,HOU202105310
José Urquidy,urquj001,2021-06-05,2021,HOU,TOR,5,4.3,21,74,9,0,2,0,1.0,TOR202106050
José Urquidy,urquj001,2021-06-11,2021,HOU,MIN,8,7.0,27,103,4,1,3,0,1.0,MIN202106110
José Urquidy,urquj001,2021-06-17,2021,HOU,CHA,5,7.0,26,93,4,1,0,1,1.02,HOU202106170
José Urquidy,urquj001,2021-06-23,2021,HOU,BAL,6,7.0,25,84,3,1,0,0,1.0,BAL202106230
José Urquidy,urquj001,2021-06-29,2021,HOU,BAL,0,1.3,5,27,1,0,1,1,1.02,HOU202106290
José Urquidy,urquj001,2021-09-03,2021,HOU,SDN,4,4.3,18,71,5,1,0,0,1.08,SDN202109030
José Urquidy,urquj001,2021-09-08,2021,HOU,SEA,2,3.0,15,70,4,2,0,1,1.02,HOU202109080
José Urquidy,urquj001,2021-09-15,2021,HOU,TEX,6,6.0,21,81,2,1,0,0,0.99,TEX202109150
José Urquidy,urquj001,2021-09-21,2021,HOU,ANA,3,5.3,21,79,6,0,2,0,0.99,ANA202109210
José Urquidy,urquj001,2021-09-28,2021,HOU,TBA,6,5.0,21,91,5,1,1,1,1.02,HOU202109280
José Urquidy,urquj001,2021-10-03,2021,HOU,OAK,3,6.0,24,84,4,1,2,1,1.02,HOU202110030
Framber Valdez,valdf001,2021-05-28,2021,HOU,SDN,4,4.0,18,72,2,2,1,1,1.02,HOU202105280
Framber Valdez,valdf001,2021-06-02,2021,HOU,BOS,10,7.0,28,102,5,2,0,1,1.02,HOU202106020
Framber Valdez,valdf001,2021-06-08,2021,HOU,BOS,8,7.3,29,96,5,0,0,0,0.98,BOS202106080
Framber Valdez,valdf001,2021-06-13,2021,HOU,MIN,2,7.0,27,97,5,3,1,0,1.0,MIN202106130
Framber Valdez,valdf001,2021-06-19,2021,HOU,CHA,5,7.0,29,108,6,2,1,1,1.02,HOU202106190
Framber Valdez,valdf001,2021-06-26,2021,HOU,DET,6,6.0,24,86,6,0,1,0,1.0,DET202106261
Framber Valdez,valdf001,2021-07-01,2021,HOU,CLE,6,7.0,28,107,4,5,0,0,1.04,CLE202107010
Framber Valdez,valdf001,2021-07-06,2021,HOU,OAK,6,5.0,25,93,10,2,0,1,1.02,HOU202107060
Framber Valdez,valdf001,2021-07-11,2021,HOU,NYA,5,4.0,24,91,6,6,1,1,1.02,HOU202107110
Framber Valdez,valdf001,2021-07-18,2021,HOU,CHA,4,6.3,30,97,7,2,2,0,0.99,CHA202107180
Framber Valdez,valdf001,2021-07-24,2021,HOU,TEX,4,6.0,23,99,0,6,0,1,1.02,HOU202107240
Framber Valdez,valdf001,2021-07-30,2021,HOU,SFN,6,5.0,22,89,4,3,0,0,1.03,SFN202107300
Framber Valdez,valdf001,2021-08-05,2021,HOU,MIN,7,6.7,29,107,6,3,0,1,1.02,HOU202108050
Framber Valdez,valdf001,2021-08-11,2021,HOU,COL,8,6.0,27,100,4,4,0,1,1.02,HOU202108110
Framber Valdez,valdf001,2021-08-17,2021,HOU,KCA,5,6.7,29,99,9,1,0,0,0.96,KCA202108170
Framber Valdez,valdf001,2021-08-22,2021,HOU,SEA,6,7.0,24,98,3,1,0,1,1.02,HOU202108220
Framber Valdez,valdf001,2021-08-28,2021,HOU,TEX,7,7.0,26,85,3,1,1,0,0.99,TEX202108280
Framber Valdez,valdf001,2021-09-04,2021,HOU,SDN,4,6.0,26,92,6,2,0,0,1.08,SDN202109040
Framber Valdez,valdf001,2021-09-10,2021,HOU,ANA,6,5.0,27,97,6,5,2,1,1.02,HOU202109100
Framber Valdez,valdf001,2021-09-20,2021,HOU,ANA,6,7.0,29,98,6,3,0,0,0.99,ANA202109200
Framber Valdez,valdf001,2021-09-25,2021,HOU,OAK,3,6.7,27,95,3,4,0,0,1.0,OAK202109250
Framber Valdez,valdf001,2021-10-01,2021,HOU,OAK,7,5.0,21,82,4,1,2,1,1.02,HOU202110010
Vince Velasquez,velav001,2021-04-23,2021,PHI,COL,4,4.0,18,67,5,1,2,0,0.92,COL202104230
Vince Velasquez,velav001,2021-04-28,2021,PHI,SLN,5,4.3,20,74,5,2,2,0,1.0,SLN202104280
Vince Velasquez,velav001,2021-05-03,2021,PHI,MIL,6,6.0,24,98,4,2,1,1,1.01,PHI202105030
Vince Velasquez,velav001,2021-05-08,2021,PHI,ATL,6,5.3,21,90,2,3,1,0,1.02,ATL202105080
Vince Velasquez,velav001,2021-05-14,2021,PHI,TOR,7,5.7,23,94,3,3,1,0,1.0,TOR202105140
Vince Velasquez,velav001,2021-05-25,2021,PHI,MIA,5,6.0,21,93,3,3,0,0,0.98,MIA202105250
Vince Velasquez,velav001,2021-05-31,2021,PHI,CIN,3,3.0,17,65,5,3,2,0,1.0,CIN202105310
Vince Velasquez,velav001,2021-06-06,2021,PHI,WAS,4,4.0,19,80,4,1,0,1,1.01,PHI202106060
Vince Velasquez,velav001,2021-06-12,2021,PHI,NYA,5,5.0,21,83,6,1,1,1,1.01,PHI202106120
Vince Velasquez,velav001,2021-06-18,2021,PHI,SFN,2,4.0,20,84,4,4,0,0,1.03,SFN202106180
Vince Velasquez,velav001,2021-06-23,2021,PHI,WAS,5,4.3,18,86,3,2,0,1,1.01,PHI202106230
Vince Velasquez,velav001,2021-06-29,2021,PHI,MIA,7,7.0,23,97,2,0,0,1,1.01,PHI202106290
Vince Velasquez,velav001,2021-07-04,2021,PHI,SDN,4,6.0,27,112,9,3,2,1,1.01,PHI202107040
Vince Velasquez,velav001,2021-07-09,2021,PHI,BOS,2,2.3,17,74,6,4,3,0,0.98,BOS202107090
Vince Velasquez,velav001,2021-07-17,2021,PHI,MIA,4,5.0,18,84,1,2,0,1,1.01,PHI202107170
Vince Velasquez,velav001,2021-07-24,2021,PHI,ATL,3,2.3,14,53,5,2,2,1,1.01,PHI202107240
Vince Velasquez,velav001,2021-07-30,2021,PHI,PIT,1,2.0,14,52,6,1,0,0,1.0,PIT202107300
Vince Velasquez,velav001,2021-09-17,2021,SDN,SLN,4,4.0,16,67,4,0,2,0,1.0,SLN202109170
Vince Velasquez,velav001,2021-09-22,2021,SDN,SFN,2,1.0,7,37,2,1,0,1,1.08,SDN202109220
Vince Velasquez,velav001,2021-09-25,2021,SDN,ATL,3,3.0,14,59,3,2,0,1,1.08,SDN202109250
Vince Velasquez,velav001,2021-09-30,2021,SDN,LAN,7,4.7,19,71,6,1,4,0,1.03,LAN202109300
Austin Voth,votha001,2021-06-06,2021,WAS,PHI,2,2.0,6,24,0,0,0,0,1.01,PHI202106060
Michael Wacha,wachm001,2021-04-05,2021,TBA,BOS,6,5.0,24,90,8,2,0,0,0.98,BOS202104050
Michael Wacha,wachm001,2021-04-16,2021,TBA,NYA,9,6.0,20,93,1,2,0,0,0.99,NYA202104160
Michael Wacha,wachm001,2021-04-21,2021,TBA,KCA,1,5.7,22,76,5,1,2,0,0.96,KCA202104210
Michael Wacha,wachm001,2021-04-27,2021,TBA,OAK,2,5.0,20,69,5,0,0,1,1.05,TBA202104270
Michael Wacha,wachm001,2021-05-23,2021,TBA,TOR,1,2.0,7,24,1,0,0,0,1.0,TOR202105230
Michael Wacha,wachm001,2021-06-06,2021,TBA,TEX,1,2.7,11,42,2,2,0,0,0.99,TEX202106060
Michael Wacha,wachm001,2021-06-13,2021,TBA,BAL,0,2.0,8,28,2,1,0,1,1.05,TBA202106130
Michael Wacha,wachm001,2021-06-18,2021,TBA,SEA,2,3.7,22,77,11,1,0,0,1.04,SEA202106180
Michael Wacha,wachm001,2021-06-24,2021,TBA,BOS,7,5.0,18,75,1,2,0,1,1.05,TBA202106240
Michael Wacha,wachm001,2021-07-07,2021,TBA,CLE,6,6.0,23,90,4,0,1,1,1.05,TBA202107071
Michael Wacha,wachm001,2021-07-16,2021,TBA,ATL,5,4.0,19,78,5,2,2,0,1.02,ATL202107160
Michael Wacha,wachm001,2021-07-21,2021,TBA,BAL,2,5.0,19,58,6,0,2,1,1.05,TBA202107210
Michael Wacha,wachm001,2021-07-28,2021,TBA,NYA,9,5.0,20,79,3,1,0,1,1.05,TBA202107280
Michael Wacha,wachm001,2021-08-02,2021,TBA,SEA,3,4.0,23,86,9,3,0,1,1.05,TBA202108020
Michael Wacha,wachm001,2021-08-08,2021,TBA,BAL,2,5.0,25,97,10,1,2,0,1.0,BAL202108080
Michael Wacha,wachm001,2021-08-14,2021,TBA,MIN,5,5.0,27,92,11,1,2,0,1.0,MIN202108140
Michael Wacha,wachm001,2021-08-20,2021,TBA,CHA,9,5.0,25,100,8,0,1,1,1.05,TBA202108200
Michael Wacha,wachm001,2021-08-28,2021,TBA,BAL,6,4.3,18,83,3,2,0,0,1.0,BAL202108280
Michael Wacha,wachm001,2021-09-03,2021,TBA,MIN,7,6.0,21,86,3,0,2,1,1.05,TBA202109030
Michael Wacha,wachm001,2021-09-10,2021,TBA,DET,6,5.0,18,68,3,0,1,0,1.0,DET202109100
Michael Wacha,wachm001,2021-09-15,2021,TBA,TOR,5,6.0,27,95,7,2,1,0,1.0,TOR202109150
Michael Wacha,wachm001,2021-09-28,2021,TBA,HOU,6,5.0,17,61,0,2,0,0,1.02,HOU202109280
Michael Wacha,wachm001,2021-10-03,2021,TBA,NYA,2,5.0,16,56,1,1,0,0,0.99,NYA202110030
Adam Wainwright,waina001,2021-04-03,2021,SLN,CIN,1,2.7,16,56,7,1,1,0,1.0,CIN202104030
Adam Wainwright,waina001,2021-04-08,2021,SLN,MIL,6,5.0,23,94,5,2,0,1,1.0,SLN202104080
Adam Wainwright,waina001,2021-04-14,2021,SLN,WAS,7,5.0,24,85,7,2,1,1,1.0,SLN202104140
Adam Wainwright,waina001,2021-04-20,2021,SLN,WAS,10,7.0,27,100,5,1,1,0,1.01,WAS202104200
Adam Wainwright,waina001,2021-04-26,2021,SLN,PHI,8,9.0,31,107,6,0,2,1,1.0,SLN202104260
Adam Wainwright,waina001,2021-05-03,2021,SLN,NYN,5,5.7,27,93,7,3,1,1,1.0,SLN202105030
Adam Wainwright,waina001,2021-05-09,2021,SLN,COL,5,8.3,31,113,3,3,0,1,1.0,SLN202105090
Adam Wainwright,waina001,2021-05-15,2021,SLN,SDN,2,4.0,23,92,8,3,3,0,1.08,SDN202105150
Adam Wainwright,waina001,2021-05-23,2021,SLN,CHN,7,8.0,26,99,1,1,0,1,1.0,SLN202105230
Adam Wainwright,waina001,2021-05-29,2021,SLN,ARI,6,5.0,23,93,5,3,1,0,1.03,ARI202105290
Adam Wainwright,waina001,2021-06-03,2021,SLN,CIN,4,7.0,31,105,8,0,1,1,1.0,SLN202106030
Adam Wainwright,waina001,2021-06-09,2021,SLN,CLE,6,7.0,25,95,3,0,0,1,1.0,SLN202106090
Adam Wainwright,waina001,2021-06-14,2021,SLN,MIA,6,6.0,24,105,4,3,0,1,1.0,SLN202106140
Adam Wainwright,waina001,2021-06-20,2021,SLN,ATL,11,7.0,26,111,3,3,0,0,1.02,ATL202106201
Adam Wainwright,waina001,2021-06-26,2021,SLN,PIT,8,6.0,25,102,6,1,1,1,1.0,SLN202106260
Adam Wainwright,waina001,2021-07-01,2021,SLN,COL,4,8.0,30,110,6,1,1,0,0.92,COL202107010
Adam Wainwright,waina001,2021-07-06,2021,SLN,SFN,3,5.0,26,97,7,4,0,0,1.03,SFN202107060
Adam Wainwright,waina001,2021-07-16,2021,SLN,SFN,7,6.0,24,88,5,1,2,1,1.0,SLN202107160
Adam Wainwright,waina001,2021-07-21,2021,SLN,CHN,5,7.0,27,84,6,0,0,1,1.0,SLN202107210
Adam Wainwright,waina001,2021-07-27,2021,SLN,CLE,8,7.0,26,87,4,2,1,0,1.04,CLE202107270
Adam Wainwright,waina001,2021-08-01,2021,SLN,MIN,5,7.0,27,85,6,1,1,1,1.0,SLN202108010
Adam Wainwright,waina001,2021-08-06,2021,SLN,KCA,6,7.0,29,96,7,2,0,1,1.0,SLN202108060
Adam Wainwright,waina001,2021-08-11,2021,SLN,PIT,7,9.0,28,88,2,0,0,0,1.0,PIT202108110
Adam Wainwright,waina001,2021-08-17,2021,SLN,MIL,4,6.0,29,97,9,2,0,1,1.0,SLN202108170
Adam Wainwright,waina001,2021-08-22,2021,SLN,PIT,9,8.0,26,106,2,0,0,1,1.0,SLN202108220
Adam Wainwright,waina001,2021-08-28,2021,SLN,PIT,5,7.0,25,92,3,1,0,0,1.0,PIT202108280
Adam Wainwright,waina001,2021-09-03,2021,SLN,MIL,4,6.3,24,105,4,3,0,0,1.05,MIL202109030
Adam Wainwright,waina001,2021-09-08,2021,SLN,LAN,4,8.3,31,104,7,0,1,1,1.0,SLN202109080
Adam Wainwright,waina001,2021-09-13,2021,SLN,NYN,4,6.0,25,103,4,3,0,0,1.06,NYN202109130
Adam Wainwright,waina001,2021-09-18,2021,SLN,SDN,2,6.0,25,93,7,0,0,1,1.0,SLN202109180
Adam Wainwright,waina001,2021-09-23,2021,SLN,MIL,1,4.0,17,78,4,2,2,0,1.05,MIL202109230
Adam Wainwright,waina001,2021-09-28,2021,SLN,MIL,4,6.0,27,102,7,2,1,1,1.0,SLN202109280
Taijuan Walker,walkt004,2021-04-08,2021,NYN,MIA,4,6.0,23,87,4,2,0,1,1.06,NYN202104080
Taijuan Walker,walkt004,2021-04-13,2021,NYN,PHI,8,4.3,18,80,3,3,0,1,1.06,NYN202104131
Taijuan Walker,walkt004,2021-04-20,2021,NYN,CHN,7,3.7,20,91,2,6,0,0,0.97,CHN202104200
Taijuan Walker,walkt004,2021-04-25,2021,NYN,WAS,4,7.0,26,95,3,3,0,1,1.06,NYN202104250
Taijuan Walker,walkt004,2021-05-01,2021,NYN,PHI,4,6.0,26,94,7,1,1,0,1.01,PHI202105010
Taijuan Walker,walkt004,2021-05-06,2021,NYN,SLN,8,7.0,23,92,1,0,0,0,1.0,SLN202105060
Taijuan Walker,walkt004,2021-05-12,2021,NYN,BAL,4,7.0,27,97,4,3,0,1,1.06,NYN202105120
Taijuan Walker,walkt004,2021-05-17,2021,NYN,ATL,2,3.0,10,33,1,0,0,0,1.02,ATL202105170
Taijuan Walker,walkt004,2021-05-29,2021,NYN,ATL,8,5.0,16,80,2,1,0,1,1.06,NYN202105290
Taijuan Walker,walkt004,2021-06-03,2021,NYN,SDN,2,5.0,26,104,7,4,1,0,1.08,SDN202106030
Taijuan Walker,walkt004,2021-06-09,2021,NYN,BAL,9,7.0,26,93,5,1,0,0,1.0,BAL202106090
Taijuan Walker,walkt004,2021-06-15,2021,NYN,CHN,12,7.0,27,92,5,0,1,1,1.06,NYN202106150
Taijuan Walker,walkt004,2021-06-20,2021,NYN,WAS,5,6.3,27,85,10,0,2,0,1.01,WAS202106200
Taijuan Walker,walkt004,2021-06-25,2021,NYN,PHI,5,5.0,19,68,3,1,0,1,1.06,NYN202106251
Taijuan Walker,walkt004,2021-07-03,2021,NYN,NYA,5,5.7,22,106,2,2,1,0,0.99,NYA202107030
Taijuan Walker,walkt004,2021-07-09,2021,NYN,PIT,2,5.0,21,86,4,3,0,1,1.06,NYN202107090
Taijuan Walker,walkt004,2021-07-18,2021,NYN,PIT,0,0.3,9,35,4,4,0,0,1.0,PIT202107180
Taijuan Walker,walkt004,2021-07-24,2021,NYN,TOR,1,4.0,21,76,8,2,3,1,1.06,NYN202107240
Taijuan Walker,walkt004,2021-07-29,2021,NYN,ATL,7,5.0,23,87,6,2,2,1,1.06,NYN202107290
Taijuan Walker,walkt004,2021-08-03,2021,NYN,MIA,4,5.7,26,93,8,2,2,0,0.98,MIA202108030
Taijuan Walker,walkt004,2021-08-08,2021,NYN,PHI,1,6.0,22,89,4,1,3,0,1.01,PHI202108080
Taijuan Walker,walkt004,2021-08-14,2021,NYN,LAN,8,6.7,24,93,2,3,1,1,1.06,NYN202108140
Taijuan Walker,walkt004,2021-08-19,2021,NYN,LAN,4,6.0,24,99,6,1,0,0,1.03,LAN202108190
Taijuan Walker,walkt004,2021-08-25,2021,NYN,SFN,3,6.0,22,74,2,1,1,1,1.06,NYN202108250
Taijuan Walker,walkt004,2021-09-05,2021,NYN,WAS,6,4.3,22,82,6,3,2,0,1.01,WAS202109050
Taijuan Walker,walkt004,2021-09-11,2021,NYN,NYA,8,6.0,25,103,6,1,3,1,1.06,NYN202109110
Taijuan Walker,walkt004,2021-09-17,2021,NYN,PHI,3,5.0,18,88,3,0,1,1,1.06,NYN202109170
Taijuan Walker,walkt004,2021-09-22,2021,NYN,BOS,1,2.0,13,55,6,2,2,0,0.98,BOS202109220
Taijuan Walker,walkt004,2021-09-29,2021,NYN,MIA,5,7.3,25,90,2,3,0,1,1.06,NYN202109290
Spenser Watkins,watks003,2021-07-06,2021,BAL,TOR,2,5.0,20,89,3,3,0,1,1.0,BAL202107060
Spenser Watkins,watks003,2021-07-11,2021,BAL,CHA,4,4.3,18,83,4,3,1,1,1.0,BAL202107110
Spenser Watkins,watks003,2021-07-19,2021,BAL,TBA,7,6.0,24,91,4,2,0,0,1.05,TBA202107190
Spenser Watkins,watks003,2021-07-27,2021,BAL,MIA,1,4.0,22,87,9,1,1,1,1.0,BAL202107270
Spenser Watkins,watks003,2021-08-01,2021,BAL,DET,4,5.7,22,89,3,2,0,0,1.0,DET202108010
Spenser Watkins,watks003,2021-08-07,2021,BAL,TBA,4,6.0,27,97,8,0,2,1,1.0,BAL202108070
Spenser Watkins,watks003,2021-08-13,2021,BAL,BOS,1,4.0,22,87,7,3,1,0,0.98,BOS202108130
Spenser Watkins,watks003,2021-08-18,2021,BAL,TBA,2,4.0,21,74,8,2,0,0,1.05,TBA202108180
Spenser Watkins,watks003,2021-08-24,2021,BAL,ANA,3,2.0,15,47,7,0,1,1,1.0,BAL202108240
Spenser Watkins,watks003,2021-08-29,2021,BAL,TBA,4,5.0,23,78,7,1,3,1,1.0,BAL202108290
Ryan Weathers,weatr001,2021-04-16,2021,SDN,LAN,3,3.7,14,79,1,2,0,1,1.08,SDN202104160
Ryan Weathers,weatr001,2021-04-22,2021,SDN,LAN,6,5.7,20,89,1,1,0,0,1.03,LAN202104220
Ryan Weathers,weatr001,2021-04-28,2021,SDN,ARI,0,1.0,3,19,0,1,0,0,1.03,ARI202104280
Ryan Weathers,weatr001,2021-05-16,2021,SDN,SLN,0,4.0,17,69,4,0,1,1,1.08,SDN202105160
Ryan Weathers,weatr001,2021-05-22,2021,SDN,SEA,2,4.0,19,67,6,2,1,1,1.08,SDN202105220
Ryan Weathers,weatr001,2021-05-27,2021,SDN,MIL,5,4.0,15,78,1,2,0,0,1.05,MIL202105270
Ryan Weathers,weatr001,2021-06-01,2021,SDN,CHN,2,5.0,21,88,7,1,2,0,0.97,CHN202106010
Ryan Weathers,weatr001,2021-06-07,2021,SDN,CHN,4,5.0,20,81,5,1,0,1,1.08,SDN202106070
Ryan Weathers,weatr001,2021-07-01,2021,SDN,CIN,5,4.0,21,83,5,4,0,0,1.0,CIN202107010
Ryan Weathers,weatr001,2021-07-06,2021,SDN,WAS,2,5.3,21,71,7,0,2,1,1.08,SDN202107060
Ryan Weathers,weatr001,2021-07-11,2021,SDN,COL,1,2.0,9,29,2,1,0,1,1.08,SDN202107110
Ryan Weathers,weatr001,2021-07-24,2021,SDN,MIA,4,4.0,17,73,2,3,0,0,0.98,MIA202107240
Ryan Weathers,weatr001,2021-07-30,2021,SDN,COL,2,4.0,22,81,8,3,3,1,1.08,SDN202107300
Ryan Weathers,weatr001,2021-08-06,2021,SDN,ARI,1,3.0,16,57,7,1,0,1,1.08,SDN202108060
Ryan Weathers,weatr001,2021-08-11,2021,SDN,MIA,7,4.7,21,84,7,1,3,1,1.08,SDN202108110
Ryan Weathers,weatr001,2021-08-16,2021,SDN,COL,3,4.0,18,62,8,0,2,0,0.92,COL202108160
Ryan Weathers,weatr001,2021-08-28,2021,SDN,ANA,1,3.0,12,54,4,0,2,0,0.99,ANA202108280
Ryan Weathers,weatr001,2021-09-29,2021,SDN,LAN,2,3.0,17,62,5,3,1,0,1.03,LAN202109290
Luke Weaver,weavl001,2021-04-06,2021,ARI,COL,3,5.7,21,82,4,0,3,0,0.92,COL202104060
Luke Weaver,weavl001,2021-04-11,2021,ARI,CIN,8,7.0,24,94,1,1,0,1,1.03,ARI202104110
Luke Weaver,weavl001,2021-04-17,2021,ARI,WAS,3,4.0,21,94,8,0,1,0,1.01,WAS202104170
Luke Weaver,weavl001,2021-04-23,2021,ARI,ATL,5,5.0,25,94,6,4,1,0,1.02,ATL202104230
Luke Weaver,weavl001,2021-04-29,2021,ARI,COL,4,4.0,19,85,5,4,0,1,1.03,ARI202104290
Luke Weaver,weavl001,2021-05-05,2021,ARI,MIA,6,4.0,20,81,6,2,1,0,0.98,MIA202105050
Luke Weaver,weavl001,2021-05-10,2021,ARI,MIA,6,6.3,22,75,4,0,0,1,1.03,ARI202105100
Luke Weaver,weavl001,2021-05-16,2021,ARI,WAS,3,4.0,15,68,1,2,0,1,1.03,ARI202105160
Luke Weaver,weavl001,2021-09-01,2021,ARI,SDN,3,6.0,21,79,4,0,1,1,1.03,ARI202109010
Luke Weaver,weavl001,2021-09-08,2021,ARI,TEX,4,5.0,21,78,4,2,0,1,1.03,ARI202109080
Luke Weaver,weavl001,2021-09-14,2021,ARI,LAN,4,4.0,19,82,5,1,1,0,1.03,LAN202109140
Luke Weaver,weavl001,2021-09-21,2021,ARI,ATL,7,6.7,28,102,7,0,3,1,1.03,ARI202109210
Luke Weaver,weavl001,2021-09-28,2021,ARI,SFN,6,4.0,19,93,3,4,0,0,1.03,SFN202109280
Logan Webb,webbl001,2021-04-03,2021,SFN,SEA,5,5.3,25,97,7,3,1,0,1.04,SEA202104030
Logan Webb,webbl001,2021-04-10,2021,SFN,COL,6,5.0,23,92,8,2,1,1,1.03,SFN202104100
Logan Webb,webbl001,2021-04-20,2021,SFN,PHI,4,4.0,20,74,7,2,1,0,1.01,PHI202104200
Logan Webb,webbl001,2021-04-25,2021,SFN,MIA,8,7.0,26,107,3,3,0,1,1.03,SFN202104250
Logan Webb,webbl001,2021-04-30,2021,SFN,SDN,4,6.0,26,93,8,1,0,0,1.08,SDN202104300
Logan Webb,webbl001,2021-05-05,2021,SFN,COL,5,3.7,17,68,3,3,0,0,0.92,COL202105050
Logan Webb,webbl001,2021-05-11,2021,SFN,TEX,10,6.0,24,92,3,2,1,1,1.03,SFN202105110
Logan Webb,webbl001,2021-05-17,2021,SFN,CIN,4,6.0,24,86,6,1,0,0,1.0,CIN202105170
Logan Webb,webbl001,2021-05-29,2021,SFN,LAN,7,5.0,19,62,1,0,0,0,1.03,LAN202105290
Logan Webb,webbl001,2021-07-09,2021,SFN,WAS,4,3.0,11,45,1,0,0,1,1.03,SFN202107090
Logan Webb,webbl001,2021-07-16,2021,SFN,SLN,2,4.0,18,60,5,1,0,0,1.0,SLN202107160
Logan Webb,webbl001,2021-07-21,2021,SFN,LAN,5,5.0,21,75,3,3,1,0,1.03,LAN202107210
Logan Webb,webbl001,2021-07-27,2021,SFN,LAN,5,6.0,21,80,3,1,0,1,1.03,SFN202107270
Logan Webb,webbl001,2021-08-01,2021,SFN,HOU,3,6.0,25,94,7,1,1,1,1.03,SFN202108010
Logan Webb,webbl001,2021-08-06,2021,SFN,MIL,9,6.0,22,91,3,1,1,0,1.05,MIL202108060
Logan Webb,webbl001,2021-08-12,2021,SFN,COL,8,6.0,21,91,3,2,0,1,1.03,SFN202108120
Logan Webb,webbl001,2021-08-17,2021,SFN,NYN,8,7.3,29,83,7,1,1,1,1.03,SFN202108170
Logan Webb,webbl001,2021-08-22,2021,SFN,OAK,7,6.0,22,92,5,1,0,0,1.0,OAK202108220
Logan Webb,webbl001,2021-08-28,2021,SFN,ATL,6,7.0,27,98,5,1,0,0,1.02,ATL202108280
Logan Webb,webbl001,2021-09-02,2021,SFN,MIL,10,7.0,24,92,4,1,0,1,1.03,SFN202109020
Logan Webb,webbl001,2021-09-07,2021,SFN,COL,6,7.0,29,85,9,0,0,0,0.92,COL202109070
Logan Webb,webbl001,2021-09-12,2021,SFN,CHN,5,6.0,27,81,7,2,1,0,0.97,CHN202109120
Logan Webb,webbl001,2021-09-17,2021,SFN,ATL,9,7.0,27,101,6,0,0,1,1.03,SFN202109170
Logan Webb,webbl001,2021-09-23,2021,SFN,SDN,3,4.0,18,78,4,2,0,0,1.08,SDN202109230
Logan Webb,webbl001,2021-09-28,2021,SFN,ARI,6,5.0,20,98,4,2,0,1,1.03,SFN202109280
Logan Webb,webbl001,2021-10-03,2021,SFN,SDN,8,7.0,27,88,6,0,0,1,1.03,SFN202110030
Alex Wells,wella001,2021-07-21,2021,BAL,TBA,7,5.7,24,93,5,2,2,0,1.05,TBA202107210
Alex Wells,wella001,2021-07-29,2021,BAL,DET,4,5.0,25,90,7,3,1,0,1.0,DET202107290
Alex Wells,wella001,2021-08-03,2021,BAL,NYA,2,2.3,15,63,7,0,0,0,0.99,NYA202108030
Alex Wells,wella001,2021-09-07,2021,BAL,KCA,2,4.0,19,80,5,2,1,1,1.0,BAL202109070
Alex Wells,wella001,2021-09-14,2021,BAL,NYA,3,4.0,21,85,7,1,3,1,1.0,BAL202109140
Alex Wells,wella001,2021-09-19,2021,BAL,BOS,3,5.0,22,77,6,1,1,0,0.98,BOS202109190
Alex Wells,wella001,2021-09-24,2021,BAL,TEX,1,5.0,20,72,5,1,1,1,1.0,BAL202109240
Alex Wells,wella001,2021-09-30,2021,BAL,BOS,2,6.0,22,80,3,2,1,1,1.0,BAL202109300
Zack Wheeler,wheez001,2021-04-03,2021,PHI,ATL,10,7.0,22,90,1,0,0,1,1.01,PHI202104030
Zack Wheeler,wheez001,2021-04-09,2021,PHI,ATL,4,4.7,23,94,7,4,1,0,1.02,ATL202104090
Zack Wheeler,wheez001,2021-04-14,2021,PHI,NYN,6,6.3,30,108,10,1,0,0,1.06,NYN202104140
Zack Wheeler,wheez001,2021-04-20,2021,PHI,SFN,6,5.7,24,105,5,3,3,1,1.01,PHI202104200
Zack Wheeler,wheez001,2021-04-26,2021,PHI,SLN,9,8.0,27,114,1,3,0,0,1.0,SLN202104260
Zack Wheeler,wheez001,2021-05-01,2021,PHI,NYN,6,7.0,28,97,7,1,0,1,1.01,PHI202105010
Zack Wheeler,wheez001,2021-05-06,2021,PHI,MIL,8,9.0,29,118,3,0,0,1,1.01,PHI202105060
Zack Wheeler,wheez001,2021-05-12,2021,PHI,WAS,7,6.0,27,98,8,1,0,0,1.01,WAS202105120
Zack Wheeler,wheez001,2021-05-18,2021,PHI,MIA,10,7.0,26,92,5,0,0,1,1.01,PHI202105180
Zack Wheeler,wheez001,2021-05-23,2021,PHI,BOS,12,7.3,27,98,3,1,1,1,1.01,PHI202105230
Zack Wheeler,wheez001,2021-05-29,2021,PHI,TBA,14,7.0,27,101,4,2,1,0,1.05,TBA202105290
Zack Wheeler,wheez001,2021-06-04,2021,PHI,WAS,8,7.3,29,101,5,2,1,1,1.01,PHI202106040
Zack Wheeler,wheez001,2021-06-10,2021,PHI,ATL,12,8.0,27,105,4,0,0,1,1.01,PHI202106100
Zack Wheeler,wheez001,2021-06-16,2021,PHI,LAN,6,6.0,27,98,5,4,0,0,1.03,LAN202106160
Zack Wheeler,wheez001,2021-06-22,2021,PHI,WAS,4,3.0,17,73,6,1,0,1,1.01,PHI202106220
Zack Wheeler,wheez001,2021-06-27,2021,PHI,NYN,8,7.0,27,103,4,2,0,0,1.06,NYN202106270
Zack Wheeler,wheez001,2021-07-02,2021,PHI,SDN,9,7.7,27,114,4,0,0,1,1.01,PHI202107020
Zack Wheeler,wheez001,2021-07-07,2021,PHI,CHN,6,5.7,27,97,8,1,0,0,0.97,CHN202107070
Zack Wheeler,wheez001,2021-07-18,2021,PHI,MIA,7,6.0,26,101,7,2,1,1,1.01,PHI202107180
Zack Wheeler,wheez001,2021-07-23,2021,PHI,ATL,8,7.0,29,111,7,2,0,1,1.01,PHI202107230
Zack Wheeler,wheez001,2021-07-29,2021,PHI,WAS,5,7.0,28,100,7,2,1,1,1.01,PHI202107291
Zack Wheeler,wheez001,2021-08-03,2021,PHI,WAS,5,7.3,31,105,8,1,1,0,1.01,WAS202108030
Zack Wheeler,wheez001,2021-08-08,2021,PHI,NYN,11,9.0,30,108,2,1,0,1,1.01,PHI202108080
Zack Wheeler,wheez001,2021-08-13,2021,PHI,CIN,6,6.0,23,94,4,1,2,1,1.01,PHI202108130
Zack Wheeler,wheez001,2021-08-19,2021,PHI,ARI,7,6.7,28,100,7,1,0,0,1.03,ARI202108190
Zack Wheeler,wheez001,2021-08-25,2021,PHI,TBA,10,8.0,35,102,10,0,2,1,1.01,PHI202108250
Zack Wheeler,wheez001,2021-08-30,2021,PHI,WAS,4,6.0,27,95,5,4,1,0,1.01,WAS202108300
Zack Wheeler,wheez001,2021-09-06,2021,PHI,MIL,9,6.0,23,99,5,0,0,0,1.05,MIL202109060
Zack Wheeler,wheez001,2021-09-11,2021,PHI,COL,8,6.7,27,101,5,2,1,1,1.01,PHI202109110
Zack Wheeler,wheez001,2021-09-17,2021,PHI,NYN,6,5.0,22,93,4,1,0,0,1.06,NYN202109170
Zack Wheeler,wheez001,2021-09-22,2021,PHI,BAL,9,6.0,23,97,4,2,0,1,1.01,PHI202109220
Zack Wheeler,wheez001,2021-09-28,2021,PHI,ATL,7,7.0,26,93,4,1,0,0,1.02,ATL202109280
Mitch White,whitm004,2021-07-31,2021,LAN,ARI,5,3.7,14,58,2,1,1,0,1.03,ARI202107310
Mitch White,whitm004,2021-08-12,2021,LAN,PHI,4,4.0,17,59,3,3,1,0,1.01,PHI202108120
Mitch White,whitm004,2021-08-29,2021,LAN,COL,6,3.3,19,72,6,2,1,1,1.03,LAN202108290
Mitch White,whitm004,2021-09-08,2021,LAN,SLN,6,5.0,20,65,5,0,1,0,1.0,SLN202109080
Taylor Widener,widet001,2021-04-04,2021,ARI,SDN,5,6.0,24,81,3,3,0,0,1.08,SDN202104040
Taylor Widener,widet001,2021-04-09,2021,ARI,CIN,3,5.0,23,83,7,0,1,1,1.03,ARI202104090
Taylor Widener,widet001,2021-04-16,2021,ARI,WAS,3,6.0,23,94,4,2,0,0,1.01,WAS202104160
Taylor Widener,widet001,2021-04-22,2021,ARI,CIN,7,5.3,23,89,5,1,3,0,1.0,CIN202104220
Taylor Widener,widet001,2021-05-23,2021,ARI,COL,2,1.7,11,40,1,2,0,0,0.92,COL202105230
Taylor Widener,widet001,2021-07-09,2021,ARI,LAN,5,4.3,18,63,3,2,1,0,1.03,LAN202107090
Taylor Widener,widet001,2021-07-20,2021,ARI,PIT,8,4.7,23,80,8,1,2,1,1.03,ARI202107200
Taylor Widener,widet001,2021-07-27,2021,ARI,TEX,3,3.7,22,87,5,5,1,0,0.99,TEX202107270
Taylor Widener,widet001,2021-08-02,2021,ARI,SFN,7,4.3,21,98,5,3,1,1,1.03,ARI202108020
Taylor Widener,widet001,2021-08-07,2021,ARI,SDN,7,5.0,21,89,4,2,2,0,1.08,SDN202108070
Taylor Widener,widet001,2021-08-17,2021,ARI,PHI,5,5.0,20,68,2,3,1,1,1.03,ARI202108170
Taylor Widener,widet001,2021-08-22,2021,ARI,COL,5,5.0,21,78,1,5,0,0,0.92,COL202108220
Taylor Widener,widet001,2021-08-27,2021,ARI,PHI,4,5.0,23,91,5,3,1,0,1.01,PHI202108270
Trevor Williams,willt002,2021-04-05,2021,CHN,MIL,6,6.0,22,85,2,2,0,1,0.97,CHN202104050
Trevor Williams,willt002,2021-04-11,2021,CHN,PIT,3,3.3,23,75,10,2,0,0,1.0,PIT202104110
Trevor Williams,willt002,2021-04-17,2021,CHN,ATL,4,5.0,21,92,4,3,0,1,0.97,CHN202104170
Trevor Williams,willt002,2021-04-22,2021,CHN,NYN,6,5.0,21,82,5,1,1,1,0.97,CHN202104220
Trevor Williams,willt002,2021-04-27,2021,CHN,ATL,8,5.0,23,86,6,2,1,0,1.02,ATL202104270
Trevor Williams,willt002,2021-05-02,2021,CHN,CIN,2,2.7,16,72,6,4,3,0,1.0,CIN202105020
Trevor Williams,willt002,2021-05-08,2021,CHN,PIT,6,4.0,20,83,5,2,1,1,0.97,CHN202105080
Trevor Williams,willt002,2021-05-15,2021,CHN,DET,2,2.0,12,42,4,2,0,0,1.0,DET202105150
Trevor Williams,willt002,2021-05-20,2021,CHN,WAS,5,4.7,19,77,5,2,2,1,0.97,CHN202105200
Trevor Williams,willt002,2021-05-26,2021,CHN,PIT,7,6.0,20,71,3,0,0,0,1.0,PIT202105260
Trevor Williams,willt002,2021-07-20,2021,CHN,SLN,3,5.0,23,95,7,1,1,0,1.0,SLN202107200
Trevor Williams,willt002,2021-07-25,2021,CHN,ARI,6,6.3,24,104,5,0,0,1,0.97,CHN202107250
Trevor Williams,willt002,2021-08-12,2021,NYN,WAS,2,4.3,17,52,3,2,0,1,1.06,NYN202108122
Trevor Williams,willt002,2021-08-31,2021,NYN,MIA,4,4.3,18,57,4,0,0,1,1.06,NYN202108310
Trevor Williams,willt002,2021-09-06,2021,NYN,WAS,3,5.0,26,93,10,2,0,0,1.01,WAS202109060
Bryse Wilson,wilsb003,2021-04-18,2021,ATL,CHN,1,5.0,21,69,7,1,2,0,0.97,CHN202104180
Bryse Wilson,wilsb003,2021-04-25,2021,ATL,ARI,4,4.0,17,61,4,2,2,1,1.02,ATL202104251
Bryse Wilson,wilsb003,2021-04-29,2021,ATL,CHN,1,3.0,18,55,7,2,0,1,1.02,ATL202104290
Bryse Wilson,wilsb003,2021-05-11,2021,ATL,TOR,5,6.0,23,84,6,0,1,1,1.02,ATL202105110
Bryse Wilson,wilsb003,2021-05-22,2021,ATL,PIT,4,6.7,25,85,5,2,1,1,1.02,ATL202105220
Bryse Wilson,wilsb003,2021-06-20,2021,ATL,SLN,4,4.0,20,65,8,0,1,1,1.02,ATL202106201
Bryse Wilson,wilsb003,2021-07-21,2021,ATL,SDN,2,2.0,14,60,4,4,0,1,1.02,ATL202107212
Bryse Wilson,wilsb003,2021-07-26,2021,ATL,NYN,2,3.0,15,54,4,1,0,0,1.06,NYN202107262
Bryse Wilson,wilsb003,2021-08-02,2021,PIT,MIL,0,5.0,18,74,2,2,0,0,1.05,MIL202108020
Bryse Wilson,wilsb003,2021-08-08,2021,PIT,CIN,7,6.0,25,97,6,1,0,0,1.0,CIN202108080
Bryse Wilson,wilsb003,2021-08-14,2021,PIT,MIL,1,4.0,18,61,7,0,2,1,1.0,PIT202108141
Bryse Wilson,wilsb003,2021-08-25,2021,PIT,ARI,7,5.0,19,74,2,2,0,1,1.0,PIT202108250
Bryse Wilson,wilsb003,2021-08-31,2021,PIT,CHA,1,5.0,22,69,6,1,2,0,0.99,CHA202108310
Bryse Wilson,wilsb003,2021-09-06,2021,PIT,DET,4,6.0,26,83,6,2,0,1,1.0,PIT202109060
Bryse Wilson,wilsb003,2021-09-12,2021,PIT,WAS,0,4.3,23,77,7,2,3,1,1.0,PIT202109120
Bryse Wilson,wilsb003,2021-09-18,2021,PIT,MIA,3,5.0,18,68,4,0,1,0,0.98,MIA202109180
Nick Wittgren,wittn001,2021-09-20,2021,CLE,KCA,0,0.7,6,30,1,3,0,1,1.04,CLE202109202
Asher Wojciechowski,wojca001,2021-07-21,2021,NYA,PHI,4,4.0,19,83,3,3,1,1,0.99,NYA202107210
Alex Wood,wooda002,2021-04-18,2021,SFN,MIA,4,5.0,17,61,4,0,0,0,0.98,MIA202104180
Alex Wood,wooda002,2021-04-23,2021,SFN,MIA,7,7.0,23,97,1,1,1,1,1.03,SFN202104230
Alex Wood,wooda002,2021-04-28,2021,SFN,COL,9,6.0,24,97,4,2,0,1,1.03,SFN202104280
Alex Wood,wooda002,2021-05-04,2021,SFN,COL,2,5.0,22,81,4,2,1,0,0.92,COL202105042
Alex Wood,wooda002,2021-05-10,2021,SFN,TEX,7,7.0,26,99,4,3,0,1,1.03,SFN202105100
Alex Wood,wooda002,2021-05-16,2021,SFN,PIT,6,6.0,26,100,8,1,0,0,1.0,PIT202105160
Alex Wood,wooda002,2021-05-21,2021,SFN,LAN,7,6.0,27,93,8,2,1,1,1.03,SFN202105210
Alex Wood,wooda002,2021-05-27,2021,SFN,LAN,8,6.0,25,83,6,0,3,0,1.03,LAN202105270
Alex Wood,wooda002,2021-06-01,2021,SFN,ANA,2,3.7,19,73,4,4,0,1,1.03,SFN202106010
Alex Wood,wooda002,2021-06-08,2021,SFN,TEX,2,5.3,21,96,5,3,1,0,0.99,TEX202106080
Alex Wood,wooda002,2021-06-14,2021,SFN,ARI,7,6.0,24,101,4,1,1,1,1.03,SFN202106140
Alex Wood,wooda002,2021-06-19,2021,SFN,PHI,4,3.0,19,75,6,2,1,1,1.03,SFN202106190
Alex Wood,wooda002,2021-06-26,2021,SFN,OAK,8,5.3,22,92,4,1,0,1,1.03,SFN202106260
Alex Wood,wooda002,2021-07-02,2021,SFN,ARI,8,5.0,23,98,4,3,0,0,1.03,ARI202107020
Alex Wood,wooda002,2021-07-07,2021,SFN,SLN,6,7.0,26,94,3,2,0,1,1.03,SFN202107070
Alex Wood,wooda002,2021-07-20,2021,SFN,LAN,7,5.0,24,93,6,1,1,0,1.03,LAN202107200
Alex Wood,wooda002,2021-07-25,2021,SFN,PIT,8,5.3,24,91,5,2,0,1,1.03,SFN202107250
Alex Wood,wooda002,2021-07-31,2021,SFN,HOU,3,5.0,24,68,6,1,2,1,1.03,SFN202107310
Alex Wood,wooda002,2021-08-05,2021,SFN,ARI,5,4.0,23,80,7,3,0,0,1.03,ARI202108050
Alex Wood,wooda002,2021-08-10,2021,SFN,ARI,5,6.0,24,82,6,0,1,1,1.03,SFN202108100
Alex Wood,wooda002,2021-08-15,2021,SFN,COL,6,6.7,27,91,6,1,0,1,1.03,SFN202108150
Alex Wood,wooda002,2021-08-20,2021,SFN,OAK,9,5.0,22,96,5,2,0,0,1.0,OAK202108200
Alex Wood,wooda002,2021-08-26,2021,SFN,NYN,5,5.3,22,82,6,2,1,0,1.06,NYN202108260
Alex Wood,wooda002,2021-09-18,2021,SFN,ATL,4,3.0,10,37,0,0,0,1,1.03,SFN202109180
Alex Wood,wooda002,2021-09-24,2021,SFN,COL,7,4.0,19,61,6,0,0,0,0.92,COL202109240
Alex Wood,wooda002,2021-09-29,2021,SFN,ARI,6,6.0,22,74,3,0,0,1,1.03,SFN202109290
Brandon Woodruff,woodb005,2021-04-01,2021,MIL,MIN,5,4.0,20,78,6,2,0,1,1.05,MIL202104010
Brandon Woodruff,woodb005,2021-04-07,2021,MIL,CHN,8,7.0,22,74,1,0,0,0,0.97,CHN202104070
Brandon Woodruff,woodb005,2021-04-13,2021,MIL,CHN,6,6.0,23,91,3,1,0,1,1.05,MIL202104130
Brandon Woodruff,woodb005,2021-04-19,2021,MIL,SDN,7,6.0,22,95,1,3,0,0,1.08,SDN202104190
Brandon Woodruff,woodb005,2021-04-25,2021,MIL,CHN,8,6.0,21,91,2,2,0,0,0.97,CHN202104250
Brandon Woodruff,woodb005,2021-05-01,2021,MIL,LAN,6,6.0,25,91,6,1,1,1,1.05,MIL202105010
Brandon Woodruff,woodb005,2021-05-06,2021,MIL,PHI,11,6.7,24,103,2,2,1,0,1.01,PHI202105060
Brandon Woodruff,woodb005,2021-05-12,2021,MIL,SLN,10,7.7,27,98,3,1,1,1,1.05,MIL202105120
Brandon Woodruff,woodb005,2021-05-18,2021,MIL,KCA,4,7.7,29,98,4,2,0,0,0.96,KCA202105180
Brandon Woodruff,woodb005,2021-05-24,2021,MIL,SDN,8,7.0,24,100,3,0,0,1,1.05,MIL202105240
Brandon Woodruff,woodb005,2021-05-30,2021,MIL,WAS,10,7.0,24,106,2,2,0,0,1.01,WAS202105300
Brandon Woodruff,woodb005,2021-06-05,2021,MIL,ARI,9,5.0,22,99,6,1,1,1,1.05,MIL202106050
Brandon Woodruff,woodb005,2021-06-11,2021,MIL,PIT,5,7.0,25,98,4,0,2,1,1.05,MIL202106110
Brandon Woodruff,woodb005,2021-06-17,2021,MIL,COL,5,5.0,24,85,5,2,2,0,0.92,COL202106170
Brandon Woodruff,woodb005,2021-06-23,2021,MIL,ARI,9,7.0,26,98,3,2,1,0,1.03,ARI202106230
Brandon Woodruff,woodb005,2021-06-29,2021,MIL,CHN,8,6.0,25,104,4,3,0,1,1.05,MIL202106290
Brandon Woodruff,woodb005,2021-07-05,2021,MIL,NYN,6,6.3,24,76,4,1,0,0,1.06,NYN202107050
Brandon Woodruff,woodb005,2021-07-11,2021,MIL,CIN,4,6.0,25,106,9,0,0,1,1.05,MIL202107110
Brandon Woodruff,woodb005,2021-07-17,2021,MIL,CIN,8,5.7,23,104,2,4,0,0,1.0,CIN202107170
Brandon Woodruff,woodb005,2021-07-25,2021,MIL,CHA,9,7.0,26,103,5,2,0,1,1.05,MIL202107250
Brandon Woodruff,woodb005,2021-07-31,2021,MIL,ATL,6,5.3,25,101,8,1,1,0,1.02,ATL202107310
Brandon Woodruff,woodb005,2021-08-07,2021,MIL,SFN,8,6.0,25,104,6,1,1,1,1.05,MIL202108070
Brandon Woodruff,woodb005,2021-08-12,2021,MIL,CHN,3,3.0,15,74,2,3,0,0,0.97,CHN202108120
Brandon Woodruff,woodb005,2021-08-19,2021,MIL,SLN,4,5.0,24,86,8,1,2,0,1.0,SLN202108190
Brandon Woodruff,woodb005,2021-08-25,2021,MIL,CIN,10,6.0,22,104,4,0,0,1,1.05,MIL202108250
Brandon Woodruff,woodb005,2021-08-31,2021,MIL,SFN,8,6.0,25,92,5,3,1,0,1.03,SFN202108310
Brandon Woodruff,woodb005,2021-09-06,2021,MIL,PHI,6,6.0,28,101,9,1,3,1,1.05,MIL202109060
Brandon Woodruff,woodb005,2021-09-15,2021,MIL,DET,7,6.0,23,90,4,1,0,0,1.0,DET202109150
Brandon Woodruff,woodb005,2021-09-21,2021,MIL,SLN,10,6.0,21,93,2,1,0,1,1.05,MIL202109210
Brandon Woodruff,woodb005,2021-09-28,2021,MIL,SLN,3,4.0,19,63,7,0,1,0,1.0,SLN202109280
Jake Woodford,woodj003,2021-07-19,2021,SLN,CHN,6,5.7,22,80,6,0,0,1,1.0,SLN202107190
Jake Woodford,woodj003,2021-07-24,2021,SLN,CIN,2,5.0,24,88,7,2,1,0,1.0,CIN202107240
Jake Woodford,woodj003,2021-07-31,2021,SLN,MIN,3,3.0,18,72,7,1,1,1,1.0,SLN202107310
Jake Woodford,woodj003,2021-09-09,2021,SLN,LAN,3,4.0,17,66,3,2,0,1,1.0,SLN202109090
Jake Woodford,woodj003,2021-09-14,2021,SLN,NYN,0,4.0,16,61,4,2,0,0,1.06,NYN202109140
Jake Woodford,woodj003,2021-09-21,2021,SLN,MIL,5,5.0,18,84,2,1,0,0,1.05,MIL202109210
Jake Woodford,woodj003,2021-09-26,2021,SLN,CHN,1,5.3,23,83,6,2,0,0,0.97,CHN202109260
Jake Woodford,woodj003,2021-10-03,2021,SLN,CHN,4,5.0,22,76,6,1,0,1,1.0,SLN202110030
Kyle Wright,wrigk001,2021-04-16,2021,ATL,CHN,5,4.3,22,78,3,2,1,0,0.97,CHN202104160
Kyle Wright,wrigk001,2021-06-23,2021,ATL,NYN,1,2.0,13,55,4,3,1,0,1.06,NYN202106230
Miguel Yajure,yajum001,2021-04-21,2021,PIT,DET,4,4.3,18,60,4,2,2,0,1.0,DET202104212
Miguel Yajure,yajum001,2021-05-14,2021,PIT,SFN,4,5.0,16,57,1,1,0,1,1.0,PIT202105140
Miguel Yajure,yajum001,2021-09-30,2021,PIT,CHN,1,2.0,15,50,7,2,2,1,1.0,PIT202109300
Jordan Yamamoto,yamaj001,2021-05-23,2021,NYN,MIA,2,4.0,21,73,6,2,0,0,0.98,MIA202105230
Hyeon-jong Yang,yangh001,2021-05-05,2021,TEX,MIN,8,3.3,15,66,4,1,1,0,1.0,MIN202105050
Hyeon-jong Yang,yangh001,2021-05-19,2021,TEX,NYA,2,5.3,20,74,3,4,0,1,0.99,TEX202105190
Hyeon-jong Yang,yangh001,2021-05-25,2021,TEX,ANA,2,3.3,17,60,5,3,2,0,0.99,ANA202105250
Hyeon-jong Yang,yangh001,2021-05-30,2021,TEX,SEA,2,3.0,15,70,5,1,0,0,1.04,SEA202105300
Ryan Yarbrough,yarbr001,2021-04-02,2021,TBA,MIA,3,5.7,20,65,4,0,0,0,0.98,MIA202104020
Ryan Yarbrough,yarbr001,2021-04-07,2021,TBA,BOS,2,5.0,26,89,9,1,1,0,0.98,BOS202104070
Ryan Yarbrough,yarbr001,2021-04-13,2021,TBA,TEX,6,6.0,29,93,10,1,0,1,1.05,TBA202104130
Ryan Yarbrough,yarbr001,2021-04-30,2021,TBA,HOU,5,6.0,28,103,9,1,1,1,1.05,TBA202104300
Ryan Yarbrough,yarbr001,2021-05-19,2021,TBA,BAL,2,6.0,27,84,7,2,3,0,1.0,BAL202105190
Ryan Yarbrough,yarbr001,2021-05-24,2021,TBA,TOR,4,6.0,21,86,3,0,3,0,1.0,TOR202105240
Ryan Yarbrough,yarbr001,2021-05-29,2021,TBA,PHI,8,4.3,18,78,3,2,0,1,1.05,TBA202105290
Ryan Yarbrough,yarbr001,2021-06-03,2021,TBA,NYA,6,9.0,33,113,6,0,2,0,0.99,NYA202106030
Ryan Yarbrough,yarbr001,2021-06-11,2021,TBA,BAL,6,6.0,22,79,4,0,1,1,1.05,TBA202106110
Ryan Yarbrough,yarbr001,2021-06-16,2021,TBA,CHA,5,6.3,30,96,10,1,1,0,0.99,CHA202106160
Ryan Yarbrough,yarbr001,2021-06-27,2021,TBA,ANA,4,6.0,24,98,6,1,0,1,1.05,TBA202106270
Ryan Yarbrough,yarbr001,2021-07-04,2021,TBA,TOR,5,5.0,19,71,4,0,1,0,1.0,TOR202107040
Ryan Yarbrough,yarbr001,2021-07-10,2021,TBA,TOR,4,5.0,20,104,5,2,1,1,1.05,TBA202107100
Ryan Yarbrough,yarbr001,2021-07-19,2021,TBA,BAL,5,5.7,27,105,8,2,0,1,1.05,TBA202107190
Ryan Yarbrough,yarbr001,2021-07-25,2021,TBA,CLE,6,7.0,27,92,5,1,1,0,1.04,CLE202107250
Ryan Yarbrough,yarbr001,2021-07-31,2021,TBA,BOS,4,5.0,20,84,4,1,2,1,1.05,TBA202107310
Ryan Yarbrough,yarbr001,2021-08-06,2021,TBA,BAL,4,5.0,23,97,9,0,2,0,1.0,BAL202108060
Ryan Yarbrough,yarbr001,2021-08-25,2021,TBA,PHI,0,4.0,18,55,5,2,0,0,1.01,PHI202108250
Ryan Yarbrough,yarbr001,2021-08-31,2021,TBA,BOS,3,6.0,23,78,5,0,1,1,1.05,TBA202108310
Ryan Yarbrough,yarbr001,2021-09-06,2021,TBA,BOS,1,2.0,17,64,8,2,0,0,0.98,BOS202109060
Ryan Yarbrough,yarbr001,2021-09-18,2021,TBA,DET,4,6.0,23,86,5,0,2,1,1.05,TBA202109180
Huascar Ynoa,ynoah001,2021-04-07,2021,ATL,WAS,5,5.0,17,68,2,1,0,0,1.01,WAS202104072
Huascar Ynoa,ynoah001,2021-04-12,2021,ATL,MIA,10,6.0,22,82,3,1,1,1,1.02,ATL202104120
Huascar Ynoa,ynoah001,2021-04-17,2021,ATL,CHN,5,4.0,20,72,7,1,3,0,0.97,CHN202104170
Huascar Ynoa,ynoah001,2021-04-23,2021,ATL,ARI,5,6.0,21,82,2,1,1,1,1.02,ATL202104230
Huascar Ynoa,ynoah001,2021-04-28,2021,ATL,CHN,9,5.3,22,101,4,2,0,1,1.02,ATL202104280
Huascar Ynoa,ynoah001,2021-05-04,2021,ATL,WAS,4,7.0,25,96,4,2,0,0,1.01,WAS202105040
Huascar Ynoa,ynoah001,2021-05-09,2021,ATL,PHI,6,6.0,24,92,4,1,1,1,1.02,ATL202105090
Huascar Ynoa,ynoah001,2021-05-16,2021,ATL,MIL,6,4.3,24,93,9,2,1,0,1.05,MIL202105160
Huascar Ynoa,ynoah001,2021-08-17,2021,ATL,MIA,4,5.3,19,80,3,1,0,0,0.98,MIA202108170
Huascar Ynoa,ynoah001,2021-08-23,2021,ATL,NYA,9,6.0,24,93,4,1,1,1,1.02,ATL202108230
Huascar Ynoa,ynoah001,2021-08-28,2021,ATL,SFN,3,6.0,24,96,3,3,1,1,1.02,ATL202108280
Huascar Ynoa,ynoah001,2021-09-03,2021,ATL,COL,5,5.7,23,91,5,1,1,0,0.92,COL202109030
Huascar Ynoa,ynoah001,2021-09-09,2021,ATL,WAS,7,5.0,20,89,3,2,0,1,1.02,ATL202109090
Huascar Ynoa,ynoah001,2021-09-15,2021,ATL,COL,8,4.7,21,92,4,2,0,1,1.02,ATL202109150
Huascar Ynoa,ynoah001,2021-09-20,2021,ATL,ARI,2,4.0,18,75,5,2,0,0,1.03,ARI202109200
Huascar Ynoa,ynoah001,2021-09-25,2021,ATL,SDN,6,4.7,22,86,7,0,3,0,1.08,SDN202109250
Huascar Ynoa,ynoah001,2021-10-01,2021,ATL,NYN,6,5.0,22,80,6,2,1,1,1.02,ATL202110010
Alex Young,youna002,2021-06-15,2021,ARI,SFN,2,4.0,17,57,5,1,1,0,1.03,SFN202106150
Alex Young,youna002,2021-06-20,2021,ARI,LAN,3,3.0,17,70,7,2,1,1,1.03,ARI202106200
Angel Zerpa,zerpa001,2021-09-30,2021,KCA,CLE,4,5.0,20,68,3,1,0,1,0.96,KCA202109300
T. J. Zeuch,zeuct001,2021-04-04,2021,TOR,NYA,1,4.0,15,63,3,1,0,0,0.99,NYA202104040
T. J. Zeuch,zeuct001,2021-04-14,2021,TOR,NYA,2,4.0,17,62,4,2,2,1,1.0,TOR202104140
T. J. Zeuch,zeuct001,2021-06-17,2021,TOR,NYA,2,3.0,17,65,5,2,1,1,1.0,TOR202106170
Bruce Zimmermann,zimmb002,2021-04-04,2021,BAL,BOS,5,6.0,23,73,4,1,1,0,0.98,BOS202104040
Bruce Zimmermann,zimmb002,2021-04-10,2021,BAL,BOS,4,6.0,24,85,7,1,1,1,1.0,BAL202104100
Bruce Zimmermann,zimmb002,2021-04-15,2021,BAL,SEA,2,5.0,22,87,6,3,2,1,1.0,BAL202104152
Bruce Zimmermann,zimmb002,2021-04-21,2021,BAL,MIA,4,4.7,21,81,6,2,0,0,0.98,MIA202104210
Bruce Zimmermann,zimmb002,2021-04-27,2021,BAL,NYA,3,3.7,21,74,9,1,2,1,1.0,BAL202104270
Bruce Zimmermann,zimmb002,2021-05-02,2021,BAL,OAK,4,4.7,25,87,7,2,1,0,1.0,OAK202105020
Bruce Zimmermann,zimmb002,2021-05-22,2021,BAL,WAS,2,3.0,17,82,7,1,1,0,1.01,WAS202105220
Bruce Zimmermann,zimmb002,2021-05-27,2021,BAL,CHA,6,5.0,21,82,6,1,1,0,0.99,CHA202105270
Bruce Zimmermann,zimmb002,2021-06-01,2021,BAL,MIN,7,5.3,24,87,6,2,1,1,1.0,BAL202106010
Bruce Zimmermann,zimmb002,2021-06-08,2021,BAL,NYN,7,5.0,19,90,2,2,1,1,1.0,BAL202106080
Bruce Zimmermann,zimmb002,2021-06-13,2021,BAL,TBA,3,5.7,25,95,6,3,0,0,1.05,TBA202106130
Bruce Zimmermann,zimmb002,2021-09-28,2021,BAL,BOS,2,4.0,16,70,2,2,1,1,1.0,BAL202109280
Bruce Zimmermann,zimmb002,2021-10-03,2021,BAL,TOR,1,0.7,7,28,5,0,1,0,1.0,TOR202110030
Kyle Zimmer,zimmk001,2021-06-18,2021,KCA,BOS,3,2.0,8,34,3,0,0,1,0.96,KCA202106180
Kyle Zimmer,zimmk001,2021-06-26,2021,KCA,TEX,2,1.0,5,22,0,2,0,0,0.99,TEX202106260
