pitcher_name,pitcher_id,game_date,season,team,opponent,strikeouts,innings_pitched,batters_faced,pitches_thrown,hits,walks,home_runs,is_home,park_k_factor,game_id
Cory Abbott,abboc001,2022-08-02,2022,WAS,NYN,3,5.0,20,76,2,2,0,1,1.01,WAS202208020
Cory Abbott,abboc001,2022-08-07,2022,WAS,PHI,2,3.7,23,79,7,5,4,0,1.01,PHI202208070
Cory Abbott,abboc001,2022-08-12,2022,WAS,SDN,5,4.0,20,90,4,3,0,1,1.01,WAS202208120
Cory Abbott,abboc001,2022-08-17,2022,WAS,CHN,5,6.0,22,83,3,1,1,1,1.01,WAS202208170
Cory Abbott,abboc001,2022-09-07,2022,WAS,SLN,5,4.3,17,88,5,0,1,0,1.0,SLN202209070
Cory Abbott,abboc001,2022-09-13,2022,WAS,BAL,3,3.0,18,72,5,3,0,1,1.01,WAS202209130
Cory Abbott,abboc001,2022-09-19,2022,WAS,ATL,0,4.0,18,69,6,2,1,0,1.02,ATL202209190
Cory Abbott,abboc001,2022-09-26,2022,WAS,ATL,7,5.0,22,82,3,3,2,1,1.01,WAS202209260
Cory Abbott,abboc001,2022-10-04,2022,WAS,NYN,6,4.0,22,88,5,4,1,0,1.06,NYN202210041
Joan Adon,adonj001,2022-04-09,2022,WAS,NYN,3,4.3,22,86,4,4,1,1,1.01,WAS202204090
Joan Adon,adonj001,2022-04-14,2022,WAS,PIT,5,4.7,25,91,9,3,2,0,1.0,PIT202204140
Joan Adon,adonj001,2022-04-19,2022,WAS,ARI,5,6.3,24,88,3,2,0,1,1.01,WAS202204192
Joan Adon,adonj001,2022-04-24,2022,WAS,SFN,3,4.0,19,70,6,1,1,1,1.01,WAS202204240
Joan Adon,adonj001,2022-04-30,2022,WAS,SFN,5,4.0,21,86,4,3,0,0,1.03,SFN202204300
Joan Adon,adonj001,2022-05-06,2022,WAS,ANA,6,5.0,22,85,3,5,0,0,0.99,ANA202205060
Joan Adon,adonj001,2022-05-12,2022,WAS,NYN,2,3.7,18,84,3,5,0,1,1.01,WAS202205120
Joan Adon,adonj001,2022-05-17,2022,WAS,MIA,2,4.7,20,84,5,0,1,0,0.98,MIA202205170
Joan Adon,adonj001,2022-05-23,2022,WAS,LAN,4,4.7,25,92,7,4,0,1,1.01,WAS202205230
Joan Adon,adonj001,2022-05-28,2022,WAS,COL,3,6.0,28,89,6,2,0,1,1.01,WAS202205282
Joan Adon,adonj001,2022-06-02,2022,WAS,CIN,4,5.3,24,98,6,4,1,0,1.0,CIN202206020
Joan Adon,adonj001,2022-06-07,2022,WAS,MIA,2,3.0,18,58,7,2,2,0,0.98,MIA202206070
Joan Adon,adonj001,2022-06-17,2022,WAS,PHI,6,5.0,23,97,7,1,0,1,1.01,WAS202206171
Joan Adon,adonj001,2022-07-07,2022,WAS,PHI,5,4.0,21,96,6,3,0,0,1.01,PHI202207070
Keegan Akin,akink001,2022-09-05,2022,BAL,TOR,4,2.3,10,42,2,1,0,1,1.0,BAL202209052
Sandy Alcántara,alcas001,2022-04-08,2022,MIA,SFN,4,5.0,21,83,3,5,1,0,1.03,SFN202204080
Sandy Alcántara,alcas001,2022-04-14,2022,MIA,PHI,5,6.3,27,95,7,1,0,1,0.98,MIA202204140
Sandy Alcántara,alcas001,2022-04-20,2022,MIA,SLN,6,8.0,28,98,4,1,0,1,0.98,MIA202204200
Sandy Alcántara,alcas001,2022-04-26,2022,MIA,WAS,5,6.0,23,96,6,3,0,0,1.01,WAS202204260
Sandy Alcántara,alcas001,2022-05-01,2022,MIA,SEA,6,5.7,25,103,6,4,2,1,0.98,MIA202205010
Sandy Alcántara,alcas001,2022-05-06,2022,MIA,SDN,5,4.7,21,94,5,2,0,0,1.08,SDN202205060
Sandy Alcántara,alcas001,2022-05-11,2022,MIA,ARI,6,7.0,26,99,2,3,1,0,1.03,ARI202205110
Sandy Alcántara,alcas001,2022-05-16,2022,MIA,WAS,5,8.0,30,100,3,1,0,1,0.98,MIA202205160
Sandy Alcántara,alcas001,2022-05-22,2022,MIA,ATL,7,9.0,35,115,6,2,0,1,0.98,MIA202205220
Sandy Alcántara,alcas001,2022-05-28,2022,MIA,ATL,14,8.0,26,108,4,0,0,0,1.02,ATL202205280
Sandy Alcántara,alcas001,2022-06-02,2022,MIA,SFN,8,7.0,25,111,3,2,0,1,0.98,MIA202206020
Sandy Alcántara,alcas001,2022-06-08,2022,MIA,WAS,6,9.0,33,105,6,0,0,1,0.98,MIA202206080
Sandy Alcántara,alcas001,2022-06-13,2022,MIA,PHI,5,7.7,31,113,6,3,0,0,1.01,PHI202206130
Sandy Alcántara,alcas001,2022-06-19,2022,MIA,NYN,8,8.0,30,106,6,1,0,0,1.06,NYN202206190
Sandy Alcántara,alcas001,2022-06-24,2022,MIA,NYN,4,7.0,27,96,6,0,2,1,0.98,MIA202206240
Sandy Alcántara,alcas001,2022-06-29,2022,MIA,SLN,3,9.0,35,117,7,2,0,0,1.0,SLN202206290
Sandy Alcántara,alcas001,2022-07-05,2022,MIA,ANA,10,8.0,26,107,2,0,0,1,0.98,MIA202207050
Sandy Alcántara,alcas001,2022-07-10,2022,MIA,NYN,4,7.0,27,93,6,1,0,0,1.06,NYN202207100
Sandy Alcántara,alcas001,2022-07-15,2022,MIA,PHI,12,8.0,28,106,4,2,0,1,0.98,MIA202207150
Sandy Alcántara,alcas001,2022-07-24,2022,MIA,PIT,10,6.0,24,105,2,3,1,0,1.0,PIT202207240
Sandy Alcántara,alcas001,2022-07-29,2022,MIA,NYN,5,5.0,26,100,8,3,1,1,0.98,MIA202207290
Sandy Alcántara,alcas001,2022-08-03,2022,MIA,CIN,3,9.0,31,105,6,1,0,1,0.98,MIA202208030
Sandy Alcántara,alcas001,2022-08-10,2022,MIA,PHI,4,7.7,31,91,8,1,0,0,1.01,PHI202208100
Sandy Alcántara,alcas001,2022-08-15,2022,MIA,SDN,7,7.0,27,108,4,2,0,1,0.98,MIA202208150
Sandy Alcántara,alcas001,2022-08-21,2022,MIA,LAN,5,3.7,22,89,10,1,1,0,1.03,LAN202208210
Sandy Alcántara,alcas001,2022-08-27,2022,MIA,LAN,10,9.0,34,108,6,2,1,1,0.98,MIA202208270
Sandy Alcántara,alcas001,2022-09-02,2022,MIA,ATL,3,5.0,24,95,7,1,3,0,1.02,ATL202209020
Sandy Alcántara,alcas001,2022-09-08,2022,MIA,PHI,7,6.0,25,94,8,0,1,0,1.01,PHI202209080
Sandy Alcántara,alcas001,2022-09-13,2022,MIA,PHI,4,7.0,28,103,8,1,1,1,0.98,MIA202209130
Sandy Alcántara,alcas001,2022-09-18,2022,MIA,WAS,7,9.0,33,103,7,1,0,0,1.01,WAS202209180
Sandy Alcántara,alcas001,2022-09-24,2022,MIA,WAS,11,8.0,28,99,3,1,1,1,0.98,MIA202209240
Sandy Alcántara,alcas001,2022-09-30,2022,MIA,MIL,8,8.0,29,100,5,0,0,0,1.05,MIL202209300
Jason Alexander,alexj001,2022-06-01,2022,MIL,CHN,3,7.0,28,97,7,3,0,0,0.97,CHN202206010
Jason Alexander,alexj001,2022-06-07,2022,MIL,PHI,1,5.0,23,78,7,2,0,1,1.05,MIL202206070
Jason Alexander,alexj001,2022-06-12,2022,MIL,WAS,2,4.7,23,83,7,3,0,0,1.01,WAS202206120
Jason Alexander,alexj001,2022-06-18,2022,MIL,CIN,2,5.7,26,80,8,1,0,0,1.0,CIN202206180
Jason Alexander,alexj001,2022-06-23,2022,MIL,SLN,5,5.7,24,88,6,2,1,1,1.05,MIL202206230
Jason Alexander,alexj001,2022-07-05,2022,MIL,CHN,2,5.3,28,94,8,2,1,1,1.05,MIL202207050
Jason Alexander,alexj001,2022-07-12,2022,MIL,MIN,1,4.0,17,73,3,2,1,0,1.0,MIN202207120
Jason Alexander,alexj001,2022-08-30,2022,MIL,PIT,6,5.0,18,59,3,1,0,1,1.05,MIL202208300
Jason Alexander,alexj001,2022-09-04,2022,MIL,ARI,3,4.7,22,85,5,4,1,0,1.03,ARI202209040
Jason Alexander,alexj001,2022-09-09,2022,MIL,CIN,4,5.3,25,88,9,1,1,1,1.05,MIL202209090
Jason Alexander,alexj001,2022-09-18,2022,MIL,NYA,5,3.7,17,79,6,1,3,1,1.05,MIL202209180
Scott Alexander,alexs001,2022-09-08,2022,SFN,MIL,1,1.0,3,14,0,0,0,0,1.05,MIL202209081
Scott Alexander,alexs001,2022-09-25,2022,SFN,ARI,0,1.0,4,12,1,0,0,0,1.03,ARI202209250
Scott Alexander,alexs001,2022-10-01,2022,SFN,ARI,1,1.3,5,15,0,0,0,1,1.03,SFN202210010
Scott Alexander,alexs001,2022-10-02,2022,SFN,ARI,0,1.0,5,15,2,0,0,1,1.03,SFN202210020
Tyler Alexander,alext001,2022-04-12,2022,DET,BOS,4,5.3,20,73,5,0,0,1,1.0,DET202204120
Tyler Alexander,alext001,2022-04-19,2022,DET,NYA,2,1.0,7,42,1,2,0,1,1.0,DET202204190
Tyler Alexander,alext001,2022-04-24,2022,DET,COL,2,3.7,20,80,8,1,1,1,1.0,DET202204240
Tyler Alexander,alext001,2022-04-29,2022,DET,LAN,1,2.3,12,45,3,2,2,0,1.03,LAN202204290
Tyler Alexander,alext001,2022-07-28,2022,DET,TOR,1,4.0,18,69,5,1,1,0,1.0,TOR202207280
Tyler Alexander,alext001,2022-08-03,2022,DET,MIN,5,5.0,18,66,2,1,0,0,1.0,MIN202208030
Tyler Alexander,alext001,2022-08-09,2022,DET,CLE,2,7.0,26,84,7,0,0,1,1.0,DET202208090
Tyler Alexander,alext001,2022-08-14,2022,DET,CHA,2,5.0,24,97,6,3,1,0,0.99,CHA202208140
Tyler Alexander,alext001,2022-08-20,2022,DET,ANA,2,6.0,26,96,7,1,1,1,1.0,DET202208200
Tyler Alexander,alext001,2022-08-26,2022,DET,TEX,3,3.0,17,68,8,1,3,0,0.99,TEX202208260
Tyler Alexander,alext001,2022-08-31,2022,DET,SEA,4,4.7,19,78,4,1,1,1,1.0,DET202208310
Tyler Alexander,alext001,2022-09-05,2022,DET,ANA,2,4.3,24,85,10,0,2,0,0.99,ANA202209050
Tyler Alexander,alext001,2022-09-11,2022,DET,KCA,2,5.0,21,68,6,1,1,0,0.96,KCA202209110
Tyler Alexander,alext001,2022-09-19,2022,DET,BAL,4,7.0,24,87,2,2,0,0,1.0,BAL202209190
Tyler Alexander,alext001,2022-09-25,2022,DET,CHA,5,6.0,22,79,4,1,1,0,0.99,CHA202209250
Tyler Alexander,alext001,2022-09-30,2022,DET,MIN,6,5.0,23,90,5,4,0,1,1.0,DET202209300
Tyler Alexander,alext001,2022-10-05,2022,DET,SEA,5,5.7,25,92,7,1,3,0,1.04,SEA202210050
Chase Anderson,andec001,2022-08-29,2022,CIN,SLN,2,1.3,9,36,4,1,1,1,1.0,CIN202208290
Chase Anderson,andec001,2022-09-04,2022,CIN,COL,4,2.7,10,56,0,4,0,1,1.0,CIN202209042
Chase Anderson,andec001,2022-09-10,2022,CIN,MIL,5,4.0,16,84,1,3,1,0,1.05,MIL202209100
Chase Anderson,andec001,2022-09-15,2022,CIN,SLN,3,5.0,18,80,1,2,0,0,1.0,SLN202209150
Chase Anderson,andec001,2022-09-21,2022,CIN,BOS,4,5.0,18,89,3,0,0,1,1.0,CIN202209210
Chase Anderson,andec001,2022-09-26,2022,CIN,PIT,5,4.0,16,79,4,0,0,0,1.0,PIT202209260
Chase Anderson,andec001,2022-10-02,2022,CIN,CHN,0,0.3,7,37,2,3,0,0,0.97,CHN202210020
Ian Anderson,andei001,2022-04-10,2022,ATL,CIN,1,2.7,16,74,3,5,0,1,1.02,ATL202204100
Ian Anderson,andei001,2022-04-16,2022,ATL,SDN,7,5.7,20,89,2,1,1,0,1.08,SDN202204160
Ian Anderson,andei001,2022-04-23,2022,ATL,MIA,4,5.0,24,93,6,3,1,1,1.02,ATL202204230
Ian Anderson,andei001,2022-04-29,2022,ATL,TEX,5,6.0,23,90,3,2,1,0,0.99,TEX202204290
Ian Anderson,andei001,2022-05-04,2022,ATL,NYN,1,5.3,23,84,5,4,0,0,1.06,NYN202205040
Ian Anderson,andei001,2022-05-11,2022,ATL,BOS,4,5.3,23,96,7,1,1,1,1.02,ATL202205110
Ian Anderson,andei001,2022-05-16,2022,ATL,MIL,3,6.0,25,103,4,2,0,0,1.05,MIL202205160
Ian Anderson,andei001,2022-05-22,2022,ATL,MIA,6,6.0,27,96,7,2,0,0,0.98,MIA202205220
Ian Anderson,andei001,2022-05-27,2022,ATL,MIA,5,5.7,23,100,4,3,2,1,1.02,ATL202205270
Ian Anderson,andei001,2022-06-02,2022,ATL,COL,9,6.0,27,104,10,1,2,0,0.92,COL202206020
Ian Anderson,andei001,2022-06-08,2022,ATL,OAK,5,6.0,24,92,6,2,0,1,1.02,ATL202206080
Ian Anderson,andei001,2022-06-13,2022,ATL,WAS,3,4.0,21,82,6,4,0,0,1.01,WAS202206130
Ian Anderson,andei001,2022-06-19,2022,ATL,CHN,6,6.7,24,99,3,2,0,0,0.97,CHN202206190
Ian Anderson,andei001,2022-06-24,2022,ATL,LAN,6,4.0,22,88,6,4,1,1,1.02,ATL202206240
Ian Anderson,andei001,2022-06-30,2022,ATL,PHI,1,2.0,14,54,7,1,1,0,1.01,PHI202206300
Ian Anderson,andei001,2022-07-05,2022,ATL,SLN,3,5.0,24,99,8,1,0,1,1.02,ATL202207050
Ian Anderson,andei001,2022-07-10,2022,ATL,WAS,5,5.3,22,94,2,4,0,1,1.02,ATL202207100
Ian Anderson,andei001,2022-07-15,2022,ATL,WAS,5,5.3,23,101,5,3,0,0,1.01,WAS202207150
Ian Anderson,andei001,2022-07-24,2022,ATL,ANA,2,3.0,20,74,8,3,1,1,1.02,ATL202207240
Ian Anderson,andei001,2022-07-30,2022,ATL,ARI,9,6.0,20,97,1,1,0,1,1.02,ATL202207300
Ian Anderson,andei001,2022-08-05,2022,ATL,NYN,3,4.7,24,95,7,4,0,0,1.06,NYN202208050
Ian Anderson,andei001,2022-08-13,2022,ATL,MIA,4,6.0,24,101,5,1,1,0,0.98,MIA202208132
Tyler Anderson,andet002,2022-04-23,2022,LAN,SDN,4,4.7,20,80,4,3,1,0,1.08,SDN202204230
Tyler Anderson,andet002,2022-04-29,2022,LAN,DET,3,5.0,20,69,5,1,0,1,1.03,LAN202204290
Tyler Anderson,andet002,2022-05-07,2022,LAN,CHN,7,5.0,21,80,4,1,1,0,0.97,CHN202205072
Tyler Anderson,andet002,2022-05-12,2022,LAN,PHI,5,6.0,28,88,10,0,2,1,1.03,LAN202205120
Tyler Anderson,andet002,2022-05-17,2022,LAN,ARI,7,7.0,27,82,7,0,2,1,1.03,LAN202205172
Tyler Anderson,andet002,2022-05-23,2022,LAN,WAS,8,8.0,28,101,5,0,0,0,1.01,WAS202205230
Tyler Anderson,andet002,2022-05-29,2022,LAN,ARI,6,6.0,24,79,5,1,0,0,1.03,ARI202205290
Tyler Anderson,andet002,2022-06-03,2022,LAN,NYN,5,6.0,21,81,3,0,0,1,1.03,LAN202206030
Tyler Anderson,andet002,2022-06-09,2022,LAN,CHA,2,3.0,16,81,4,3,0,0,0.99,CHA202206090
Tyler Anderson,andet002,2022-06-15,2022,LAN,ANA,8,8.3,30,123,2,2,0,1,1.03,LAN202206150
Tyler Anderson,andet002,2022-06-22,2022,LAN,CIN,2,5.0,21,81,5,1,1,0,1.0,CIN202206220
Tyler Anderson,andet002,2022-06-27,2022,LAN,COL,2,6.0,27,96,10,1,1,0,0.92,COL202206270
Tyler Anderson,andet002,2022-07-02,2022,LAN,SDN,6,6.3,26,96,6,2,0,1,1.03,LAN202207020
Tyler Anderson,andet002,2022-07-08,2022,LAN,CHN,4,7.0,26,94,5,0,1,1,1.03,LAN202207080
Tyler Anderson,andet002,2022-07-14,2022,LAN,SLN,4,6.0,21,88,3,2,0,0,1.0,SLN202207140
Tyler Anderson,andet002,2022-07-22,2022,LAN,SFN,6,6.0,24,91,4,2,0,1,1.03,LAN202207220
Tyler Anderson,andet002,2022-07-28,2022,LAN,COL,4,7.0,25,94,4,0,0,0,0.92,COL202207280
Tyler Anderson,andet002,2022-08-02,2022,LAN,SFN,3,5.0,24,86,6,4,1,0,1.03,SFN202208020
Tyler Anderson,andet002,2022-08-07,2022,LAN,SDN,3,7.0,23,84,2,1,0,1,1.03,LAN202208070
Tyler Anderson,andet002,2022-08-14,2022,LAN,KCA,4,6.0,26,93,7,1,0,0,0.96,KCA202208140
Tyler Anderson,andet002,2022-08-19,2022,LAN,MIA,6,7.0,28,99,5,3,0,1,1.03,LAN202208190
Tyler Anderson,andet002,2022-08-26,2022,LAN,MIA,4,5.3,22,84,3,2,0,0,0.98,MIA202208260
Tyler Anderson,andet002,2022-08-31,2022,LAN,NYN,3,7.0,28,93,8,0,1,0,1.06,NYN202208310
Tyler Anderson,andet002,2022-09-06,2022,LAN,SFN,3,7.0,29,87,8,0,2,1,1.03,LAN202209060
Tyler Anderson,andet002,2022-09-12,2022,LAN,ARI,2,7.0,25,82,5,2,0,0,1.03,ARI202209120
Tyler Anderson,andet002,2022-09-20,2022,LAN,ARI,6,6.0,26,90,2,2,0,1,1.03,LAN202209202
Tyler Anderson,andet002,2022-09-27,2022,LAN,SDN,3,6.0,21,71,3,0,0,0,1.08,SDN202209270
Tyler Anderson,andet002,2022-10-02,2022,LAN,COL,10,5.0,20,86,6,0,1,1,1.03,LAN202210020
Chris Archer,archc001,2022-04-12,2022,MIN,LAN,3,4.0,14,63,2,0,0,1,1.0,MIN202204120
Chris Archer,archc001,2022-04-19,2022,MIN,KCA,5,4.3,20,76,4,3,1,0,0.96,KCA202204190
Chris Archer,archc001,2022-04-24,2022,MIN,CHA,2,3.0,15,59,3,3,1,1,1.0,MIN202204240
Chris Archer,archc001,2022-04-30,2022,MIN,TBA,4,4.0,17,79,2,3,1,0,1.05,TBA202204300
Chris Archer,archc001,2022-05-05,2022,MIN,BAL,6,4.0,17,76,5,0,2,0,1.0,BAL202205050
Chris Archer,archc001,2022-05-11,2022,MIN,HOU,2,3.0,17,75,5,3,1,1,1.0,MIN202205110
Chris Archer,archc001,2022-05-16,2022,MIN,OAK,2,4.0,16,62,2,2,0,0,1.0,OAK202205160
Chris Archer,archc001,2022-05-23,2022,MIN,DET,4,4.0,18,72,3,2,0,1,1.0,MIN202205230
Chris Archer,archc001,2022-05-28,2022,MIN,KCA,1,4.0,20,78,7,0,0,1,1.0,MIN202205280
Chris Archer,archc001,2022-06-02,2022,MIN,DET,3,5.0,18,57,3,1,0,0,1.0,DET202206020
Chris Archer,archc001,2022-06-08,2022,MIN,NYA,2,5.0,20,70,2,4,0,1,1.0,MIN202206080
Chris Archer,archc001,2022-06-13,2022,MIN,SEA,3,4.0,18,67,4,2,0,0,1.04,SEA202206130
Chris Archer,archc001,2022-06-19,2022,MIN,ARI,3,4.0,15,61,3,0,2,0,1.03,ARI202206190
Chris Archer,archc001,2022-06-25,2022,MIN,COL,5,5.0,17,78,1,1,0,1,1.0,MIN202206250
Chris Archer,archc001,2022-06-30,2022,MIN,CLE,2,4.0,20,90,1,6,0,0,1.04,CLE202206300
Chris Archer,archc001,2022-07-17,2022,MIN,CHA,5,4.7,20,68,5,1,0,1,1.0,MIN202207170
Chris Archer,archc001,2022-07-27,2022,MIN,MIL,2,3.0,17,78,3,6,1,0,1.05,MIL202207270
Chris Archer,archc001,2022-08-02,2022,MIN,DET,8,4.3,17,77,2,3,0,1,1.0,MIN202208020
Chris Archer,archc001,2022-08-07,2022,MIN,TOR,4,5.0,18,79,4,0,0,1,1.0,MIN202208070
Chris Archer,archc001,2022-08-14,2022,MIN,ANA,5,4.0,17,65,4,1,0,0,0.99,ANA202208140
Chris Archer,archc001,2022-08-20,2022,MIN,TEX,5,5.0,20,77,3,1,0,1,1.0,MIN202208200
Chris Archer,archc001,2022-08-25,2022,MIN,HOU,2,4.0,20,88,8,1,1,0,1.02,HOU202208250
Chris Archer,archc001,2022-08-30,2022,MIN,BOS,3,4.3,19,71,5,2,0,1,1.0,MIN202208300
Chris Archer,archc001,2022-09-05,2022,MIN,NYA,2,5.0,18,76,4,2,1,0,0.99,NYA202209050
Chris Archer,archc001,2022-09-10,2022,MIN,CLE,1,2.0,9,40,2,1,1,1,1.0,MIN202209100
Kohei Arihara,arihk001,2022-08-16,2022,TEX,OAK,6,5.7,27,93,8,3,1,1,0.99,TEX202208160
Kohei Arihara,arihk001,2022-08-21,2022,TEX,MIN,3,6.0,22,71,4,0,0,0,1.0,MIN202208210
Kohei Arihara,arihk001,2022-08-28,2022,TEX,DET,3,3.3,21,86,8,2,1,1,0.99,TEX202208280
Kohei Arihara,arihk001,2022-09-10,2022,TEX,TOR,1,3.0,26,99,12,5,2,1,0.99,TEX202209100
Shawn Armstrong,armss001,2022-09-04,2022,TBA,NYA,2,3.0,11,39,1,1,1,1,1.05,TBA202209040
Shawn Armstrong,armss001,2022-09-17,2022,TBA,TEX,3,1.7,6,22,1,0,0,1,1.05,TBA202209170
Aaron Ashby,ashba003,2022-04-17,2022,MIL,SLN,4,4.0,19,74,2,4,1,1,1.05,MIL202204170
Aaron Ashby,ashba003,2022-04-27,2022,MIL,PIT,6,5.7,22,85,1,5,0,0,1.0,PIT202204270
Aaron Ashby,ashba003,2022-05-08,2022,MIL,ATL,3,4.0,22,82,7,4,1,0,1.02,ATL202205080
Aaron Ashby,ashba003,2022-05-25,2022,MIL,SDN,5,5.7,25,91,4,3,0,0,1.08,SDN202205250
Aaron Ashby,ashba003,2022-05-30,2022,MIL,CHN,12,6.0,25,100,5,2,1,0,0.97,CHN202205302
Aaron Ashby,ashba003,2022-06-04,2022,MIL,SDN,9,6.0,24,93,6,0,1,1,1.05,MIL202206040
Aaron Ashby,ashba003,2022-06-10,2022,MIL,WAS,2,4.7,27,104,13,1,1,0,1.01,WAS202206100
Aaron Ashby,ashba003,2022-06-16,2022,MIL,NYN,5,4.3,20,79,4,3,1,0,1.06,NYN202206160
Aaron Ashby,ashba003,2022-07-02,2022,MIL,PIT,6,3.7,16,62,5,1,2,0,1.0,PIT202207020
Aaron Ashby,ashba003,2022-07-08,2022,MIL,PIT,3,5.0,20,72,3,2,1,1,1.05,MIL202207080
Aaron Ashby,ashba003,2022-07-13,2022,MIL,MIN,5,4.3,23,101,6,3,0,0,1.0,MIN202207130
Aaron Ashby,ashba003,2022-07-17,2022,MIL,SFN,2,1.0,7,22,3,0,0,0,1.03,SFN202207170
Aaron Ashby,ashba003,2022-07-25,2022,MIL,COL,9,7.0,27,111,5,1,1,1,1.05,MIL202207250
Aaron Ashby,ashba003,2022-07-31,2022,MIL,BOS,6,4.7,22,91,5,3,0,0,0.98,BOS202207310
Aaron Ashby,ashba003,2022-08-06,2022,MIL,CIN,5,4.7,24,98,3,5,1,1,1.05,MIL202208060
Aaron Ashby,ashba003,2022-08-14,2022,MIL,SLN,5,6.0,22,79,3,2,2,0,1.0,SLN202208140
Aaron Ashby,ashba003,2022-08-19,2022,MIL,CHN,8,5.0,23,91,8,0,1,0,0.97,CHN202208190
Aaron Ashby,ashba003,2022-09-20,2022,MIL,NYN,2,2.0,9,41,1,2,0,1,1.05,MIL202209200
Aaron Ashby,ashba003,2022-10-01,2022,MIL,MIA,6,4.3,16,65,3,0,1,1,1.05,MIL202210010
Graham Ashcraft,ashcg001,2022-05-22,2022,CIN,TOR,3,4.3,21,76,4,2,0,0,1.0,TOR202205220
Graham Ashcraft,ashcg001,2022-05-27,2022,CIN,SFN,1,6.3,24,92,4,2,0,1,1.0,CIN202205270
Graham Ashcraft,ashcg001,2022-06-02,2022,CIN,WAS,5,7.0,26,92,4,1,1,1,1.0,CIN202206020
Graham Ashcraft,ashcg001,2022-06-07,2022,CIN,ARI,4,6.0,20,76,3,0,0,1,1.0,CIN202206070
Graham Ashcraft,ashcg001,2022-06-12,2022,CIN,SLN,2,4.7,25,99,9,0,1,0,1.0,SLN202206120
Graham Ashcraft,ashcg001,2022-06-18,2022,CIN,MIL,4,5.0,25,98,8,2,1,1,1.0,CIN202206180
Graham Ashcraft,ashcg001,2022-06-24,2022,CIN,SFN,8,8.0,30,104,6,0,1,0,1.03,SFN202206240
Graham Ashcraft,ashcg001,2022-06-30,2022,CIN,CHN,1,2.3,18,68,7,2,1,0,0.97,CHN202206300
Graham Ashcraft,ashcg001,2022-07-06,2022,CIN,NYN,1,6.0,28,105,10,0,0,1,1.0,CIN202207060
Graham Ashcraft,ashcg001,2022-07-12,2022,CIN,NYA,3,5.0,24,106,7,3,0,0,0.99,NYA202207120
Graham Ashcraft,ashcg001,2022-07-22,2022,CIN,SLN,8,4.7,24,112,7,3,1,1,1.0,CIN202207220
Graham Ashcraft,ashcg001,2022-07-28,2022,CIN,MIA,6,6.7,29,100,8,2,1,1,1.0,CIN202207280
Graham Ashcraft,ashcg001,2022-08-02,2022,CIN,MIA,3,8.3,30,107,5,0,0,0,0.98,MIA202208020
Graham Ashcraft,ashcg001,2022-08-07,2022,CIN,MIL,3,5.7,23,102,4,2,1,0,1.05,MIL202208070
Graham Ashcraft,ashcg001,2022-08-13,2022,CIN,CHN,4,6.3,28,102,6,3,1,1,1.0,CIN202208130
Graham Ashcraft,ashcg001,2022-08-19,2022,CIN,PIT,8,6.7,29,85,9,1,0,0,1.0,PIT202208190
Graham Ashcraft,ashcg001,2022-09-24,2022,CIN,MIL,2,4.0,19,70,8,0,1,1,1.0,CIN202209240
Graham Ashcraft,ashcg001,2022-09-30,2022,CIN,CHN,1,2.7,16,67,6,2,0,0,0.97,CHN202209300
Graham Ashcraft,ashcg001,2022-10-05,2022,CIN,CHN,4,5.3,25,95,4,5,1,1,1.0,CIN202210050
Javier Assad,assaj001,2022-08-23,2022,CHN,SLN,3,4.0,20,85,4,4,0,1,0.97,CHN202208231
Javier Assad,assaj001,2022-08-29,2022,CHN,TOR,1,5.0,21,80,4,2,0,0,1.0,TOR202208290
Javier Assad,assaj001,2022-09-07,2022,CHN,CIN,6,5.3,21,87,5,1,2,1,0.97,CHN202209070
Javier Assad,assaj001,2022-09-12,2022,CHN,NYN,6,6.0,26,95,5,3,0,0,1.06,NYN202209120
Javier Assad,assaj001,2022-09-18,2022,CHN,COL,3,2.0,12,62,2,4,1,1,0.97,CHN202209180
Javier Assad,assaj001,2022-09-23,2022,CHN,PIT,2,4.0,20,91,4,3,1,0,1.0,PIT202209230
Javier Assad,assaj001,2022-09-29,2022,CHN,PHI,3,5.0,21,80,5,2,0,1,0.97,CHN202209290
Javier Assad,assaj001,2022-10-04,2022,CHN,CIN,4,5.3,20,85,4,1,0,0,1.0,CIN202210040
Bryan Baker,bakeb001,2022-05-12,2022,BAL,SLN,3,2.3,8,31,1,0,0,0,1.0,SLN202205120
Bryan Baker,bakeb001,2022-05-31,2022,BAL,SEA,1,1.3,7,29,2,1,0,1,1.0,BAL202205310
Anthony Banda,banda001,2022-07-07,2022,TOR,SEA,0,0.3,4,13,2,1,0,0,1.04,SEA202207070
Jaime Barría,barrj003,2022-08-06,2022,ANA,SEA,3,4.7,21,76,3,4,1,0,1.04,SEA202208061
Chris Bassitt,bassc001,2022-04-09,2022,NYN,WAS,8,6.0,22,93,3,1,0,0,1.01,WAS202204090
Chris Bassitt,bassc001,2022-04-15,2022,NYN,ARI,6,6.0,22,98,2,2,1,1,1.06,NYN202204150
Chris Bassitt,bassc001,2022-04-20,2022,NYN,SFN,6,6.0,26,97,8,1,1,1,1.06,NYN202204200
Chris Bassitt,bassc001,2022-04-26,2022,NYN,SLN,6,6.0,23,94,2,3,0,0,1.0,SLN202204260
Chris Bassitt,bassc001,2022-05-02,2022,NYN,ATL,8,7.0,28,95,6,1,1,1,1.06,NYN202205020
Chris Bassitt,bassc001,2022-05-08,2022,NYN,PHI,4,5.7,24,101,5,1,1,0,1.01,PHI202205082
Chris Bassitt,bassc001,2022-05-14,2022,NYN,SEA,8,5.7,26,108,5,3,0,1,1.06,NYN202205140
Chris Bassitt,bassc001,2022-05-19,2022,NYN,SLN,3,6.3,29,96,9,1,2,1,1.06,NYN202205190
Chris Bassitt,bassc001,2022-05-24,2022,NYN,SFN,4,4.3,24,92,8,3,3,0,1.03,SFN202205240
Chris Bassitt,bassc001,2022-05-29,2022,NYN,PHI,7,6.0,22,100,2,3,0,1,1.06,NYN202205290
Chris Bassitt,bassc001,2022-06-03,2022,NYN,LAN,8,6.0,26,110,5,2,2,0,1.03,LAN202206030
Chris Bassitt,bassc001,2022-06-08,2022,NYN,SDN,6,3.3,20,75,8,2,0,0,1.08,SDN202206080
Chris Bassitt,bassc001,2022-06-14,2022,NYN,MIL,7,8.0,26,109,3,1,0,1,1.06,NYN202206140
Chris Bassitt,bassc001,2022-06-19,2022,NYN,MIA,9,6.3,25,109,5,2,0,1,1.06,NYN202206190
Chris Bassitt,bassc001,2022-06-25,2022,NYN,MIA,5,7.0,26,90,6,0,2,0,0.98,MIA202206250
Chris Bassitt,bassc001,2022-07-08,2022,NYN,MIA,3,6.3,25,99,6,0,0,1,1.06,NYN202207080
Chris Bassitt,bassc001,2022-07-13,2022,NYN,ATL,6,6.0,24,99,5,2,1,0,1.02,ATL202207130
Chris Bassitt,bassc001,2022-07-23,2022,NYN,SDN,11,7.0,27,89,4,0,1,1,1.06,NYN202207230
Chris Bassitt,bassc001,2022-07-29,2022,NYN,MIA,2,6.0,27,103,6,4,0,0,0.98,MIA202207290
Chris Bassitt,bassc001,2022-08-03,2022,NYN,WAS,4,7.0,26,94,6,1,0,0,1.01,WAS202208030
Chris Bassitt,bassc001,2022-08-08,2022,NYN,CIN,8,8.0,34,114,8,1,0,1,1.06,NYN202208080
Chris Bassitt,bassc001,2022-08-14,2022,NYN,PHI,5,5.0,21,97,4,2,0,1,1.06,NYN202208140
Chris Bassitt,bassc001,2022-08-19,2022,NYN,PHI,4,6.0,27,104,7,0,0,0,1.01,PHI202208190
Chris Bassitt,bassc001,2022-08-26,2022,NYN,COL,1,7.3,30,88,8,1,0,1,1.06,NYN202208260
Chris Bassitt,bassc001,2022-09-01,2022,NYN,LAN,4,6.0,25,103,6,3,0,1,1.06,NYN202209010
Chris Bassitt,bassc001,2022-09-07,2022,NYN,PIT,10,7.0,26,99,5,1,0,0,1.0,PIT202209071
Chris Bassitt,bassc001,2022-09-12,2022,NYN,CHN,2,3.7,17,73,5,2,2,1,1.06,NYN202209120
Chris Bassitt,bassc001,2022-09-17,2022,NYN,PIT,8,6.0,23,94,3,2,0,1,1.06,NYN202209170
Chris Bassitt,bassc001,2022-09-23,2022,NYN,OAK,2,8.0,29,91,6,1,1,0,1.0,OAK202209230
Chris Bassitt,bassc001,2022-10-02,2022,NYN,ATL,2,2.7,15,70,3,3,1,0,1.02,ATL202210020
Mike Baumann,baumm001,2022-09-05,2022,BAL,TOR,2,5.0,22,78,8,0,0,1,1.0,BAL202209051
Mike Baumann,baumm001,2022-09-24,2022,BAL,HOU,2,4.0,15,58,3,2,1,1,1.0,BAL202209240
Mike Baumann,baumm001,2022-09-29,2022,BAL,BOS,2,4.0,18,74,6,0,0,0,0.98,BOS202209290
Mike Baumann,baumm001,2022-10-05,2022,BAL,TOR,4,5.3,24,84,9,1,1,1,1.0,BAL202210051
Shane Baz,baz-s001,2022-06-11,2022,TBA,MIN,2,2.3,12,48,3,3,1,0,1.0,MIN202206110
Shane Baz,baz-s001,2022-06-17,2022,TBA,BAL,7,6.0,21,76,2,0,0,0,1.0,BAL202206170
Shane Baz,baz-s001,2022-06-22,2022,TBA,NYA,6,4.7,20,78,4,2,1,1,1.05,TBA202206220
Shane Baz,baz-s001,2022-06-28,2022,TBA,MIL,6,5.7,21,95,3,2,0,1,1.05,TBA202206280
Shane Baz,baz-s001,2022-07-03,2022,TBA,TOR,7,6.0,27,94,7,2,0,0,1.0,TOR202207030
Shane Baz,baz-s001,2022-07-10,2022,TBA,CIN,2,2.3,16,53,8,0,3,0,1.0,CIN202207100
Tyler Beede,beedt001,2022-08-03,2022,PIT,MIL,1,1.3,11,42,5,2,0,1,1.0,PIT202208030
Tyler Beede,beedt001,2022-08-08,2022,PIT,ARI,2,3.7,13,57,2,1,0,0,1.03,ARI202208080
Tyler Beede,beedt001,2022-08-13,2022,PIT,SFN,3,3.0,15,74,3,3,1,0,1.03,SFN202208130
Tyler Beede,beedt001,2022-08-20,2022,PIT,CIN,2,4.0,20,65,6,1,1,1,1.0,PIT202208200
Tyler Beede,beedt001,2022-08-27,2022,PIT,PHI,5,3.0,19,74,5,3,1,0,1.01,PHI202208270
Jalen Beeks,beekj001,2022-05-20,2022,TBA,BAL,1,2.0,7,19,1,1,0,0,1.0,BAL202205200
Jalen Beeks,beekj001,2022-06-16,2022,TBA,NYA,1,2.0,6,23,0,0,0,0,0.99,NYA202206160
Jalen Beeks,beekj001,2022-06-21,2022,TBA,NYA,2,1.7,9,40,2,2,0,1,1.05,TBA202206210
Jalen Beeks,beekj001,2022-06-29,2022,TBA,MIL,4,2.0,10,33,3,0,1,1,1.05,TBA202206290
Jalen Beeks,beekj001,2022-07-04,2022,TBA,BOS,2,2.0,9,42,2,1,0,0,0.98,BOS202207040
Jalen Beeks,beekj001,2022-08-03,2022,TBA,TOR,2,1.0,6,30,2,1,0,1,1.05,TBA202208030
Jalen Beeks,beekj001,2022-08-15,2022,TBA,NYA,2,2.0,9,19,3,0,0,0,0.99,NYA202208150
Andrew Bellatti,bella001,2022-07-12,2022,PHI,TOR,2,1.0,5,19,2,1,0,0,1.0,TOR202207120
Brayan Bello,bellb002,2022-07-06,2022,BOS,TBA,2,4.0,21,79,6,3,0,1,0.98,BOS202207060
Brayan Bello,bellb002,2022-07-11,2022,BOS,TBA,5,4.0,21,82,7,3,0,0,1.05,TBA202207110
Brayan Bello,bellb002,2022-07-24,2022,BOS,TOR,2,4.0,22,67,9,2,0,1,0.98,BOS202207240
Brayan Bello,bellb002,2022-08-24,2022,BOS,TOR,7,5.0,21,65,6,1,0,1,0.98,BOS202208240
Brayan Bello,bellb002,2022-08-29,2022,BOS,MIN,2,4.0,20,84,5,3,0,0,1.0,MIN202208290
Brayan Bello,bellb002,2022-09-03,2022,BOS,TEX,5,6.0,22,88,3,1,0,1,0.98,BOS202209030
Brayan Bello,bellb002,2022-09-09,2022,BOS,BAL,7,5.3,21,85,3,4,0,0,1.0,BAL202209090
Brayan Bello,bellb002,2022-09-14,2022,BOS,NYA,6,5.0,23,98,6,1,0,1,0.98,BOS202209140
Brayan Bello,bellb002,2022-09-20,2022,BOS,CIN,5,5.0,24,84,8,2,1,0,1.0,CIN202209200
Brayan Bello,bellb002,2022-09-25,2022,BOS,NYA,4,6.0,27,89,6,2,0,0,0.99,NYA202209250
Brayan Bello,bellb002,2022-10-01,2022,BOS,TOR,4,4.0,23,87,10,2,0,0,1.0,TOR202210010
José Berríos,berrj001,2022-04-08,2022,TOR,TEX,0,0.3,7,34,3,2,1,1,1.0,TOR202204080
José Berríos,berrj001,2022-04-13,2022,TOR,NYA,5,5.0,24,80,6,3,2,0,0.99,NYA202204130
José Berríos,berrj001,2022-04-20,2022,TOR,BOS,6,6.0,28,96,8,1,0,0,0.98,BOS202204200
José Berríos,berrj001,2022-04-25,2022,TOR,BOS,4,7.0,26,89,5,1,0,1,1.0,TOR202204250
José Berríos,berrj001,2022-04-30,2022,TOR,HOU,5,5.7,27,85,7,2,1,1,1.0,TOR202204300
José Berríos,berrj001,2022-05-05,2022,TOR,CLE,0,4.7,23,82,8,1,1,0,1.04,CLE202205050
José Berríos,berrj001,2022-05-11,2022,TOR,NYA,4,5.3,22,88,5,1,1,0,0.99,NYA202205110
José Berríos,berrj001,2022-05-17,2022,TOR,SEA,4,7.0,26,91,6,2,0,1,1.0,TOR202205170
José Berríos,berrj001,2022-05-23,2022,TOR,SLN,7,6.3,25,102,7,0,1,0,1.0,SLN202205230
José Berríos,berrj001,2022-05-29,2022,TOR,ANA,1,2.3,14,56,6,1,2,0,0.99,ANA202205290
José Berríos,berrj001,2022-06-04,2022,TOR,MIN,13,7.0,26,90,3,2,1,1,1.0,TOR202206040
José Berríos,berrj001,2022-06-10,2022,TOR,DET,5,8.0,29,102,5,1,0,0,1.0,DET202206100
José Berríos,berrj001,2022-06-15,2022,TOR,BAL,8,7.0,25,86,3,0,2,1,1.0,TOR202206150
José Berríos,berrj001,2022-06-20,2022,TOR,CHA,1,4.0,21,72,9,1,3,0,0.99,CHA202206200
José Berríos,berrj001,2022-06-26,2022,TOR,MIL,1,2.7,18,66,8,2,2,0,1.05,MIL202206260
José Berríos,berrj001,2022-07-01,2022,TOR,TBA,3,5.0,26,98,8,2,0,1,1.0,TOR202207010
José Berríos,berrj001,2022-07-06,2022,TOR,OAK,6,6.0,23,87,4,1,1,0,1.0,OAK202207060
José Berríos,berrj001,2022-07-12,2022,TOR,PHI,13,6.0,25,94,6,0,1,1,1.0,TOR202207120
José Berríos,berrj001,2022-07-17,2022,TOR,KCA,7,6.3,25,88,7,1,1,1,1.0,TOR202207170
José Berríos,berrj001,2022-07-26,2022,TOR,SLN,7,5.7,25,99,7,2,1,1,1.0,TOR202207260
José Berríos,berrj001,2022-07-31,2022,TOR,DET,6,7.0,25,80,3,1,1,1,1.0,TOR202207310
José Berríos,berrj001,2022-08-05,2022,TOR,MIN,1,3.7,18,60,6,2,2,0,1.0,MIN202208050
José Berríos,berrj001,2022-08-12,2022,TOR,CLE,1,4.0,23,73,8,2,2,1,1.0,TOR202208120
José Berríos,berrj001,2022-08-18,2022,TOR,NYA,9,6.7,28,95,6,1,0,0,0.99,NYA202208180
José Berríos,berrj001,2022-08-24,2022,TOR,BOS,6,6.0,22,87,5,1,1,0,0.98,BOS202208240
José Berríos,berrj001,2022-08-29,2022,TOR,CHN,4,5.7,25,102,10,1,0,1,1.0,TOR202208290
José Berríos,berrj001,2022-09-05,2022,TOR,BAL,2,6.0,28,91,8,2,1,0,1.0,BAL202209052
José Berríos,berrj001,2022-09-12,2022,TOR,TBA,4,6.3,27,92,6,1,0,1,1.0,TOR202209120
José Berríos,berrj001,2022-09-17,2022,TOR,BAL,3,6.0,27,96,7,2,0,1,1.0,TOR202209170
José Berríos,berrj001,2022-09-22,2022,TOR,TBA,1,2.0,14,74,7,1,1,0,1.05,TBA202209220
José Berríos,berrj001,2022-09-27,2022,TOR,NYA,7,5.3,27,95,9,2,0,1,1.0,TOR202209270
José Berríos,berrj001,2022-10-03,2022,TOR,BAL,5,6.0,24,91,3,3,0,0,1.0,BAL202210030
Shane Bieber,biebs001,2022-04-07,2022,CLE,KCA,4,4.7,18,72,2,0,0,0,0.96,KCA202204070
Shane Bieber,biebs001,2022-04-12,2022,CLE,CIN,5,5.3,19,79,2,3,0,0,1.0,CIN202204120
Shane Bieber,biebs001,2022-04-20,2022,CLE,CHA,7,6.0,21,86,4,0,0,1,1.04,CLE202204201
Shane Bieber,biebs001,2022-04-25,2022,CLE,ANA,6,6.3,28,100,7,2,2,0,0.99,ANA202204250
Shane Bieber,biebs001,2022-04-30,2022,CLE,OAK,7,7.0,28,105,7,1,1,0,1.0,OAK202204300
Shane Bieber,biebs001,2022-05-07,2022,CLE,TOR,0,3.3,21,71,8,3,0,1,1.04,CLE202205071
Shane Bieber,biebs001,2022-05-14,2022,CLE,MIN,7,6.0,28,109,7,3,1,0,1.0,MIN202205140
Shane Bieber,biebs001,2022-05-22,2022,CLE,DET,10,7.0,28,106,6,2,0,1,1.04,CLE202205220
Shane Bieber,biebs001,2022-05-28,2022,CLE,DET,5,8.0,30,94,8,0,0,0,1.0,DET202205280
Shane Bieber,biebs001,2022-06-03,2022,CLE,BAL,11,7.0,26,98,3,2,0,0,1.0,BAL202206030
Shane Bieber,biebs001,2022-06-08,2022,CLE,TEX,6,4.3,15,54,3,0,0,1,1.04,CLE202206080
Shane Bieber,biebs001,2022-06-14,2022,CLE,COL,7,6.7,29,105,9,1,1,0,0.92,COL202206140
Shane Bieber,biebs001,2022-06-19,2022,CLE,LAN,9,6.3,26,98,7,1,1,0,1.03,LAN202206190
Shane Bieber,biebs001,2022-06-25,2022,CLE,BOS,4,7.0,27,96,6,2,1,1,1.04,CLE202206250
Shane Bieber,biebs001,2022-06-30,2022,CLE,MIN,5,6.0,24,99,5,2,0,1,1.04,CLE202206300
Shane Bieber,biebs001,2022-07-06,2022,CLE,DET,6,5.7,27,93,7,3,0,0,1.0,DET202207060
Shane Bieber,biebs001,2022-07-12,2022,CLE,CHA,7,9.0,30,95,3,0,0,1,1.04,CLE202207121
Shane Bieber,biebs001,2022-07-24,2022,CLE,CHA,4,6.0,27,76,8,1,3,0,0.99,CHA202207240
Shane Bieber,biebs001,2022-07-29,2022,CLE,TBA,8,7.0,28,97,5,2,0,0,1.05,TBA202207290
Shane Bieber,biebs001,2022-08-03,2022,CLE,ARI,8,6.0,22,94,4,0,1,1,1.04,CLE202208030
Shane Bieber,biebs001,2022-08-09,2022,CLE,DET,8,7.0,26,91,4,1,0,0,1.0,DET202208090
Shane Bieber,biebs001,2022-08-14,2022,CLE,TOR,6,7.0,29,99,8,0,0,0,1.0,TOR202208140
Shane Bieber,biebs001,2022-08-20,2022,CLE,CHA,4,6.3,26,99,5,3,0,1,1.04,CLE202208200
Shane Bieber,biebs001,2022-08-26,2022,CLE,SEA,9,7.0,25,93,5,0,0,0,1.04,SEA202208260
Shane Bieber,biebs001,2022-09-01,2022,CLE,BAL,11,7.0,28,104,6,1,3,1,1.04,CLE202209010
Shane Bieber,biebs001,2022-09-06,2022,CLE,KCA,7,8.0,27,99,4,1,1,0,0.96,KCA202209060
Shane Bieber,biebs001,2022-09-11,2022,CLE,MIN,7,6.3,25,100,5,1,0,0,1.0,MIN202209110
Shane Bieber,biebs001,2022-09-17,2022,CLE,MIN,6,8.0,27,93,4,0,1,1,1.04,CLE202209171
Shane Bieber,biebs001,2022-09-22,2022,CLE,CHA,5,7.7,29,100,7,0,1,0,0.99,CHA202209220
Shane Bieber,biebs001,2022-09-27,2022,CLE,TBA,6,6.0,24,90,6,0,1,1,1.04,CLE202209270
Shane Bieber,biebs001,2022-10-02,2022,CLE,KCA,3,5.0,23,80,7,1,0,1,1.04,CLE202210020
Paul Blackburn,blacp001,2022-04-11,2022,OAK,TBA,7,5.0,19,70,3,1,0,0,1.05,TBA202204110
Paul Blackburn,blacp001,2022-04-16,2022,OAK,TOR,3,5.0,19,73,5,0,0,0,1.0,TOR202204160
Paul Blackburn,blacp001,2022-04-21,2022,OAK,BAL,4,5.0,17,62,3,0,0,1,1.0,OAK202204210
Paul Blackburn,blacp001,2022-04-27,2022,OAK,SFN,4,5.0,18,84,3,1,0,0,1.03,SFN202204270
Paul Blackburn,blacp001,2022-05-03,2022,OAK,TBA,5,4.3,19,64,6,1,1,1,1.0,OAK202205030
Paul Blackburn,blacp001,2022-05-09,2022,OAK,DET,3,6.7,23,88,4,0,0,0,1.0,DET202205090
Paul Blackburn,blacp001,2022-05-14,2022,OAK,ANA,3,6.7,27,86,5,2,0,1,1.0,OAK202205141
Paul Blackburn,blacp001,2022-05-20,2022,OAK,ANA,5,4.7,22,94,6,2,0,0,0.99,ANA202205200
Paul Blackburn,blacp001,2022-05-25,2022,OAK,SEA,2,5.3,21,81,1,5,0,0,1.04,SEA202205250
Paul Blackburn,blacp001,2022-05-30,2022,OAK,HOU,5,6.7,28,91,5,0,2,1,1.0,OAK202205300
Paul Blackburn,blacp001,2022-06-04,2022,OAK,BOS,3,4.0,20,73,7,2,0,1,1.0,OAK202206040
Paul Blackburn,blacp001,2022-06-10,2022,OAK,CLE,3,8.0,29,101,4,1,0,0,1.04,CLE202206100
Paul Blackburn,blacp001,2022-06-16,2022,OAK,BOS,4,5.3,26,98,8,2,0,0,0.98,BOS202206160
Paul Blackburn,blacp001,2022-06-22,2022,OAK,SEA,4,4.0,24,92,10,2,2,1,1.0,OAK202206220
Paul Blackburn,blacp001,2022-06-27,2022,OAK,NYA,7,5.0,21,91,5,2,2,0,0.99,NYA202206270
Paul Blackburn,blacp001,2022-07-02,2022,OAK,SEA,5,6.3,23,86,4,1,0,0,1.04,SEA202207020
Paul Blackburn,blacp001,2022-07-08,2022,OAK,HOU,6,4.0,20,86,7,1,2,1,1.0,OAK202207080
Paul Blackburn,blacp001,2022-07-13,2022,OAK,TEX,4,6.0,24,101,3,4,0,0,0.99,TEX202207130
Paul Blackburn,blacp001,2022-07-24,2022,OAK,TEX,5,4.3,26,85,10,2,2,1,1.0,OAK202207240
Paul Blackburn,blacp001,2022-07-30,2022,OAK,CHA,4,5.0,19,62,5,0,0,0,0.99,CHA202207300
Paul Blackburn,blacp001,2022-08-04,2022,OAK,ANA,3,5.0,22,92,6,1,4,0,0.99,ANA202208040
Ty Blach,blact002,2022-05-21,2022,COL,NYN,0,3.0,15,46,6,1,0,1,0.92,COL202205212
Richard Bleier,bleir001,2022-06-03,2022,MIA,SFN,1,1.0,5,24,1,1,0,1,0.98,MIA202206030
Kyle Bradish,bradk001,2022-04-29,2022,BAL,BOS,2,6.0,23,81,5,1,1,1,1.0,BAL202204290
Kyle Bradish,bradk001,2022-05-04,2022,BAL,MIN,3,4.0,18,70,6,2,1,1,1.0,BAL202205040
Kyle Bradish,bradk001,2022-05-10,2022,BAL,SLN,11,7.0,23,90,4,0,1,0,1.0,SLN202205100
Kyle Bradish,bradk001,2022-05-16,2022,BAL,NYA,6,4.3,23,84,8,3,1,1,1.0,BAL202205160
Kyle Bradish,bradk001,2022-05-21,2022,BAL,TBA,5,5.3,22,91,5,2,2,1,1.0,BAL202205210
Kyle Bradish,bradk001,2022-05-27,2022,BAL,BOS,2,1.7,14,62,6,1,1,0,0.98,BOS202205270
Kyle Bradish,bradk001,2022-06-01,2022,BAL,SEA,6,4.7,21,80,6,2,1,1,1.0,BAL202206010
Kyle Bradish,bradk001,2022-06-07,2022,BAL,CHN,5,4.7,23,105,4,5,2,1,1.0,BAL202206070
Kyle Bradish,bradk001,2022-06-13,2022,BAL,TOR,3,4.3,21,90,9,1,0,0,1.0,TOR202206130
Kyle Bradish,bradk001,2022-06-18,2022,BAL,TBA,3,4.3,24,79,11,1,1,1,1.0,BAL202206180
Kyle Bradish,bradk001,2022-07-29,2022,BAL,CIN,7,5.0,19,81,5,0,1,0,1.0,CIN202207290
Kyle Bradish,bradk001,2022-08-03,2022,BAL,TEX,5,5.0,23,93,3,3,0,0,0.99,TEX202208030
Kyle Bradish,bradk001,2022-08-09,2022,BAL,TOR,4,5.3,21,80,5,2,1,1,1.0,BAL202208090
Kyle Bradish,bradk001,2022-08-15,2022,BAL,TOR,5,4.7,23,96,6,4,1,0,1.0,TOR202208150
Kyle Bradish,bradk001,2022-08-20,2022,BAL,BOS,6,5.7,26,96,9,0,1,1,1.0,BAL202208200
Kyle Bradish,bradk001,2022-08-26,2022,BAL,HOU,6,8.0,28,96,2,2,0,0,1.02,HOU202208260
Kyle Bradish,bradk001,2022-09-01,2022,BAL,CLE,5,7.0,26,92,2,3,0,0,1.04,CLE202209010
Kyle Bradish,bradk001,2022-09-06,2022,BAL,TOR,3,3.0,17,66,6,2,1,1,1.0,BAL202209060
Kyle Bradish,bradk001,2022-09-11,2022,BAL,BOS,3,7.0,23,93,2,2,0,1,1.0,BAL202209110
Kyle Bradish,bradk001,2022-09-17,2022,BAL,TOR,3,4.7,22,79,6,1,0,0,1.0,TOR202209170
Kyle Bradish,bradk001,2022-09-22,2022,BAL,HOU,10,8.7,28,100,2,0,0,1,1.0,BAL202209220
Kyle Bradish,bradk001,2022-09-27,2022,BAL,BOS,3,2.3,18,85,4,4,1,0,0.98,BOS202209270
Kyle Bradish,bradk001,2022-10-02,2022,BAL,NYA,5,5.0,23,97,3,5,0,0,0.99,NYA202210020
Matt Brash,brasm001,2022-04-12,2022,SEA,CHA,6,5.3,21,85,4,1,1,0,0.99,CHA202204120
Matt Brash,brasm001,2022-04-17,2022,SEA,HOU,5,5.3,21,85,2,6,1,1,1.04,SEA202204170
Matt Brash,brasm001,2022-04-23,2022,SEA,KCA,2,4.3,22,87,5,4,0,1,1.04,SEA202204230
Matt Brash,brasm001,2022-04-29,2022,SEA,MIA,3,2.0,13,57,7,2,1,0,0.98,MIA202204290
Matt Brash,brasm001,2022-05-04,2022,SEA,HOU,3,3.0,18,77,6,4,0,0,1.02,HOU202205040
John Brebbia,brebj001,2022-06-03,2022,SFN,MIA,1,1.0,4,16,1,0,0,0,0.98,MIA202206030
John Brebbia,brebj001,2022-07-03,2022,SFN,CHA,1,1.0,4,14,1,0,0,1,1.03,SFN202207030
John Brebbia,brebj001,2022-07-13,2022,SFN,ARI,0,1.0,4,19,1,1,0,1,1.03,SFN202207130
John Brebbia,brebj001,2022-09-06,2022,SFN,LAN,0,1.0,4,13,1,0,0,0,1.03,LAN202209060
John Brebbia,brebj001,2022-09-11,2022,SFN,CHN,0,1.0,3,17,1,0,0,0,0.97,CHN202209110
John Brebbia,brebj001,2022-09-17,2022,SFN,LAN,0,1.0,4,12,1,0,0,1,1.03,SFN202209170
John Brebbia,brebj001,2022-09-20,2022,SFN,COL,2,1.0,4,16,1,0,0,0,0.92,COL202209200
John Brebbia,brebj001,2022-09-22,2022,SFN,COL,1,1.0,4,14,1,0,0,0,0.92,COL202209220
John Brebbia,brebj001,2022-09-28,2022,SFN,COL,1,1.0,3,17,0,0,0,1,1.03,SFN202209280
John Brebbia,brebj001,2022-10-03,2022,SFN,SDN,0,1.0,4,11,0,0,0,0,1.08,SDN202210030
John Brebbia,brebj001,2022-10-05,2022,SFN,SDN,1,1.0,5,15,2,0,0,0,1.08,SDN202210050
Beau Brieske,brieb001,2022-04-23,2022,DET,COL,3,5.0,20,73,3,2,2,1,1.0,DET202204232
Beau Brieske,brieb001,2022-04-30,2022,DET,LAN,3,5.0,20,90,3,2,1,0,1.03,LAN202204300
Beau Brieske,brieb001,2022-05-06,2022,DET,HOU,3,5.0,23,87,5,3,2,0,1.02,HOU202205060
Beau Brieske,brieb001,2022-05-12,2022,DET,OAK,2,6.0,24,93,4,3,0,1,1.0,DET202205120
Beau Brieske,brieb001,2022-05-17,2022,DET,TBA,4,5.3,27,78,9,1,2,0,1.05,TBA202205170
Beau Brieske,brieb001,2022-05-24,2022,DET,MIN,3,4.0,18,90,6,1,0,0,1.0,MIN202205240
Beau Brieske,brieb001,2022-05-30,2022,DET,MIN,4,5.7,24,91,6,2,3,1,1.0,DET202205300
Beau Brieske,brieb001,2022-06-04,2022,DET,NYA,7,6.0,22,83,3,1,2,0,0.99,NYA202206040
Beau Brieske,brieb001,2022-06-11,2022,DET,TOR,2,5.7,24,86,7,0,0,1,1.0,DET202206110
Beau Brieske,brieb001,2022-06-16,2022,DET,TEX,6,7.0,24,94,3,2,0,1,1.0,DET202206160
Beau Brieske,brieb001,2022-06-21,2022,DET,BOS,4,5.0,21,93,6,0,1,0,0.98,BOS202206210
Beau Brieske,brieb001,2022-06-26,2022,DET,ARI,2,3.7,19,75,5,3,1,0,1.03,ARI202206260
Beau Brieske,brieb001,2022-07-02,2022,DET,KCA,3,6.0,27,82,6,3,0,1,1.0,DET202207020
Beau Brieske,brieb001,2022-07-07,2022,DET,CHA,4,6.3,22,93,2,1,0,0,0.99,CHA202207070
Beau Brieske,brieb001,2022-07-12,2022,DET,KCA,4,6.0,24,79,5,1,0,0,0.96,KCA202207120
Hunter Brown,browh001,2022-09-05,2022,HOU,TEX,5,6.0,21,78,3,1,0,1,1.02,HOU202209050
Hunter Brown,browh001,2022-09-13,2022,HOU,DET,6,6.0,23,82,5,2,0,0,1.0,DET202209130
JT Brubaker,brubj001,2022-04-07,2022,PIT,SLN,2,3.0,17,68,4,3,1,0,1.0,SLN202204070
JT Brubaker,brubj001,2022-04-14,2022,PIT,WAS,5,4.3,22,82,5,4,0,1,1.0,PIT202204140
JT Brubaker,brubj001,2022-04-19,2022,PIT,MIL,6,5.0,20,94,2,2,1,0,1.05,MIL202204190
JT Brubaker,brubj001,2022-04-24,2022,PIT,CHN,4,3.0,14,44,3,2,0,0,0.97,CHN202204240
JT Brubaker,brubj001,2022-04-30,2022,PIT,SDN,4,5.0,21,66,5,1,1,1,1.0,PIT202204300
JT Brubaker,brubj001,2022-05-07,2022,PIT,CIN,9,5.0,21,83,3,2,0,0,1.0,CIN202205071
JT Brubaker,brubj001,2022-05-12,2022,PIT,CIN,3,5.0,21,77,4,2,1,1,1.0,PIT202205120
JT Brubaker,brubj001,2022-05-17,2022,PIT,CHN,10,5.7,26,92,6,3,1,0,0.97,CHN202205170
JT Brubaker,brubj001,2022-05-23,2022,PIT,COL,4,6.7,27,85,5,2,0,1,1.0,PIT202205230
JT Brubaker,brubj001,2022-05-28,2022,PIT,SDN,3,5.0,24,96,6,2,0,0,1.08,SDN202205280
JT Brubaker,brubj001,2022-06-03,2022,PIT,ARI,3,4.0,23,73,8,1,3,1,1.0,PIT202206030
JT Brubaker,brubj001,2022-06-09,2022,PIT,ATL,7,7.0,29,99,6,2,0,0,1.02,ATL202206090
JT Brubaker,brubj001,2022-06-14,2022,PIT,SLN,5,5.3,27,106,7,2,1,0,1.0,SLN202206141
JT Brubaker,brubj001,2022-06-20,2022,PIT,CHN,5,6.0,26,103,5,3,0,1,1.0,PIT202206200
JT Brubaker,brubj001,2022-06-25,2022,PIT,TBA,6,6.0,27,94,9,0,0,0,1.05,TBA202206250
JT Brubaker,brubj001,2022-06-30,2022,PIT,MIL,6,6.0,27,94,7,2,0,1,1.0,PIT202206300
JT Brubaker,brubj001,2022-07-08,2022,PIT,MIL,6,5.0,24,100,5,5,0,0,1.05,MIL202207080
JT Brubaker,brubj001,2022-07-13,2022,PIT,MIA,9,7.0,25,99,3,2,0,0,0.98,MIA202207130
JT Brubaker,brubj001,2022-07-25,2022,PIT,CHN,4,6.0,25,86,8,2,1,0,0.97,CHN202207250
JT Brubaker,brubj001,2022-07-31,2022,PIT,PHI,4,4.3,24,78,12,0,1,1,1.0,PIT202207310
JT Brubaker,brubj001,2022-08-06,2022,PIT,BAL,6,4.0,22,88,8,2,0,0,1.0,BAL202208060
JT Brubaker,brubj001,2022-08-11,2022,PIT,ARI,6,5.0,20,92,3,2,1,0,1.03,ARI202208110
JT Brubaker,brubj001,2022-08-18,2022,PIT,BOS,7,7.0,23,84,2,0,0,1,1.0,PIT202208180
JT Brubaker,brubj001,2022-08-23,2022,PIT,ATL,8,6.7,29,98,9,1,1,1,1.0,PIT202208230
JT Brubaker,brubj001,2022-09-04,2022,PIT,TOR,5,5.3,24,91,5,2,1,1,1.0,PIT202209040
JT Brubaker,brubj001,2022-09-10,2022,PIT,SLN,3,6.0,27,89,6,2,2,1,1.0,PIT202209100
JT Brubaker,brubj001,2022-09-15,2022,PIT,NYN,5,3.0,18,71,7,2,1,0,1.06,NYN202209150
JT Brubaker,brubj001,2022-10-04,2022,PIT,SLN,2,2.7,13,43,4,1,0,1,1.0,PIT202210040
Kris Bubic,bubik001,2022-04-10,2022,KCA,CLE,0,0.7,7,29,3,2,0,1,0.96,KCA202204100
Kris Bubic,bubik001,2022-04-16,2022,KCA,DET,4,4.3,19,89,2,6,0,1,0.96,KCA202204160
Kris Bubic,bubik001,2022-04-23,2022,KCA,SEA,1,2.0,14,63,7,1,1,0,1.04,SEA202204230
Kris Bubic,bubik001,2022-04-29,2022,KCA,NYA,3,5.0,19,81,4,0,2,1,0.96,KCA202204290
Kris Bubic,bubik001,2022-05-04,2022,KCA,SLN,0,0.3,5,24,2,2,1,1,0.96,KCA202205040
Kris Bubic,bubik001,2022-06-04,2022,KCA,HOU,3,5.0,23,95,5,3,0,1,0.96,KCA202206040
Kris Bubic,bubik001,2022-06-09,2022,KCA,BAL,5,4.3,21,90,6,2,0,1,0.96,KCA202206090
Kris Bubic,bubik001,2022-06-14,2022,KCA,SFN,6,5.3,22,95,5,2,0,0,1.03,SFN202206140
Kris Bubic,bubik001,2022-06-20,2022,KCA,ANA,7,6.0,25,95,6,2,1,0,0.99,ANA202206200
Kris Bubic,bubik001,2022-06-27,2022,KCA,TEX,2,4.7,25,87,9,3,1,1,0.96,KCA202206270
Kris Bubic,bubik001,2022-07-02,2022,KCA,DET,4,4.7,22,94,5,3,0,0,1.0,DET202207020
Kris Bubic,bubik001,2022-07-07,2022,KCA,HOU,5,5.3,24,98,4,6,2,0,1.02,HOU202207070
Kris Bubic,bubik001,2022-07-12,2022,KCA,DET,5,5.7,27,99,8,2,0,1,0.96,KCA202207120
Kris Bubic,bubik001,2022-07-17,2022,KCA,TOR,4,7.0,28,92,5,0,0,0,1.0,TOR202207170
Kris Bubic,bubik001,2022-07-24,2022,KCA,TBA,4,7.0,26,82,4,3,1,1,0.96,KCA202207240
Kris Bubic,bubik001,2022-07-29,2022,KCA,NYA,6,6.0,24,81,4,2,2,0,0.99,NYA202207290
Kris Bubic,bubik001,2022-08-04,2022,KCA,BOS,6,6.0,22,89,4,1,0,1,0.96,KCA202208040
Kris Bubic,bubik001,2022-08-10,2022,KCA,CHA,6,5.7,28,99,7,3,0,1,0.96,KCA202208100
Kris Bubic,bubik001,2022-08-15,2022,KCA,MIN,7,5.7,28,94,10,3,0,0,1.0,MIN202208150
Kris Bubic,bubik001,2022-08-20,2022,KCA,TBA,0,3.7,20,76,8,2,0,0,1.05,TBA202208200
Kris Bubic,bubik001,2022-08-26,2022,KCA,SDN,3,4.0,21,64,9,1,2,1,0.96,KCA202208260
Kris Bubic,bubik001,2022-08-31,2022,KCA,CHA,1,6.0,24,88,5,4,2,0,0.99,CHA202208310
Kris Bubic,bubik001,2022-09-06,2022,KCA,CLE,4,6.3,25,95,6,1,0,1,0.96,KCA202209060
Kris Bubic,bubik001,2022-09-13,2022,KCA,MIN,6,5.0,23,83,10,1,2,0,1.0,MIN202209130
Kris Bubic,bubik001,2022-09-18,2022,KCA,BOS,2,2.7,18,65,7,3,0,0,0.98,BOS202209180
Kris Bubic,bubik001,2022-09-24,2022,KCA,SEA,6,4.7,24,103,5,4,0,1,0.96,KCA202209240
Kris Bubic,bubik001,2022-10-01,2022,KCA,CLE,8,5.0,19,90,5,1,0,0,1.04,CLE202210010
Walker Buehler,buehw001,2022-04-08,2022,LAN,COL,5,5.0,22,78,4,2,0,0,0.92,COL202204080
Walker Buehler,buehw001,2022-04-14,2022,LAN,CIN,4,5.7,24,98,5,3,1,1,1.03,LAN202204140
Walker Buehler,buehw001,2022-04-19,2022,LAN,ATL,2,5.0,22,79,8,1,1,1,1.03,LAN202204190
Walker Buehler,buehw001,2022-04-25,2022,LAN,ARI,10,9.0,31,108,3,0,0,0,1.03,ARI202204250
Walker Buehler,buehw001,2022-05-01,2022,LAN,DET,5,5.0,22,92,6,1,0,1,1.03,LAN202205010
Walker Buehler,buehw001,2022-05-08,2022,LAN,CHN,6,7.0,26,98,4,2,0,0,0.97,CHN202205080
Walker Buehler,buehw001,2022-05-13,2022,LAN,PHI,3,5.0,25,82,9,1,1,1,1.03,LAN202205130
Walker Buehler,buehw001,2022-05-18,2022,LAN,ARI,4,5.0,22,91,6,2,0,1,1.03,LAN202205180
Walker Buehler,buehw001,2022-05-24,2022,LAN,WAS,3,6.0,26,92,6,2,0,0,1.01,WAS202205240
Walker Buehler,buehw001,2022-05-30,2022,LAN,PIT,7,6.0,25,93,7,1,2,1,1.03,LAN202205300
Walker Buehler,buehw001,2022-06-04,2022,LAN,NYN,3,2.3,13,65,5,2,2,1,1.03,LAN202206040
Walker Buehler,buehw001,2022-06-10,2022,LAN,SFN,6,4.0,16,70,4,0,1,0,1.03,SFN202206100
Madison Bumgarner,bumgm001,2022-04-07,2022,ARI,SDN,2,3.0,14,68,1,4,0,1,1.03,ARI202204070
Madison Bumgarner,bumgm001,2022-04-12,2022,ARI,HOU,2,5.0,23,77,5,2,1,1,1.03,ARI202204120
Madison Bumgarner,bumgm001,2022-04-19,2022,ARI,WAS,5,5.0,20,83,2,4,0,0,1.01,WAS202204191
Madison Bumgarner,bumgm001,2022-04-24,2022,ARI,NYN,4,5.0,18,78,4,0,0,1,1.03,ARI202204240
Madison Bumgarner,bumgm001,2022-04-29,2022,ARI,SLN,2,5.0,19,89,3,1,1,0,1.0,SLN202204290
Madison Bumgarner,bumgm001,2022-05-04,2022,ARI,MIA,0,1.0,4,13,1,0,1,0,0.98,MIA202205040
Madison Bumgarner,bumgm001,2022-05-10,2022,ARI,MIA,5,6.3,26,96,6,1,1,1,1.03,ARI202205100
Madison Bumgarner,bumgm001,2022-05-16,2022,ARI,LAN,1,5.0,23,96,6,2,0,0,1.03,LAN202205160
Madison Bumgarner,bumgm001,2022-05-21,2022,ARI,CHN,7,7.0,26,97,5,0,2,0,0.97,CHN202205210
Madison Bumgarner,bumgm001,2022-05-27,2022,ARI,LAN,3,6.0,26,92,7,2,3,1,1.03,ARI202205270
Madison Bumgarner,bumgm001,2022-06-01,2022,ARI,ATL,6,6.0,27,103,7,2,0,1,1.03,ARI202206010
Madison Bumgarner,bumgm001,2022-06-06,2022,ARI,CIN,4,5.0,25,108,8,2,1,0,1.0,CIN202206060
Madison Bumgarner,bumgm001,2022-06-11,2022,ARI,PHI,4,5.0,23,91,6,2,1,0,1.01,PHI202206110
Madison Bumgarner,bumgm001,2022-06-17,2022,ARI,MIN,3,6.0,27,103,9,1,1,1,1.03,ARI202206170
Madison Bumgarner,bumgm001,2022-06-22,2022,ARI,SDN,5,4.0,22,85,9,0,0,0,1.08,SDN202206220
Madison Bumgarner,bumgm001,2022-06-29,2022,ARI,SDN,4,5.0,22,105,4,3,0,1,1.03,ARI202206290
Madison Bumgarner,bumgm001,2022-07-04,2022,ARI,SFN,4,5.0,24,100,5,3,0,1,1.03,ARI202207040
Madison Bumgarner,bumgm001,2022-07-09,2022,ARI,COL,5,7.0,27,107,6,0,1,1,1.03,ARI202207090
Madison Bumgarner,bumgm001,2022-07-15,2022,ARI,SDN,3,5.0,26,104,8,4,0,0,1.08,SDN202207150
Madison Bumgarner,bumgm001,2022-07-23,2022,ARI,WAS,9,8.0,29,98,4,0,1,1,1.03,ARI202207230
Madison Bumgarner,bumgm001,2022-07-29,2022,ARI,ATL,0,6.0,26,93,8,3,1,0,1.02,ATL202207290
Madison Bumgarner,bumgm001,2022-08-05,2022,ARI,COL,2,5.7,28,90,10,1,1,1,1.03,ARI202208050
Madison Bumgarner,bumgm001,2022-08-10,2022,ARI,PIT,8,6.0,27,104,8,2,0,1,1.03,ARI202208100
Madison Bumgarner,bumgm001,2022-08-15,2022,ARI,SFN,6,5.7,27,95,8,2,1,0,1.03,SFN202208150
Madison Bumgarner,bumgm001,2022-08-20,2022,ARI,SLN,3,5.3,24,93,7,2,2,1,1.03,ARI202208200
Madison Bumgarner,bumgm001,2022-08-29,2022,ARI,PHI,2,3.7,22,79,11,0,1,1,1.03,ARI202208290
Madison Bumgarner,bumgm001,2022-09-03,2022,ARI,MIL,4,5.0,24,95,6,2,0,1,1.03,ARI202209030
Madison Bumgarner,bumgm001,2022-09-10,2022,ARI,COL,2,6.0,27,98,6,3,1,0,0.92,COL202209100
Madison Bumgarner,bumgm001,2022-09-16,2022,ARI,SDN,2,5.0,22,89,8,0,3,1,1.03,ARI202209160
Madison Bumgarner,bumgm001,2022-09-21,2022,ARI,LAN,5,6.0,20,84,1,1,1,0,1.03,LAN202209210
Dylan Bundy,bundd001,2022-04-11,2022,MIN,SEA,2,5.0,18,67,1,1,0,1,1.0,MIN202204110
Dylan Bundy,bundd001,2022-04-18,2022,MIN,BOS,6,5.3,21,71,5,0,0,0,0.98,BOS202204180
Dylan Bundy,bundd001,2022-04-23,2022,MIN,CHA,4,5.0,19,79,4,0,0,1,1.0,MIN202204230
Dylan Bundy,bundd001,2022-04-29,2022,MIN,TBA,7,6.0,26,94,7,2,2,0,1.05,TBA202204290
Dylan Bundy,bundd001,2022-05-04,2022,MIN,BAL,3,3.7,23,74,11,2,2,0,1.0,BAL202205040
Dylan Bundy,bundd001,2022-05-17,2022,MIN,OAK,3,3.0,13,54,2,2,0,0,1.0,OAK202205170
Dylan Bundy,bundd001,2022-05-25,2022,MIN,DET,6,5.7,23,85,5,1,1,1,1.0,MIN202205250
Dylan Bundy,bundd001,2022-05-30,2022,MIN,DET,3,6.0,28,95,9,0,1,0,1.0,DET202205300
Dylan Bundy,bundd001,2022-06-04,2022,MIN,TOR,2,2.3,17,67,8,1,2,0,1.0,TOR202206040
Dylan Bundy,bundd001,2022-06-09,2022,MIN,NYA,1,4.0,18,66,5,1,2,1,1.0,MIN202206090
Dylan Bundy,bundd001,2022-06-18,2022,MIN,ARI,7,8.0,28,107,4,0,0,0,1.03,ARI202206180
Dylan Bundy,bundd001,2022-06-24,2022,MIN,COL,2,6.0,23,60,4,2,0,1,1.0,MIN202206240
Dylan Bundy,bundd001,2022-06-29,2022,MIN,CLE,1,5.0,21,83,6,1,0,0,1.04,CLE202206290
Dylan Bundy,bundd001,2022-07-04,2022,MIN,CHA,6,5.0,18,58,3,1,1,0,0.99,CHA202207040
Dylan Bundy,bundd001,2022-07-10,2022,MIN,TEX,4,5.0,22,77,6,2,0,0,0.99,TEX202207100
Dylan Bundy,bundd001,2022-07-16,2022,MIN,CHA,3,5.3,21,88,5,1,0,1,1.0,MIN202207160
Dylan Bundy,bundd001,2022-07-26,2022,MIN,MIL,5,4.0,21,77,7,2,2,0,1.05,MIL202207260
Dylan Bundy,bundd001,2022-07-31,2022,MIN,SDN,3,5.0,19,78,4,0,1,0,1.08,SDN202207310
Dylan Bundy,bundd001,2022-08-06,2022,MIN,TOR,6,4.0,18,65,5,1,1,1,1.0,MIN202208060
Dylan Bundy,bundd001,2022-08-13,2022,MIN,ANA,1,5.0,19,65,2,1,0,0,0.99,ANA202208130
Dylan Bundy,bundd001,2022-08-19,2022,MIN,TEX,2,5.3,19,71,2,1,0,1,1.0,MIN202208190
Dylan Bundy,bundd001,2022-08-24,2022,MIN,HOU,0,5.0,19,66,3,1,1,0,1.02,HOU202208240
Dylan Bundy,bundd001,2022-08-29,2022,MIN,BOS,3,4.7,24,86,9,1,0,1,1.0,MIN202208290
Dylan Bundy,bundd001,2022-09-04,2022,MIN,CHA,4,5.0,18,66,2,1,0,0,0.99,CHA202209040
Dylan Bundy,bundd001,2022-09-09,2022,MIN,CLE,1,4.7,25,94,12,0,3,1,1.0,MIN202209090
Dylan Bundy,bundd001,2022-09-15,2022,MIN,KCA,2,4.0,16,60,4,0,1,1,1.0,MIN202209150
Dylan Bundy,bundd001,2022-09-20,2022,MIN,KCA,2,4.7,19,65,4,1,2,0,0.96,KCA202209200
Dylan Bundy,bundd001,2022-09-25,2022,MIN,ANA,2,3.3,19,84,7,2,1,1,1.0,MIN202209250
Dylan Bundy,bundd001,2022-10-01,2022,MIN,DET,3,5.0,20,78,5,0,1,0,1.0,DET202210010
Corbin Burnes,burnc002,2022-04-07,2022,MIL,CHN,4,5.0,21,83,4,3,1,0,0.97,CHN202204070
Corbin Burnes,burnc002,2022-04-13,2022,MIL,BAL,8,7.0,25,97,3,1,0,0,1.0,BAL202204130
Corbin Burnes,burnc002,2022-04-19,2022,MIL,PIT,10,7.0,25,107,4,0,2,1,1.05,MIL202204190
Corbin Burnes,burnc002,2022-04-25,2022,MIL,SFN,11,6.7,24,106,2,2,0,1,1.05,MIL202204250
Corbin Burnes,burnc002,2022-05-01,2022,MIL,CHN,10,7.0,26,97,4,1,1,1,1.05,MIL202205010
Corbin Burnes,burnc002,2022-05-07,2022,MIL,ATL,7,6.0,25,98,6,1,1,0,1.02,ATL202205070
Corbin Burnes,burnc002,2022-05-13,2022,MIL,MIA,7,7.0,24,95,5,0,1,0,0.98,MIA202205130
Corbin Burnes,burnc002,2022-05-18,2022,MIL,ATL,5,6.0,27,105,7,0,2,1,1.05,MIL202205180
Corbin Burnes,burnc002,2022-05-24,2022,MIL,SDN,5,6.0,23,99,5,2,0,0,1.08,SDN202205240
Corbin Burnes,burnc002,2022-05-29,2022,MIL,SLN,11,7.0,25,99,2,1,0,0,1.0,SLN202205290
Corbin Burnes,burnc002,2022-06-03,2022,MIL,SDN,6,3.7,23,93,8,2,1,1,1.05,MIL202206030
Corbin Burnes,burnc002,2022-06-09,2022,MIL,PHI,8,4.3,21,113,3,4,0,1,1.05,MIL202206090
Corbin Burnes,burnc002,2022-06-15,2022,MIL,NYN,8,6.0,23,97,5,0,1,0,1.06,NYN202206150
Corbin Burnes,burnc002,2022-06-20,2022,MIL,SLN,10,7.0,25,108,2,2,0,1,1.05,MIL202206200
Corbin Burnes,burnc002,2022-06-25,2022,MIL,TOR,9,7.7,30,105,5,2,2,1,1.05,MIL202206250
Corbin Burnes,burnc002,2022-07-01,2022,MIL,PIT,5,6.0,23,100,1,4,0,0,1.0,PIT202207010
Corbin Burnes,burnc002,2022-07-06,2022,MIL,CHN,10,7.0,24,100,3,1,0,1,1.05,MIL202207060
Corbin Burnes,burnc002,2022-07-14,2022,MIL,SFN,10,7.3,28,115,4,3,0,0,1.03,SFN202207140
Corbin Burnes,burnc002,2022-07-22,2022,MIL,COL,5,5.0,22,108,6,2,1,1,1.05,MIL202207220
Corbin Burnes,burnc002,2022-07-27,2022,MIL,MIN,11,6.0,24,102,5,0,1,1,1.05,MIL202207270
Corbin Burnes,burnc002,2022-08-02,2022,MIL,PIT,6,5.3,26,103,3,5,1,0,1.0,PIT202208020
Corbin Burnes,burnc002,2022-08-07,2022,MIL,CIN,9,6.0,22,98,2,2,1,1,1.05,MIL202208070
Corbin Burnes,burnc002,2022-08-13,2022,MIL,SLN,6,7.0,25,96,4,0,0,0,1.0,SLN202208130
Corbin Burnes,burnc002,2022-08-18,2022,MIL,LAN,6,5.7,24,103,6,2,0,1,1.05,MIL202208180
Corbin Burnes,burnc002,2022-08-23,2022,MIL,LAN,3,3.7,20,81,5,2,1,0,1.03,LAN202208230
Corbin Burnes,burnc002,2022-08-29,2022,MIL,PIT,5,6.0,26,102,8,1,2,1,1.05,MIL202208290
Corbin Burnes,burnc002,2022-09-03,2022,MIL,ARI,5,5.7,26,110,7,3,1,0,1.03,ARI202209030
Corbin Burnes,burnc002,2022-09-08,2022,MIL,SFN,14,8.0,27,100,3,0,0,1,1.05,MIL202209081
Corbin Burnes,burnc002,2022-09-14,2022,MIL,SLN,5,7.0,29,107,7,1,2,0,1.0,SLN202209140
Corbin Burnes,burnc002,2022-09-19,2022,MIL,NYN,4,5.7,24,100,7,1,1,1,1.05,MIL202209190
Corbin Burnes,burnc002,2022-09-24,2022,MIL,CIN,8,6.3,25,102,4,3,0,0,1.0,CIN202209240
Corbin Burnes,burnc002,2022-09-30,2022,MIL,MIA,7,8.0,26,103,4,0,0,1,1.05,MIL202209300
Corbin Burnes,burnc002,2022-10-05,2022,MIL,ARI,5,3.0,9,40,0,0,0,1,1.05,MIL202210050
Matt Bush,bushm001,2022-04-15,2022,TEX,ANA,3,1.0,4,11,1,0,1,1,0.99,TEX202204150
Matt Bush,bushm001,2022-05-11,2022,TEX,KCA,1,1.0,3,9,0,0,0,1,0.99,TEX202205110
Matt Bush,bushm001,2022-06-10,2022,TEX,CHA,1,1.0,4,12,1,1,0,0,0.99,CHA202206100
Matt Bush,bushm001,2022-07-15,2022,TEX,SEA,0,1.0,4,13,1,0,0,1,0.99,TEX202207150
Matt Bush,bushm001,2022-07-23,2022,TEX,OAK,1,1.0,3,10,0,0,0,0,1.0,OAK202207230
Matt Bush,bushm001,2022-09-13,2022,MIL,SLN,0,0.3,3,15,1,1,0,0,1.0,SLN202209130
José Buttó,buttj001,2022-08-21,2022,NYN,PHI,5,4.0,23,98,9,2,2,0,1.01,PHI202208210
Edward Cabrera,cabre003,2022-06-01,2022,MIA,COL,9,6.0,25,94,1,4,0,0,0.92,COL202206011
Edward Cabrera,cabre003,2022-06-07,2022,MIA,WAS,4,6.0,23,99,2,2,1,1,0.98,MIA202206070
Edward Cabrera,cabre003,2022-06-12,2022,MIA,HOU,2,3.7,21,93,7,3,1,0,1.02,HOU202206120
Edward Cabrera,cabre003,2022-08-05,2022,MIA,CHN,8,5.0,17,78,0,3,0,0,0.97,CHN202208050
Edward Cabrera,cabre003,2022-08-11,2022,MIA,PHI,6,5.7,21,91,3,2,0,0,1.01,PHI202208110
Edward Cabrera,cabre003,2022-08-16,2022,MIA,SDN,7,4.0,18,91,3,2,0,1,0.98,MIA202208160
Edward Cabrera,cabre003,2022-08-22,2022,MIA,OAK,7,8.0,28,101,2,3,0,0,1.0,OAK202208220
Edward Cabrera,cabre003,2022-08-28,2022,MIA,LAN,5,5.7,26,101,5,3,2,1,0.98,MIA202208280
Edward Cabrera,cabre003,2022-09-03,2022,MIA,ATL,7,5.0,20,96,4,3,1,0,1.02,ATL202209030
Edward Cabrera,cabre003,2022-09-09,2022,MIA,NYN,4,5.7,23,97,5,2,1,1,0.98,MIA202209090
Edward Cabrera,cabre003,2022-09-14,2022,MIA,PHI,4,5.3,22,98,3,3,2,1,0.98,MIA202209140
Edward Cabrera,cabre003,2022-09-19,2022,MIA,CHN,4,5.0,21,79,3,3,1,1,0.98,MIA202209190
Edward Cabrera,cabre003,2022-09-25,2022,MIA,WAS,3,3.7,17,52,6,0,1,1,0.98,MIA202209250
Edward Cabrera,cabre003,2022-10-01,2022,MIA,MIL,5,3.0,9,42,0,0,0,0,1.05,MIL202210010
Carlos Carrasco,carrc003,2022-04-10,2022,NYN,WAS,5,5.7,19,72,2,0,1,0,1.01,WAS202204100
Carlos Carrasco,carrc003,2022-04-16,2022,NYN,ARI,8,5.0,20,82,3,2,0,1,1.06,NYN202204160
Carlos Carrasco,carrc003,2022-04-21,2022,NYN,SFN,7,7.7,28,91,4,0,1,1,1.06,NYN202204210
Carlos Carrasco,carrc003,2022-04-27,2022,NYN,SLN,3,3.7,23,78,9,2,0,0,1.0,SLN202204270
Carlos Carrasco,carrc003,2022-05-03,2022,NYN,ATL,5,8.0,31,96,6,2,0,1,1.06,NYN202205032
Carlos Carrasco,carrc003,2022-05-10,2022,NYN,WAS,5,6.7,25,83,7,0,1,0,1.01,WAS202205100
Carlos Carrasco,carrc003,2022-05-15,2022,NYN,SEA,2,4.3,20,77,8,1,0,1,1.06,NYN202205150
Carlos Carrasco,carrc003,2022-05-21,2022,NYN,COL,4,5.3,24,87,7,0,0,0,0.92,COL202205211
Carlos Carrasco,carrc003,2022-05-27,2022,NYN,PHI,7,5.7,25,85,6,1,0,1,1.06,NYN202205270
Carlos Carrasco,carrc003,2022-06-01,2022,NYN,WAS,5,5.0,23,95,4,5,0,1,1.06,NYN202206010
Carlos Carrasco,carrc003,2022-06-06,2022,NYN,SDN,10,7.0,26,105,5,0,0,0,1.08,SDN202206060
Carlos Carrasco,carrc003,2022-06-11,2022,NYN,ANA,7,4.7,23,77,9,1,2,0,0.99,ANA202206110
Carlos Carrasco,carrc003,2022-06-17,2022,NYN,MIA,7,6.3,29,98,8,2,1,1,1.06,NYN202206170
Carlos Carrasco,carrc003,2022-06-22,2022,NYN,HOU,2,2.3,14,53,4,2,3,0,1.02,HOU202206220
Carlos Carrasco,carrc003,2022-06-28,2022,NYN,HOU,4,4.3,20,74,6,3,1,1,1.06,NYN202206280
Carlos Carrasco,carrc003,2022-07-03,2022,NYN,TEX,8,5.7,23,102,6,1,1,1,1.06,NYN202207030
Carlos Carrasco,carrc003,2022-07-09,2022,NYN,MIA,5,5.7,24,92,7,2,0,1,1.06,NYN202207090
Carlos Carrasco,carrc003,2022-07-14,2022,NYN,CHN,6,6.0,23,85,5,2,0,0,0.97,CHN202207140
Carlos Carrasco,carrc003,2022-07-24,2022,NYN,SDN,1,5.0,20,92,6,2,0,1,1.06,NYN202207240
Carlos Carrasco,carrc003,2022-07-30,2022,NYN,MIA,7,7.7,27,93,4,2,0,0,0.98,MIA202207300
Carlos Carrasco,carrc003,2022-08-04,2022,NYN,ATL,6,6.0,23,89,4,1,1,1,1.06,NYN202208040
Carlos Carrasco,carrc003,2022-08-09,2022,NYN,CIN,9,6.7,28,88,7,1,1,1,1.06,NYN202208090
Carlos Carrasco,carrc003,2022-08-15,2022,NYN,ATL,1,2.0,12,51,4,1,2,0,1.02,ATL202208150
Carlos Carrasco,carrc003,2022-09-04,2022,NYN,WAS,2,2.7,16,54,6,2,0,1,1.06,NYN202209040
Carlos Carrasco,carrc003,2022-09-10,2022,NYN,MIA,6,6.0,21,74,4,0,0,0,0.98,MIA202209100
Carlos Carrasco,carrc003,2022-09-15,2022,NYN,PIT,11,6.0,24,104,4,2,0,1,1.06,NYN202209150
Carlos Carrasco,carrc003,2022-09-20,2022,NYN,MIL,4,4.0,19,90,5,2,0,0,1.05,MIL202209200
Carlos Carrasco,carrc003,2022-09-27,2022,NYN,MIA,2,3.0,17,67,6,1,1,1,1.06,NYN202209270
Carlos Carrasco,carrc003,2022-10-04,2022,NYN,WAS,3,4.0,18,73,5,1,1,1,1.06,NYN202210041
Daniel Castano,castd003,2022-06-15,2022,MIA,PHI,3,6.7,27,105,5,2,0,0,1.01,PHI202206150
Daniel Castano,castd003,2022-06-21,2022,MIA,COL,3,3.3,19,70,7,3,1,1,0.98,MIA202206210
Daniel Castano,castd003,2022-06-26,2022,MIA,NYN,4,7.0,28,93,5,2,1,1,0.98,MIA202206260
Daniel Castano,castd003,2022-07-02,2022,MIA,WAS,3,5.0,20,82,4,2,1,0,1.01,WAS202207020
Daniel Castano,castd003,2022-07-07,2022,MIA,NYN,2,4.0,21,77,9,0,1,0,1.06,NYN202207070
Daniel Castano,castd003,2022-07-12,2022,MIA,PIT,3,5.0,19,64,5,0,1,1,0.98,MIA202207120
Daniel Castano,castd003,2022-07-28,2022,MIA,CIN,0,0.7,5,23,2,0,0,0,1.0,CIN202207280
Humberto Castellanos,casth002,2022-04-17,2022,ARI,NYN,1,4.0,16,71,1,3,0,0,1.06,NYN202204170
Humberto Castellanos,casth002,2022-04-23,2022,ARI,NYN,5,5.0,19,69,4,1,0,1,1.03,ARI202204230
Humberto Castellanos,casth002,2022-04-28,2022,ARI,SLN,0,2.0,13,44,5,1,0,0,1.0,SLN202204280
Humberto Castellanos,casth002,2022-05-03,2022,ARI,MIA,4,5.7,21,88,4,0,0,0,0.98,MIA202205030
Humberto Castellanos,casth002,2022-05-09,2022,ARI,MIA,4,5.3,21,78,4,1,1,1,1.03,ARI202205090
Humberto Castellanos,casth002,2022-05-15,2022,ARI,CHN,5,5.3,23,92,5,1,2,1,1.03,ARI202205150
Humberto Castellanos,casth002,2022-05-20,2022,ARI,CHN,5,5.3,22,82,5,1,2,0,0.97,CHN202205200
Humberto Castellanos,casth002,2022-05-26,2022,ARI,LAN,1,4.0,23,96,10,1,1,1,1.03,ARI202205260
Humberto Castellanos,casth002,2022-05-31,2022,ARI,ATL,5,4.7,22,76,7,2,1,1,1.03,ARI202205310
Luis Castillo,castl003,2022-05-09,2022,CIN,MIL,5,4.7,20,87,3,3,1,1,1.0,CIN202205090
Luis Castillo,castl003,2022-05-14,2022,CIN,PIT,2,5.0,19,90,4,1,1,0,1.0,PIT202205140
Luis Castillo,castl003,2022-05-20,2022,CIN,TOR,5,6.0,25,94,7,0,0,0,1.0,TOR202205200
Luis Castillo,castl003,2022-05-25,2022,CIN,CHN,6,5.0,20,94,4,1,0,1,1.0,CIN202205250
Luis Castillo,castl003,2022-05-31,2022,CIN,BOS,10,6.0,21,97,1,3,0,0,0.98,BOS202205310
Luis Castillo,castl003,2022-06-05,2022,CIN,WAS,6,6.3,30,111,6,4,1,1,1.0,CIN202206050
Luis Castillo,castl003,2022-06-10,2022,CIN,SLN,3,6.0,26,102,6,1,0,0,1.0,SLN202206100
Luis Castillo,castl003,2022-06-15,2022,CIN,ARI,6,7.0,28,110,4,2,1,0,1.03,ARI202206150
Luis Castillo,castl003,2022-06-22,2022,CIN,LAN,6,5.0,25,103,5,3,0,1,1.0,CIN202206220
Luis Castillo,castl003,2022-06-28,2022,CIN,CHN,11,6.0,25,123,5,3,0,0,0.97,CHN202206280
Luis Castillo,castl003,2022-07-03,2022,CIN,ATL,6,7.0,28,103,6,1,1,1,1.0,CIN202207030
Luis Castillo,castl003,2022-07-08,2022,CIN,TBA,8,7.0,26,108,4,1,0,1,1.0,CIN202207080
Luis Castillo,castl003,2022-07-14,2022,CIN,NYA,8,7.0,28,113,2,4,0,0,0.99,NYA202207140
Luis Castillo,castl003,2022-07-27,2022,CIN,MIA,8,7.0,28,92,6,1,2,1,1.0,CIN202207270
Luis Castillo,castl003,2022-08-03,2022,SEA,NYA,8,6.7,27,109,5,3,1,0,0.99,NYA202208030
Luis Castillo,castl003,2022-08-09,2022,SEA,NYA,7,8.0,27,110,3,2,0,1,1.04,SEA202208090
Luis Castillo,castl003,2022-08-15,2022,SEA,ANA,9,6.0,25,109,6,1,1,0,0.99,ANA202208150
Luis Castillo,castl003,2022-08-21,2022,SEA,OAK,5,5.0,23,86,8,1,0,0,1.0,OAK202208210
Luis Castillo,castl003,2022-08-27,2022,SEA,CLE,10,6.0,24,115,4,1,1,1,1.04,SEA202208270
Luis Castillo,castl003,2022-09-02,2022,SEA,CLE,4,6.0,24,96,5,1,0,0,1.04,CLE202209020
Luis Castillo,castl003,2022-09-07,2022,SEA,CHA,8,5.7,24,89,5,1,1,1,1.04,SEA202209070
Luis Castillo,castl003,2022-09-14,2022,SEA,SDN,9,6.0,24,99,4,1,0,1,1.04,SEA202209140
Luis Castillo,castl003,2022-09-20,2022,SEA,OAK,4,4.7,22,85,6,2,1,0,1.0,OAK202209200
Luis Castillo,castl003,2022-09-25,2022,SEA,KCA,5,5.3,25,95,7,3,1,0,0.96,KCA202209250
Luis Castillo,castl003,2022-10-01,2022,SEA,OAK,8,6.0,21,77,2,1,0,1,1.04,SEA202210010
Max Castillo,castm003,2022-07-10,2022,TOR,SEA,3,4.3,16,59,3,1,1,0,1.04,SEA202207100
Max Castillo,castm003,2022-07-16,2022,TOR,KCA,1,3.0,14,53,5,0,0,1,1.0,TOR202207160
Max Castillo,castm003,2022-08-18,2022,KCA,TBA,3,5.0,19,69,3,1,1,0,1.05,TBA202208180
Max Castillo,castm003,2022-09-04,2022,KCA,DET,5,4.7,19,95,5,1,1,0,1.0,DET202209040
Max Castillo,castm003,2022-09-25,2022,KCA,SEA,4,4.0,23,84,6,4,0,1,0.96,KCA202209250
Max Castillo,castm003,2022-10-02,2022,KCA,CLE,5,5.0,25,95,8,2,2,0,1.04,CLE202210020
Cade Cavalli,cavac001,2022-08-26,2022,WAS,CIN,6,4.3,23,99,6,2,0,1,1.01,WAS202208260
Dylan Cease,ceasd001,2022-04-09,2022,CHA,DET,8,5.0,20,79,2,3,0,0,1.0,DET202204090
Dylan Cease,ceasd001,2022-04-15,2022,CHA,TBA,8,5.7,21,91,3,2,0,1,0.99,CHA202204150
Dylan Cease,ceasd001,2022-04-21,2022,CHA,CLE,3,5.3,27,92,8,2,1,0,1.04,CLE202204210
Dylan Cease,ceasd001,2022-04-27,2022,CHA,KCA,9,6.0,24,98,3,3,0,1,0.99,CHA202204270
Dylan Cease,ceasd001,2022-05-02,2022,CHA,ANA,11,7.0,23,93,1,0,0,1,0.99,CHA202205020
Dylan Cease,ceasd001,2022-05-07,2022,CHA,BOS,8,5.0,22,101,4,3,0,0,0.98,BOS202205070
Dylan Cease,ceasd001,2022-05-12,2022,CHA,NYA,11,4.0,20,90,6,2,2,1,0.99,CHA202205120
Dylan Cease,ceasd001,2022-05-17,2022,CHA,KCA,9,5.7,25,94,7,2,0,0,0.96,KCA202205171
Dylan Cease,ceasd001,2022-05-24,2022,CHA,BOS,4,3.0,19,71,8,2,2,1,0.99,CHA202205240
Dylan Cease,ceasd001,2022-05-29,2022,CHA,CHN,5,7.0,27,102,2,4,0,1,0.99,CHA202205290
Dylan Cease,ceasd001,2022-06-04,2022,CHA,TBA,5,4.7,21,101,1,7,0,0,1.05,TBA202206040
Dylan Cease,ceasd001,2022-06-09,2022,CHA,LAN,8,4.7,23,110,6,3,0,1,0.99,CHA202206090
Dylan Cease,ceasd001,2022-06-14,2022,CHA,DET,8,5.0,23,108,7,1,0,0,1.0,DET202206140
Dylan Cease,ceasd001,2022-06-21,2022,CHA,TOR,11,6.0,20,101,1,2,0,1,0.99,CHA202206210
Dylan Cease,ceasd001,2022-06-26,2022,CHA,BAL,13,7.0,26,101,4,1,1,1,0.99,CHA202206260
Dylan Cease,ceasd001,2022-07-02,2022,CHA,SFN,4,5.0,23,104,4,3,1,0,1.03,SFN202207020
Dylan Cease,ceasd001,2022-07-07,2022,CHA,DET,8,6.0,24,101,3,3,1,1,0.99,CHA202207070
Dylan Cease,ceasd001,2022-07-12,2022,CHA,CLE,9,5.7,25,106,5,3,0,0,1.04,CLE202207122
Dylan Cease,ceasd001,2022-07-17,2022,CHA,MIN,8,7.0,23,94,1,2,0,0,1.0,MIN202207170
Dylan Cease,ceasd001,2022-07-24,2022,CHA,CLE,4,6.0,25,97,7,1,0,1,0.99,CHA202207240
Dylan Cease,ceasd001,2022-07-31,2022,CHA,OAK,7,6.0,22,94,4,1,1,1,0.99,CHA202207310
Dylan Cease,ceasd001,2022-08-05,2022,CHA,TEX,5,6.0,23,91,2,3,0,0,0.99,TEX202208050
Dylan Cease,ceasd001,2022-08-11,2022,CHA,KCA,8,6.0,22,94,3,2,1,0,0.96,KCA202208110
Dylan Cease,ceasd001,2022-08-16,2022,CHA,HOU,4,5.0,23,93,6,3,1,1,0.99,CHA202208160
Dylan Cease,ceasd001,2022-08-23,2022,CHA,BAL,4,5.3,21,93,3,3,1,0,1.0,BAL202208230
Dylan Cease,ceasd001,2022-08-28,2022,CHA,ARI,8,8.0,27,103,2,1,2,1,0.99,CHA202208280
Dylan Cease,ceasd001,2022-09-03,2022,CHA,MIN,7,9.0,29,103,1,2,0,1,0.99,CHA202209030
Dylan Cease,ceasd001,2022-09-08,2022,CHA,OAK,9,6.0,23,95,3,2,0,0,1.0,OAK202209080
Dylan Cease,ceasd001,2022-09-14,2022,CHA,COL,8,5.0,23,107,6,2,0,1,0.99,CHA202209140
Dylan Cease,ceasd001,2022-09-20,2022,CHA,CLE,3,6.0,24,103,4,3,0,1,0.99,CHA202209200
Dylan Cease,ceasd001,2022-09-25,2022,CHA,DET,5,6.0,25,95,4,3,0,1,0.99,CHA202209250
Dylan Cease,ceasd001,2022-10-01,2022,CHA,SDN,5,5.0,24,104,5,4,2,0,1.08,SDN202210010
Luis Cessa,cessl001,2022-04-14,2022,CIN,LAN,0,1.0,7,22,5,0,0,0,1.03,LAN202204140
Luis Cessa,cessl001,2022-08-22,2022,CIN,PHI,3,2.0,10,41,3,1,2,0,1.01,PHI202208220
Luis Cessa,cessl001,2022-08-27,2022,CIN,WAS,1,4.0,14,57,4,0,1,0,1.01,WAS202208270
Luis Cessa,cessl001,2022-09-02,2022,CIN,COL,4,5.0,19,69,4,2,1,1,1.0,CIN202209020
Luis Cessa,cessl001,2022-09-08,2022,CIN,CHN,8,5.7,20,73,3,0,0,0,0.97,CHN202209080
Luis Cessa,cessl001,2022-09-13,2022,CIN,PIT,5,5.7,26,91,8,1,3,1,1.0,CIN202209131
Luis Cessa,cessl001,2022-09-18,2022,CIN,SLN,1,5.0,17,75,1,2,0,0,1.0,SLN202209180
Luis Cessa,cessl001,2022-09-23,2022,CIN,MIL,3,4.7,24,88,6,4,0,1,1.0,CIN202209230
Luis Cessa,cessl001,2022-09-28,2022,CIN,PIT,2,6.0,26,90,6,2,0,0,1.0,PIT202209280
Luis Cessa,cessl001,2022-10-04,2022,CIN,CHN,4,5.0,18,61,1,1,1,1,1.0,CIN202210040
J. T. Chargois,charj001,2022-08-26,2022,TBA,BOS,1,1.0,4,12,1,0,0,0,0.98,BOS202208260
J. T. Chargois,charj001,2022-09-06,2022,TBA,BOS,1,2.0,8,27,2,0,1,1,1.05,TBA202209060
J. T. Chargois,charj001,2022-09-22,2022,TBA,TOR,1,1.0,5,21,2,0,0,1,1.05,TBA202209220
Jesse Chavez,chavj001,2022-05-06,2022,ATL,MIL,0,1.0,6,18,3,0,0,1,1.02,ATL202205060
Yonny Chirinos,chiry001,2022-09-13,2022,TBA,TOR,2,4.0,16,47,3,0,0,0,1.0,TOR202209132
Aaron Civale,civaa001,2022-04-11,2022,CLE,KCA,3,3.3,19,74,4,3,0,0,0.96,KCA202204110
Aaron Civale,civaa001,2022-04-17,2022,CLE,SFN,5,4.0,17,74,4,1,1,1,1.04,CLE202204170
Aaron Civale,civaa001,2022-04-24,2022,CLE,NYA,3,3.0,18,61,7,1,1,0,0.99,NYA202204240
Aaron Civale,civaa001,2022-04-29,2022,CLE,OAK,3,4.0,21,82,7,1,1,0,1.0,OAK202204290
Aaron Civale,civaa001,2022-05-05,2022,CLE,TOR,8,5.7,24,99,6,0,1,1,1.04,CLE202205050
Aaron Civale,civaa001,2022-05-13,2022,CLE,MIN,5,4.7,22,94,7,2,2,0,1.0,MIN202205130
Aaron Civale,civaa001,2022-05-20,2022,CLE,DET,3,6.3,23,95,3,1,0,1,1.04,CLE202205200
Aaron Civale,civaa001,2022-06-21,2022,CLE,MIN,7,5.0,21,80,5,1,0,0,1.0,MIN202206210
Aaron Civale,civaa001,2022-06-26,2022,CLE,BOS,2,4.0,22,87,8,3,0,1,1.04,CLE202206260
Aaron Civale,civaa001,2022-07-02,2022,CLE,NYA,6,6.0,22,99,5,2,2,1,1.04,CLE202207022
Aaron Civale,civaa001,2022-07-08,2022,CLE,KCA,6,7.0,26,91,6,0,0,0,0.96,KCA202207080
Aaron Civale,civaa001,2022-07-13,2022,CLE,CHA,1,1.0,5,20,2,0,0,1,1.04,CLE202207130
Aaron Civale,civaa001,2022-08-10,2022,CLE,DET,4,4.0,16,62,3,0,0,0,1.0,DET202208100
Aaron Civale,civaa001,2022-08-15,2022,CLE,DET,10,6.0,22,82,3,1,0,1,1.04,CLE202208151
Aaron Civale,civaa001,2022-08-23,2022,CLE,SDN,4,4.7,21,95,4,2,0,0,1.08,SDN202208230
Aaron Civale,civaa001,2022-08-28,2022,CLE,SEA,5,6.3,25,89,4,2,2,0,1.04,SEA202208280
Aaron Civale,civaa001,2022-09-20,2022,CLE,CHA,2,5.0,20,69,4,1,0,0,0.99,CHA202209200
Aaron Civale,civaa001,2022-09-25,2022,CLE,TEX,7,5.0,18,75,3,0,0,0,0.99,TEX202209250
Aaron Civale,civaa001,2022-09-30,2022,CLE,KCA,5,6.0,21,76,3,0,2,1,1.04,CLE202209300
Aaron Civale,civaa001,2022-10-05,2022,CLE,KCA,9,6.0,24,84,5,1,2,1,1.04,CLE202210050
Mike Clevinger,clevm001,2022-05-04,2022,SDN,CLE,4,4.7,21,95,4,3,0,0,1.04,CLE202205041
Mike Clevinger,clevm001,2022-05-10,2022,SDN,CHN,6,4.3,21,91,6,2,1,1,1.08,SDN202205100
Mike Clevinger,clevm001,2022-05-17,2022,SDN,PHI,5,5.0,17,75,1,0,0,0,1.01,PHI202205170
Mike Clevinger,clevm001,2022-06-05,2022,SDN,MIL,5,3.0,12,60,1,2,1,0,1.05,MIL202206050
Mike Clevinger,clevm001,2022-06-22,2022,SDN,ARI,3,4.0,19,81,4,2,1,1,1.08,SDN202206220
Mike Clevinger,clevm001,2022-06-29,2022,SDN,ARI,6,6.0,21,86,2,1,0,0,1.03,ARI202206290
Mike Clevinger,clevm001,2022-07-05,2022,SDN,SEA,5,6.0,26,98,6,2,1,1,1.08,SDN202207050
Mike Clevinger,clevm001,2022-07-12,2022,SDN,COL,4,5.3,23,83,5,1,1,0,0.92,COL202207120
Mike Clevinger,clevm001,2022-07-17,2022,SDN,ARI,8,6.0,24,94,4,2,1,1,1.08,SDN202207170
Mike Clevinger,clevm001,2022-07-26,2022,SDN,DET,5,7.0,27,92,6,1,1,0,1.0,DET202207260
Mike Clevinger,clevm001,2022-08-01,2022,SDN,COL,6,7.0,27,97,5,0,0,1,1.08,SDN202208010
Mike Clevinger,clevm001,2022-08-06,2022,SDN,LAN,3,4.7,23,93,7,1,2,0,1.03,LAN202208060
Mike Clevinger,clevm001,2022-08-12,2022,SDN,WAS,3,5.0,22,94,3,4,0,0,1.01,WAS202208120
Mike Clevinger,clevm001,2022-08-17,2022,SDN,MIA,1,4.3,22,89,6,4,0,0,0.98,MIA202208170
Mike Clevinger,clevm001,2022-08-23,2022,SDN,CLE,4,6.0,22,91,2,1,2,1,1.08,SDN202208230
Mike Clevinger,clevm001,2022-08-29,2022,SDN,SFN,3,5.0,21,81,5,1,1,0,1.03,SFN202208290
Mike Clevinger,clevm001,2022-09-04,2022,SDN,LAN,4,3.3,18,66,4,2,1,0,1.03,LAN202209040
Mike Clevinger,clevm001,2022-09-09,2022,SDN,LAN,4,5.0,22,90,5,1,2,1,1.08,SDN202209090
Mike Clevinger,clevm001,2022-09-14,2022,SDN,SEA,2,5.0,24,90,7,2,3,0,1.04,SEA202209140
Mike Clevinger,clevm001,2022-09-20,2022,SDN,SLN,3,5.7,22,92,3,2,0,1,1.08,SDN202209200
Mike Clevinger,clevm001,2022-09-25,2022,SDN,COL,2,4.0,20,80,8,1,1,0,0.92,COL202209250
Mike Clevinger,clevm001,2022-10-01,2022,SDN,CHA,3,6.0,21,66,3,0,1,1,1.08,SDN202210010
Alex Cobb,cobba001,2022-04-12,2022,SFN,SDN,10,5.0,21,83,4,2,0,1,1.03,SFN202204120
Alex Cobb,cobba001,2022-04-19,2022,SFN,NYN,4,4.3,19,60,6,0,0,0,1.06,NYN202204191
Alex Cobb,cobba001,2022-05-01,2022,SFN,WAS,0,0.7,10,40,4,3,0,1,1.03,SFN202205010
Alex Cobb,cobba001,2022-05-06,2022,SFN,SLN,8,5.0,19,74,3,1,1,1,1.03,SFN202205060
Alex Cobb,cobba001,2022-05-11,2022,SFN,COL,6,5.3,20,85,3,2,0,1,1.03,SFN202205110
Alex Cobb,cobba001,2022-05-17,2022,SFN,COL,4,5.3,25,92,10,1,1,0,0.92,COL202205170
Alex Cobb,cobba001,2022-05-23,2022,SFN,NYN,7,6.0,27,90,10,0,1,1,1.03,SFN202205230
Alex Cobb,cobba001,2022-05-29,2022,SFN,CIN,8,6.0,23,87,4,3,0,0,1.0,CIN202205290
Alex Cobb,cobba001,2022-06-19,2022,SFN,PIT,2,4.0,16,60,4,1,2,0,1.0,PIT202206190
Alex Cobb,cobba001,2022-06-24,2022,SFN,CIN,4,4.3,20,80,4,1,0,1,1.03,SFN202206240
Alex Cobb,cobba001,2022-07-01,2022,SFN,CHA,3,5.0,19,67,3,1,0,1,1.03,SFN202207010
Alex Cobb,cobba001,2022-07-06,2022,SFN,ARI,3,6.0,26,97,6,1,0,0,1.03,ARI202207060
Alex Cobb,cobba001,2022-07-11,2022,SFN,ARI,4,6.0,27,100,6,4,0,1,1.03,SFN202207110
Alex Cobb,cobba001,2022-07-16,2022,SFN,MIL,5,7.3,26,99,4,0,0,1,1.03,SFN202207160
Alex Cobb,cobba001,2022-07-24,2022,SFN,LAN,6,5.7,27,104,8,2,0,0,1.03,LAN202207240
Alex Cobb,cobba001,2022-07-29,2022,SFN,CHN,11,6.0,23,90,3,1,1,1,1.03,SFN202207290
Alex Cobb,cobba001,2022-08-03,2022,SFN,LAN,8,6.3,26,99,4,3,0,1,1.03,SFN202208030
Alex Cobb,cobba001,2022-08-09,2022,SFN,SDN,7,5.0,22,91,6,2,1,0,1.08,SDN202208090
Alex Cobb,cobba001,2022-08-15,2022,SFN,ARI,5,6.0,24,96,5,3,1,1,1.03,SFN202208150
Alex Cobb,cobba001,2022-08-20,2022,SFN,COL,3,6.7,28,87,10,0,0,0,0.92,COL202208200
Alex Cobb,cobba001,2022-08-27,2022,SFN,MIN,7,5.0,21,99,4,2,0,0,1.0,MIN202208270
Alex Cobb,cobba001,2022-09-02,2022,SFN,PHI,7,7.0,24,88,3,1,0,1,1.03,SFN202209020
Alex Cobb,cobba001,2022-09-07,2022,SFN,LAN,4,4.3,24,93,7,3,1,0,1.03,LAN202209070
Alex Cobb,cobba001,2022-09-12,2022,SFN,ATL,7,7.0,25,106,6,0,0,1,1.03,SFN202209120
Alex Cobb,cobba001,2022-09-18,2022,SFN,LAN,3,5.3,22,95,4,3,0,1,1.03,SFN202209180
Alex Cobb,cobba001,2022-09-24,2022,SFN,ARI,3,5.0,23,93,5,2,0,0,1.03,ARI202209240
Alex Cobb,cobba001,2022-09-30,2022,SFN,ARI,5,5.0,24,90,9,1,0,1,1.03,SFN202209300
Alex Cobb,cobba001,2022-10-04,2022,SFN,SDN,7,5.0,20,73,7,0,0,0,1.08,SDN202210040
Gerrit Cole,coleg001,2022-04-08,2022,NYA,BOS,3,4.0,17,68,4,1,1,1,0.99,NYA202204080
Gerrit Cole,coleg001,2022-04-13,2022,NYA,TOR,6,5.7,22,85,4,1,2,1,0.99,NYA202204130
Gerrit Cole,coleg001,2022-04-19,2022,NYA,DET,3,1.7,11,68,1,5,0,0,1.0,DET202204190
Gerrit Cole,coleg001,2022-04-24,2022,NYA,CLE,9,6.7,24,92,4,1,0,1,0.99,NYA202204240
Gerrit Cole,coleg001,2022-04-30,2022,NYA,KCA,6,6.0,26,91,5,2,0,0,0.96,KCA202204300
Gerrit Cole,coleg001,2022-05-08,2022,NYA,TEX,10,6.3,25,114,5,1,1,1,0.99,NYA202205081
Gerrit Cole,coleg001,2022-05-13,2022,NYA,CHA,9,6.3,27,97,6,1,1,0,0.99,CHA202205130
Gerrit Cole,coleg001,2022-05-18,2022,NYA,BAL,5,7.0,27,97,6,0,0,0,1.0,BAL202205180
Gerrit Cole,coleg001,2022-05-23,2022,NYA,BAL,11,8.0,32,110,8,0,1,1,0.99,NYA202205230
Gerrit Cole,coleg001,2022-05-28,2022,NYA,TBA,10,6.0,23,105,2,3,0,0,1.05,TBA202205280
Gerrit Cole,coleg001,2022-06-03,2022,NYA,DET,9,7.0,23,102,2,0,0,1,0.99,NYA202206030
Gerrit Cole,coleg001,2022-06-09,2022,NYA,MIN,3,2.3,17,70,8,2,5,0,1.0,MIN202206090
Gerrit Cole,coleg001,2022-06-14,2022,NYA,TBA,7,6.0,23,92,5,1,0,1,0.99,NYA202206140
Gerrit Cole,coleg001,2022-06-20,2022,NYA,TBA,12,7.3,26,111,1,3,0,0,1.05,TBA202206200
Gerrit Cole,coleg001,2022-06-25,2022,NYA,HOU,8,7.0,26,106,4,2,1,1,0.99,NYA202206250
Gerrit Cole,coleg001,2022-07-02,2022,NYA,CLE,6,6.0,23,107,3,3,2,0,1.04,CLE202207021
Gerrit Cole,coleg001,2022-07-07,2022,NYA,BOS,7,6.0,25,94,5,3,2,0,0.98,BOS202207070
Gerrit Cole,coleg001,2022-07-12,2022,NYA,CIN,11,7.0,26,113,4,1,0,1,0.99,NYA202207120
Gerrit Cole,coleg001,2022-07-17,2022,NYA,BOS,12,7.0,24,103,4,0,1,1,0.99,NYA202207170
Gerrit Cole,coleg001,2022-07-23,2022,NYA,BAL,6,6.0,27,112,9,2,0,0,1.0,BAL202207230
Gerrit Cole,coleg001,2022-07-29,2022,NYA,KCA,9,6.0,25,100,7,0,1,1,0.99,NYA202207290
Gerrit Cole,coleg001,2022-08-03,2022,NYA,SEA,8,6.0,26,103,7,1,3,1,0.99,NYA202208030
Gerrit Cole,coleg001,2022-08-09,2022,NYA,SEA,8,7.0,23,109,4,0,0,0,1.04,SEA202208090
Gerrit Cole,coleg001,2022-08-15,2022,NYA,TBA,6,6.0,24,104,5,2,0,1,0.99,NYA202208150
Gerrit Cole,coleg001,2022-08-20,2022,NYA,TOR,5,6.0,25,106,5,2,0,1,0.99,NYA202208200
Gerrit Cole,coleg001,2022-08-26,2022,NYA,OAK,11,7.3,28,110,3,2,1,0,1.0,OAK202208260
Gerrit Cole,coleg001,2022-08-31,2022,NYA,ANA,4,7.0,27,97,6,1,1,0,0.99,ANA202208310
Gerrit Cole,coleg001,2022-09-07,2022,NYA,MIN,14,6.7,27,118,5,2,1,1,0.99,NYA202209072
Gerrit Cole,coleg001,2022-09-13,2022,NYA,BOS,10,6.0,24,98,4,2,3,0,0.98,BOS202209130
Gerrit Cole,coleg001,2022-09-18,2022,NYA,MIL,8,5.0,22,94,4,3,2,0,1.05,MIL202209180
Gerrit Cole,coleg001,2022-09-23,2022,NYA,BOS,8,6.0,23,103,5,2,2,1,0.99,NYA202209230
Gerrit Cole,coleg001,2022-09-28,2022,NYA,TOR,4,6.3,23,92,3,1,1,0,1.0,TOR202209280
Gerrit Cole,coleg001,2022-10-04,2022,NYA,TEX,9,6.0,22,103,6,0,1,0,0.99,TEX202210042
Roansy Contreras,contr001,2022-05-24,2022,PIT,COL,5,5.0,20,84,3,2,0,1,1.0,PIT202205240
Roansy Contreras,contr001,2022-05-29,2022,PIT,SDN,3,5.0,20,76,5,1,1,0,1.08,SDN202205290
Roansy Contreras,contr001,2022-06-04,2022,PIT,ARI,8,5.7,24,98,4,2,0,1,1.0,PIT202206040
Roansy Contreras,contr001,2022-06-10,2022,PIT,ATL,7,4.7,22,83,8,1,1,0,1.02,ATL202206100
Roansy Contreras,contr001,2022-06-15,2022,PIT,SLN,2,4.3,22,85,6,3,1,0,1.0,SLN202206150
Roansy Contreras,contr001,2022-06-21,2022,PIT,CHN,3,5.0,21,92,4,2,1,1,1.0,PIT202206210
Roansy Contreras,contr001,2022-06-26,2022,PIT,TBA,4,5.0,23,97,4,5,0,0,1.05,TBA202206260
Roansy Contreras,contr001,2022-07-01,2022,PIT,MIL,1,1.7,12,52,5,2,3,1,1.0,PIT202207010
Roansy Contreras,contr001,2022-07-07,2022,PIT,CIN,7,6.0,22,90,4,1,1,0,1.0,CIN202207071
Roansy Contreras,contr001,2022-08-17,2022,PIT,BOS,3,6.0,27,90,6,4,0,1,1.0,PIT202208170
Roansy Contreras,contr001,2022-08-22,2022,PIT,ATL,5,7.0,27,89,4,3,1,1,1.0,PIT202208220
Roansy Contreras,contr001,2022-08-28,2022,PIT,PHI,7,5.0,21,89,3,2,0,0,1.01,PHI202208280
Roansy Contreras,contr001,2022-09-03,2022,PIT,TOR,5,6.0,26,92,4,2,0,1,1.0,PIT202209030
Roansy Contreras,contr001,2022-09-09,2022,PIT,SLN,1,5.3,24,96,4,2,0,1,1.0,PIT202209090
Roansy Contreras,contr001,2022-09-14,2022,PIT,CIN,3,4.0,15,55,3,0,0,0,1.0,CIN202209140
Roansy Contreras,contr001,2022-09-21,2022,PIT,NYA,10,4.7,22,87,6,2,1,0,0.99,NYA202209210
Roansy Contreras,contr001,2022-09-26,2022,PIT,CIN,2,4.0,14,54,2,0,1,1,1.0,PIT202209260
Roansy Contreras,contr001,2022-10-02,2022,PIT,SLN,0,3.0,15,48,3,2,1,0,1.0,SLN202210020
Patrick Corbin,corbp001,2022-04-07,2022,WAS,NYN,4,4.0,18,76,5,2,0,1,1.01,WAS202204070
Patrick Corbin,corbp001,2022-04-12,2022,WAS,ATL,3,2.7,20,83,9,3,0,0,1.02,ATL202204120
Patrick Corbin,corbp001,2022-04-17,2022,WAS,PIT,4,5.3,22,92,3,3,0,0,1.0,PIT202204170
Patrick Corbin,corbp001,2022-04-22,2022,WAS,SFN,4,1.7,15,60,7,3,1,1,1.01,WAS202204220
Patrick Corbin,corbp001,2022-04-28,2022,WAS,MIA,8,6.0,25,90,4,2,0,1,1.01,WAS202204280
Patrick Corbin,corbp001,2022-05-04,2022,WAS,COL,3,8.0,35,94,9,0,0,0,0.92,COL202205040
Patrick Corbin,corbp001,2022-05-10,2022,WAS,NYN,5,5.0,21,86,3,4,0,1,1.01,WAS202205100
Patrick Corbin,corbp001,2022-05-15,2022,WAS,HOU,5,6.0,26,86,6,2,3,1,1.01,WAS202205150
Patrick Corbin,corbp001,2022-05-21,2022,WAS,MIL,3,5.0,25,79,8,1,2,0,1.05,MIL202205210
Patrick Corbin,corbp001,2022-05-26,2022,WAS,COL,3,6.3,27,80,7,2,0,1,1.01,WAS202205260
Patrick Corbin,corbp001,2022-05-31,2022,WAS,NYN,6,4.3,27,106,12,2,1,0,1.06,NYN202205310
Patrick Corbin,corbp001,2022-06-05,2022,WAS,CIN,5,6.0,25,91,9,0,0,0,1.0,CIN202206050
Patrick Corbin,corbp001,2022-06-11,2022,WAS,MIL,2,6.0,28,103,7,2,2,1,1.01,WAS202206110
Patrick Corbin,corbp001,2022-06-16,2022,WAS,PHI,2,3.3,21,84,8,1,2,1,1.01,WAS202206160
Patrick Corbin,corbp001,2022-06-22,2022,WAS,BAL,6,4.0,20,83,7,1,2,0,1.0,BAL202206220
Patrick Corbin,corbp001,2022-06-28,2022,WAS,PIT,12,8.0,31,113,5,2,1,1,1.01,WAS202206280
Patrick Corbin,corbp001,2022-07-04,2022,WAS,MIA,4,7.0,29,97,8,1,0,1,1.01,WAS202207040
Patrick Corbin,corbp001,2022-07-09,2022,WAS,ATL,4,6.0,26,102,8,2,1,0,1.02,ATL202207090
Patrick Corbin,corbp001,2022-07-15,2022,WAS,ATL,8,5.0,27,106,9,2,2,1,1.01,WAS202207150
Patrick Corbin,corbp001,2022-07-22,2022,WAS,ARI,7,5.0,24,99,8,1,1,0,1.03,ARI202207220
Patrick Corbin,corbp001,2022-07-27,2022,WAS,LAN,0,0.7,10,45,7,1,0,0,1.03,LAN202207270
Patrick Corbin,corbp001,2022-08-01,2022,WAS,NYN,4,4.3,21,90,7,1,1,1,1.01,WAS202208010
Patrick Corbin,corbp001,2022-08-06,2022,WAS,PHI,0,0.7,10,43,5,2,2,0,1.01,PHI202208060
Patrick Corbin,corbp001,2022-08-16,2022,WAS,CHN,3,6.0,25,97,6,2,1,1,1.01,WAS202208160
Patrick Corbin,corbp001,2022-08-21,2022,WAS,SDN,3,5.3,25,97,9,2,1,0,1.08,SDN202208210
Patrick Corbin,corbp001,2022-08-28,2022,WAS,CIN,5,6.0,23,82,4,1,1,1,1.01,WAS202208280
Patrick Corbin,corbp001,2022-09-03,2022,WAS,NYN,5,7.0,25,85,3,1,1,0,1.06,NYN202209030
Patrick Corbin,corbp001,2022-09-09,2022,WAS,PHI,2,6.7,28,69,12,0,2,0,1.01,PHI202209090
Patrick Corbin,corbp001,2022-09-14,2022,WAS,BAL,4,6.0,23,92,4,0,0,1,1.01,WAS202209140
Patrick Corbin,corbp001,2022-09-20,2022,WAS,ATL,1,0.7,3,12,1,0,0,0,1.02,ATL202209200
Patrick Corbin,corbp001,2022-10-02,2022,WAS,PHI,3,4.7,28,101,10,3,0,1,1.01,WAS202210020
Néstor Cortés,cortn001,2022-04-12,2022,NYA,TOR,5,4.3,16,72,3,0,0,1,0.99,NYA202204120
Néstor Cortés,cortn001,2022-04-17,2022,NYA,BAL,12,5.0,19,88,3,1,0,0,1.0,BAL202204170
Néstor Cortés,cortn001,2022-04-23,2022,NYA,CLE,8,6.3,21,91,1,2,1,1,0.99,NYA202204230
Néstor Cortés,cortn001,2022-04-29,2022,NYA,KCA,3,5.0,22,82,8,0,0,0,0.96,KCA202204290
Néstor Cortés,cortn001,2022-05-04,2022,NYA,TOR,3,4.0,19,83,4,4,1,0,1.0,TOR202205040
Néstor Cortés,cortn001,2022-05-09,2022,NYA,TEX,11,7.3,27,103,1,4,0,1,0.99,NYA202205090
Néstor Cortés,cortn001,2022-05-15,2022,NYA,CHA,7,8.0,27,99,3,0,1,0,0.99,CHA202205150
Néstor Cortés,cortn001,2022-05-21,2022,NYA,CHA,7,5.0,22,100,6,0,1,1,0.99,NYA202205210
Néstor Cortés,cortn001,2022-05-26,2022,NYA,TBA,5,8.0,29,109,4,1,0,0,1.05,TBA202205260
Néstor Cortés,cortn001,2022-06-02,2022,NYA,ANA,7,7.0,27,96,5,2,0,1,0.99,NYA202206021
Néstor Cortés,cortn001,2022-06-08,2022,NYA,MIN,3,4.3,19,88,7,0,2,0,1.0,MIN202206080
Néstor Cortés,cortn001,2022-06-15,2022,NYA,TBA,4,5.3,22,91,3,3,0,1,0.99,NYA202206150
Néstor Cortés,cortn001,2022-06-21,2022,NYA,TBA,3,4.3,19,63,6,0,3,0,1.05,TBA202206210
Néstor Cortés,cortn001,2022-06-26,2022,NYA,HOU,7,5.0,22,85,5,2,1,1,0.99,NYA202206260
Néstor Cortés,cortn001,2022-07-02,2022,NYA,CLE,6,6.0,21,89,3,0,1,0,1.04,CLE202207022
Néstor Cortés,cortn001,2022-07-08,2022,NYA,BOS,4,3.7,21,71,8,2,2,0,0.98,BOS202207080
Néstor Cortés,cortn001,2022-07-14,2022,NYA,CIN,4,7.0,27,89,4,1,0,1,0.99,NYA202207140
Néstor Cortés,cortn001,2022-07-24,2022,NYA,BAL,7,6.0,24,94,6,0,0,0,1.0,BAL202207240
Néstor Cortés,cortn001,2022-07-30,2022,NYA,KCA,5,5.0,21,90,5,2,0,1,0.99,NYA202207300
Néstor Cortés,cortn001,2022-08-05,2022,NYA,SLN,4,5.3,21,83,1,4,0,0,1.0,SLN202208050
Néstor Cortés,cortn001,2022-08-10,2022,NYA,SEA,10,6.0,21,93,3,1,1,0,1.04,SEA202208100
Néstor Cortés,cortn001,2022-08-16,2022,NYA,TBA,3,7.0,25,97,4,0,1,1,0.99,NYA202208160
Néstor Cortés,cortn001,2022-08-21,2022,NYA,TOR,5,6.0,22,103,3,1,1,1,0.99,NYA202208210
Néstor Cortés,cortn001,2022-09-08,2022,NYA,MIN,2,4.0,14,58,2,0,0,1,0.99,NYA202209080
Néstor Cortés,cortn001,2022-09-14,2022,NYA,BOS,7,5.0,20,65,3,2,0,0,0.98,BOS202209140
Néstor Cortés,cortn001,2022-09-20,2022,NYA,PIT,4,5.0,22,87,5,2,0,1,0.99,NYA202209200
Néstor Cortés,cortn001,2022-09-25,2022,NYA,BOS,5,6.0,21,101,1,2,0,1,0.99,NYA202209250
Néstor Cortés,cortn001,2022-10-01,2022,NYA,BAL,12,7.3,24,93,1,2,0,1,0.99,NYA202210010
Kutter Crawford,crawk001,2022-06-12,2022,BOS,SEA,7,5.0,20,83,1,4,0,0,1.04,SEA202206120
Kutter Crawford,crawk001,2022-06-18,2022,BOS,SLN,3,4.0,18,85,6,0,2,1,0.98,BOS202206180
Kutter Crawford,crawk001,2022-07-09,2022,BOS,NYA,6,5.0,19,88,4,2,1,1,0.98,BOS202207090
Kutter Crawford,crawk001,2022-07-14,2022,BOS,TBA,6,6.0,24,91,6,0,0,0,1.05,TBA202207140
Kutter Crawford,crawk001,2022-07-23,2022,BOS,TOR,4,6.0,22,77,5,1,0,1,0.98,BOS202207230
Kutter Crawford,crawk001,2022-07-28,2022,BOS,CLE,2,5.7,21,69,3,0,1,1,0.98,BOS202207280
Kutter Crawford,crawk001,2022-08-02,2022,BOS,HOU,6,6.0,25,94,7,1,0,0,1.02,HOU202208020
Kutter Crawford,crawk001,2022-08-07,2022,BOS,KCA,4,5.0,21,70,5,2,1,0,0.96,KCA202208070
Kutter Crawford,crawk001,2022-08-13,2022,BOS,NYA,5,6.0,23,94,2,4,1,1,0.98,BOS202208130
Kutter Crawford,crawk001,2022-08-19,2022,BOS,BAL,2,3.7,21,72,11,0,3,0,1.0,BAL202208190
Kutter Crawford,crawk001,2022-08-25,2022,BOS,TOR,5,4.7,24,85,10,2,0,1,0.98,BOS202208250
Kutter Crawford,crawk001,2022-08-30,2022,BOS,MIN,5,4.3,21,74,4,4,1,0,1.0,MIN202208300
Cooper Criswell,crisc002,2022-09-12,2022,TBA,TOR,4,3.3,13,45,2,1,0,0,1.0,TOR202209120
Wil Crowe,croww001,2022-05-18,2022,PIT,CHN,3,2.0,8,33,1,1,1,0,0.97,CHN202205180
Fernando Cruz,cruzf002,2022-09-13,2022,CIN,PIT,0,1.7,5,19,0,0,0,1,1.0,CIN202209132
Fernando Cruz,cruzf002,2022-09-16,2022,CIN,SLN,3,1.7,6,24,0,0,0,0,1.0,SLN202209160
Johnny Cueto,cuetj001,2022-05-16,2022,CHA,KCA,7,6.0,21,81,2,2,0,0,0.96,KCA202205160
Johnny Cueto,cuetj001,2022-05-22,2022,CHA,NYA,5,6.0,25,95,6,2,0,0,0.99,NYA202205221
Johnny Cueto,cuetj001,2022-05-28,2022,CHA,CHN,2,6.7,32,98,9,3,0,1,0.99,CHA202205280
Johnny Cueto,cuetj001,2022-06-02,2022,CHA,TOR,5,6.0,25,84,7,0,1,0,1.0,TOR202206020
Johnny Cueto,cuetj001,2022-06-08,2022,CHA,LAN,5,6.0,23,90,4,1,2,1,0.99,CHA202206080
Johnny Cueto,cuetj001,2022-06-18,2022,CHA,HOU,5,7.0,23,93,2,2,0,0,1.02,HOU202206180
Johnny Cueto,cuetj001,2022-06-23,2022,CHA,BAL,7,5.3,23,104,7,1,1,1,0.99,CHA202206230
Johnny Cueto,cuetj001,2022-06-28,2022,CHA,ANA,5,6.0,26,97,7,1,3,0,0.99,ANA202206280
Johnny Cueto,cuetj001,2022-07-04,2022,CHA,MIN,3,6.0,26,93,5,5,1,1,0.99,CHA202207040
Johnny Cueto,cuetj001,2022-07-09,2022,CHA,DET,5,8.0,27,101,5,0,0,1,0.99,CHA202207090
Johnny Cueto,cuetj001,2022-07-14,2022,CHA,MIN,5,6.0,26,118,7,2,0,0,1.0,MIN202207140
Johnny Cueto,cuetj001,2022-07-23,2022,CHA,CLE,0,7.0,29,93,8,1,0,1,0.99,CHA202207231
Johnny Cueto,cuetj001,2022-07-30,2022,CHA,OAK,2,7.0,27,97,6,1,2,1,0.99,CHA202207300
Johnny Cueto,cuetj001,2022-08-04,2022,CHA,TEX,4,8.0,32,106,12,0,0,0,0.99,TEX202208040
Johnny Cueto,cuetj001,2022-08-10,2022,CHA,KCA,4,6.0,26,96,9,1,0,0,0.96,KCA202208100
Johnny Cueto,cuetj001,2022-08-15,2022,CHA,HOU,3,8.0,32,100,6,1,0,1,0.99,CHA202208150
Johnny Cueto,cuetj001,2022-08-20,2022,CHA,CLE,2,8.7,32,113,5,1,0,0,1.04,CLE202208200
Johnny Cueto,cuetj001,2022-08-26,2022,CHA,ARI,4,5.0,23,90,5,2,2,1,0.99,CHA202208260
Johnny Cueto,cuetj001,2022-09-01,2022,CHA,KCA,5,5.3,23,94,6,0,0,1,0.99,CHA202209010
Johnny Cueto,cuetj001,2022-09-06,2022,CHA,SEA,3,6.0,26,96,5,3,0,0,1.04,SEA202209060
Johnny Cueto,cuetj001,2022-09-11,2022,CHA,OAK,3,4.7,24,84,8,1,1,0,1.0,OAK202209110
Johnny Cueto,cuetj001,2022-09-22,2022,CHA,CLE,3,6.0,27,91,8,1,0,1,0.99,CHA202209220
Johnny Cueto,cuetj001,2022-09-28,2022,CHA,MIN,7,5.7,26,83,10,1,0,0,1.0,MIN202209280
Johnny Cueto,cuetj001,2022-10-03,2022,CHA,MIN,4,7.0,26,98,6,0,1,1,0.99,CHA202210030
Xzavion Curry,currx001,2022-08-15,2022,CLE,DET,3,5.0,22,72,8,1,0,1,1.04,CLE202208152
Xzavion Curry,currx001,2022-09-03,2022,CLE,SEA,0,4.3,25,93,5,5,1,1,1.04,CLE202209030
Yu Darvish,darvy001,2022-04-07,2022,SDN,ARI,3,6.0,22,92,0,4,0,0,1.03,ARI202204070
Yu Darvish,darvy001,2022-04-12,2022,SDN,SFN,2,1.7,15,57,8,2,1,0,1.03,SFN202204120
Yu Darvish,darvy001,2022-04-17,2022,SDN,ATL,8,6.7,25,96,4,0,1,1,1.08,SDN202204170
Yu Darvish,darvy001,2022-04-23,2022,SDN,LAN,7,6.0,22,90,1,3,0,1,1.08,SDN202204230
Yu Darvish,darvy001,2022-04-29,2022,SDN,PIT,5,6.0,27,98,8,1,0,0,1.0,PIT202204290
Yu Darvish,darvy001,2022-05-06,2022,SDN,MIA,3,7.0,26,97,5,0,1,1,1.08,SDN202205060
Yu Darvish,darvy001,2022-05-13,2022,SDN,ATL,4,5.7,26,99,9,1,1,0,1.02,ATL202205130
Yu Darvish,darvy001,2022-05-19,2022,SDN,PHI,5,7.0,26,108,6,0,0,0,1.01,PHI202205190
Yu Darvish,darvy001,2022-05-25,2022,SDN,MIL,7,6.7,24,108,3,2,0,1,1.08,SDN202205250
Yu Darvish,darvy001,2022-06-01,2022,SDN,SLN,4,7.7,30,95,7,2,1,0,1.0,SLN202206010
Yu Darvish,darvy001,2022-06-07,2022,SDN,NYN,6,7.0,25,100,2,0,0,1,1.08,SDN202206070
Yu Darvish,darvy001,2022-06-13,2022,SDN,CHN,7,8.0,30,107,5,0,1,0,0.97,CHN202206130
Yu Darvish,darvy001,2022-06-20,2022,SDN,ARI,5,7.0,29,104,4,2,0,1,1.08,SDN202206200
Yu Darvish,darvy001,2022-06-26,2022,SDN,PHI,9,6.0,25,102,7,1,0,1,1.08,SDN202206260
Yu Darvish,darvy001,2022-07-02,2022,SDN,LAN,10,6.0,27,101,8,0,3,0,1.03,LAN202207020
Yu Darvish,darvy001,2022-07-09,2022,SDN,SFN,6,7.0,27,101,3,2,0,1,1.08,SDN202207090
Yu Darvish,darvy001,2022-07-15,2022,SDN,ARI,9,7.0,28,114,5,2,2,1,1.08,SDN202207150
Yu Darvish,darvy001,2022-07-22,2022,SDN,NYN,9,7.0,26,99,4,1,0,0,1.06,NYN202207220
Yu Darvish,darvy001,2022-07-27,2022,SDN,DET,11,7.0,28,106,6,1,0,0,1.0,DET202207270
Yu Darvish,darvy001,2022-08-02,2022,SDN,COL,7,6.0,25,107,6,2,2,1,1.08,SDN202208021
Yu Darvish,darvy001,2022-08-07,2022,SDN,LAN,5,6.0,25,103,7,0,1,0,1.03,LAN202208070
Yu Darvish,darvy001,2022-08-13,2022,SDN,WAS,9,6.0,25,104,7,1,2,0,1.01,WAS202208130
Yu Darvish,darvy001,2022-08-18,2022,SDN,WAS,6,8.3,30,96,5,0,1,1,1.08,SDN202208180
Yu Darvish,darvy001,2022-08-27,2022,SDN,KCA,6,7.0,29,102,5,2,0,0,0.96,KCA202208270
Yu Darvish,darvy001,2022-09-02,2022,SDN,LAN,9,7.0,27,111,2,2,0,0,1.03,LAN202209020
Yu Darvish,darvy001,2022-09-07,2022,SDN,ARI,6,6.0,25,95,5,3,3,1,1.08,SDN202209070
Yu Darvish,darvy001,2022-09-13,2022,SDN,SEA,7,8.0,25,94,2,0,0,0,1.04,SEA202209130
Yu Darvish,darvy001,2022-09-18,2022,SDN,ARI,8,6.0,21,94,1,1,0,0,1.03,ARI202209180
Yu Darvish,darvy001,2022-09-24,2022,SDN,COL,8,6.0,24,87,5,1,1,0,0.92,COL202209240
Yu Darvish,darvy001,2022-09-30,2022,SDN,CHA,6,6.0,27,102,8,1,1,1,1.08,SDN202209300
Austin Davis,davia003,2022-05-15,2022,BOS,TEX,2,2.0,7,35,0,1,0,0,0.99,TEX202205150
Austin Davis,davia003,2022-07-04,2022,BOS,TBA,2,2.0,7,30,0,1,0,1,0.98,BOS202207040
Austin Davis,davia003,2022-07-29,2022,BOS,MIL,4,2.3,8,31,1,0,0,1,0.98,BOS202207290
Tucker Davidson,davit005,2022-05-17,2022,ATL,MIL,3,5.0,21,69,3,3,0,0,1.05,MIL202205170
Tucker Davidson,davit005,2022-05-23,2022,ATL,PHI,2,2.7,16,76,4,4,0,1,1.02,ATL202205230
Tucker Davidson,davit005,2022-05-28,2022,ATL,MIA,3,5.0,21,77,3,4,0,1,1.02,ATL202205280
Tucker Davidson,davit005,2022-08-07,2022,ANA,SEA,1,4.0,23,91,6,5,1,0,1.04,SEA202208070
Tucker Davidson,davit005,2022-08-14,2022,ANA,MIN,3,6.0,23,87,4,1,1,1,0.99,ANA202208140
Tucker Davidson,davit005,2022-08-22,2022,ANA,TBA,2,5.0,22,92,6,3,1,0,1.05,TBA202208220
Tucker Davidson,davit005,2022-08-28,2022,ANA,TOR,5,4.0,19,84,3,5,0,0,1.0,TOR202208280
Tucker Davidson,davit005,2022-09-04,2022,ANA,HOU,4,6.3,28,88,7,2,2,1,0.99,ANA202209040
Tucker Davidson,davit005,2022-09-11,2022,ANA,HOU,2,2.0,12,46,5,1,1,0,1.02,HOU202209110
Tucker Davidson,davit005,2022-09-21,2022,ANA,TEX,3,5.0,20,67,5,0,0,0,0.99,TEX202209210
Tucker Davidson,davit005,2022-10-02,2022,ANA,TEX,3,4.3,22,74,3,5,1,1,0.99,ANA202210020
Zach Davies,daviz001,2022-04-09,2022,ARI,SDN,2,5.0,21,75,4,3,0,1,1.03,ARI202204090
Zach Davies,daviz001,2022-04-15,2022,ARI,NYN,2,4.3,21,82,7,1,2,0,1.06,NYN202204150
Zach Davies,daviz001,2022-04-21,2022,ARI,WAS,7,5.0,19,78,2,2,1,0,1.01,WAS202204210
Zach Davies,daviz001,2022-04-26,2022,ARI,LAN,3,4.0,17,77,4,4,0,1,1.03,ARI202204260
Zach Davies,daviz001,2022-05-01,2022,ARI,SLN,2,5.0,20,90,3,1,0,0,1.0,SLN202205010
Zach Davies,daviz001,2022-05-07,2022,ARI,COL,6,6.3,25,104,3,2,0,1,1.03,ARI202205070
Zach Davies,daviz001,2022-05-13,2022,ARI,CHN,6,5.7,22,92,4,2,0,1,1.03,ARI202205130
Zach Davies,daviz001,2022-05-18,2022,ARI,LAN,2,4.0,19,74,7,0,1,0,1.03,LAN202205180
Zach Davies,daviz001,2022-05-23,2022,ARI,KCA,2,3.7,21,84,8,2,3,1,1.03,ARI202205230
Zach Davies,daviz001,2022-05-29,2022,ARI,LAN,5,5.3,22,92,4,2,1,1,1.03,ARI202205290
Zach Davies,daviz001,2022-06-04,2022,ARI,PIT,6,7.7,27,101,3,2,0,0,1.0,PIT202206040
Zach Davies,daviz001,2022-06-09,2022,ARI,CIN,7,6.0,25,107,6,1,0,0,1.0,CIN202206090
Zach Davies,daviz001,2022-06-14,2022,ARI,CIN,7,7.0,26,90,6,0,0,1,1.03,ARI202206140
Zach Davies,daviz001,2022-06-20,2022,ARI,SDN,3,6.0,25,96,4,3,2,0,1.08,SDN202206200
Zach Davies,daviz001,2022-06-25,2022,ARI,DET,2,5.0,22,75,4,1,0,1,1.03,ARI202206250
Zach Davies,daviz001,2022-08-01,2022,ARI,CLE,1,2.0,11,56,3,2,2,0,1.04,CLE202208010
Zach Davies,daviz001,2022-08-07,2022,ARI,COL,3,5.0,19,80,4,2,0,1,1.03,ARI202208070
Zach Davies,daviz001,2022-08-12,2022,ARI,COL,2,5.0,21,82,3,2,1,0,0.92,COL202208120
Zach Davies,daviz001,2022-08-17,2022,ARI,SFN,6,5.0,22,82,5,2,1,0,1.03,SFN202208170
Zach Davies,daviz001,2022-08-23,2022,ARI,KCA,1,5.7,21,84,2,2,1,0,0.96,KCA202208230
Zach Davies,daviz001,2022-08-28,2022,ARI,CHA,5,5.7,24,85,6,2,0,0,0.99,CHA202208280
Zach Davies,daviz001,2022-09-02,2022,ARI,MIL,5,4.7,20,91,6,1,0,1,1.03,ARI202209020
Zach Davies,daviz001,2022-09-09,2022,ARI,COL,4,3.7,19,72,7,3,3,0,0.92,COL202209090
Zach Davies,daviz001,2022-09-14,2022,ARI,LAN,4,5.3,22,88,4,1,2,1,1.03,ARI202209140
Zach Davies,daviz001,2022-09-20,2022,ARI,LAN,3,3.0,16,79,5,2,0,0,1.03,LAN202209201
Zach Davies,daviz001,2022-09-27,2022,ARI,HOU,3,4.3,21,83,6,2,1,0,1.02,HOU202209270
Zach Davies,daviz001,2022-10-02,2022,ARI,SFN,3,5.0,22,91,2,5,0,0,1.03,SFN202210020
Jacob deGrom,degrj001,2022-08-02,2022,NYN,WAS,6,5.0,17,59,3,0,0,0,1.01,WAS202208020
Jacob deGrom,degrj001,2022-08-07,2022,NYN,ATL,12,5.7,19,76,1,1,1,1,1.06,NYN202208070
Jacob deGrom,degrj001,2022-08-13,2022,NYN,PHI,10,6.0,20,76,2,0,0,1,1.06,NYN202208130
Jacob deGrom,degrj001,2022-08-18,2022,NYN,ATL,9,6.7,25,95,5,0,0,0,1.02,ATL202208180
Jacob deGrom,degrj001,2022-08-25,2022,NYN,COL,9,6.0,22,87,3,1,1,1,1.06,NYN202208250
Jacob deGrom,degrj001,2022-08-31,2022,NYN,LAN,9,7.0,25,93,3,1,1,1,1.06,NYN202208310
Jacob deGrom,degrj001,2022-09-07,2022,NYN,PIT,8,7.0,24,91,3,1,0,0,1.0,PIT202209072
Jacob deGrom,degrj001,2022-09-13,2022,NYN,CHN,10,6.0,24,96,5,0,1,1,1.06,NYN202209130
Jacob deGrom,degrj001,2022-09-18,2022,NYN,PIT,13,5.0,19,101,4,0,1,1,1.06,NYN202209180
Jacob deGrom,degrj001,2022-09-24,2022,NYN,OAK,5,4.0,22,80,6,4,1,0,1.0,OAK202209240
Jacob deGrom,degrj001,2022-09-30,2022,NYN,ATL,11,6.0,22,86,5,0,3,0,1.02,ATL202209300
Anthony DeSclafani,desca001,2022-04-10,2022,SFN,MIA,5,3.7,20,74,8,1,0,1,1.03,SFN202204100
Anthony DeSclafani,desca001,2022-04-16,2022,SFN,CLE,4,4.7,19,64,5,0,0,0,1.04,CLE202204160
Anthony DeSclafani,desca001,2022-04-21,2022,SFN,NYN,4,5.0,24,83,9,1,2,0,1.06,NYN202204210
Anthony DeSclafani,desca001,2022-06-21,2022,SFN,ATL,3,3.0,15,55,6,1,2,0,1.02,ATL202206210
Anthony DeSclafani,desca001,2022-06-26,2022,SFN,CIN,1,2.7,16,53,6,1,0,1,1.03,SFN202206260
Reid Detmers,detmr001,2022-04-08,2022,ANA,HOU,3,4.0,16,75,3,2,2,1,0.99,ANA202204080
Reid Detmers,detmr001,2022-04-15,2022,ANA,TEX,5,3.3,18,65,6,1,0,0,0.99,TEX202204150
Reid Detmers,detmr001,2022-04-22,2022,ANA,BAL,4,5.0,19,70,3,1,0,1,0.99,ANA202204220
Reid Detmers,detmr001,2022-04-28,2022,ANA,CLE,4,5.0,18,88,2,1,1,1,0.99,ANA202204280
Reid Detmers,detmr001,2022-05-04,2022,ANA,BOS,2,4.7,20,78,4,2,0,0,0.98,BOS202205040
Reid Detmers,detmr001,2022-05-10,2022,ANA,TBA,2,9.0,28,108,0,1,0,1,0.99,ANA202205100
Reid Detmers,detmr001,2022-05-17,2022,ANA,TEX,4,3.7,15,61,3,2,2,0,0.99,TEX202205170
Reid Detmers,detmr001,2022-05-25,2022,ANA,TEX,3,6.0,24,73,5,1,2,1,0.99,ANA202205250
Reid Detmers,detmr001,2022-06-02,2022,ANA,NYA,4,4.3,20,86,5,3,0,0,0.99,NYA202206022
Reid Detmers,detmr001,2022-06-08,2022,ANA,BOS,1,4.3,19,85,3,2,0,1,0.99,ANA202206080
Reid Detmers,detmr001,2022-06-15,2022,ANA,LAN,6,3.7,18,83,4,3,2,0,1.03,LAN202206150
Reid Detmers,detmr001,2022-06-21,2022,ANA,KCA,6,5.0,22,95,5,2,2,1,0.99,ANA202206210
Reid Detmers,detmr001,2022-07-08,2022,ANA,BAL,7,6.0,21,91,2,1,0,0,1.0,BAL202207080
Reid Detmers,detmr001,2022-07-14,2022,ANA,HOU,6,6.0,24,94,5,3,0,1,0.99,ANA202207140
Reid Detmers,detmr001,2022-07-24,2022,ANA,ATL,6,5.0,20,90,3,2,0,0,1.02,ATL202207240
Reid Detmers,detmr001,2022-07-31,2022,ANA,TEX,12,7.0,25,105,3,3,0,1,0.99,ANA202207310
Reid Detmers,detmr001,2022-08-06,2022,ANA,SEA,7,7.0,27,106,6,1,1,0,1.04,SEA202208062
Reid Detmers,detmr001,2022-08-13,2022,ANA,MIN,9,5.0,22,96,5,3,1,1,0.99,ANA202208130
Reid Detmers,detmr001,2022-08-20,2022,ANA,DET,3,4.3,25,81,10,2,0,0,1.0,DET202208200
Reid Detmers,detmr001,2022-08-26,2022,ANA,TOR,5,5.3,23,98,4,3,0,0,1.0,TOR202208260
Reid Detmers,detmr001,2022-09-02,2022,ANA,HOU,6,4.3,22,80,7,2,0,1,0.99,ANA202209020
Reid Detmers,detmr001,2022-09-12,2022,ANA,CLE,3,5.0,24,98,6,2,0,0,1.04,CLE202209120
Reid Detmers,detmr001,2022-09-18,2022,ANA,SEA,3,6.0,25,103,4,2,0,1,0.99,ANA202209180
Reid Detmers,detmr001,2022-09-24,2022,ANA,MIN,2,4.0,21,71,8,0,0,0,1.0,MIN202209240
Reid Detmers,detmr001,2022-09-30,2022,ANA,TEX,9,6.0,23,93,4,1,0,1,0.99,ANA202209300
Jhonathan Díaz,diazj007,2022-05-06,2022,ANA,WAS,4,5.0,21,67,3,4,0,1,0.99,ANA202205060
Jhonathan Díaz,diazj007,2022-05-14,2022,ANA,OAK,4,4.7,18,75,1,4,0,0,1.0,OAK202205141
Jhonathan Díaz,diazj007,2022-06-10,2022,ANA,NYN,1,1.7,11,41,5,2,0,1,0.99,ANA202206100
Robert Dugger,duggr001,2022-08-05,2022,CIN,MIL,2,4.0,20,73,4,4,2,0,1.05,MIL202208050
Dane Dunning,dunnd001,2022-04-09,2022,TEX,TOR,4,5.0,23,74,5,2,1,0,1.0,TOR202204090
Dane Dunning,dunnd001,2022-04-14,2022,TEX,ANA,7,3.7,18,86,6,2,1,1,0.99,TEX202204140
Dane Dunning,dunnd001,2022-04-20,2022,TEX,SEA,3,4.0,20,79,6,3,0,0,1.04,SEA202204200
Dane Dunning,dunnd001,2022-04-25,2022,TEX,HOU,5,5.7,23,88,5,1,1,1,0.99,TEX202204250
Dane Dunning,dunnd001,2022-04-30,2022,TEX,ATL,7,7.7,27,98,4,0,0,1,0.99,TEX202204300
Dane Dunning,dunnd001,2022-05-08,2022,TEX,NYA,5,6.0,24,100,2,3,0,0,0.99,NYA202205081
Dane Dunning,dunnd001,2022-05-13,2022,TEX,BOS,6,5.7,25,88,6,2,0,1,0.99,TEX202205130
Dane Dunning,dunnd001,2022-05-18,2022,TEX,ANA,6,6.0,23,90,3,3,2,1,0.99,TEX202205180
Dane Dunning,dunnd001,2022-05-24,2022,TEX,ANA,8,6.3,31,98,11,1,1,0,0.99,ANA202205240
Dane Dunning,dunnd001,2022-05-29,2022,TEX,OAK,5,4.3,24,91,7,3,0,0,1.0,OAK202205290
Dane Dunning,dunnd001,2022-06-03,2022,TEX,SEA,7,7.0,25,93,3,0,1,1,0.99,TEX202206030
Dane Dunning,dunnd001,2022-06-08,2022,TEX,CLE,1,4.0,20,64,9,0,0,0,1.04,CLE202206080
Dane Dunning,dunnd001,2022-06-14,2022,TEX,HOU,4,6.0,24,99,2,4,0,1,0.99,TEX202206140
Dane Dunning,dunnd001,2022-06-19,2022,TEX,DET,2,4.7,23,83,4,4,1,0,1.0,DET202206190
Dane Dunning,dunnd001,2022-06-24,2022,TEX,WAS,4,6.0,25,91,7,1,0,1,0.99,TEX202206240
Dane Dunning,dunnd001,2022-06-29,2022,TEX,KCA,3,6.0,24,86,6,3,1,0,0.96,KCA202206290
Dane Dunning,dunnd001,2022-07-04,2022,TEX,BAL,5,5.3,26,80,7,1,1,0,1.0,BAL202207040
Dane Dunning,dunnd001,2022-07-10,2022,TEX,MIN,2,2.3,17,66,6,4,1,1,0.99,TEX202207100
Dane Dunning,dunnd001,2022-07-26,2022,TEX,SEA,5,5.0,21,85,4,3,1,0,1.04,SEA202207260
Dane Dunning,dunnd001,2022-07-31,2022,TEX,ANA,4,6.0,25,84,7,3,0,0,0.99,ANA202207310
Dane Dunning,dunnd001,2022-08-06,2022,TEX,CHA,6,7.0,23,103,1,1,0,1,0.99,TEX202208060
Dane Dunning,dunnd001,2022-08-13,2022,TEX,SEA,5,4.3,21,101,5,3,0,1,0.99,TEX202208130
Dane Dunning,dunnd001,2022-08-18,2022,TEX,OAK,4,6.0,25,92,4,3,1,1,0.99,TEX202208180
Dane Dunning,dunnd001,2022-08-23,2022,TEX,COL,4,5.0,22,72,7,0,1,0,0.92,COL202208230
Dane Dunning,dunnd001,2022-08-30,2022,TEX,HOU,5,5.0,25,95,7,3,1,1,0.99,TEX202208300
Dane Dunning,dunnd001,2022-09-04,2022,TEX,BOS,2,4.0,23,89,8,3,1,0,0.98,BOS202209040
Dane Dunning,dunnd001,2022-09-09,2022,TEX,TOR,5,5.7,24,97,7,2,1,1,0.99,TEX202209090
Dane Dunning,dunnd001,2022-09-14,2022,TEX,OAK,5,4.7,23,104,6,3,2,1,0.99,TEX202209140
Dane Dunning,dunnd001,2022-09-21,2022,TEX,ANA,8,5.0,17,72,3,1,1,1,0.99,TEX202209210
Justin Dunn,dunnj002,2022-08-08,2022,CIN,NYN,2,4.7,22,70,5,2,1,0,1.06,NYN202208080
Justin Dunn,dunnj002,2022-08-14,2022,CIN,CHN,4,3.7,18,72,7,2,3,1,1.0,CIN202208140
Justin Dunn,dunnj002,2022-08-20,2022,CIN,PIT,4,5.0,21,87,3,4,1,0,1.0,PIT202208200
Justin Dunn,dunnj002,2022-08-25,2022,CIN,PHI,5,6.0,23,92,4,2,1,0,1.01,PHI202208250
Justin Dunn,dunnj002,2022-08-30,2022,CIN,SLN,4,4.0,15,63,3,0,1,1,1.0,CIN202208300
Justin Dunn,dunnj002,2022-09-06,2022,CIN,CHN,1,4.7,20,81,4,4,2,0,0.97,CHN202209060
Justin Dunn,dunnj002,2022-09-11,2022,CIN,MIL,1,3.0,19,75,6,3,2,0,1.05,MIL202209110
Scott Effross,effrs001,2022-05-03,2022,CHN,CHA,0,1.3,7,18,2,0,0,1,0.97,CHN202205030
Zach Eflin,efliz001,2022-04-10,2022,PHI,OAK,3,4.0,15,68,2,2,0,1,1.01,PHI202204100
Zach Eflin,efliz001,2022-04-15,2022,PHI,MIA,4,4.0,18,81,6,1,0,0,0.98,MIA202204150
Zach Eflin,efliz001,2022-04-20,2022,PHI,COL,5,5.7,26,86,8,0,0,0,0.92,COL202204200
Zach Eflin,efliz001,2022-04-26,2022,PHI,COL,3,6.0,21,91,2,1,1,1,1.01,PHI202204260
Zach Eflin,efliz001,2022-05-01,2022,PHI,NYN,3,4.3,22,85,8,1,0,0,1.06,NYN202205010
Zach Eflin,efliz001,2022-05-17,2022,PHI,SDN,5,6.0,23,84,5,0,0,1,1.01,PHI202205170
Zach Eflin,efliz001,2022-05-22,2022,PHI,LAN,12,7.0,27,106,4,2,2,1,1.01,PHI202205220
Zach Eflin,efliz001,2022-05-28,2022,PHI,NYN,4,6.0,26,92,8,2,1,0,1.06,NYN202205280
Zach Eflin,efliz001,2022-06-03,2022,PHI,ANA,6,8.0,30,104,5,1,0,1,1.01,PHI202206030
Zach Eflin,efliz001,2022-06-09,2022,PHI,MIL,2,4.0,20,96,4,3,1,0,1.05,MIL202206090
Zach Eflin,efliz001,2022-06-14,2022,PHI,MIA,4,6.0,23,80,5,0,2,1,1.01,PHI202206140
Zach Eflin,efliz001,2022-06-19,2022,PHI,WAS,2,2.0,12,38,5,0,1,0,1.01,WAS202206190
Zach Eflin,efliz001,2022-06-25,2022,PHI,SDN,3,5.0,22,80,4,2,0,0,1.08,SDN202206250
Jerad Eickhoff,eickj001,2022-06-22,2022,PIT,CHN,4,4.3,27,83,10,1,2,1,1.0,PIT202206220
Bryce Elder,eldeb001,2022-04-12,2022,ATL,WAS,4,5.7,22,85,6,0,2,1,1.02,ATL202204120
Bryce Elder,eldeb001,2022-04-17,2022,ATL,SDN,3,4.3,23,89,3,5,0,0,1.08,SDN202204170
Bryce Elder,eldeb001,2022-04-24,2022,ATL,MIA,4,4.7,24,96,5,6,0,1,1.02,ATL202204240
Bryce Elder,eldeb001,2022-04-30,2022,ATL,TEX,1,4.3,18,69,4,3,1,0,0.99,TEX202204300
Bryce Elder,eldeb001,2022-08-14,2022,ATL,MIA,10,7.0,27,104,3,3,0,0,0.98,MIA202208140
Bryce Elder,eldeb001,2022-09-03,2022,ATL,MIA,6,6.0,21,83,2,2,0,1,1.02,ATL202209030
Bryce Elder,eldeb001,2022-09-21,2022,ATL,WAS,6,5.7,25,93,4,2,0,1,1.02,ATL202209210
Bryce Elder,eldeb001,2022-09-26,2022,ATL,WAS,6,9.0,32,106,6,1,0,0,1.01,WAS202209260
Bryce Elder,eldeb001,2022-10-03,2022,ATL,MIA,5,5.0,22,98,6,1,1,0,0.98,MIA202210030
Chris Ellis,ellic001,2022-04-19,2022,BAL,OAK,2,4.3,20,62,4,3,0,0,1.0,OAK202204190
Chris Ellis,ellic001,2022-04-24,2022,BAL,ANA,0,0.0,5,19,1,3,0,0,0.99,ANA202204240
Nathan Eovaldi,eovan001,2022-04-08,2022,BOS,NYA,7,5.0,23,76,5,1,2,0,0.99,NYA202204080
Nathan Eovaldi,eovan001,2022-04-13,2022,BOS,DET,6,5.0,20,101,4,1,2,0,1.0,DET202204130
Nathan Eovaldi,eovan001,2022-04-19,2022,BOS,TOR,6,4.7,22,95,7,1,1,1,0.98,BOS202204190
Nathan Eovaldi,eovan001,2022-04-25,2022,BOS,TOR,5,7.0,24,72,5,0,2,0,1.0,TOR202204250
Nathan Eovaldi,eovan001,2022-04-30,2022,BOS,BAL,8,7.0,25,95,3,0,0,0,1.0,BAL202204300
Nathan Eovaldi,eovan001,2022-05-06,2022,BOS,CHA,4,5.0,23,101,6,3,1,1,0.98,BOS202205060
Nathan Eovaldi,eovan001,2022-05-11,2022,BOS,ATL,6,6.3,26,98,6,1,1,0,1.02,ATL202205110
Nathan Eovaldi,eovan001,2022-05-17,2022,BOS,HOU,0,1.7,14,39,8,0,5,1,0.98,BOS202205170
Nathan Eovaldi,eovan001,2022-05-22,2022,BOS,SEA,11,6.7,25,101,4,1,1,1,0.98,BOS202205220
Nathan Eovaldi,eovan001,2022-05-28,2022,BOS,BAL,6,9.0,33,108,7,1,1,1,0.98,BOS202205281
Nathan Eovaldi,eovan001,2022-06-03,2022,BOS,OAK,8,6.0,23,93,4,1,0,0,1.0,OAK202206030
Nathan Eovaldi,eovan001,2022-06-08,2022,BOS,ANA,5,5.0,21,84,6,0,0,0,0.99,ANA202206080
Nathan Eovaldi,eovan001,2022-07-15,2022,BOS,NYA,4,4.3,20,78,6,2,1,0,0.99,NYA202207150
Nathan Eovaldi,eovan001,2022-07-22,2022,BOS,TOR,3,2.7,18,63,8,2,1,1,0.98,BOS202207220
Nathan Eovaldi,eovan001,2022-07-27,2022,BOS,CLE,1,6.0,29,95,9,0,0,1,0.98,BOS202207270
Nathan Eovaldi,eovan001,2022-08-01,2022,BOS,HOU,6,6.3,27,97,5,2,0,0,1.02,HOU202208010
Nathan Eovaldi,eovan001,2022-08-06,2022,BOS,KCA,7,6.0,24,99,7,0,2,0,0.96,KCA202208060
Nathan Eovaldi,eovan001,2022-08-12,2022,BOS,NYA,3,6.0,26,108,8,2,1,1,0.98,BOS202208120
Nathan Eovaldi,eovan001,2022-09-29,2022,BOS,BAL,3,4.7,19,72,5,0,0,1,0.98,BOS202209290
Nathan Eovaldi,eovan001,2022-10-04,2022,BOS,TBA,4,5.0,18,64,2,2,0,1,0.98,BOS202210040
Paolo Espino,espip001,2022-06-12,2022,WAS,MIL,2,3.7,14,53,4,0,0,1,1.01,WAS202206120
Paolo Espino,espip001,2022-06-17,2022,WAS,PHI,5,5.0,21,89,3,4,1,1,1.01,WAS202206172
Paolo Espino,espip001,2022-06-24,2022,WAS,TEX,3,5.3,23,89,6,1,1,0,0.99,TEX202206240
Paolo Espino,espip001,2022-06-29,2022,WAS,PIT,4,4.3,18,66,5,1,2,1,1.01,WAS202206290
Paolo Espino,espip001,2022-07-05,2022,WAS,PHI,3,3.7,18,82,6,1,2,0,1.01,PHI202207050
Paolo Espino,espip001,2022-07-10,2022,WAS,ATL,4,4.0,19,65,6,1,0,0,1.02,ATL202207100
Paolo Espino,espip001,2022-07-16,2022,WAS,ATL,5,5.3,24,87,6,0,2,1,1.01,WAS202207160
Paolo Espino,espip001,2022-07-25,2022,WAS,LAN,2,4.0,16,54,4,0,1,0,1.03,LAN202207250
Paolo Espino,espip001,2022-07-30,2022,WAS,SLN,2,4.7,20,70,7,1,2,1,1.01,WAS202207300
Paolo Espino,espip001,2022-08-04,2022,WAS,PHI,3,4.0,19,71,7,0,2,0,1.01,PHI202208040
Paolo Espino,espip001,2022-08-09,2022,WAS,CHN,5,5.0,22,86,6,0,1,0,0.97,CHN202208090
Paolo Espino,espip001,2022-08-14,2022,WAS,SDN,3,5.7,26,109,7,2,0,1,1.01,WAS202208140
Paolo Espino,espip001,2022-08-19,2022,WAS,SDN,4,4.3,20,84,3,4,0,0,1.08,SDN202208190
Paolo Espino,espip001,2022-08-27,2022,WAS,CIN,4,5.3,22,89,7,0,1,1,1.01,WAS202208270
Paolo Espino,espip001,2022-09-01,2022,WAS,OAK,6,5.0,19,66,5,0,1,1,1.01,WAS202209010
Paolo Espino,espip001,2022-09-06,2022,WAS,SLN,5,5.0,21,85,7,0,1,0,1.0,SLN202209060
Paolo Espino,espip001,2022-09-21,2022,WAS,ATL,2,4.0,18,71,4,2,0,0,1.02,ATL202209210
Paolo Espino,espip001,2022-09-27,2022,WAS,ATL,5,5.0,20,72,5,0,2,1,1.01,WAS202209270
Paolo Espino,espip001,2022-10-04,2022,WAS,NYN,0,0.3,8,32,5,2,3,0,1.06,NYN202210042
Alex Faedo,faeda001,2022-05-04,2022,DET,PIT,1,5.0,22,76,8,1,1,1,1.0,DET202205042
Alex Faedo,faeda001,2022-05-10,2022,DET,OAK,7,5.0,21,83,4,2,0,1,1.0,DET202205102
Alex Faedo,faeda001,2022-05-16,2022,DET,TBA,4,5.7,21,83,4,1,1,0,1.05,TBA202205160
Alex Faedo,faeda001,2022-05-22,2022,DET,CLE,2,5.3,22,86,6,2,1,0,1.04,CLE202205220
Alex Faedo,faeda001,2022-05-28,2022,DET,CLE,2,6.0,25,94,5,2,0,1,1.0,DET202205280
Alex Faedo,faeda001,2022-06-02,2022,DET,MIN,5,5.0,22,89,5,2,0,1,1.0,DET202206020
Alex Faedo,faeda001,2022-06-08,2022,DET,PIT,7,5.0,18,82,3,1,1,0,1.0,PIT202206080
Alex Faedo,faeda001,2022-06-15,2022,DET,CHA,5,3.0,20,80,9,1,2,1,1.0,DET202206150
Alex Faedo,faeda001,2022-06-20,2022,DET,BOS,2,4.3,24,93,8,2,0,0,0.98,BOS202206200
Alex Faedo,faeda001,2022-06-25,2022,DET,ARI,4,4.0,18,75,3,3,1,0,1.03,ARI202206250
Alex Faedo,faeda001,2022-07-04,2022,DET,CLE,3,3.7,18,66,4,4,0,1,1.0,DET202207042
Alex Faedo,faeda001,2022-07-11,2022,DET,KCA,2,1.7,13,60,4,4,0,0,0.96,KCA202207112
Bailey Falter,faltb001,2022-05-11,2022,PHI,SEA,4,4.7,19,65,5,0,0,0,1.04,SEA202205110
Bailey Falter,faltb001,2022-05-27,2022,PHI,NYN,2,3.0,17,82,4,3,1,0,1.06,NYN202205270
Bailey Falter,faltb001,2022-06-17,2022,PHI,WAS,4,5.0,20,78,5,1,2,0,1.01,WAS202206172
Bailey Falter,faltb001,2022-07-01,2022,PHI,SLN,5,4.0,18,66,5,1,1,1,1.01,PHI202207010
Bailey Falter,faltb001,2022-07-07,2022,PHI,WAS,6,4.0,20,78,6,1,0,1,1.01,PHI202207070
Bailey Falter,faltb001,2022-07-24,2022,PHI,CHN,5,5.0,22,82,5,2,3,1,1.01,PHI202207240
Bailey Falter,faltb001,2022-07-29,2022,PHI,PIT,8,6.0,23,80,5,1,1,0,1.0,PIT202207290
Bailey Falter,faltb001,2022-08-20,2022,PHI,NYN,3,6.0,23,84,2,2,0,1,1.01,PHI202208202
Bailey Falter,faltb001,2022-08-26,2022,PHI,PIT,6,6.0,22,71,5,0,2,1,1.01,PHI202208260
Bailey Falter,faltb001,2022-08-31,2022,PHI,ARI,6,6.3,24,83,5,0,1,0,1.03,ARI202208310
Bailey Falter,faltb001,2022-09-07,2022,PHI,MIA,3,5.3,23,74,7,0,0,1,1.01,PHI202209070
Bailey Falter,faltb001,2022-09-13,2022,PHI,MIA,4,6.0,22,88,4,0,1,0,0.98,MIA202209130
Bailey Falter,faltb001,2022-09-18,2022,PHI,ATL,3,4.7,20,76,4,2,0,0,1.02,ATL202209180
Bailey Falter,faltb001,2022-09-24,2022,PHI,ATL,6,3.7,20,90,10,0,2,1,1.01,PHI202209240
Bailey Falter,faltb001,2022-09-30,2022,PHI,WAS,6,6.0,21,84,3,2,0,0,1.01,WAS202209300
Bailey Falter,faltb001,2022-10-05,2022,PHI,HOU,0,1.0,4,11,2,0,0,0,1.02,HOU202210050
Luke Farrell,farrl001,2022-08-24,2022,CHN,SLN,3,4.3,19,71,6,0,1,1,0.97,CHN202208240
Luke Farrell,farrl001,2022-08-31,2022,CHN,TOR,2,2.0,8,31,2,0,1,0,1.0,TOR202208310
Erick Fedde,fedde001,2022-04-10,2022,WAS,NYN,5,5.0,21,87,5,2,1,1,1.01,WAS202204100
Erick Fedde,fedde001,2022-04-15,2022,WAS,PIT,6,5.0,21,96,4,2,0,0,1.0,PIT202204150
Erick Fedde,fedde001,2022-04-20,2022,WAS,ARI,3,3.3,20,80,8,1,1,1,1.01,WAS202204200
Erick Fedde,fedde001,2022-04-27,2022,WAS,MIA,5,4.7,19,91,3,3,1,1,1.01,WAS202204270
Erick Fedde,fedde001,2022-05-03,2022,WAS,COL,3,7.0,28,102,6,2,0,0,0.92,COL202205030
Erick Fedde,fedde001,2022-05-08,2022,WAS,ANA,4,5.0,22,97,2,5,0,0,0.99,ANA202205080
Erick Fedde,fedde001,2022-05-14,2022,WAS,HOU,6,4.0,19,82,5,3,1,1,1.01,WAS202205140
Erick Fedde,fedde001,2022-05-20,2022,WAS,MIL,4,5.7,24,97,4,3,1,0,1.05,MIL202205200
Erick Fedde,fedde001,2022-05-25,2022,WAS,LAN,6,6.0,22,90,4,1,0,1,1.01,WAS202205250
Erick Fedde,fedde001,2022-05-30,2022,WAS,NYN,0,1.3,12,52,8,1,1,0,1.06,NYN202205300
Erick Fedde,fedde001,2022-06-04,2022,WAS,CIN,1,4.7,23,86,7,2,0,0,1.0,CIN202206040
Erick Fedde,fedde001,2022-06-10,2022,WAS,MIL,4,5.7,22,98,4,3,1,1,1.01,WAS202206100
Erick Fedde,fedde001,2022-06-15,2022,WAS,ATL,4,5.3,25,111,7,3,0,1,1.01,WAS202206150
Erick Fedde,fedde001,2022-06-21,2022,WAS,BAL,4,6.0,21,97,2,1,0,0,1.0,BAL202206210
Erick Fedde,fedde001,2022-06-27,2022,WAS,PIT,4,5.0,20,100,3,2,1,1,1.01,WAS202206270
Erick Fedde,fedde001,2022-07-03,2022,WAS,MIA,6,6.0,23,106,3,3,1,1,1.01,WAS202207030
Erick Fedde,fedde001,2022-07-08,2022,WAS,ATL,1,3.0,20,75,8,3,3,0,1.02,ATL202207080
Erick Fedde,fedde001,2022-07-13,2022,WAS,SEA,1,5.3,23,85,6,3,1,1,1.01,WAS202207132
Erick Fedde,fedde001,2022-07-24,2022,WAS,ARI,3,4.7,24,99,7,4,0,0,1.03,ARI202207240
Erick Fedde,fedde001,2022-08-23,2022,WAS,SEA,6,5.0,19,81,3,1,1,0,1.04,SEA202208230
Erick Fedde,fedde001,2022-08-30,2022,WAS,OAK,4,2.7,18,76,9,1,1,1,1.01,WAS202208300
Erick Fedde,fedde001,2022-09-04,2022,WAS,NYN,2,6.0,23,101,4,1,0,0,1.06,NYN202209040
Erick Fedde,fedde001,2022-09-10,2022,WAS,PHI,1,3.7,18,79,5,4,1,0,1.01,PHI202209100
Erick Fedde,fedde001,2022-09-17,2022,WAS,MIA,3,4.0,18,87,7,0,1,1,1.01,WAS202209170
Erick Fedde,fedde001,2022-09-24,2022,WAS,MIA,4,5.7,26,94,9,1,1,0,0.98,MIA202209240
Erick Fedde,fedde001,2022-09-30,2022,WAS,PHI,3,5.0,24,104,7,1,1,1,1.01,WAS202209300
Erick Fedde,fedde001,2022-10-05,2022,WAS,NYN,1,2.3,18,67,9,2,2,0,1.06,NYN202210050
Ryan Feltner,feltr001,2022-04-27,2022,COL,PHI,7,5.0,23,84,7,2,1,0,1.01,PHI202204270
Ryan Feltner,feltr001,2022-05-25,2022,COL,PIT,7,5.0,21,90,3,2,0,0,1.0,PIT202205250
Ryan Feltner,feltr001,2022-05-30,2022,COL,MIA,6,7.0,26,94,4,1,1,1,0.92,COL202205300
Ryan Feltner,feltr001,2022-06-05,2022,COL,ATL,3,3.0,18,78,7,1,1,1,0.92,COL202206050
Ryan Feltner,feltr001,2022-06-11,2022,COL,SDN,6,6.0,21,93,2,1,1,0,1.08,SDN202206111
Ryan Feltner,feltr001,2022-06-21,2022,COL,MIA,2,3.7,19,72,6,0,2,0,0.98,MIA202206210
Ryan Feltner,feltr001,2022-06-26,2022,COL,MIN,2,4.0,21,80,8,1,0,0,1.0,MIN202206260
Ryan Feltner,feltr001,2022-08-02,2022,COL,SDN,3,3.7,19,76,8,1,1,0,1.08,SDN202208021
Ryan Feltner,feltr001,2022-08-09,2022,COL,SLN,3,5.7,24,90,4,3,1,1,0.92,COL202208090
Ryan Feltner,feltr001,2022-08-14,2022,COL,ARI,3,4.3,22,78,7,2,1,1,0.92,COL202208140
Ryan Feltner,feltr001,2022-08-20,2022,COL,SFN,5,6.0,22,86,2,2,1,1,0.92,COL202208200
Ryan Feltner,feltr001,2022-08-25,2022,COL,NYN,2,4.7,21,92,6,2,1,0,1.06,NYN202208250
Ryan Feltner,feltr001,2022-08-31,2022,COL,ATL,7,5.7,23,96,5,3,2,0,1.02,ATL202208310
Ryan Feltner,feltr001,2022-09-05,2022,COL,MIL,7,5.3,23,90,5,1,0,1,0.92,COL202209050
Ryan Feltner,feltr001,2022-09-11,2022,COL,ARI,3,2.7,16,69,4,4,0,1,0.92,COL202209110
Ryan Feltner,feltr001,2022-09-18,2022,COL,CHN,4,5.3,23,78,6,1,1,0,0.97,CHN202209180
Ryan Feltner,feltr001,2022-09-23,2022,COL,SDN,3,5.0,21,88,5,1,0,1,0.92,COL202209230
Ryan Feltner,feltr001,2022-09-29,2022,COL,SFN,5,6.0,26,90,6,3,1,0,1.03,SFN202209290
Ryan Feltner,feltr001,2022-10-04,2022,COL,LAN,4,6.0,24,90,4,2,1,0,1.03,LAN202210040
Caleb Ferguson,fergc001,2022-09-04,2022,LAN,SDN,3,1.0,3,11,0,0,0,1,1.03,LAN202209040
J. P. Feyereisen,feyej001,2022-04-17,2022,TBA,CHA,3,2.0,6,28,0,0,0,0,0.99,CHA202204170
J. P. Feyereisen,feyej001,2022-04-23,2022,TBA,BOS,2,2.0,6,24,0,0,0,1,1.05,TBA202204230
Jack Flaherty,flahj002,2022-06-15,2022,SLN,PIT,3,3.0,15,60,4,2,0,1,1.0,SLN202206150
Jack Flaherty,flahj002,2022-06-21,2022,SLN,MIL,1,3.0,16,71,3,5,1,0,1.05,MIL202206210
Jack Flaherty,flahj002,2022-06-26,2022,SLN,CHN,2,2.0,11,49,1,2,0,1,1.0,SLN202206260
Jack Flaherty,flahj002,2022-09-05,2022,SLN,WAS,6,5.0,23,89,6,1,0,1,1.0,SLN202209050
Jack Flaherty,flahj002,2022-09-10,2022,SLN,PIT,0,5.0,23,87,6,4,2,0,1.0,PIT202209100
Jack Flaherty,flahj002,2022-09-16,2022,SLN,CIN,5,5.0,25,91,6,2,0,1,1.0,SLN202209160
Jack Flaherty,flahj002,2022-09-22,2022,SLN,SDN,9,6.0,26,99,5,4,1,0,1.08,SDN202209220
Jack Flaherty,flahj002,2022-09-30,2022,SLN,PIT,6,6.0,25,95,4,2,0,1,1.0,SLN202209300
Josh Fleming,flemj001,2022-04-14,2022,TBA,OAK,6,3.3,18,67,7,1,0,1,1.05,TBA202204140
Josh Fleming,flemj001,2022-05-01,2022,TBA,MIN,1,3.7,19,77,5,3,1,1,1.05,TBA202205010
Josh Fleming,flemj001,2022-10-05,2022,TBA,BOS,4,4.7,21,93,8,0,2,0,0.98,BOS202210050
Chris Flexen,flexc001,2022-04-11,2022,SEA,MIN,3,4.3,20,91,5,3,0,0,1.0,MIN202204110
Chris Flexen,flexc001,2022-04-16,2022,SEA,HOU,3,6.0,24,72,5,1,1,1,1.04,SEA202204160
Chris Flexen,flexc001,2022-04-22,2022,SEA,KCA,5,7.0,26,84,6,0,1,1,1.04,SEA202204220
Chris Flexen,flexc001,2022-04-28,2022,SEA,TBA,4,6.7,26,96,6,2,0,0,1.05,TBA202204280
Chris Flexen,flexc001,2022-05-03,2022,SEA,HOU,2,5.0,19,84,2,3,1,0,1.02,HOU202205030
Chris Flexen,flexc001,2022-05-09,2022,SEA,PHI,5,5.0,25,91,9,1,2,1,1.04,SEA202205090
Chris Flexen,flexc001,2022-05-16,2022,SEA,TOR,7,5.3,25,101,6,2,2,0,1.0,TOR202205160
Chris Flexen,flexc001,2022-05-21,2022,SEA,BOS,2,4.0,22,68,8,3,2,0,0.98,BOS202205210
Chris Flexen,flexc001,2022-05-27,2022,SEA,HOU,6,7.0,30,99,7,2,0,1,1.04,SEA202205270
Chris Flexen,flexc001,2022-06-02,2022,SEA,BAL,3,5.0,22,76,6,1,0,0,1.0,BAL202206020
Chris Flexen,flexc001,2022-06-07,2022,SEA,HOU,2,6.7,27,103,5,3,0,0,1.02,HOU202206070
Chris Flexen,flexc001,2022-06-13,2022,SEA,MIN,5,5.0,24,89,7,2,1,1,1.04,SEA202206130
Chris Flexen,flexc001,2022-06-18,2022,SEA,ANA,5,5.3,24,92,6,2,0,1,1.04,SEA202206181
Chris Flexen,flexc001,2022-06-24,2022,SEA,ANA,3,5.0,20,84,5,2,1,0,0.99,ANA202206240
Chris Flexen,flexc001,2022-06-29,2022,SEA,BAL,3,6.0,27,100,7,2,0,1,1.04,SEA202206290
Chris Flexen,flexc001,2022-07-04,2022,SEA,SDN,8,6.7,26,103,4,3,0,0,1.08,SDN202207040
Chris Flexen,flexc001,2022-07-13,2022,SEA,WAS,1,6.0,27,85,6,2,0,0,1.01,WAS202207131
Chris Flexen,flexc001,2022-07-17,2022,SEA,TEX,3,3.7,16,76,4,1,1,0,0.99,TEX202207170
Chris Flexen,flexc001,2022-07-25,2022,SEA,TEX,5,6.0,25,91,4,2,1,1,1.04,SEA202207250
Chris Flexen,flexc001,2022-07-30,2022,SEA,HOU,1,5.3,23,94,3,4,1,0,1.02,HOU202207300
Chris Flexen,flexc001,2022-08-06,2022,SEA,ANA,5,6.0,26,108,6,2,2,1,1.04,SEA202208062
Chris Flexen,flexc001,2022-10-04,2022,SEA,DET,2,4.0,18,71,5,1,1,1,1.04,SEA202210041
Kyle Freeland,freek001,2022-04-08,2022,COL,LAN,6,3.7,20,74,5,2,0,1,0.92,COL202204080
Kyle Freeland,freek001,2022-04-14,2022,COL,CHN,1,5.3,26,73,9,2,1,1,0.92,COL202204140
Kyle Freeland,freek001,2022-04-19,2022,COL,PHI,3,5.0,22,87,6,1,0,1,0.92,COL202204190
Kyle Freeland,freek001,2022-04-25,2022,COL,PHI,7,5.0,24,101,6,1,1,0,1.01,PHI202204250
Kyle Freeland,freek001,2022-05-01,2022,COL,CIN,4,7.0,24,80,4,1,1,1,0.92,COL202205010
Kyle Freeland,freek001,2022-05-07,2022,COL,ARI,5,6.0,24,89,5,2,0,0,1.03,ARI202205070
Kyle Freeland,freek001,2022-05-13,2022,COL,KCA,0,4.7,27,75,12,2,1,1,0.92,COL202205130
Kyle Freeland,freek001,2022-05-18,2022,COL,SFN,8,6.0,28,103,7,2,0,1,0.92,COL202205180
Kyle Freeland,freek001,2022-05-24,2022,COL,PIT,6,4.3,18,84,2,2,0,0,1.0,PIT202205240
Kyle Freeland,freek001,2022-05-29,2022,COL,WAS,2,5.7,28,107,7,4,1,0,1.01,WAS202205290
Kyle Freeland,freek001,2022-06-04,2022,COL,ATL,3,7.0,28,89,5,1,1,1,0.92,COL202206040
Kyle Freeland,freek001,2022-06-11,2022,COL,SDN,3,6.0,23,96,3,2,0,0,1.08,SDN202206112
Kyle Freeland,freek001,2022-06-17,2022,COL,SDN,0,7.0,29,82,8,1,1,1,0.92,COL202206170
Kyle Freeland,freek001,2022-06-23,2022,COL,MIA,5,7.0,29,107,7,0,0,0,0.98,MIA202206230
Kyle Freeland,freek001,2022-06-28,2022,COL,LAN,5,6.0,26,91,6,3,2,1,0.92,COL202206280
Kyle Freeland,freek001,2022-07-04,2022,COL,LAN,5,5.7,24,97,6,1,1,0,1.03,LAN202207040
Kyle Freeland,freek001,2022-07-09,2022,COL,ARI,3,6.3,27,99,7,2,1,0,1.03,ARI202207090
Kyle Freeland,freek001,2022-07-14,2022,COL,SDN,3,4.0,20,91,6,3,1,1,0.92,COL202207140
Kyle Freeland,freek001,2022-07-25,2022,COL,MIL,7,7.0,24,97,4,1,0,0,1.05,MIL202207250
Kyle Freeland,freek001,2022-07-30,2022,COL,LAN,6,6.0,25,98,6,0,1,1,0.92,COL202207300
Kyle Freeland,freek001,2022-08-04,2022,COL,SDN,7,5.7,26,113,6,4,0,0,1.08,SDN202208040
Kyle Freeland,freek001,2022-08-10,2022,COL,SLN,1,4.3,26,90,10,2,0,1,0.92,COL202208100
Kyle Freeland,freek001,2022-08-16,2022,COL,SLN,4,6.0,25,100,7,1,2,0,1.0,SLN202208160
Kyle Freeland,freek001,2022-08-21,2022,COL,SFN,5,6.3,31,100,7,3,1,1,0.92,COL202208210
Kyle Freeland,freek001,2022-08-27,2022,COL,NYN,2,5.0,21,95,4,1,1,0,1.06,NYN202208270
Kyle Freeland,freek001,2022-09-02,2022,COL,CIN,3,5.7,24,92,8,1,1,0,1.0,CIN202209020
Kyle Freeland,freek001,2022-09-07,2022,COL,MIL,8,6.0,21,85,2,1,0,1,0.92,COL202209070
Kyle Freeland,freek001,2022-09-14,2022,COL,CHA,5,6.7,28,97,7,3,0,0,0.99,CHA202209140
Kyle Freeland,freek001,2022-09-20,2022,COL,SFN,4,6.0,23,92,5,1,0,1,0.92,COL202209200
Kyle Freeland,freek001,2022-09-25,2022,COL,SDN,2,2.7,18,63,9,0,1,1,0.92,COL202209250
Kyle Freeland,freek001,2022-10-01,2022,COL,LAN,8,5.7,27,90,7,3,0,0,1.03,LAN202210010
Max Fried,friem001,2022-04-07,2022,ATL,CIN,5,5.7,26,84,8,1,0,1,1.02,ATL202204070
Max Fried,friem001,2022-04-13,2022,ATL,WAS,4,5.3,23,78,7,0,0,1,1.02,ATL202204130
Max Fried,friem001,2022-04-19,2022,ATL,LAN,8,7.0,22,93,2,0,0,0,1.03,LAN202204190
Max Fried,friem001,2022-04-26,2022,ATL,CHN,4,6.0,23,89,4,0,1,1,1.02,ATL202204260
Max Fried,friem001,2022-05-02,2022,ATL,NYN,6,6.0,23,90,4,0,1,0,1.06,NYN202205020
Max Fried,friem001,2022-05-07,2022,ATL,MIL,8,7.0,25,95,4,1,1,1,1.02,ATL202205070
Max Fried,friem001,2022-05-13,2022,ATL,SDN,6,6.0,30,97,9,2,1,1,1.02,ATL202205130
Max Fried,friem001,2022-05-18,2022,ATL,MIL,6,6.0,26,94,7,2,0,0,1.05,MIL202205180
Max Fried,friem001,2022-05-24,2022,ATL,PHI,5,6.0,25,99,5,2,0,1,1.02,ATL202205240
Max Fried,friem001,2022-05-29,2022,ATL,MIA,5,6.0,26,104,6,3,1,1,1.02,ATL202205290
Max Fried,friem001,2022-06-03,2022,ATL,COL,4,8.0,27,102,2,1,0,0,0.92,COL202206030
Max Fried,friem001,2022-06-09,2022,ATL,PIT,8,6.0,24,94,8,0,1,1,1.02,ATL202206090
Max Fried,friem001,2022-06-14,2022,ATL,WAS,6,5.7,24,104,6,1,0,0,1.01,WAS202206140
Max Fried,friem001,2022-06-20,2022,ATL,SFN,8,7.0,26,102,5,2,0,1,1.02,ATL202206200
Max Fried,friem001,2022-06-25,2022,ATL,LAN,9,6.7,26,106,6,1,0,1,1.02,ATL202206250
Max Fried,friem001,2022-07-01,2022,ATL,CIN,4,7.0,26,94,5,0,0,0,1.0,CIN202207010
Max Fried,friem001,2022-07-06,2022,ATL,SLN,4,6.0,23,82,5,1,0,1,1.02,ATL202207060
Max Fried,friem001,2022-07-11,2022,ATL,NYN,5,5.0,25,99,5,5,0,1,1.02,ATL202207110
Max Fried,friem001,2022-07-16,2022,ATL,WAS,4,7.0,26,94,7,0,0,0,1.01,WAS202207160
Max Fried,friem001,2022-07-25,2022,ATL,PHI,8,6.0,27,103,9,0,0,0,1.01,PHI202207250
Max Fried,friem001,2022-07-31,2022,ATL,ARI,5,7.0,25,104,4,2,0,1,1.02,ATL202207310
Max Fried,friem001,2022-08-06,2022,ATL,NYN,5,6.0,27,93,6,1,0,0,1.06,NYN202208062
Max Fried,friem001,2022-08-18,2022,ATL,NYN,6,7.0,25,93,4,0,1,1,1.02,ATL202208180
Max Fried,friem001,2022-08-23,2022,ATL,PIT,7,8.0,28,95,3,1,1,0,1.0,PIT202208230
Max Fried,friem001,2022-08-30,2022,ATL,COL,3,5.0,23,91,7,1,0,1,1.02,ATL202208300
Max Fried,friem001,2022-09-04,2022,ATL,MIA,6,5.0,15,66,0,1,0,1,1.02,ATL202209040
Max Fried,friem001,2022-09-10,2022,ATL,SEA,6,6.0,24,85,5,0,2,0,1.04,SEA202209100
Max Fried,friem001,2022-09-16,2022,ATL,PHI,4,6.0,24,109,4,3,2,1,1.02,ATL202209160
Max Fried,friem001,2022-09-22,2022,ATL,PHI,8,5.0,21,106,5,1,0,0,1.01,PHI202209220
Max Fried,friem001,2022-09-30,2022,ATL,NYN,3,5.0,18,71,4,0,0,1,1.02,ATL202209300
Hunter Gaddis,gaddh001,2022-08-05,2022,CLE,HOU,2,3.3,19,79,7,2,2,1,1.04,CLE202208050
Hunter Gaddis,gaddh001,2022-09-15,2022,CLE,CHA,3,4.0,21,92,8,1,5,1,1.04,CLE202209150
Zac Gallen,gallz001,2022-04-16,2022,ARI,NYN,2,4.0,15,66,2,1,0,0,1.06,NYN202204160
Zac Gallen,gallz001,2022-04-22,2022,ARI,NYN,7,5.0,18,79,2,1,0,1,1.03,ARI202204220
Zac Gallen,gallz001,2022-04-27,2022,ARI,LAN,5,6.0,23,90,2,2,0,1,1.03,ARI202204270
Zac Gallen,gallz001,2022-05-02,2022,ARI,MIA,5,6.3,25,102,5,0,0,0,0.98,MIA202205020
Zac Gallen,gallz001,2022-05-08,2022,ARI,COL,7,7.0,27,92,5,0,0,1,1.03,ARI202205080
Zac Gallen,gallz001,2022-05-14,2022,ARI,CHN,9,6.0,21,96,2,1,1,1,1.03,ARI202205140
Zac Gallen,gallz001,2022-05-19,2022,ARI,CHN,4,5.0,21,88,2,3,0,0,0.97,CHN202205190
Zac Gallen,gallz001,2022-05-24,2022,ARI,KCA,4,5.3,24,96,7,2,1,1,1.03,ARI202205240
Zac Gallen,gallz001,2022-05-30,2022,ARI,ATL,6,5.7,26,97,7,2,1,1,1.03,ARI202205300
Zac Gallen,gallz001,2022-06-05,2022,ARI,PIT,4,6.0,25,98,5,3,1,0,1.0,PIT202206050
Zac Gallen,gallz001,2022-06-10,2022,ARI,PHI,2,1.7,14,66,7,1,2,0,1.01,PHI202206100
Zac Gallen,gallz001,2022-06-15,2022,ARI,CIN,5,7.0,26,104,2,0,0,1,1.03,ARI202206150
Zac Gallen,gallz001,2022-06-21,2022,ARI,SDN,11,6.0,25,115,4,3,1,0,1.08,SDN202206210
Zac Gallen,gallz001,2022-06-28,2022,ARI,SDN,2,5.0,24,94,7,2,1,1,1.03,ARI202206280
Zac Gallen,gallz001,2022-07-03,2022,ARI,COL,4,6.0,23,95,4,2,1,0,0.92,COL202207030
Zac Gallen,gallz001,2022-07-08,2022,ARI,COL,7,5.0,23,86,6,3,1,1,1.03,ARI202207080
Zac Gallen,gallz001,2022-07-13,2022,ARI,SFN,5,6.7,25,97,4,2,1,0,1.03,SFN202207130
Zac Gallen,gallz001,2022-07-22,2022,ARI,WAS,7,7.0,24,97,2,0,0,1,1.03,ARI202207220
Zac Gallen,gallz001,2022-07-27,2022,ARI,SFN,5,5.0,19,93,3,1,0,1,1.03,ARI202207270
Zac Gallen,gallz001,2022-08-02,2022,ARI,CLE,5,5.7,26,103,6,3,0,0,1.04,CLE202208020
Zac Gallen,gallz001,2022-08-08,2022,ARI,PIT,8,7.0,23,89,3,2,0,1,1.03,ARI202208080
Zac Gallen,gallz001,2022-08-13,2022,ARI,COL,6,7.0,23,103,2,1,0,0,0.92,COL202208130
Zac Gallen,gallz001,2022-08-18,2022,ARI,SFN,12,7.3,25,99,4,0,0,0,1.03,SFN202208180
Zac Gallen,gallz001,2022-08-24,2022,ARI,KCA,6,6.0,23,95,3,3,0,0,0.96,KCA202208240
Zac Gallen,gallz001,2022-08-30,2022,ARI,PHI,7,7.0,22,88,2,1,0,1,1.03,ARI202208300
Zac Gallen,gallz001,2022-09-04,2022,ARI,MIL,7,7.0,24,103,2,1,0,1,1.03,ARI202209040
Zac Gallen,gallz001,2022-09-11,2022,ARI,COL,11,6.0,22,95,4,0,0,0,0.92,COL202209110
Zac Gallen,gallz001,2022-09-17,2022,ARI,SDN,4,5.3,23,105,4,3,1,1,1.03,ARI202209170
Zac Gallen,gallz001,2022-09-22,2022,ARI,LAN,13,8.0,26,95,2,0,0,0,1.03,LAN202209220
Zac Gallen,gallz001,2022-09-28,2022,ARI,HOU,6,7.0,26,100,6,1,1,0,1.02,HOU202209280
Zac Gallen,gallz001,2022-10-04,2022,ARI,MIL,6,5.0,23,102,5,3,2,0,1.05,MIL202210040
Bryan Garcia,garcb001,2022-07-29,2022,DET,TOR,3,3.7,16,68,3,2,1,0,1.0,TOR202207290
Bryan Garcia,garcb001,2022-08-05,2022,DET,TBA,3,4.0,17,72,1,6,0,1,1.0,DET202208050
Bryan Garcia,garcb001,2022-08-15,2022,DET,CLE,5,6.0,24,88,5,0,2,0,1.04,CLE202208152
Bryan Garcia,garcb001,2022-10-03,2022,DET,SEA,6,6.7,27,89,5,2,0,0,1.04,SEA202210030
Luis García,garcl007,2022-04-12,2022,HOU,ARI,1,4.0,16,71,2,2,0,0,1.03,ARI202204120
Luis García,garcl007,2022-04-18,2022,HOU,ANA,7,5.7,22,72,4,1,1,1,1.02,HOU202204180
Luis García,garcl007,2022-04-24,2022,HOU,TOR,6,6.0,23,66,5,1,2,1,1.02,HOU202204240
Luis García,garcl007,2022-04-30,2022,HOU,TOR,5,6.0,24,86,5,1,2,0,1.0,TOR202204300
Luis García,garcl007,2022-05-06,2022,HOU,DET,9,7.0,26,91,2,2,0,1,1.02,HOU202205060
Luis García,garcl007,2022-05-12,2022,HOU,MIN,9,5.0,22,95,5,2,0,0,1.0,MIN202205120
Luis García,garcl007,2022-05-18,2022,HOU,BOS,4,4.0,21,81,5,3,1,0,0.98,BOS202205180
Luis García,garcl007,2022-05-23,2022,HOU,CLE,4,5.0,23,85,5,2,1,1,1.02,HOU202205230
Luis García,garcl007,2022-05-29,2022,HOU,SEA,6,6.0,23,85,4,1,0,0,1.04,SEA202205290
Luis García,garcl007,2022-06-04,2022,HOU,KCA,2,7.0,26,91,4,1,1,0,0.96,KCA202206040
Luis García,garcl007,2022-06-10,2022,HOU,MIA,7,4.3,20,88,5,2,3,1,1.02,HOU202206100
Luis García,garcl007,2022-06-15,2022,HOU,TEX,9,6.0,23,92,5,0,1,0,0.99,TEX202206150
Luis García,garcl007,2022-06-22,2022,HOU,NYN,5,5.0,21,83,6,1,0,1,1.02,HOU202206220
Luis García,garcl007,2022-06-30,2022,HOU,NYA,6,5.3,21,101,3,2,1,1,1.02,HOU202206300
Luis García,garcl007,2022-07-05,2022,HOU,KCA,7,6.3,27,88,8,1,2,1,1.02,HOU202207050
Luis García,garcl007,2022-07-12,2022,HOU,ANA,7,6.0,22,93,1,3,0,0,0.99,ANA202207120
Luis García,garcl007,2022-07-21,2022,HOU,NYA,6,5.0,20,92,3,2,1,1,1.02,HOU202207212
Luis García,garcl007,2022-07-26,2022,HOU,OAK,7,5.7,25,108,4,4,1,0,1.0,OAK202207260
Luis García,garcl007,2022-08-01,2022,HOU,BOS,5,7.0,27,99,6,1,1,1,1.02,HOU202208010
Luis García,garcl007,2022-08-06,2022,HOU,CLE,5,6.0,27,82,9,1,0,0,1.04,CLE202208060
Luis García,garcl007,2022-08-12,2022,HOU,OAK,6,6.0,25,97,8,2,0,1,1.02,HOU202208120
Luis García,garcl007,2022-08-18,2022,HOU,CHA,4,5.0,25,97,7,4,1,0,0.99,CHA202208180
Luis García,garcl007,2022-08-25,2022,HOU,MIN,5,5.0,21,88,5,1,1,1,1.02,HOU202208250
Luis García,garcl007,2022-09-03,2022,HOU,ANA,7,7.0,26,94,3,2,0,0,0.99,ANA202209030
Luis García,garcl007,2022-09-11,2022,HOU,ANA,4,5.0,23,88,8,0,2,1,1.02,HOU202209110
Luis García,garcl007,2022-09-19,2022,HOU,TBA,4,5.0,21,81,2,4,0,0,1.05,TBA202209190
Luis García,garcl007,2022-09-27,2022,HOU,ARI,6,6.0,22,85,4,0,1,1,1.02,HOU202209270
Luis García,garcl007,2022-10-02,2022,HOU,TBA,4,6.0,21,84,3,1,0,1,1.02,HOU202210020
Rony García,garcr007,2022-05-25,2022,DET,MIN,5,4.0,17,78,3,2,1,0,1.0,MIN202205250
Rony García,garcr007,2022-05-31,2022,DET,MIN,7,5.0,23,90,7,1,1,1,1.0,DET202205311
Rony García,garcr007,2022-06-05,2022,DET,NYA,4,5.0,19,69,4,1,1,0,0.99,NYA202206050
Rony García,garcr007,2022-06-13,2022,DET,CHA,3,4.0,18,75,5,2,1,1,1.0,DET202206130
Rony García,garcr007,2022-06-18,2022,DET,TEX,5,6.0,22,92,5,0,2,1,1.0,DET202206180
Rony García,garcr007,2022-06-24,2022,DET,ARI,3,5.3,21,81,3,2,0,0,1.03,ARI202206240
Rony García,garcr007,2022-06-29,2022,DET,SFN,4,5.0,21,89,4,2,1,0,1.03,SFN202206290
Rony García,garcr007,2022-07-24,2022,DET,MIN,0,2.7,14,62,2,0,0,1,1.0,DET202207240
Braxton Garrett,garrb001,2022-06-05,2022,MIA,SFN,5,3.3,18,72,5,1,1,1,0.98,MIA202206050
Braxton Garrett,garrb001,2022-06-11,2022,MIA,HOU,5,5.7,24,83,6,1,0,0,1.02,HOU202206110
Braxton Garrett,garrb001,2022-06-18,2022,MIA,NYN,0,4.0,19,75,5,2,1,0,1.06,NYN202206180
Braxton Garrett,garrb001,2022-06-23,2022,MIA,COL,7,4.7,24,94,9,1,0,1,0.98,MIA202206230
Braxton Garrett,garrb001,2022-06-28,2022,MIA,SLN,5,4.7,20,84,7,1,0,0,1.0,SLN202206280
Braxton Garrett,garrb001,2022-07-04,2022,MIA,WAS,4,7.3,25,83,4,1,0,0,1.01,WAS202207040
Braxton Garrett,garrb001,2022-07-09,2022,MIA,NYN,3,5.7,21,85,3,1,2,0,1.06,NYN202207090
Braxton Garrett,garrb001,2022-07-14,2022,MIA,PIT,11,6.0,24,102,2,2,0,1,0.98,MIA202207140
Braxton Garrett,garrb001,2022-07-22,2022,MIA,PIT,7,6.0,21,79,2,1,1,0,1.0,PIT202207220
Braxton Garrett,garrb001,2022-07-27,2022,MIA,CIN,8,5.0,23,87,7,1,0,0,1.0,CIN202207270
Braxton Garrett,garrb001,2022-08-02,2022,MIA,CIN,11,5.7,25,104,3,2,0,1,0.98,MIA202208020
Braxton Garrett,garrb001,2022-08-09,2022,MIA,PHI,3,4.7,21,82,8,0,2,0,1.01,PHI202208090
Braxton Garrett,garrb001,2022-08-14,2022,MIA,ATL,2,6.0,25,94,5,3,0,1,0.98,MIA202208140
Braxton Garrett,garrb001,2022-09-12,2022,MIA,TEX,4,4.7,18,65,2,2,1,1,0.98,MIA202209122
Braxton Garrett,garrb001,2022-09-23,2022,MIA,WAS,6,6.0,23,80,5,0,1,1,0.98,MIA202209230
Braxton Garrett,garrb001,2022-09-29,2022,MIA,MIL,2,4.0,18,76,7,0,0,0,1.05,MIL202209290
Braxton Garrett,garrb001,2022-10-04,2022,MIA,ATL,7,4.7,24,91,6,5,0,1,0.98,MIA202210040
Kevin Gausman,gausk001,2022-04-09,2022,TOR,TEX,5,5.0,22,80,8,0,0,1,1.0,TOR202204090
Kevin Gausman,gausk001,2022-04-14,2022,TOR,NYA,9,5.7,23,83,6,0,0,0,0.99,NYA202204140
Kevin Gausman,gausk001,2022-04-21,2022,TOR,BOS,8,8.0,28,88,7,0,0,0,0.98,BOS202204210
Kevin Gausman,gausk001,2022-04-26,2022,TOR,BOS,9,6.0,22,88,4,0,0,1,1.0,TOR202204260
Kevin Gausman,gausk001,2022-05-01,2022,TOR,HOU,10,7.0,27,98,6,0,0,1,1.0,TOR202205010
Kevin Gausman,gausk001,2022-05-07,2022,TOR,CLE,5,6.3,25,104,6,1,0,0,1.04,CLE202205071
Kevin Gausman,gausk001,2022-05-13,2022,TOR,TBA,8,7.0,28,98,5,1,0,0,1.05,TBA202205130
Kevin Gausman,gausk001,2022-05-18,2022,TOR,SEA,3,5.0,22,85,7,1,1,1,1.0,TOR202205180
Kevin Gausman,gausk001,2022-05-24,2022,TOR,SLN,8,6.0,25,105,4,2,0,0,1.0,SLN202205240
Kevin Gausman,gausk001,2022-05-31,2022,TOR,CHA,5,5.0,22,98,6,1,1,1,1.0,TOR202205310
Kevin Gausman,gausk001,2022-06-05,2022,TOR,MIN,3,3.7,21,87,9,1,0,1,1.0,TOR202206050
Kevin Gausman,gausk001,2022-06-11,2022,TOR,DET,4,6.0,26,87,6,3,0,0,1.0,DET202206110
Kevin Gausman,gausk001,2022-06-16,2022,TOR,BAL,3,2.3,16,53,7,1,0,1,1.0,TOR202206160
Kevin Gausman,gausk001,2022-06-21,2022,TOR,CHA,7,6.0,26,107,7,2,0,0,0.99,CHA202206210
Kevin Gausman,gausk001,2022-06-27,2022,TOR,BOS,10,7.0,27,110,4,2,0,1,1.0,TOR202206270
Kevin Gausman,gausk001,2022-07-02,2022,TOR,TBA,3,2.0,11,42,4,1,0,1,1.0,TOR202207021
Kevin Gausman,gausk001,2022-07-14,2022,TOR,KCA,6,6.0,24,88,7,2,1,1,1.0,TOR202207140
Kevin Gausman,gausk001,2022-07-22,2022,TOR,BOS,10,5.0,22,108,7,0,2,0,0.98,BOS202207220
Kevin Gausman,gausk001,2022-07-27,2022,TOR,SLN,6,4.7,21,86,8,1,1,1,1.0,TOR202207270
Kevin Gausman,gausk001,2022-08-02,2022,TOR,TBA,10,8.0,26,103,1,1,0,0,1.05,TBA202208020
Kevin Gausman,gausk001,2022-08-07,2022,TOR,MIN,5,6.0,24,84,6,0,0,0,1.0,MIN202208070
Kevin Gausman,gausk001,2022-08-14,2022,TOR,CLE,5,4.7,24,98,9,1,1,1,1.0,TOR202208140
Kevin Gausman,gausk001,2022-08-19,2022,TOR,NYA,7,7.0,25,86,4,1,0,0,0.99,NYA202208190
Kevin Gausman,gausk001,2022-08-25,2022,TOR,BOS,6,5.0,23,88,9,0,0,0,0.98,BOS202208250
Kevin Gausman,gausk001,2022-08-30,2022,TOR,CHN,9,6.0,22,96,5,1,2,1,1.0,TOR202208300
Kevin Gausman,gausk001,2022-09-05,2022,TOR,BAL,6,6.7,27,93,7,0,1,0,1.0,BAL202209051
Kevin Gausman,gausk001,2022-09-10,2022,TOR,TEX,9,5.3,25,101,8,1,2,0,0.99,TEX202209100
Kevin Gausman,gausk001,2022-09-15,2022,TOR,TBA,7,7.0,28,103,6,1,2,1,1.0,TOR202209150
Kevin Gausman,gausk001,2022-09-21,2022,TOR,PHI,8,6.0,25,89,5,2,0,0,1.01,PHI202209210
Kevin Gausman,gausk001,2022-09-26,2022,TOR,NYA,7,6.3,25,94,6,1,1,1,1.0,TOR202209260
Kevin Gausman,gausk001,2022-10-02,2022,TOR,BOS,4,3.0,13,53,4,0,0,1,1.0,TOR202210020
Domingo Germán,germd001,2022-07-21,2022,NYA,HOU,2,3.0,18,58,6,1,2,0,1.02,HOU202207212
Domingo Germán,germd001,2022-07-27,2022,NYA,NYN,7,4.7,21,82,5,2,1,0,1.06,NYN202207270
Domingo Germán,germd001,2022-08-01,2022,NYA,SEA,1,5.0,24,90,6,3,1,1,0.99,NYA202208010
Domingo Germán,germd001,2022-08-06,2022,NYA,SLN,3,5.0,18,86,4,0,0,0,1.0,SLN202208060
Domingo Germán,germd001,2022-08-12,2022,NYA,BOS,4,6.0,22,86,5,2,0,0,0.98,BOS202208120
Domingo Germán,germd001,2022-08-17,2022,NYA,TBA,6,4.7,21,71,5,1,0,1,0.99,NYA202208170
Domingo Germán,germd001,2022-08-22,2022,NYA,NYN,3,6.3,23,86,4,0,1,1,0.99,NYA202208220
Domingo Germán,germd001,2022-08-27,2022,NYA,OAK,5,7.7,27,79,3,0,0,0,1.0,OAK202208270
Domingo Germán,germd001,2022-09-02,2022,NYA,TBA,1,6.7,27,88,6,2,1,0,1.05,TBA202209020
Domingo Germán,germd001,2022-09-07,2022,NYA,MIN,6,6.0,25,90,7,1,1,1,0.99,NYA202209071
Domingo Germán,germd001,2022-09-11,2022,NYA,TBA,1,1.0,4,14,0,1,0,1,0.99,NYA202209110
Domingo Germán,germd001,2022-09-24,2022,NYA,BOS,5,5.0,19,66,3,1,2,1,0.99,NYA202209240
Domingo Germán,germd001,2022-09-30,2022,NYA,BAL,6,5.3,22,76,3,3,0,1,0.99,NYA202209300
Domingo Germán,germd001,2022-10-05,2022,NYA,TEX,6,4.3,20,70,7,1,2,0,0.99,TEX202210050
Kyle Gibson,gibsk002,2022-04-09,2022,PHI,OAK,10,7.0,22,82,2,0,0,1,1.01,PHI202204090
Kyle Gibson,gibsk002,2022-04-14,2022,PHI,MIA,6,4.7,21,91,5,3,1,0,0.98,MIA202204140
Kyle Gibson,gibsk002,2022-04-19,2022,PHI,COL,3,6.0,26,90,6,2,0,0,0.92,COL202204190
Kyle Gibson,gibsk002,2022-04-25,2022,PHI,COL,4,5.7,21,94,3,2,2,1,1.01,PHI202204250
Kyle Gibson,gibsk002,2022-04-30,2022,PHI,NYN,3,4.3,22,84,2,5,0,0,1.06,NYN202204300
Kyle Gibson,gibsk002,2022-05-08,2022,PHI,NYN,3,6.0,21,72,6,0,0,1,1.01,PHI202205081
Kyle Gibson,gibsk002,2022-05-13,2022,PHI,LAN,1,3.7,20,69,8,1,1,0,1.03,LAN202205130
Kyle Gibson,gibsk002,2022-05-19,2022,PHI,SDN,7,5.7,25,100,8,0,0,1,1.01,PHI202205190
Kyle Gibson,gibsk002,2022-05-24,2022,PHI,ATL,8,5.0,22,106,7,1,0,0,1.02,ATL202205240
Kyle Gibson,gibsk002,2022-05-30,2022,PHI,SFN,4,6.0,24,95,3,1,1,1,1.01,PHI202205300
Kyle Gibson,gibsk002,2022-06-05,2022,PHI,ANA,3,3.3,17,70,6,2,0,1,1.01,PHI202206050
Kyle Gibson,gibsk002,2022-06-10,2022,PHI,ARI,4,6.0,25,100,4,3,1,1,1.01,PHI202206100
Kyle Gibson,gibsk002,2022-06-15,2022,PHI,MIA,6,8.0,29,89,7,0,1,1,1.01,PHI202206150
Kyle Gibson,gibsk002,2022-06-21,2022,PHI,TEX,4,6.3,24,102,7,0,2,0,0.99,TEX202206210
Kyle Gibson,gibsk002,2022-06-26,2022,PHI,SDN,2,2.7,17,61,4,3,0,0,1.08,SDN202206260
Kyle Gibson,gibsk002,2022-07-02,2022,PHI,SLN,2,4.0,23,84,7,2,4,1,1.01,PHI202207020
Kyle Gibson,gibsk002,2022-07-09,2022,PHI,SLN,5,7.0,23,84,2,0,0,0,1.0,SLN202207090
Kyle Gibson,gibsk002,2022-07-15,2022,PHI,MIA,5,6.0,23,96,4,1,0,0,0.98,MIA202207150
Kyle Gibson,gibsk002,2022-07-22,2022,PHI,CHN,0,4.3,22,78,6,3,1,1,1.01,PHI202207220
Kyle Gibson,gibsk002,2022-07-27,2022,PHI,ATL,4,6.0,24,96,4,2,1,1,1.01,PHI202207270
Kyle Gibson,gibsk002,2022-08-05,2022,PHI,WAS,4,8.0,28,105,2,1,0,1,1.01,PHI202208050
Kyle Gibson,gibsk002,2022-08-11,2022,PHI,MIA,3,6.0,26,90,6,2,0,1,1.01,PHI202208110
Kyle Gibson,gibsk002,2022-08-16,2022,PHI,CIN,11,6.0,23,92,6,0,2,0,1.0,CIN202208160
Kyle Gibson,gibsk002,2022-08-21,2022,PHI,NYN,3,4.3,24,105,8,3,0,1,1.01,PHI202208210
Kyle Gibson,gibsk002,2022-08-27,2022,PHI,PIT,9,7.0,27,103,6,1,0,1,1.01,PHI202208270
Kyle Gibson,gibsk002,2022-09-02,2022,PHI,SFN,2,1.7,14,65,5,4,1,0,1.03,SFN202209020
Kyle Gibson,gibsk002,2022-09-08,2022,PHI,MIA,2,5.0,24,73,9,1,2,1,1.01,PHI202209080
Kyle Gibson,gibsk002,2022-09-14,2022,PHI,MIA,7,6.0,22,98,6,0,0,0,0.98,MIA202209140
Kyle Gibson,gibsk002,2022-09-20,2022,PHI,TOR,3,5.0,27,77,12,1,1,1,1.01,PHI202209200
Kyle Gibson,gibsk002,2022-09-25,2022,PHI,ATL,9,5.0,24,90,7,2,1,1,1.01,PHI202209250
Kyle Gibson,gibsk002,2022-10-01,2022,PHI,WAS,7,6.0,28,96,8,2,2,0,1.01,WAS202210011
Luis Gil,gil-l001,2022-05-12,2022,NYA,CHA,5,4.0,19,83,5,2,0,0,0.99,CHA202205120
Logan Gilbert,gilbl002,2022-04-09,2022,SEA,MIN,7,5.0,20,85,3,1,1,0,1.0,MIN202204090
Logan Gilbert,gilbl002,2022-04-14,2022,SEA,CHA,4,5.0,20,85,4,0,0,0,0.99,CHA202204140
Logan Gilbert,gilbl002,2022-04-20,2022,SEA,TEX,4,6.7,24,92,6,0,0,1,1.04,SEA202204200
Logan Gilbert,gilbl002,2022-04-26,2022,SEA,TBA,7,5.7,21,104,2,3,0,0,1.05,TBA202204260
Logan Gilbert,gilbl002,2022-05-01,2022,SEA,MIA,5,5.7,24,102,3,4,1,0,0.98,MIA202205010
Logan Gilbert,gilbl002,2022-05-06,2022,SEA,TBA,6,5.0,24,99,7,3,0,1,1.04,SEA202205060
Logan Gilbert,gilbl002,2022-05-11,2022,SEA,PHI,9,5.0,20,95,3,3,1,1,1.04,SEA202205110
Logan Gilbert,gilbl002,2022-05-17,2022,SEA,TOR,9,7.0,29,101,6,2,0,0,1.0,TOR202205170
Logan Gilbert,gilbl002,2022-05-22,2022,SEA,BOS,4,7.0,28,100,5,2,2,0,0.98,BOS202205220
Logan Gilbert,gilbl002,2022-05-28,2022,SEA,HOU,5,7.0,26,100,4,0,0,1,1.04,SEA202205280
Logan Gilbert,gilbl002,2022-06-03,2022,SEA,TEX,7,6.0,25,102,5,1,0,0,0.99,TEX202206030
Logan Gilbert,gilbl002,2022-06-08,2022,SEA,HOU,3,6.0,26,109,7,3,0,0,1.02,HOU202206080
Logan Gilbert,gilbl002,2022-06-14,2022,SEA,MIN,6,6.0,22,90,4,1,0,1,1.04,SEA202206140
Logan Gilbert,gilbl002,2022-06-19,2022,SEA,ANA,6,6.0,21,89,4,0,1,1,1.04,SEA202206190
Logan Gilbert,gilbl002,2022-06-25,2022,SEA,ANA,7,5.7,27,100,9,2,2,0,0.99,ANA202206250
Logan Gilbert,gilbl002,2022-06-30,2022,SEA,OAK,3,6.0,27,100,8,1,2,1,1.04,SEA202206300
Logan Gilbert,gilbl002,2022-07-05,2022,SEA,SDN,1,5.3,26,101,6,3,0,0,1.08,SDN202207050
Logan Gilbert,gilbl002,2022-07-10,2022,SEA,TOR,7,6.0,27,99,9,0,2,1,1.04,SEA202207100
Logan Gilbert,gilbl002,2022-07-16,2022,SEA,TEX,4,5.0,19,85,4,0,0,0,0.99,TEX202207160
Logan Gilbert,gilbl002,2022-07-23,2022,SEA,HOU,8,6.0,23,89,5,1,0,1,1.04,SEA202207230
Logan Gilbert,gilbl002,2022-07-28,2022,SEA,HOU,6,6.0,25,98,5,2,1,0,1.02,HOU202207280
Logan Gilbert,gilbl002,2022-08-02,2022,SEA,NYA,2,5.3,24,89,7,4,3,0,0.99,NYA202208020
Logan Gilbert,gilbl002,2022-08-08,2022,SEA,NYA,2,4.0,24,91,10,1,1,1,1.04,SEA202208080
Logan Gilbert,gilbl002,2022-08-14,2022,SEA,TEX,5,6.0,26,87,5,4,0,0,0.99,TEX202208140
Logan Gilbert,gilbl002,2022-08-20,2022,SEA,OAK,4,5.0,21,66,6,0,0,0,1.0,OAK202208200
Logan Gilbert,gilbl002,2022-08-26,2022,SEA,CLE,2,6.3,26,90,8,0,0,1,1.04,SEA202208260
Logan Gilbert,gilbl002,2022-09-01,2022,SEA,DET,9,6.0,21,84,2,1,0,0,1.0,DET202209010
Logan Gilbert,gilbl002,2022-09-06,2022,SEA,CHA,9,6.0,24,101,5,0,0,1,1.04,SEA202209060
Logan Gilbert,gilbl002,2022-09-13,2022,SEA,SDN,5,5.0,22,107,4,3,0,1,1.04,SEA202209130
Logan Gilbert,gilbl002,2022-09-19,2022,SEA,ANA,11,6.0,23,98,4,1,0,0,0.99,ANA202209190
Logan Gilbert,gilbl002,2022-09-24,2022,SEA,KCA,3,5.0,24,76,7,1,1,0,0.96,KCA202209240
Logan Gilbert,gilbl002,2022-09-30,2022,SEA,OAK,4,8.0,27,101,3,2,1,1,1.04,SEA202209300
Tyler Gilbert,gilbt001,2022-04-19,2022,ARI,WAS,3,5.7,22,73,3,1,0,0,1.01,WAS202204192
Tyler Gilbert,gilbt001,2022-05-17,2022,ARI,LAN,6,5.7,25,97,7,2,4,0,1.03,LAN202205171
Tyler Gilbert,gilbt001,2022-06-07,2022,ARI,CIN,2,1.7,14,55,5,2,2,0,1.0,CIN202206070
Tyler Gilbert,gilbt001,2022-07-05,2022,ARI,SFN,2,3.7,14,56,4,1,0,1,1.03,ARI202207050
Tyler Gilbert,gilbt001,2022-07-10,2022,ARI,COL,1,5.7,21,81,3,1,0,1,1.03,ARI202207100
Tyler Gilbert,gilbt001,2022-07-16,2022,ARI,SDN,1,5.0,21,81,5,1,0,0,1.08,SDN202207160
Tyler Gilbert,gilbt001,2022-07-26,2022,ARI,SFN,2,4.0,17,71,4,1,1,1,1.03,ARI202207260
Lucas Giolito,gioll001,2022-04-08,2022,CHA,DET,6,4.0,15,61,1,2,0,0,1.0,DET202204080
Lucas Giolito,gioll001,2022-04-24,2022,CHA,MIN,9,4.0,19,76,4,3,0,0,1.0,MIN202204240
Lucas Giolito,gioll001,2022-04-29,2022,CHA,ANA,7,6.0,24,99,7,1,2,1,0.99,CHA202204290
Lucas Giolito,gioll001,2022-05-04,2022,CHA,CHN,10,5.7,21,101,3,2,2,0,0.97,CHN202205040
Lucas Giolito,gioll001,2022-05-10,2022,CHA,CLE,5,7.0,26,91,6,1,1,1,0.99,CHA202205100
Lucas Giolito,gioll001,2022-05-18,2022,CHA,KCA,7,5.0,22,92,7,2,1,0,0.96,KCA202205180
Lucas Giolito,gioll001,2022-05-25,2022,CHA,BOS,7,6.0,26,101,5,4,0,1,0.99,CHA202205250
Lucas Giolito,gioll001,2022-05-31,2022,CHA,TOR,8,4.7,24,99,8,2,2,0,1.0,TOR202205310
Lucas Giolito,gioll001,2022-06-05,2022,CHA,TBA,3,6.0,27,109,8,2,2,0,1.05,TBA202206050
Lucas Giolito,gioll001,2022-06-11,2022,CHA,TEX,8,5.0,24,81,6,3,1,1,0.99,CHA202206110
Lucas Giolito,gioll001,2022-06-17,2022,CHA,HOU,3,5.0,25,86,7,3,2,0,1.02,HOU202206170
Lucas Giolito,gioll001,2022-06-22,2022,CHA,TOR,3,5.0,26,95,11,1,2,1,0.99,CHA202206220
Lucas Giolito,gioll001,2022-06-27,2022,CHA,ANA,6,6.0,24,90,6,1,0,0,0.99,ANA202206270
Lucas Giolito,gioll001,2022-07-03,2022,CHA,SFN,7,6.0,23,102,3,2,0,0,1.03,SFN202207030
Lucas Giolito,gioll001,2022-07-08,2022,CHA,DET,8,6.7,26,94,5,2,1,1,0.99,CHA202207080
Lucas Giolito,gioll001,2022-07-13,2022,CHA,CLE,5,6.3,24,91,5,1,0,0,1.04,CLE202207130
Lucas Giolito,gioll001,2022-07-22,2022,CHA,CLE,2,3.0,18,64,9,0,1,1,0.99,CHA202207220
Lucas Giolito,gioll001,2022-07-27,2022,CHA,COL,4,5.0,24,104,6,4,1,0,0.92,COL202207270
Lucas Giolito,gioll001,2022-08-02,2022,CHA,KCA,7,5.0,23,94,5,3,0,1,0.99,CHA202208020
Lucas Giolito,gioll001,2022-08-07,2022,CHA,TEX,5,5.0,23,103,6,3,0,0,0.99,TEX202208070
Lucas Giolito,gioll001,2022-08-13,2022,CHA,DET,7,7.0,28,92,8,1,0,1,0.99,CHA202208130
Lucas Giolito,gioll001,2022-08-18,2022,CHA,HOU,5,3.0,18,85,8,1,1,1,0.99,CHA202208180
Lucas Giolito,gioll001,2022-08-24,2022,CHA,BAL,3,6.3,24,93,4,2,0,0,1.0,BAL202208240
Lucas Giolito,gioll001,2022-08-30,2022,CHA,KCA,7,5.3,23,89,6,2,3,1,0.99,CHA202208300
Lucas Giolito,gioll001,2022-09-04,2022,CHA,MIN,5,5.0,23,95,6,2,1,1,0.99,CHA202209040
Lucas Giolito,gioll001,2022-09-09,2022,CHA,OAK,6,6.0,24,96,5,2,0,0,1.0,OAK202209090
Lucas Giolito,gioll001,2022-09-16,2022,CHA,DET,5,4.7,21,96,4,3,0,0,1.0,DET202209160
Lucas Giolito,gioll001,2022-09-23,2022,CHA,DET,9,6.0,25,90,6,1,1,1,0.99,CHA202209230
Lucas Giolito,gioll001,2022-09-29,2022,CHA,MIN,6,5.0,22,93,4,3,0,0,1.0,MIN202209290
Lucas Giolito,gioll001,2022-10-04,2022,CHA,MIN,4,7.0,26,91,2,2,0,1,0.99,CHA202210040
Mychal Givens,givem001,2022-10-05,2022,NYN,WAS,0,1.0,4,18,1,0,0,1,1.06,NYN202210050
Tyler Glasnow,glast001,2022-09-28,2022,TBA,CLE,3,3.0,11,50,2,1,1,0,1.04,CLE202209280
Tyler Glasnow,glast001,2022-10-03,2022,TBA,BOS,7,3.7,15,64,2,1,0,0,0.98,BOS202210030
Austin Gomber,gomba001,2022-04-11,2022,COL,TEX,4,4.7,20,78,4,2,0,0,0.99,TEX202204110
Austin Gomber,gomba001,2022-04-17,2022,COL,CHN,2,4.3,23,81,8,4,1,1,0.92,COL202204170
Austin Gomber,gomba001,2022-04-23,2022,COL,DET,8,6.0,22,88,4,0,0,0,1.0,DET202204232
Austin Gomber,gomba001,2022-04-28,2022,COL,PHI,6,6.0,22,88,3,1,1,0,1.01,PHI202204280
Austin Gomber,gomba001,2022-05-04,2022,COL,WAS,6,6.7,24,94,7,1,1,1,0.92,COL202205040
Austin Gomber,gomba001,2022-05-09,2022,COL,SFN,3,5.3,22,86,5,2,1,0,1.03,SFN202205090
Austin Gomber,gomba001,2022-05-15,2022,COL,KCA,3,6.0,23,84,4,3,2,1,0.92,COL202205150
Austin Gomber,gomba001,2022-05-22,2022,COL,NYN,2,7.0,26,97,7,0,0,1,0.92,COL202205220
Austin Gomber,gomba001,2022-05-28,2022,COL,WAS,1,1.3,14,59,7,3,0,0,1.01,WAS202205281
Austin Gomber,gomba001,2022-06-02,2022,COL,ATL,5,5.0,27,93,10,2,2,1,0.92,COL202206020
Austin Gomber,gomba001,2022-06-09,2022,COL,SFN,5,6.0,25,99,5,1,0,0,1.03,SFN202206090
Austin Gomber,gomba001,2022-06-15,2022,COL,CLE,4,4.7,24,89,9,1,1,1,0.92,COL202206150
Austin Gomber,gomba001,2022-07-02,2022,COL,ARI,2,5.7,21,72,6,0,2,1,0.92,COL202207020
Austin Gomber,gomba001,2022-07-07,2022,COL,ARI,5,5.0,20,99,6,1,1,0,1.03,ARI202207070
Austin Gomber,gomba001,2022-07-12,2022,COL,SDN,3,6.0,26,100,6,1,0,1,0.92,COL202207120
Austin Gomber,gomba001,2022-07-17,2022,COL,PIT,5,5.0,25,94,7,2,0,1,0.92,COL202207170
Austin Gomber,gomba001,2022-10-05,2022,COL,LAN,4,3.0,13,46,3,1,1,0,1.03,LAN202210050
Tony Gonsolin,gonst001,2022-04-09,2022,LAN,COL,3,3.0,15,62,5,1,0,0,0.92,COL202204090
Tony Gonsolin,gonst001,2022-04-15,2022,LAN,CIN,2,4.0,18,74,3,3,0,1,1.03,LAN202204150
Tony Gonsolin,gonst001,2022-04-20,2022,LAN,ATL,3,6.0,20,83,1,3,0,1,1.03,LAN202204200
Tony Gonsolin,gonst001,2022-04-26,2022,LAN,ARI,5,4.0,18,75,3,1,0,0,1.03,ARI202204260
Tony Gonsolin,gonst001,2022-05-04,2022,LAN,SFN,5,5.0,19,65,3,1,1,1,1.03,LAN202205040
Tony Gonsolin,gonst001,2022-05-10,2022,LAN,PIT,5,5.0,19,84,1,4,0,0,1.0,PIT202205100
Tony Gonsolin,gonst001,2022-05-16,2022,LAN,ARI,7,6.0,23,92,3,2,1,1,1.03,LAN202205160
Tony Gonsolin,gonst001,2022-05-22,2022,LAN,PHI,7,6.0,20,90,3,1,1,0,1.01,PHI202205220
Tony Gonsolin,gonst001,2022-05-28,2022,LAN,ARI,7,6.0,22,92,4,0,0,0,1.03,ARI202205280
Tony Gonsolin,gonst001,2022-06-02,2022,LAN,NYN,5,6.0,21,89,2,1,0,1,1.03,LAN202206020
Tony Gonsolin,gonst001,2022-06-08,2022,LAN,CHA,5,6.0,23,84,3,1,1,0,0.99,CHA202206080
Tony Gonsolin,gonst001,2022-06-14,2022,LAN,ANA,6,6.3,22,86,1,2,0,1,1.03,LAN202206140
Tony Gonsolin,gonst001,2022-06-21,2022,LAN,CIN,4,5.0,19,87,3,1,2,0,1.0,CIN202206210
Tony Gonsolin,gonst001,2022-06-26,2022,LAN,ATL,5,5.7,23,94,5,2,0,0,1.02,ATL202206260
Tony Gonsolin,gonst001,2022-07-01,2022,LAN,SDN,8,7.7,27,92,4,0,1,1,1.03,LAN202207010
Tony Gonsolin,gonst001,2022-07-07,2022,LAN,CHN,3,7.0,24,93,4,0,1,1,1.03,LAN202207070
Tony Gonsolin,gonst001,2022-07-13,2022,LAN,SLN,6,5.0,23,96,7,1,1,0,1.0,SLN202207130
Tony Gonsolin,gonst001,2022-07-25,2022,LAN,WAS,4,6.0,26,90,6,3,1,1,1.03,LAN202207250
Tony Gonsolin,gonst001,2022-07-31,2022,LAN,COL,6,5.0,21,92,5,1,1,0,0.92,COL202207310
Tony Gonsolin,gonst001,2022-08-05,2022,LAN,SDN,6,5.0,19,98,3,1,0,1,1.03,LAN202208050
Tony Gonsolin,gonst001,2022-08-12,2022,LAN,KCA,3,6.7,25,85,2,3,0,0,0.96,KCA202208120
Tony Gonsolin,gonst001,2022-08-17,2022,LAN,MIL,8,7.0,23,95,2,1,0,0,1.05,MIL202208170
Tony Gonsolin,gonst001,2022-08-23,2022,LAN,MIL,3,5.0,19,77,3,2,0,1,1.03,LAN202208230
Tony Gonsolin,gonst001,2022-10-03,2022,LAN,COL,3,2.0,9,40,3,0,0,1,1.03,LAN202210030
Chi Chi González,gonzc002,2022-06-03,2022,MIN,TOR,1,3.0,13,45,4,0,2,0,1.0,TOR202206030
Chi Chi González,gonzc002,2022-06-11,2022,MIN,TBA,3,4.0,18,68,8,0,0,1,1.0,MIN202206110
Chi Chi González,gonzc002,2022-06-21,2022,MIL,SLN,2,4.0,16,73,4,1,1,1,1.05,MIL202206210
Chi Chi González,gonzc002,2022-06-26,2022,MIL,TOR,3,4.0,17,59,4,2,1,1,1.05,MIL202206260
Chi Chi González,gonzc002,2022-10-02,2022,NYA,BAL,3,4.7,20,73,4,3,0,1,0.99,NYA202210020
Marco Gonzales,gonzm005,2022-04-10,2022,SEA,MIN,1,2.0,15,61,6,2,3,0,1.0,MIN202204100
Marco Gonzales,gonzm005,2022-04-15,2022,SEA,HOU,6,7.0,25,93,4,0,0,1,1.04,SEA202204150
Marco Gonzales,gonzm005,2022-04-21,2022,SEA,TEX,6,4.7,24,94,6,1,1,1,1.04,SEA202204210
Marco Gonzales,gonzm005,2022-04-27,2022,SEA,TBA,1,0.3,3,11,1,1,0,0,1.05,TBA202204270
Marco Gonzales,gonzm005,2022-05-02,2022,SEA,HOU,2,6.0,28,95,8,2,2,0,1.02,HOU202205020
Marco Gonzales,gonzm005,2022-05-07,2022,SEA,TBA,1,5.3,24,98,6,4,2,1,1.04,SEA202205070
Marco Gonzales,gonzm005,2022-05-13,2022,SEA,NYN,5,6.7,28,103,5,3,0,0,1.06,NYN202205130
Marco Gonzales,gonzm005,2022-05-18,2022,SEA,TOR,2,6.0,23,86,5,3,0,0,1.0,TOR202205180
Marco Gonzales,gonzm005,2022-05-23,2022,SEA,OAK,3,5.3,24,94,8,0,1,1,1.04,SEA202205230
Marco Gonzales,gonzm005,2022-05-29,2022,SEA,HOU,2,7.3,27,96,5,1,1,1,1.04,SEA202205290
Marco Gonzales,gonzm005,2022-06-04,2022,SEA,TEX,5,7.0,27,88,5,1,1,0,0.99,TEX202206040
Marco Gonzales,gonzm005,2022-06-10,2022,SEA,BOS,4,4.3,21,102,2,6,1,1,1.04,SEA202206100
Marco Gonzales,gonzm005,2022-06-15,2022,SEA,MIN,2,6.7,24,90,3,2,0,1,1.04,SEA202206150
Marco Gonzales,gonzm005,2022-06-21,2022,SEA,OAK,2,7.0,28,101,7,1,1,0,1.0,OAK202206210
Marco Gonzales,gonzm005,2022-06-26,2022,SEA,ANA,5,6.0,27,97,5,4,1,0,0.99,ANA202206260
Marco Gonzales,gonzm005,2022-07-01,2022,SEA,OAK,2,6.0,28,90,8,1,0,1,1.04,SEA202207010
Marco Gonzales,gonzm005,2022-07-07,2022,SEA,TOR,0,6.7,28,88,8,0,0,1,1.04,SEA202207070
Marco Gonzales,gonzm005,2022-07-14,2022,SEA,TEX,4,6.0,28,93,11,2,0,0,0.99,TEX202207140
Marco Gonzales,gonzm005,2022-07-22,2022,SEA,HOU,2,5.7,26,84,9,1,3,1,1.04,SEA202207220
Marco Gonzales,gonzm005,2022-07-27,2022,SEA,TEX,5,7.0,25,88,4,1,0,1,1.04,SEA202207270
Marco Gonzales,gonzm005,2022-08-01,2022,SEA,NYA,5,5.3,28,110,9,3,3,0,0.99,NYA202208010
Marco Gonzales,gonzm005,2022-08-07,2022,SEA,ANA,7,6.0,26,90,8,1,0,1,1.04,SEA202208070
Marco Gonzales,gonzm005,2022-08-13,2022,SEA,TEX,2,5.0,23,72,9,0,1,0,0.99,TEX202208130
Marco Gonzales,gonzm005,2022-08-19,2022,SEA,OAK,1,5.3,24,79,6,2,0,0,1.0,OAK202208190
Marco Gonzales,gonzm005,2022-08-25,2022,SEA,CLE,4,6.0,22,101,4,1,0,1,1.04,SEA202208250
Marco Gonzales,gonzm005,2022-08-31,2022,SEA,DET,1,6.0,27,86,7,1,0,0,1.0,DET202208310
Marco Gonzales,gonzm005,2022-09-05,2022,SEA,CHA,3,7.0,27,96,4,1,2,1,1.04,SEA202209050
Marco Gonzales,gonzm005,2022-09-11,2022,SEA,ATL,5,6.0,20,91,2,0,1,1,1.04,SEA202209110
Marco Gonzales,gonzm005,2022-09-18,2022,SEA,ANA,4,6.3,27,87,7,2,3,0,0.99,ANA202209180
Marco Gonzales,gonzm005,2022-09-23,2022,SEA,KCA,2,5.0,24,79,8,0,0,0,0.96,KCA202209230
Marco Gonzales,gonzm005,2022-09-29,2022,SEA,TEX,4,5.0,21,78,6,1,3,1,1.04,SEA202209290
Marco Gonzales,gonzm005,2022-10-05,2022,SEA,DET,5,7.0,31,106,8,2,0,1,1.04,SEA202210050
MacKenzie Gore,gorem001,2022-04-15,2022,SDN,ATL,3,5.3,20,73,3,2,1,1,1.08,SDN202204150
MacKenzie Gore,gorem001,2022-04-20,2022,SDN,CIN,7,5.0,20,88,4,2,0,1,1.08,SDN202204200
MacKenzie Gore,gorem001,2022-04-27,2022,SDN,CIN,10,5.0,22,102,5,2,0,0,1.0,CIN202204270
MacKenzie Gore,gorem001,2022-05-04,2022,SDN,CLE,2,5.7,23,100,4,3,0,0,1.04,CLE202205042
MacKenzie Gore,gorem001,2022-05-09,2022,SDN,CHN,6,5.0,21,89,7,0,0,1,1.08,SDN202205090
MacKenzie Gore,gorem001,2022-05-22,2022,SDN,SFN,6,6.0,22,90,3,2,0,0,1.03,SFN202205220
MacKenzie Gore,gorem001,2022-05-29,2022,SDN,PIT,9,7.0,26,93,2,3,0,1,1.08,SDN202205290
MacKenzie Gore,gorem001,2022-06-04,2022,SDN,MIL,10,6.0,24,108,3,3,0,0,1.05,MIL202206040
MacKenzie Gore,gorem001,2022-06-11,2022,SDN,COL,3,2.3,17,63,5,4,0,1,1.08,SDN202206112
MacKenzie Gore,gorem001,2022-06-17,2022,SDN,COL,1,4.0,23,79,9,3,3,0,0.92,COL202206170
MacKenzie Gore,gorem001,2022-06-24,2022,SDN,PHI,4,5.0,22,97,3,4,0,1,1.08,SDN202206240
MacKenzie Gore,gorem001,2022-07-03,2022,SDN,LAN,3,5.7,27,100,5,4,0,0,1.03,LAN202207030
MacKenzie Gore,gorem001,2022-07-10,2022,SDN,SFN,2,3.3,19,83,8,1,2,1,1.08,SDN202207100
Brusdar Graterol,gratb002,2022-09-29,2022,LAN,SDN,1,1.0,6,22,3,0,0,0,1.08,SDN202209290
Jon Gray,grayj003,2022-04-08,2022,TEX,TOR,4,4.0,16,70,3,2,0,0,1.0,TOR202204080
Jon Gray,grayj003,2022-04-19,2022,TEX,SEA,4,5.0,20,77,3,1,2,0,1.04,SEA202204190
Jon Gray,grayj003,2022-05-03,2022,TEX,PHI,3,3.0,15,60,5,1,0,0,1.01,PHI202205030
Jon Gray,grayj003,2022-05-09,2022,TEX,NYA,4,4.3,17,77,2,3,0,0,0.99,NYA202205090
Jon Gray,grayj003,2022-05-16,2022,TEX,ANA,8,5.7,26,89,8,1,0,1,0.99,TEX202205160
Jon Gray,grayj003,2022-05-21,2022,TEX,HOU,4,6.0,25,94,6,2,0,0,1.02,HOU202205210
Jon Gray,grayj003,2022-05-27,2022,TEX,OAK,5,6.0,25,91,5,3,2,0,1.0,OAK202205270
Jon Gray,grayj003,2022-06-01,2022,TEX,TBA,12,7.0,25,95,3,2,1,1,0.99,TEX202206010
Jon Gray,grayj003,2022-06-07,2022,TEX,CLE,3,5.0,26,97,6,4,0,0,1.04,CLE202206071
Jon Gray,grayj003,2022-06-12,2022,TEX,CHA,10,6.0,24,102,3,3,0,0,0.99,CHA202206120
Jon Gray,grayj003,2022-06-17,2022,TEX,DET,6,7.0,25,102,5,0,0,0,1.0,DET202206170
Jon Gray,grayj003,2022-06-22,2022,TEX,PHI,5,5.7,23,102,4,1,1,1,0.99,TEX202206220
Jon Gray,grayj003,2022-06-28,2022,TEX,KCA,8,7.0,25,94,5,2,0,0,0.96,KCA202206280
Jon Gray,grayj003,2022-07-03,2022,TEX,NYN,7,5.7,25,102,6,1,2,0,1.06,NYN202207030
Jon Gray,grayj003,2022-07-08,2022,TEX,MIN,8,5.3,27,98,9,1,2,1,0.99,TEX202207080
Jon Gray,grayj003,2022-07-13,2022,TEX,OAK,9,7.0,22,95,1,0,0,1,0.99,TEX202207130
Jon Gray,grayj003,2022-07-21,2022,TEX,MIA,5,6.0,23,94,4,2,0,0,0.98,MIA202207210
Jon Gray,grayj003,2022-07-27,2022,TEX,SEA,8,6.3,28,99,5,4,1,0,1.04,SEA202207270
Jon Gray,grayj003,2022-08-01,2022,TEX,BAL,3,1.3,11,48,4,1,1,1,0.99,TEX202208010
Jon Gray,grayj003,2022-09-12,2022,TEX,MIA,5,3.7,13,45,3,0,0,0,0.98,MIA202209122
Jon Gray,grayj003,2022-09-17,2022,TEX,TBA,4,4.3,16,67,2,1,0,0,1.05,TBA202209170
Jon Gray,grayj003,2022-09-23,2022,TEX,CLE,1,5.0,18,87,1,1,0,1,0.99,TEX202209230
Jon Gray,grayj003,2022-09-29,2022,TEX,SEA,5,5.0,24,98,8,3,3,0,1.04,SEA202209290
Jon Gray,grayj003,2022-10-04,2022,TEX,NYA,3,6.0,22,79,4,0,2,1,0.99,TEX202210041
Josiah Gray,grayj004,2022-04-08,2022,WAS,NYN,5,4.0,20,80,8,2,1,1,1.01,WAS202204080
Josiah Gray,grayj004,2022-04-13,2022,WAS,ATL,5,5.0,18,82,1,3,0,0,1.02,ATL202204130
Josiah Gray,grayj004,2022-04-19,2022,WAS,ARI,8,5.3,20,87,3,2,1,1,1.01,WAS202204191
Josiah Gray,grayj004,2022-04-26,2022,WAS,MIA,10,5.7,27,98,7,3,1,1,1.01,WAS202204260
Josiah Gray,grayj004,2022-05-01,2022,WAS,SFN,3,6.0,23,93,1,4,0,0,1.03,SFN202205010
Josiah Gray,grayj004,2022-05-07,2022,WAS,ANA,3,5.3,23,83,5,2,2,0,0.99,ANA202205070
Josiah Gray,grayj004,2022-05-13,2022,WAS,HOU,5,6.0,26,94,6,2,3,1,1.01,WAS202205130
Josiah Gray,grayj004,2022-05-18,2022,WAS,MIA,7,6.0,25,95,6,0,1,0,0.98,MIA202205180
Josiah Gray,grayj004,2022-05-24,2022,WAS,LAN,5,3.0,18,80,5,3,3,1,1.01,WAS202205240
Josiah Gray,grayj004,2022-05-29,2022,WAS,COL,3,5.0,21,93,3,4,1,1,1.01,WAS202205290
Josiah Gray,grayj004,2022-06-03,2022,WAS,CIN,9,6.0,23,91,2,3,1,0,1.0,CIN202206030
Josiah Gray,grayj004,2022-06-08,2022,WAS,MIA,6,5.0,22,101,6,1,0,0,0.98,MIA202206080
Josiah Gray,grayj004,2022-06-18,2022,WAS,PHI,4,6.0,25,117,1,3,0,1,1.01,WAS202206180
Josiah Gray,grayj004,2022-06-25,2022,WAS,TEX,9,7.0,26,94,4,1,1,0,0.99,TEX202206250
Josiah Gray,grayj004,2022-07-01,2022,WAS,MIA,6,5.7,29,95,10,2,1,1,1.01,WAS202207010
Josiah Gray,grayj004,2022-07-06,2022,WAS,PHI,11,6.0,23,100,4,1,2,0,1.01,PHI202207060
Josiah Gray,grayj004,2022-07-13,2022,WAS,SEA,7,5.0,23,97,6,3,3,1,1.01,WAS202207131
Josiah Gray,grayj004,2022-07-26,2022,WAS,LAN,6,5.0,22,94,5,2,2,0,1.03,LAN202207260
Josiah Gray,grayj004,2022-07-31,2022,WAS,SLN,6,5.0,23,95,5,2,1,1,1.01,WAS202207310
Josiah Gray,grayj004,2022-08-05,2022,WAS,PHI,4,4.0,20,79,5,3,4,0,1.01,PHI202208050
Josiah Gray,grayj004,2022-08-10,2022,WAS,CHN,5,6.3,25,96,7,0,1,0,0.97,CHN202208100
Josiah Gray,grayj004,2022-08-15,2022,WAS,CHN,10,6.0,26,105,5,2,2,1,1.01,WAS202208150
Josiah Gray,grayj004,2022-08-20,2022,WAS,SDN,3,5.0,25,102,4,5,1,0,1.08,SDN202208200
Josiah Gray,grayj004,2022-09-02,2022,WAS,NYN,2,5.0,24,95,6,4,2,0,1.06,NYN202209020
Josiah Gray,grayj004,2022-09-08,2022,WAS,SLN,3,3.3,20,84,6,3,2,0,1.0,SLN202209080
Josiah Gray,grayj004,2022-09-16,2022,WAS,MIA,4,5.0,23,90,5,3,1,1,1.01,WAS202209160
Josiah Gray,grayj004,2022-09-23,2022,WAS,MIA,3,6.0,27,92,8,1,0,0,0.98,MIA202209230
Josiah Gray,grayj004,2022-09-28,2022,WAS,ATL,2,6.0,22,85,2,2,1,1,1.01,WAS202209280
Sonny Gray,grays001,2022-04-09,2022,MIN,SEA,4,4.7,20,76,4,2,1,1,1.0,MIN202204090
Sonny Gray,grays001,2022-04-16,2022,MIN,BOS,1,1.7,7,31,1,1,1,0,0.98,BOS202204160
Sonny Gray,grays001,2022-05-07,2022,MIN,OAK,7,4.0,15,66,2,2,0,1,1.0,MIN202205070
Sonny Gray,grays001,2022-05-13,2022,MIN,CLE,8,4.3,21,82,4,4,1,1,1.0,MIN202205130
Sonny Gray,grays001,2022-05-18,2022,MIN,OAK,5,6.0,24,84,6,0,0,0,1.0,OAK202205180
Sonny Gray,grays001,2022-05-24,2022,MIN,DET,10,7.0,26,95,4,1,0,1,1.0,MIN202205240
Sonny Gray,grays001,2022-05-29,2022,MIN,KCA,4,6.0,20,80,2,0,0,1,1.0,MIN202205290
Sonny Gray,grays001,2022-06-15,2022,MIN,SEA,3,5.0,18,65,3,0,0,0,1.04,SEA202206150
Sonny Gray,grays001,2022-06-22,2022,MIN,CLE,4,4.0,20,85,8,0,1,1,1.0,MIN202206220
Sonny Gray,grays001,2022-06-27,2022,MIN,CLE,3,7.0,23,97,3,1,0,0,1.04,CLE202206270
Sonny Gray,grays001,2022-07-02,2022,MIN,BAL,5,5.0,25,87,6,3,1,1,1.0,MIN202207020
Sonny Gray,grays001,2022-07-08,2022,MIN,TEX,0,4.7,20,82,4,2,0,0,0.99,TEX202207080
Sonny Gray,grays001,2022-07-14,2022,MIN,CHA,3,3.7,22,79,9,1,1,1,1.0,MIN202207140
Sonny Gray,grays001,2022-07-24,2022,MIN,DET,7,6.0,22,82,2,1,0,0,1.0,DET202207240
Sonny Gray,grays001,2022-07-30,2022,MIN,SDN,5,5.0,20,79,5,1,1,0,1.08,SDN202207300
Sonny Gray,grays001,2022-08-04,2022,MIN,TOR,5,5.0,20,96,1,5,0,1,1.0,MIN202208040
Sonny Gray,grays001,2022-08-10,2022,MIN,LAN,5,4.7,22,80,7,2,1,0,1.03,LAN202208100
Sonny Gray,grays001,2022-08-16,2022,MIN,KCA,10,6.0,22,92,3,1,0,1,1.0,MIN202208160
Sonny Gray,grays001,2022-08-22,2022,MIN,TEX,6,6.0,22,69,5,1,1,1,1.0,MIN202208220
Sonny Gray,grays001,2022-08-27,2022,MIN,SFN,4,5.0,20,90,1,4,0,1,1.0,MIN202208270
Sonny Gray,grays001,2022-09-02,2022,MIN,CHA,2,4.0,18,59,5,1,0,0,0.99,CHA202209020
Sonny Gray,grays001,2022-09-08,2022,MIN,NYA,7,6.0,25,79,6,1,1,0,0.99,NYA202209080
Sonny Gray,grays001,2022-09-14,2022,MIN,KCA,8,7.0,25,91,3,1,0,1,1.0,MIN202209140
Sonny Gray,grays001,2022-09-19,2022,MIN,CLE,1,2.0,11,44,5,1,1,0,1.04,CLE202209190
Hunter Greene,greeh001,2022-04-10,2022,CIN,ATL,7,5.0,21,92,4,2,2,0,1.02,ATL202204100
Hunter Greene,greeh001,2022-04-16,2022,CIN,LAN,6,5.3,21,80,5,0,1,0,1.03,LAN202204160
Hunter Greene,greeh001,2022-04-22,2022,CIN,SLN,3,3.3,19,66,4,4,0,1,1.0,CIN202204220
Hunter Greene,greeh001,2022-04-29,2022,CIN,COL,6,4.3,24,95,6,4,2,0,0.92,COL202204290
Hunter Greene,greeh001,2022-05-05,2022,CIN,MIL,7,2.7,18,76,9,1,5,0,1.05,MIL202205050
Hunter Greene,greeh001,2022-05-10,2022,CIN,MIL,6,5.3,24,100,4,4,1,1,1.0,CIN202205100
Hunter Greene,greeh001,2022-05-15,2022,CIN,PIT,9,7.3,27,118,0,5,0,0,1.0,PIT202205150
Hunter Greene,greeh001,2022-05-21,2022,CIN,TOR,6,6.0,25,84,4,2,1,0,1.0,TOR202205210
Hunter Greene,greeh001,2022-05-26,2022,CIN,CHN,6,5.0,24,86,7,2,3,1,1.0,CIN202205260
Hunter Greene,greeh001,2022-06-01,2022,CIN,BOS,8,3.7,17,73,6,0,0,0,0.98,BOS202206010
Hunter Greene,greeh001,2022-06-06,2022,CIN,ARI,8,7.0,21,84,1,0,0,1,1.0,CIN202206060
Hunter Greene,greeh001,2022-06-11,2022,CIN,SLN,7,5.0,20,101,2,2,0,0,1.0,SLN202206110
Hunter Greene,greeh001,2022-06-17,2022,CIN,MIL,6,5.0,21,97,4,2,2,1,1.0,CIN202206170
Hunter Greene,greeh001,2022-06-23,2022,CIN,LAN,3,5.0,23,98,9,2,3,1,1.0,CIN202206230
Hunter Greene,greeh001,2022-06-29,2022,CIN,CHN,5,4.0,17,80,2,2,0,0,0.97,CHN202206290
Hunter Greene,greeh001,2022-07-04,2022,CIN,NYN,5,5.3,25,99,7,1,2,1,1.0,CIN202207040
Hunter Greene,greeh001,2022-07-09,2022,CIN,TBA,9,6.0,23,114,3,4,0,1,1.0,CIN202207090
Hunter Greene,greeh001,2022-07-15,2022,CIN,SLN,6,5.0,22,106,5,3,1,0,1.0,SLN202207150
Hunter Greene,greeh001,2022-07-26,2022,CIN,MIA,6,6.3,28,105,9,1,0,1,1.0,CIN202207260
Hunter Greene,greeh001,2022-08-01,2022,CIN,MIA,8,6.0,21,84,1,0,0,0,0.98,MIA202208010
Hunter Greene,greeh001,2022-09-17,2022,CIN,SLN,11,6.0,22,81,4,0,0,0,1.0,SLN202209172
Hunter Greene,greeh001,2022-09-22,2022,CIN,MIL,8,5.0,20,91,2,3,1,1,1.0,CIN202209220
Hunter Greene,greeh001,2022-09-27,2022,CIN,PIT,10,6.0,27,96,4,3,0,0,1.0,PIT202209270
Hunter Greene,greeh001,2022-10-03,2022,CIN,CHN,8,6.0,21,89,2,1,0,1,1.0,CIN202210030
Zack Greinke,greiz001,2022-04-07,2022,KCA,CLE,1,5.7,22,84,5,1,0,1,0.96,KCA202204070
Zack Greinke,greiz001,2022-04-14,2022,KCA,DET,0,5.3,21,85,5,1,0,1,0.96,KCA202204140
Zack Greinke,greiz001,2022-04-21,2022,KCA,MIN,1,5.0,20,85,6,1,0,1,0.96,KCA202204210
Zack Greinke,greiz001,2022-04-27,2022,KCA,CHA,4,6.0,24,82,5,0,1,0,0.99,CHA202204270
Zack Greinke,greiz001,2022-05-02,2022,KCA,SLN,1,6.0,20,88,3,0,1,0,1.0,SLN202205020
Zack Greinke,greiz001,2022-05-08,2022,KCA,BAL,3,5.7,27,93,10,0,0,0,1.0,BAL202205081
Zack Greinke,greiz001,2022-05-13,2022,KCA,COL,4,4.7,24,101,8,0,0,0,0.92,COL202205130
Zack Greinke,greiz001,2022-05-18,2022,KCA,CHA,4,5.7,25,100,7,1,0,1,0.96,KCA202205180
Zack Greinke,greiz001,2022-05-23,2022,KCA,ARI,5,3.7,20,87,5,4,2,0,1.03,ARI202205230
Zack Greinke,greiz001,2022-05-29,2022,KCA,MIN,2,4.0,20,77,6,2,3,0,1.0,MIN202205290
Zack Greinke,greiz001,2022-06-24,2022,KCA,OAK,4,6.0,21,84,3,0,0,1,0.96,KCA202206240
Zack Greinke,greiz001,2022-06-29,2022,KCA,TEX,3,6.0,24,90,4,1,1,1,0.96,KCA202206290
Zack Greinke,greiz001,2022-07-05,2022,KCA,HOU,2,5.0,25,80,10,2,2,0,1.02,HOU202207050
Zack Greinke,greiz001,2022-07-10,2022,KCA,CLE,5,5.0,19,86,3,1,0,1,0.96,KCA202207100
Zack Greinke,greiz001,2022-07-15,2022,KCA,TOR,3,4.0,20,83,8,1,1,0,1.0,TOR202207150
Zack Greinke,greiz001,2022-07-25,2022,KCA,ANA,5,5.0,20,93,3,1,0,1,0.96,KCA202207250
Zack Greinke,greiz001,2022-07-31,2022,KCA,NYA,3,5.0,22,86,5,2,1,0,0.99,NYA202207310
Zack Greinke,greiz001,2022-08-05,2022,KCA,BOS,2,4.7,22,95,7,2,0,1,0.96,KCA202208050
Zack Greinke,greiz001,2022-08-11,2022,KCA,CHA,5,6.3,27,95,9,0,0,1,0.96,KCA202208110
Zack Greinke,greiz001,2022-08-16,2022,KCA,MIN,5,6.0,27,95,9,0,1,0,1.0,MIN202208160
Zack Greinke,greiz001,2022-08-21,2022,KCA,TBA,2,4.0,18,68,5,1,1,0,1.05,TBA202208210
Zack Greinke,greiz001,2022-09-07,2022,KCA,CLE,2,6.0,25,85,6,1,0,1,0.96,KCA202209070
Zack Greinke,greiz001,2022-09-14,2022,KCA,MIN,1,4.0,19,79,5,3,0,0,1.0,MIN202209140
Zack Greinke,greiz001,2022-09-20,2022,KCA,MIN,3,5.3,24,78,9,0,0,1,0.96,KCA202209200
Zack Greinke,greiz001,2022-09-27,2022,KCA,DET,2,7.0,23,86,4,1,0,0,1.0,DET202209270
Zack Greinke,greiz001,2022-10-03,2022,KCA,CLE,1,6.0,26,103,7,1,0,0,1.04,CLE202210030
Michael Grove,grovm001,2022-05-15,2022,LAN,PHI,3,3.7,19,70,4,3,0,1,1.03,LAN202205150
Michael Grove,grovm001,2022-08-29,2022,LAN,MIA,4,4.7,21,66,5,1,0,0,0.98,MIA202208290
Michael Grove,grovm001,2022-09-14,2022,LAN,ARI,4,5.0,19,77,2,1,2,0,1.03,ARI202209140
Michael Grove,grovm001,2022-09-20,2022,LAN,ARI,7,5.0,26,92,9,1,2,1,1.03,LAN202209201
Michael Grove,grovm001,2022-09-25,2022,LAN,SLN,3,5.0,19,69,3,1,0,1,1.03,LAN202209250
Michael Grove,grovm001,2022-10-01,2022,LAN,COL,3,5.0,22,76,6,2,2,1,1.03,LAN202210010
Vladimir Gutiérrez,gutiv001,2022-04-09,2022,CIN,ATL,4,4.3,21,76,6,2,0,0,1.02,ATL202204090
Vladimir Gutiérrez,gutiv001,2022-04-15,2022,CIN,LAN,3,4.0,20,78,5,3,0,0,1.03,LAN202204150
Vladimir Gutiérrez,gutiv001,2022-04-20,2022,CIN,SDN,2,4.7,20,71,2,4,1,0,1.08,SDN202204200
Vladimir Gutiérrez,gutiv001,2022-04-27,2022,CIN,SDN,2,4.0,22,88,5,6,1,1,1.0,CIN202204270
Vladimir Gutiérrez,gutiv001,2022-05-04,2022,CIN,MIL,2,4.3,24,87,8,2,2,0,1.05,MIL202205040
Vladimir Gutiérrez,gutiv001,2022-05-11,2022,CIN,MIL,6,4.7,21,87,6,2,2,1,1.0,CIN202205110
Vladimir Gutiérrez,gutiv001,2022-05-23,2022,CIN,CHN,5,4.0,18,73,4,2,1,1,1.0,CIN202205230
Vladimir Gutiérrez,gutiv001,2022-05-28,2022,CIN,SFN,4,5.0,22,83,6,1,0,1,1.0,CIN202205280
DL Hall,halld004,2022-08-13,2022,BAL,TBA,6,3.7,19,76,5,3,0,0,1.05,TBA202208130
Thomas Hatch,hatct001,2022-07-02,2022,TOR,TBA,4,4.7,26,71,12,2,3,1,1.0,TOR202207022
Andrew Heaney,heana001,2022-04-12,2022,LAN,MIN,5,4.3,18,67,3,0,0,0,1.0,MIN202204120
Andrew Heaney,heana001,2022-04-17,2022,LAN,CIN,11,6.0,22,89,1,3,0,1,1.03,LAN202204170
Andrew Heaney,heana001,2022-06-19,2022,LAN,CLE,7,5.0,23,77,5,1,1,1,1.03,LAN202206190
Andrew Heaney,heana001,2022-07-27,2022,LAN,WAS,4,4.0,15,71,1,3,0,1,1.03,LAN202207270
Andrew Heaney,heana001,2022-08-01,2022,LAN,SFN,7,4.0,19,74,4,2,0,0,1.03,SFN202208010
Andrew Heaney,heana001,2022-08-06,2022,LAN,SDN,3,4.7,20,81,4,1,0,1,1.03,LAN202208060
Andrew Heaney,heana001,2022-08-13,2022,LAN,KCA,5,3.0,13,60,3,0,0,0,0.96,KCA202208130
Andrew Heaney,heana001,2022-08-18,2022,LAN,MIL,10,4.7,22,89,5,1,3,0,1.05,MIL202208180
Andrew Heaney,heana001,2022-08-24,2022,LAN,MIL,10,6.0,24,91,4,1,1,1,1.03,LAN202208240
Andrew Heaney,heana001,2022-08-30,2022,LAN,NYN,8,5.0,22,85,7,0,2,0,1.06,NYN202208300
Andrew Heaney,heana001,2022-09-05,2022,LAN,SFN,8,5.3,24,90,6,1,4,1,1.03,LAN202209050
Andrew Heaney,heana001,2022-09-11,2022,LAN,SDN,6,5.0,21,74,3,2,1,0,1.08,SDN202209110
Andrew Heaney,heana001,2022-09-18,2022,LAN,SFN,8,4.0,15,65,2,1,0,0,1.03,SFN202209180
Andrew Heaney,heana001,2022-09-23,2022,LAN,SLN,5,3.7,19,85,4,2,1,1,1.03,LAN202209230
Taylor Hearn,heart001,2022-04-11,2022,TEX,COL,6,4.0,21,76,8,1,0,1,0.99,TEX202204110
Taylor Hearn,heart001,2022-04-16,2022,TEX,ANA,4,3.7,18,82,6,1,0,1,0.99,TEX202204160
Taylor Hearn,heart001,2022-04-21,2022,TEX,SEA,4,3.0,19,78,5,4,2,0,1.04,SEA202204210
Taylor Hearn,heart001,2022-04-26,2022,TEX,HOU,4,5.0,20,84,5,1,1,1,0.99,TEX202204260
Taylor Hearn,heart001,2022-05-01,2022,TEX,ATL,6,5.0,21,89,4,3,0,1,0.99,TEX202205010
Taylor Hearn,heart001,2022-05-12,2022,TEX,KCA,5,5.0,19,64,1,3,0,1,0.99,TEX202205120
Taylor Hearn,heart001,2022-05-17,2022,TEX,ANA,2,4.0,20,78,5,3,2,1,0.99,TEX202205170
Taylor Hearn,heart001,2022-05-22,2022,TEX,HOU,2,4.7,22,89,6,2,1,0,1.02,HOU202205220
Taylor Hearn,heart001,2022-05-28,2022,TEX,OAK,5,6.0,27,92,8,1,1,0,1.0,OAK202205280
Taylor Hearn,heart001,2022-06-02,2022,TEX,TBA,3,4.0,22,89,6,4,0,1,0.99,TEX202206020
Taylor Hearn,heart001,2022-06-07,2022,TEX,CLE,6,5.7,23,84,4,2,0,0,1.04,CLE202206072
Taylor Hearn,heart001,2022-06-13,2022,TEX,HOU,3,5.3,25,91,7,3,0,1,0.99,TEX202206130
Taylor Hearn,heart001,2022-06-18,2022,TEX,DET,4,3.7,21,74,10,0,2,0,1.0,DET202206180
Jonathan Heasley,heasj001,2022-05-12,2022,KCA,TEX,1,3.3,18,80,4,4,0,0,0.99,TEX202205120
Jonathan Heasley,heasj001,2022-05-17,2022,KCA,CHA,1,5.0,23,88,4,3,0,1,0.96,KCA202205171
Jonathan Heasley,heasj001,2022-05-24,2022,KCA,ARI,5,5.0,22,83,4,6,2,0,1.03,ARI202205240
Jonathan Heasley,heasj001,2022-05-30,2022,KCA,CLE,3,6.0,27,89,6,3,1,0,1.04,CLE202205300
Jonathan Heasley,heasj001,2022-06-05,2022,KCA,HOU,5,6.0,27,102,7,2,1,1,0.96,KCA202206050
Jonathan Heasley,heasj001,2022-06-10,2022,KCA,BAL,7,7.0,23,93,1,0,0,1,0.96,KCA202206100
Jonathan Heasley,heasj001,2022-06-15,2022,KCA,SFN,4,4.0,19,92,5,2,1,0,1.03,SFN202206150
Jonathan Heasley,heasj001,2022-06-21,2022,KCA,ANA,6,5.0,21,88,4,2,2,0,0.99,ANA202206210
Jonathan Heasley,heasj001,2022-06-28,2022,KCA,TEX,3,3.7,21,85,9,2,1,1,0.96,KCA202206280
Jonathan Heasley,heasj001,2022-07-04,2022,KCA,HOU,3,6.0,23,92,3,2,0,0,1.02,HOU202207040
Jonathan Heasley,heasj001,2022-07-09,2022,KCA,CLE,2,1.3,12,44,6,0,1,1,0.96,KCA202207090
Jonathan Heasley,heasj001,2022-07-30,2022,KCA,NYA,1,3.3,19,76,6,2,2,0,0.99,NYA202207300
Jonathan Heasley,heasj001,2022-08-09,2022,KCA,CHA,5,5.3,23,93,7,1,2,1,0.96,KCA202208092
Jonathan Heasley,heasj001,2022-08-23,2022,KCA,ARI,2,4.7,21,79,4,4,0,1,0.96,KCA202208230
Jonathan Heasley,heasj001,2022-08-28,2022,KCA,SDN,7,5.0,22,85,4,2,2,1,0.96,KCA202208280
Jonathan Heasley,heasj001,2022-09-03,2022,KCA,DET,2,7.0,30,108,8,2,1,0,1.0,DET202209030
Jonathan Heasley,heasj001,2022-09-10,2022,KCA,DET,0,4.0,20,81,7,2,1,1,0.96,KCA202209100
Jonathan Heasley,heasj001,2022-09-16,2022,KCA,BOS,5,6.7,23,83,2,3,0,0,0.98,BOS202209160
Jonathan Heasley,heasj001,2022-09-22,2022,KCA,MIN,3,6.0,22,89,2,2,0,1,0.96,KCA202209220
Jonathan Heasley,heasj001,2022-09-29,2022,KCA,DET,1,4.7,23,80,6,1,2,0,1.0,DET202209290
Jonathan Heasley,heasj001,2022-10-05,2022,KCA,CLE,4,5.0,26,86,9,2,0,0,1.04,CLE202210050
Kyle Hendricks,hendk001,2022-04-07,2022,CHN,MIL,7,5.3,24,83,5,3,0,1,0.97,CHN202204070
Kyle Hendricks,hendk001,2022-04-13,2022,CHN,PIT,4,3.7,21,78,7,4,1,0,1.0,PIT202204130
Kyle Hendricks,hendk001,2022-04-18,2022,CHN,TBA,6,4.3,20,90,5,2,0,1,0.97,CHN202204180
Kyle Hendricks,hendk001,2022-04-23,2022,CHN,PIT,2,7.0,23,76,2,0,0,1,0.97,CHN202204230
Kyle Hendricks,hendk001,2022-04-29,2022,CHN,MIL,2,4.3,22,85,7,2,3,0,1.05,MIL202204290
Kyle Hendricks,hendk001,2022-05-04,2022,CHN,CHA,2,5.7,24,73,7,1,2,1,0.97,CHN202205040
Kyle Hendricks,hendk001,2022-05-09,2022,CHN,SDN,7,8.7,29,116,3,1,0,0,1.08,SDN202205090
Kyle Hendricks,hendk001,2022-05-14,2022,CHN,ARI,2,5.7,25,94,5,2,0,0,1.03,ARI202205140
Kyle Hendricks,hendk001,2022-05-20,2022,CHN,ARI,3,5.0,24,93,8,2,4,1,0.97,CHN202205200
Kyle Hendricks,hendk001,2022-05-25,2022,CHN,CIN,1,4.0,18,68,5,1,1,0,1.0,CIN202205250
Kyle Hendricks,hendk001,2022-06-01,2022,CHN,MIL,1,5.0,20,79,6,1,0,1,0.97,CHN202206010
Kyle Hendricks,hendk001,2022-06-14,2022,CHN,SDN,6,5.0,20,78,4,0,0,1,0.97,CHN202206140
Kyle Hendricks,hendk001,2022-06-19,2022,CHN,ATL,6,4.3,22,80,8,1,2,1,0.97,CHN202206190
Kyle Hendricks,hendk001,2022-06-24,2022,CHN,SLN,6,7.3,27,91,5,1,0,0,1.0,SLN202206240
Kyle Hendricks,hendk001,2022-06-30,2022,CHN,CIN,7,6.0,24,93,6,1,1,1,0.97,CHN202206300
Kyle Hendricks,hendk001,2022-07-05,2022,CHN,MIL,4,3.0,13,69,2,2,1,0,1.05,MIL202207050
Tommy Henry,henrt001,2022-08-03,2022,ARI,CLE,3,5.0,22,89,4,3,1,0,1.04,CLE202208030
Tommy Henry,henrt001,2022-08-09,2022,ARI,PIT,3,7.0,27,88,4,2,1,1,1.03,ARI202208090
Tommy Henry,henrt001,2022-08-14,2022,ARI,COL,3,5.3,24,89,5,3,0,0,0.92,COL202208140
Tommy Henry,henrt001,2022-08-19,2022,ARI,SLN,7,5.3,22,95,6,1,1,1,1.03,ARI202208190
Tommy Henry,henrt001,2022-08-26,2022,ARI,CHA,3,5.0,21,83,4,3,0,0,0.99,CHA202208260
Tommy Henry,henrt001,2022-08-31,2022,ARI,PHI,4,4.0,23,85,8,4,0,1,1.03,ARI202208310
Tommy Henry,henrt001,2022-09-07,2022,ARI,SDN,2,4.3,22,70,7,1,3,0,1.08,SDN202209070
Tommy Henry,henrt001,2022-09-23,2022,ARI,SFN,6,4.7,22,81,6,3,3,1,1.03,ARI202209230
Tommy Henry,henrt001,2022-10-03,2022,ARI,MIL,5,6.3,22,89,3,1,1,0,1.05,MIL202210030
Jimmy Herget,hergj001,2022-04-29,2022,ANA,CHA,2,3.0,10,43,1,0,0,0,0.99,CHA202204290
Carlos Hernández,hernc006,2022-04-11,2022,KCA,CLE,1,4.3,20,68,6,2,1,1,0.96,KCA202204110
Carlos Hernández,hernc006,2022-04-19,2022,KCA,MIN,0,4.3,21,63,8,1,0,1,0.96,KCA202204190
Carlos Hernández,hernc006,2022-04-24,2022,KCA,SEA,4,5.3,24,81,6,2,1,0,1.04,SEA202204240
Carlos Hernández,hernc006,2022-04-30,2022,KCA,NYA,3,4.0,19,90,4,5,0,1,0.96,KCA202204300
Carlos Hernández,hernc006,2022-05-09,2022,KCA,BAL,2,4.7,23,81,7,2,0,0,1.0,BAL202205090
Carlos Hernández,hernc006,2022-05-14,2022,KCA,COL,3,4.0,23,85,8,3,2,0,0.92,COL202205140
Carlos Hernández,hernc006,2022-05-19,2022,KCA,CHA,3,3.0,19,77,5,5,0,1,0.96,KCA202205190
Elieser Hernández,herne002,2022-04-11,2022,MIA,ANA,6,4.7,21,76,5,3,2,0,0.99,ANA202204110
Elieser Hernández,herne002,2022-04-17,2022,MIA,PHI,5,6.0,25,91,5,1,1,1,0.98,MIA202204170
Elieser Hernández,herne002,2022-04-23,2022,MIA,ATL,4,4.7,22,88,7,0,3,0,1.02,ATL202204230
Elieser Hernández,herne002,2022-04-29,2022,MIA,SEA,5,5.0,21,97,5,1,0,1,0.98,MIA202204290
Elieser Hernández,herne002,2022-05-04,2022,MIA,ARI,3,4.0,20,78,5,3,1,1,0.98,MIA202205040
Elieser Hernández,herne002,2022-05-09,2022,MIA,ARI,5,5.3,24,88,6,1,1,0,1.03,ARI202205090
Elieser Hernández,herne002,2022-05-15,2022,MIA,MIL,2,4.0,21,85,3,3,2,1,0.98,MIA202205150
Elieser Hernández,herne002,2022-05-21,2022,MIA,ATL,5,5.0,18,70,3,1,1,1,0.98,MIA202205210
Elieser Hernández,herne002,2022-05-29,2022,MIA,ATL,3,4.0,19,77,7,0,3,0,1.02,ATL202205290
Elieser Hernández,herne002,2022-10-05,2022,MIA,ATL,3,4.0,16,58,4,0,0,1,0.98,MIA202210050
Jordan Hicks,hickj002,2022-04-21,2022,SLN,MIA,3,3.0,12,46,2,2,0,0,0.98,MIA202204210
Jordan Hicks,hickj002,2022-04-26,2022,SLN,NYN,1,2.0,10,42,2,2,0,1,1.0,SLN202204260
Jordan Hicks,hickj002,2022-05-01,2022,SLN,ARI,4,3.3,14,63,2,2,2,1,1.0,SLN202205010
Jordan Hicks,hickj002,2022-05-06,2022,SLN,SFN,5,4.3,18,68,3,2,0,0,1.03,SFN202205060
Jordan Hicks,hickj002,2022-05-13,2022,SLN,SFN,3,5.0,21,77,3,2,0,1,1.0,SLN202205130
Jordan Hicks,hickj002,2022-05-18,2022,SLN,NYN,5,4.0,19,82,3,3,0,0,1.06,NYN202205180
Jordan Hicks,hickj002,2022-05-24,2022,SLN,TOR,3,3.0,18,78,4,5,1,1,1.0,SLN202205240
Jordan Hicks,hickj002,2022-07-12,2022,SLN,LAN,1,1.7,8,38,1,3,0,1,1.0,SLN202207120
Garrett Hill,hillg002,2022-07-04,2022,DET,CLE,3,6.0,20,78,2,1,1,1,1.0,DET202207041
Garrett Hill,hillg002,2022-07-09,2022,DET,CHA,1,5.0,24,97,6,2,1,0,0.99,CHA202207090
Garrett Hill,hillg002,2022-07-21,2022,DET,OAK,4,5.0,21,84,5,2,1,0,1.0,OAK202207212
Garrett Hill,hillg002,2022-07-26,2022,DET,SDN,2,5.0,24,88,5,4,0,1,1.0,DET202207260
Garrett Hill,hillg002,2022-07-31,2022,DET,TOR,1,5.0,23,86,6,2,1,0,1.0,TOR202207310
Garrett Hill,hillg002,2022-08-06,2022,DET,TBA,6,5.7,26,93,6,3,1,1,1.0,DET202208060
Garrett Hill,hillg002,2022-08-11,2022,DET,CLE,1,5.0,23,89,4,2,1,1,1.0,DET202208110
Garrett Hill,hillg002,2022-08-16,2022,DET,CLE,3,6.0,24,95,4,2,0,0,1.04,CLE202208160
Rich Hill,hillr001,2022-04-12,2022,BOS,DET,4,4.3,19,70,5,1,0,0,1.0,DET202204120
Rich Hill,hillr001,2022-04-18,2022,BOS,MIN,2,4.7,21,80,6,2,2,1,0.98,BOS202204180
Rich Hill,hillr001,2022-04-24,2022,BOS,TBA,1,4.0,18,62,4,3,0,0,1.05,TBA202204240
Rich Hill,hillr001,2022-04-29,2022,BOS,BAL,4,4.0,13,50,1,0,0,0,1.0,BAL202204290
Rich Hill,hillr001,2022-05-05,2022,BOS,ANA,6,5.0,17,68,1,1,0,1,0.98,BOS202205050
Rich Hill,hillr001,2022-05-14,2022,BOS,TEX,4,6.0,25,94,7,0,0,0,0.99,TEX202205140
Rich Hill,hillr001,2022-05-19,2022,BOS,SEA,2,2.0,13,56,6,1,1,1,0.98,BOS202205190
Rich Hill,hillr001,2022-05-25,2022,BOS,CHA,1,5.0,18,65,2,1,1,0,0.99,CHA202205250
Rich Hill,hillr001,2022-05-30,2022,BOS,BAL,5,4.0,21,92,7,2,2,1,0.98,BOS202205300
Rich Hill,hillr001,2022-06-05,2022,BOS,OAK,5,6.0,21,78,3,0,0,0,1.0,OAK202206050
Rich Hill,hillr001,2022-06-10,2022,BOS,SEA,6,4.3,19,89,5,2,1,0,1.04,SEA202206100
Rich Hill,hillr001,2022-06-16,2022,BOS,OAK,4,5.7,24,82,6,0,0,1,0.98,BOS202206160
Rich Hill,hillr001,2022-06-21,2022,BOS,DET,6,5.0,23,90,7,2,1,1,0.98,BOS202206210
Rich Hill,hillr001,2022-06-26,2022,BOS,CLE,5,6.0,24,83,5,4,0,0,1.04,CLE202206260
Rich Hill,hillr001,2022-07-01,2022,BOS,CHN,3,4.7,22,75,3,4,0,0,0.97,CHN202207010
Rich Hill,hillr001,2022-08-03,2022,BOS,HOU,1,3.0,15,58,6,0,1,0,1.02,HOU202208030
Rich Hill,hillr001,2022-08-09,2022,BOS,ATL,0,4.0,19,68,7,1,1,1,0.98,BOS202208090
Rich Hill,hillr001,2022-08-17,2022,BOS,PIT,4,5.0,18,57,3,0,1,0,1.0,PIT202208170
Rich Hill,hillr001,2022-08-27,2022,BOS,TBA,11,7.0,25,95,3,1,0,1,0.98,BOS202208270
Rich Hill,hillr001,2022-09-01,2022,BOS,TEX,2,4.0,21,93,5,4,0,1,0.98,BOS202209010
Rich Hill,hillr001,2022-09-06,2022,BOS,TBA,3,4.0,20,64,9,1,1,0,1.05,TBA202209060
Rich Hill,hillr001,2022-09-11,2022,BOS,BAL,7,5.0,21,77,2,3,0,0,1.0,BAL202209110
Rich Hill,hillr001,2022-09-17,2022,BOS,KCA,4,4.7,22,81,8,0,0,1,0.98,BOS202209170
Rich Hill,hillr001,2022-09-23,2022,BOS,NYA,4,5.0,22,83,6,2,1,0,0.99,NYA202209230
Rich Hill,hillr001,2022-09-28,2022,BOS,BAL,9,6.0,23,100,5,1,0,1,0.98,BOS202209280
Rich Hill,hillr001,2022-10-03,2022,BOS,TBA,6,6.0,22,80,3,1,2,1,0.98,BOS202210030
Bryan Hoeing,hoeib001,2022-08-20,2022,MIA,LAN,2,3.0,17,73,8,1,2,0,1.03,LAN202208200
Jeff Hoffman,hoffj003,2022-07-07,2022,CIN,PIT,3,1.7,7,34,1,0,0,1,1.0,CIN202207072
Tanner Houck,houct001,2022-04-10,2022,BOS,NYA,3,3.3,19,78,6,3,0,0,0.99,NYA202204100
Tanner Houck,houct001,2022-04-16,2022,BOS,MIN,4,5.7,19,89,2,3,0,1,0.98,BOS202204160
Tanner Houck,houct001,2022-04-21,2022,BOS,TOR,4,5.0,19,71,3,1,0,1,0.98,BOS202204210
Tanner Houck,houct001,2022-05-08,2022,BOS,CHA,2,2.7,12,39,4,0,0,1,0.98,BOS202205080
Adrian Houser,housa001,2022-04-11,2022,MIL,BAL,3,3.7,18,76,4,3,0,0,1.0,BAL202204110
Adrian Houser,housa001,2022-04-16,2022,MIL,SLN,4,5.7,23,97,4,3,0,1,1.05,MIL202204160
Adrian Houser,housa001,2022-04-23,2022,MIL,PHI,3,6.0,23,85,5,1,0,0,1.01,PHI202204230
Adrian Houser,housa001,2022-04-29,2022,MIL,CHN,6,6.0,23,101,2,3,0,1,1.05,MIL202204290
Adrian Houser,housa001,2022-05-05,2022,MIL,CIN,6,5.0,24,92,7,1,1,1,1.05,MIL202205050
Adrian Houser,housa001,2022-05-11,2022,MIL,CIN,3,4.0,23,90,6,4,0,0,1.0,CIN202205110
Adrian Houser,housa001,2022-05-17,2022,MIL,ATL,6,6.0,24,101,4,2,0,1,1.05,MIL202205170
Adrian Houser,housa001,2022-05-23,2022,MIL,SDN,4,6.0,22,99,3,2,0,0,1.08,SDN202205230
Adrian Houser,housa001,2022-05-28,2022,MIL,SLN,1,4.0,22,73,9,1,2,0,1.0,SLN202205280
Adrian Houser,housa001,2022-06-02,2022,MIL,SDN,5,5.0,23,100,5,3,0,1,1.05,MIL202206020
Adrian Houser,housa001,2022-06-08,2022,MIL,PHI,5,6.0,25,96,7,1,3,1,1.05,MIL202206080
Adrian Houser,housa001,2022-06-14,2022,MIL,NYN,3,4.7,22,96,8,1,0,0,1.06,NYN202206140
Adrian Houser,housa001,2022-06-19,2022,MIL,CIN,5,6.0,25,103,4,4,0,0,1.0,CIN202206190
Adrian Houser,housa001,2022-06-24,2022,MIL,TOR,3,6.0,26,102,9,1,0,1,1.05,MIL202206240
Adrian Houser,housa001,2022-06-30,2022,MIL,PIT,0,2.3,13,42,5,1,2,0,1.0,PIT202206300
Adrian Houser,housa001,2022-08-24,2022,MIL,LAN,4,2.3,17,81,5,4,0,0,1.03,LAN202208240
Adrian Houser,housa001,2022-09-05,2022,MIL,COL,2,5.0,20,70,2,2,0,0,0.92,COL202209050
Adrian Houser,housa001,2022-09-10,2022,MIL,CIN,0,6.0,21,82,1,2,0,1,1.05,MIL202209100
Adrian Houser,housa001,2022-09-16,2022,MIL,NYA,1,3.0,20,85,7,4,0,1,1.05,MIL202209160
Adrian Houser,housa001,2022-09-21,2022,MIL,NYN,0,4.7,19,74,3,0,0,1,1.05,MIL202209210
Adrian Houser,housa001,2022-09-27,2022,MIL,SLN,3,3.3,15,74,2,4,0,1,1.05,MIL202209270
Spencer Howard,howas003,2022-04-10,2022,TEX,TOR,5,3.0,15,49,6,0,4,0,1.0,TOR202204100
Spencer Howard,howas003,2022-07-05,2022,TEX,BAL,2,4.0,19,68,6,2,0,0,1.0,BAL202207050
Spencer Howard,howas003,2022-07-11,2022,TEX,OAK,1,5.0,21,84,6,0,1,1,0.99,TEX202207110
Spencer Howard,howas003,2022-07-16,2022,TEX,SEA,3,5.0,25,91,5,5,1,1,0.99,TEX202207160
Spencer Howard,howas003,2022-07-22,2022,TEX,OAK,3,4.7,23,81,6,3,2,0,1.0,OAK202207220
Spencer Howard,howas003,2022-07-28,2022,TEX,ANA,5,5.0,18,76,3,0,0,0,0.99,ANA202207280
Spencer Howard,howas003,2022-08-02,2022,TEX,BAL,3,4.0,21,81,6,2,1,1,0.99,TEX202208020
Spencer Howard,howas003,2022-08-07,2022,TEX,CHA,3,3.3,20,72,8,1,1,1,0.99,TEX202208070
Dakota Hudson,hudsd002,2022-04-12,2022,SLN,KCA,4,4.0,17,70,5,0,2,1,1.0,SLN202204120
Dakota Hudson,hudsd002,2022-04-17,2022,SLN,MIL,2,3.0,15,68,3,2,0,0,1.05,MIL202204170
Dakota Hudson,hudsd002,2022-04-23,2022,SLN,CIN,4,6.7,23,92,2,4,0,0,1.0,CIN202204230
Dakota Hudson,hudsd002,2022-04-28,2022,SLN,ARI,4,6.0,22,84,1,3,0,1,1.0,SLN202204280
Dakota Hudson,hudsd002,2022-05-03,2022,SLN,KCA,4,6.0,27,84,9,2,1,0,0.96,KCA202205030
Dakota Hudson,hudsd002,2022-05-08,2022,SLN,SFN,0,4.7,23,83,5,4,1,0,1.03,SFN202205080
Dakota Hudson,hudsd002,2022-05-14,2022,SLN,SFN,2,5.0,21,80,5,2,0,1,1.0,SLN202205140
Dakota Hudson,hudsd002,2022-05-19,2022,SLN,NYN,2,4.7,20,84,5,2,0,0,1.06,NYN202205190
Dakota Hudson,hudsd002,2022-05-27,2022,SLN,MIL,3,4.7,21,97,5,4,0,1,1.0,SLN202205270
Dakota Hudson,hudsd002,2022-06-01,2022,SLN,SDN,3,7.0,26,104,4,1,0,1,1.0,SLN202206010
Dakota Hudson,hudsd002,2022-06-07,2022,SLN,TBA,6,7.0,24,94,2,1,0,0,1.05,TBA202206070
Dakota Hudson,hudsd002,2022-06-12,2022,SLN,CIN,2,7.0,28,95,9,2,0,1,1.0,SLN202206120
Dakota Hudson,hudsd002,2022-06-18,2022,SLN,BOS,3,5.0,23,93,4,5,0,0,0.98,BOS202206180
Dakota Hudson,hudsd002,2022-06-23,2022,SLN,MIL,2,4.3,21,88,7,3,2,0,1.05,MIL202206230
Dakota Hudson,hudsd002,2022-06-28,2022,SLN,MIA,3,5.0,21,86,6,1,0,1,1.0,SLN202206280
Dakota Hudson,hudsd002,2022-07-04,2022,SLN,ATL,2,4.0,22,74,9,3,0,0,1.02,ATL202207040
Dakota Hudson,hudsd002,2022-07-09,2022,SLN,PHI,4,6.0,21,84,2,2,0,1,1.0,SLN202207090
Dakota Hudson,hudsd002,2022-07-14,2022,SLN,LAN,3,6.7,27,94,6,1,1,1,1.0,SLN202207140
Dakota Hudson,hudsd002,2022-07-30,2022,SLN,WAS,1,4.3,20,83,4,2,1,0,1.01,WAS202207300
Dakota Hudson,hudsd002,2022-08-05,2022,SLN,NYA,2,4.0,20,78,7,2,0,1,1.0,SLN202208050
Dakota Hudson,hudsd002,2022-08-11,2022,SLN,COL,6,5.0,21,75,4,4,0,0,0.92,COL202208110
Dakota Hudson,hudsd002,2022-08-20,2022,SLN,ARI,4,4.3,22,77,5,3,0,0,1.03,ARI202208200
Dakota Hudson,hudsd002,2022-08-25,2022,SLN,CHN,4,7.0,27,97,5,2,0,0,0.97,CHN202208250
Dakota Hudson,hudsd002,2022-08-30,2022,SLN,CIN,2,4.7,22,75,9,1,1,0,1.0,CIN202208300
Dakota Hudson,hudsd002,2022-09-17,2022,SLN,CIN,5,8.0,32,101,7,2,0,1,1.0,SLN202209171
Dakota Hudson,hudsd002,2022-10-04,2022,SLN,PIT,1,2.7,19,67,9,2,0,0,1.0,PIT202210040
Drew Hutchison,hutcd001,2022-06-14,2022,DET,CHA,1,4.0,19,62,5,2,0,1,1.0,DET202206140
Drew Hutchison,hutcd001,2022-06-19,2022,DET,TEX,1,4.7,19,54,4,2,1,1,1.0,DET202206190
Drew Hutchison,hutcd001,2022-07-05,2022,DET,CLE,2,5.0,20,85,5,0,0,1,1.0,DET202207050
Drew Hutchison,hutcd001,2022-07-10,2022,DET,CHA,3,6.0,24,87,5,1,1,0,0.99,CHA202207100
Drew Hutchison,hutcd001,2022-07-15,2022,DET,CLE,3,5.0,21,86,6,2,0,0,1.04,CLE202207150
Drew Hutchison,hutcd001,2022-07-25,2022,DET,SDN,4,4.3,20,80,6,2,1,1,1.0,DET202207250
Drew Hutchison,hutcd001,2022-07-30,2022,DET,TOR,3,5.0,17,68,2,3,0,0,1.0,TOR202207300
Drew Hutchison,hutcd001,2022-08-04,2022,DET,TBA,3,6.0,28,88,8,3,1,1,1.0,DET202208040
Drew Hutchison,hutcd001,2022-08-10,2022,DET,CLE,3,5.0,23,87,8,1,0,1,1.0,DET202208100
Drew Hutchison,hutcd001,2022-08-15,2022,DET,CLE,4,5.3,24,101,7,1,0,0,1.04,CLE202208151
Drew Hutchison,hutcd001,2022-08-23,2022,DET,SFN,3,5.0,19,78,4,2,0,1,1.0,DET202208230
Drew Hutchison,hutcd001,2022-08-28,2022,DET,TEX,3,5.3,22,88,4,2,2,0,0.99,TEX202208280
Drew Hutchison,hutcd001,2022-09-02,2022,DET,KCA,5,5.7,25,85,6,1,1,1,1.0,DET202209020
Drew Hutchison,hutcd001,2022-09-07,2022,DET,ANA,3,4.0,19,84,5,2,1,0,0.99,ANA202209070
Drew Hutchison,hutcd001,2022-09-13,2022,DET,HOU,2,5.3,26,89,9,0,2,1,1.0,DET202209130
Drew Hutchison,hutcd001,2022-09-18,2022,DET,CHA,4,4.7,23,81,7,2,1,1,1.0,DET202209180
Drew Hutchison,hutcd001,2022-09-24,2022,DET,CHA,1,5.0,22,77,4,2,2,0,0.99,CHA202209240
Drew Hutchison,hutcd001,2022-10-01,2022,DET,MIN,5,4.3,21,103,7,2,1,1,1.0,DET202210010
Cole Irvin,irvic001,2022-04-09,2022,OAK,PHI,4,5.3,25,88,7,1,3,0,1.01,PHI202204090
Cole Irvin,irvic001,2022-04-14,2022,OAK,TBA,2,6.3,23,71,5,0,1,0,1.05,TBA202204140
Cole Irvin,irvic001,2022-04-19,2022,OAK,BAL,4,5.0,23,95,6,2,0,1,1.0,OAK202204190
Cole Irvin,irvic001,2022-04-24,2022,OAK,TEX,4,5.0,19,87,1,2,0,1,1.0,OAK202204240
Cole Irvin,irvic001,2022-04-30,2022,OAK,CLE,4,6.0,23,90,6,2,0,1,1.0,OAK202204300
Cole Irvin,irvic001,2022-05-22,2022,OAK,ANA,4,6.0,28,90,8,2,1,0,0.99,ANA202205220
Cole Irvin,irvic001,2022-05-27,2022,OAK,TEX,4,6.3,23,93,6,0,0,1,1.0,OAK202205270
Cole Irvin,irvic001,2022-06-01,2022,OAK,HOU,2,5.7,25,89,6,2,0,1,1.0,OAK202206010
Cole Irvin,irvic001,2022-06-07,2022,OAK,ATL,6,5.3,23,83,7,1,2,0,1.02,ATL202206070
Cole Irvin,irvic001,2022-06-12,2022,OAK,CLE,3,5.7,24,80,6,1,0,0,1.04,CLE202206120
Cole Irvin,irvic001,2022-06-18,2022,OAK,KCA,6,6.3,25,99,3,2,0,1,1.0,OAK202206180
Cole Irvin,irvic001,2022-06-24,2022,OAK,KCA,4,5.3,24,66,7,2,2,0,0.96,KCA202206240
Cole Irvin,irvic001,2022-06-29,2022,OAK,NYA,5,7.0,27,103,6,1,2,0,0.99,NYA202206290
Cole Irvin,irvic001,2022-07-04,2022,OAK,TOR,4,8.0,28,95,4,0,0,1,1.0,OAK202207040
Cole Irvin,irvic001,2022-07-10,2022,OAK,HOU,2,6.0,23,81,5,0,0,1,1.0,OAK202207100
Cole Irvin,irvic001,2022-07-15,2022,OAK,HOU,4,6.0,22,67,3,1,0,0,1.02,HOU202207150
Cole Irvin,irvic001,2022-07-22,2022,OAK,TEX,8,7.0,24,84,3,1,0,1,1.0,OAK202207220
Cole Irvin,irvic001,2022-07-27,2022,OAK,HOU,4,7.0,26,99,4,1,1,1,1.0,OAK202207270
Cole Irvin,irvic001,2022-08-02,2022,OAK,ANA,4,6.0,25,90,6,2,1,0,0.99,ANA202208020
Cole Irvin,irvic001,2022-08-08,2022,OAK,ANA,6,8.0,27,94,5,0,1,1,1.0,OAK202208080
Cole Irvin,irvic001,2022-08-14,2022,OAK,HOU,1,6.0,27,84,8,1,1,0,1.02,HOU202208140
Cole Irvin,irvic001,2022-08-19,2022,OAK,SEA,2,6.0,26,92,6,2,2,1,1.0,OAK202208190
Cole Irvin,irvic001,2022-08-24,2022,OAK,MIA,11,7.0,24,92,3,0,0,1,1.0,OAK202208240
Cole Irvin,irvic001,2022-08-30,2022,OAK,WAS,6,5.3,27,105,9,1,1,0,1.01,WAS202208300
Cole Irvin,irvic001,2022-09-06,2022,OAK,ATL,4,4.7,25,84,9,4,1,1,1.0,OAK202209060
Cole Irvin,irvic001,2022-09-11,2022,OAK,CHA,5,7.0,27,95,4,2,0,1,1.0,OAK202209110
Cole Irvin,irvic001,2022-09-17,2022,OAK,HOU,1,7.0,27,73,7,0,3,0,1.02,HOU202209170
Cole Irvin,irvic001,2022-09-23,2022,OAK,NYN,3,4.7,26,77,11,2,1,1,1.0,OAK202209230
Cole Irvin,irvic001,2022-09-29,2022,OAK,ANA,6,4.0,21,77,9,1,2,0,0.99,ANA202209290
Cole Irvin,irvic001,2022-10-04,2022,OAK,ANA,5,6.0,24,87,4,0,0,1,1.0,OAK202210040
Drey Jameson,jamed003,2022-09-15,2022,ARI,SDN,5,7.0,24,90,2,1,0,1,1.03,ARI202209150
Drey Jameson,jamed003,2022-09-20,2022,ARI,LAN,7,6.0,25,94,7,1,1,0,1.03,LAN202209202
Drey Jameson,jamed003,2022-09-25,2022,ARI,SFN,5,5.3,24,87,5,3,0,1,1.03,ARI202209250
Drey Jameson,jamed003,2022-10-01,2022,ARI,SFN,7,6.0,25,98,6,2,1,0,1.03,SFN202210010
Cristian Javier,javic001,2022-04-27,2022,HOU,TEX,4,5.0,20,84,4,2,1,0,0.99,TEX202204270
Cristian Javier,javic001,2022-05-03,2022,HOU,SEA,4,5.3,20,87,2,2,0,1,1.02,HOU202205030
Cristian Javier,javic001,2022-05-14,2022,HOU,WAS,5,3.7,22,84,8,3,1,0,1.01,WAS202205140
Cristian Javier,javic001,2022-05-20,2022,HOU,TEX,9,6.0,21,91,3,1,1,1,1.02,HOU202205200
Cristian Javier,javic001,2022-05-25,2022,HOU,CLE,9,5.7,21,96,3,1,0,1,1.02,HOU202205250
Cristian Javier,javic001,2022-05-31,2022,HOU,OAK,4,4.0,20,85,4,4,0,0,1.0,OAK202205310
Cristian Javier,javic001,2022-06-06,2022,HOU,SEA,4,3.7,19,90,6,1,1,1,1.02,HOU202206060
Cristian Javier,javic001,2022-06-13,2022,HOU,TEX,7,6.0,26,91,5,3,0,0,0.99,TEX202206130
Cristian Javier,javic001,2022-06-19,2022,HOU,CHA,5,5.0,22,93,2,4,0,1,1.02,HOU202206190
Cristian Javier,javic001,2022-06-25,2022,HOU,NYA,13,7.0,23,115,0,1,0,0,0.99,NYA202206250
Cristian Javier,javic001,2022-07-01,2022,HOU,ANA,14,7.0,22,99,1,0,1,1,1.02,HOU202207010
Cristian Javier,javic001,2022-07-06,2022,HOU,KCA,7,5.0,22,95,4,3,3,1,1.02,HOU202207060
Cristian Javier,javic001,2022-07-13,2022,HOU,ANA,10,3.7,19,92,5,3,0,0,0.99,ANA202207130
Cristian Javier,javic001,2022-07-21,2022,HOU,NYA,3,5.0,21,99,2,4,1,1,1.02,HOU202207211
Cristian Javier,javic001,2022-07-27,2022,HOU,OAK,6,5.0,21,92,5,1,2,0,1.0,OAK202207270
Cristian Javier,javic001,2022-08-02,2022,HOU,BOS,7,6.0,22,97,4,1,1,1,1.02,HOU202208020
Cristian Javier,javic001,2022-08-07,2022,HOU,CLE,4,6.0,24,91,6,0,1,0,1.04,CLE202208070
Cristian Javier,javic001,2022-08-14,2022,HOU,OAK,6,6.0,22,97,1,3,0,1,1.02,HOU202208140
Cristian Javier,javic001,2022-08-20,2022,HOU,ATL,8,6.0,22,106,2,1,1,0,1.02,ATL202208200
Cristian Javier,javic001,2022-08-31,2022,HOU,TEX,7,5.0,22,96,4,3,1,0,0.99,TEX202208310
Cristian Javier,javic001,2022-09-07,2022,HOU,TEX,8,5.3,23,96,4,2,1,1,1.02,HOU202209070
Cristian Javier,javic001,2022-09-14,2022,HOU,DET,8,6.0,20,90,2,0,0,0,1.0,DET202209140
Cristian Javier,javic001,2022-09-20,2022,HOU,TBA,6,5.0,19,88,1,4,0,0,1.05,TBA202209200
Cristian Javier,javic001,2022-09-25,2022,HOU,BAL,8,6.0,18,76,1,0,0,0,1.0,BAL202209250
Cristian Javier,javic001,2022-10-01,2022,HOU,TBA,7,6.0,20,95,2,2,0,1,1.02,HOU202210010
Daulton Jefferies,jeffd001,2022-04-10,2022,OAK,PHI,2,5.0,18,48,2,2,0,0,1.01,PHI202204100
Daulton Jefferies,jeffd001,2022-04-15,2022,OAK,TOR,2,4.3,20,68,7,1,1,0,1.0,TOR202204150
Daulton Jefferies,jeffd001,2022-04-20,2022,OAK,BAL,5,6.0,23,83,3,0,0,1,1.0,OAK202204200
Daulton Jefferies,jeffd001,2022-04-26,2022,OAK,SFN,3,4.0,18,72,4,2,1,0,1.03,SFN202204260
Daulton Jefferies,jeffd001,2022-05-02,2022,OAK,TBA,4,5.0,26,90,11,0,1,1,1.0,OAK202205020
Daulton Jefferies,jeffd001,2022-05-08,2022,OAK,MIN,3,5.0,22,77,7,0,0,0,1.0,MIN202205080
Daulton Jefferies,jeffd001,2022-05-13,2022,OAK,ANA,4,6.0,23,88,5,0,1,1,1.0,OAK202205130
Daulton Jefferies,jeffd001,2022-05-18,2022,OAK,MIN,5,4.0,22,78,7,3,0,1,1.0,OAK202205180
Jakob Junis,junij001,2022-05-08,2022,SFN,SLN,5,5.0,21,79,3,2,1,1,1.03,SFN202205080
Jakob Junis,junij001,2022-05-14,2022,SFN,SLN,3,5.7,24,91,6,1,1,0,1.0,SLN202205140
Jakob Junis,junij001,2022-05-20,2022,SFN,SDN,2,6.0,24,76,7,0,1,1,1.03,SFN202205200
Jakob Junis,junij001,2022-05-25,2022,SFN,NYN,4,6.0,22,86,3,1,1,1,1.03,SFN202205250
Jakob Junis,junij001,2022-05-31,2022,SFN,PHI,3,4.3,18,64,3,2,0,0,1.01,PHI202205310
Jakob Junis,junij001,2022-06-05,2022,SFN,MIA,8,6.0,22,96,2,2,1,0,0.98,MIA202206050
Jakob Junis,junij001,2022-06-10,2022,SFN,LAN,5,5.0,21,92,5,1,1,1,1.03,SFN202206100
Jakob Junis,junij001,2022-07-25,2022,SFN,ARI,2,4.3,17,62,3,1,0,0,1.03,ARI202207250
Jakob Junis,junij001,2022-07-30,2022,SFN,CHN,4,4.0,18,74,5,1,0,1,1.03,SFN202207300
Jakob Junis,junij001,2022-08-04,2022,SFN,LAN,5,3.7,18,79,5,2,0,1,1.03,SFN202208040
Jakob Junis,junij001,2022-08-10,2022,SFN,SDN,3,2.3,16,61,7,2,0,0,1.08,SDN202208100
Jakob Junis,junij001,2022-08-16,2022,SFN,ARI,7,7.0,26,101,4,0,1,1,1.03,SFN202208160
Jakob Junis,junij001,2022-08-21,2022,SFN,COL,6,6.7,25,85,5,0,2,0,0.92,COL202208210
Jakob Junis,junij001,2022-08-28,2022,SFN,MIN,2,4.3,22,88,9,0,1,0,1.0,MIN202208280
Jakob Junis,junij001,2022-09-03,2022,SFN,PHI,5,4.3,21,78,7,2,1,1,1.03,SFN202209030
Jakob Junis,junij001,2022-09-13,2022,SFN,ATL,5,5.0,23,92,7,1,1,1,1.03,SFN202209130
Jakob Junis,junij001,2022-09-19,2022,SFN,COL,2,4.3,27,86,12,1,0,0,0.92,COL202209190
Janson Junk,junkj001,2022-07-27,2022,ANA,KCA,8,5.0,20,86,4,1,0,0,0.96,KCA202207270
Janson Junk,junkj001,2022-08-04,2022,ANA,OAK,2,2.3,13,55,5,2,1,1,0.99,ANA202208040
James Kaprielian,kaprj001,2022-05-01,2022,OAK,CLE,2,2.0,14,57,3,4,0,1,1.0,OAK202205010
James Kaprielian,kaprj001,2022-05-07,2022,OAK,MIN,7,5.7,21,99,3,2,1,0,1.0,MIN202205070
James Kaprielian,kaprj001,2022-05-12,2022,OAK,DET,1,5.0,20,75,3,3,0,0,1.0,DET202205120
James Kaprielian,kaprj001,2022-05-17,2022,OAK,MIN,6,5.3,21,89,4,1,2,1,1.0,OAK202205170
James Kaprielian,kaprj001,2022-05-24,2022,OAK,SEA,3,5.0,23,74,7,1,1,0,1.04,SEA202205240
James Kaprielian,kaprj001,2022-05-29,2022,OAK,TEX,2,4.3,19,64,6,0,2,1,1.0,OAK202205290
James Kaprielian,kaprj001,2022-06-03,2022,OAK,BOS,1,5.3,23,87,5,2,1,1,1.0,OAK202206030
James Kaprielian,kaprj001,2022-06-09,2022,OAK,CLE,3,5.0,19,75,5,0,2,0,1.04,CLE202206090
James Kaprielian,kaprj001,2022-06-15,2022,OAK,BOS,2,3.7,24,94,7,6,1,0,0.98,BOS202206150
James Kaprielian,kaprj001,2022-06-21,2022,OAK,SEA,7,5.3,23,89,5,2,1,1,1.0,OAK202206210
James Kaprielian,kaprj001,2022-06-26,2022,OAK,KCA,2,5.3,21,84,2,4,0,0,0.96,KCA202206260
James Kaprielian,kaprj001,2022-07-01,2022,OAK,SEA,4,6.0,23,84,3,2,0,0,1.04,SEA202207010
James Kaprielian,kaprj001,2022-07-06,2022,OAK,TOR,1,6.0,25,94,5,4,1,1,1.0,OAK202207060
James Kaprielian,kaprj001,2022-07-12,2022,OAK,TEX,4,5.0,20,70,4,1,1,0,0.99,TEX202207120
James Kaprielian,kaprj001,2022-07-23,2022,OAK,TEX,4,5.0,19,90,2,2,0,1,1.0,OAK202207230
James Kaprielian,kaprj001,2022-07-29,2022,OAK,CHA,4,6.0,23,85,4,1,0,0,0.99,CHA202207290
James Kaprielian,kaprj001,2022-08-03,2022,OAK,ANA,4,5.3,24,83,6,1,0,0,0.99,ANA202208030
James Kaprielian,kaprj001,2022-08-09,2022,OAK,ANA,6,5.0,25,97,6,3,1,1,1.0,OAK202208090
James Kaprielian,kaprj001,2022-08-15,2022,OAK,TEX,5,5.3,24,94,6,2,1,0,0.99,TEX202208150
James Kaprielian,kaprj001,2022-08-20,2022,OAK,SEA,3,5.0,22,78,3,4,0,1,1.0,OAK202208200
James Kaprielian,kaprj001,2022-08-25,2022,OAK,NYA,2,2.7,21,86,7,6,0,1,1.0,OAK202208250
James Kaprielian,kaprj001,2022-08-31,2022,OAK,WAS,3,5.7,25,92,7,1,1,0,1.01,WAS202208310
James Kaprielian,kaprj001,2022-09-15,2022,OAK,HOU,4,6.0,26,105,5,4,0,0,1.02,HOU202209150
James Kaprielian,kaprj001,2022-09-21,2022,OAK,SEA,6,7.0,23,92,2,1,0,1,1.0,OAK202209210
James Kaprielian,kaprj001,2022-09-27,2022,OAK,ANA,5,6.0,28,102,10,0,0,0,0.99,ANA202209270
James Kaprielian,kaprj001,2022-10-02,2022,OAK,SEA,7,6.0,21,91,1,2,0,0,1.04,SEA202210020
Brad Keller,kellb003,2022-04-09,2022,KCA,CLE,5,6.0,19,69,2,1,0,1,0.96,KCA202204090
Brad Keller,kellb003,2022-04-15,2022,KCA,DET,5,7.0,26,86,3,2,1,1,0.96,KCA202204150
Brad Keller,kellb003,2022-04-22,2022,KCA,SEA,4,4.7,23,91,6,2,0,0,1.04,SEA202204220
Brad Keller,kellb003,2022-04-28,2022,KCA,CHA,3,7.0,22,87,3,0,1,0,0.99,CHA202204280
Brad Keller,kellb003,2022-05-03,2022,KCA,SLN,2,6.3,25,93,4,3,0,1,0.96,KCA202205030
Brad Keller,kellb003,2022-05-10,2022,KCA,TEX,3,5.7,27,94,9,1,2,0,0.99,TEX202205100
Brad Keller,kellb003,2022-05-16,2022,KCA,CHA,3,7.0,29,96,8,0,1,1,0.96,KCA202205160
Brad Keller,kellb003,2022-05-21,2022,KCA,MIN,4,7.0,28,97,5,3,0,1,0.96,KCA202205210
Brad Keller,kellb003,2022-05-27,2022,KCA,MIN,3,4.0,26,85,11,3,2,0,1.0,MIN202205270
Brad Keller,kellb003,2022-06-01,2022,KCA,CLE,1,6.0,27,99,6,3,0,0,1.04,CLE202206010
Brad Keller,kellb003,2022-06-07,2022,KCA,TOR,4,6.0,24,79,7,2,0,1,0.96,KCA202206070
Brad Keller,kellb003,2022-06-12,2022,KCA,BAL,4,1.7,13,58,7,1,3,1,0.96,KCA202206120
Brad Keller,kellb003,2022-06-18,2022,KCA,OAK,6,7.0,24,97,1,3,0,0,1.0,OAK202206180
Brad Keller,kellb003,2022-06-25,2022,KCA,OAK,4,3.7,21,93,7,2,0,1,0.96,KCA202206250
Brad Keller,kellb003,2022-07-01,2022,KCA,DET,5,6.0,25,89,5,2,0,0,1.0,DET202207010
Brad Keller,kellb003,2022-07-06,2022,KCA,HOU,3,5.7,24,105,5,3,1,0,1.02,HOU202207060
Brad Keller,kellb003,2022-07-11,2022,KCA,DET,8,7.0,26,91,3,1,0,1,0.96,KCA202207111
Brad Keller,kellb003,2022-07-22,2022,KCA,TBA,1,4.0,21,83,4,5,0,1,0.96,KCA202207220
Brad Keller,kellb003,2022-07-27,2022,KCA,ANA,5,6.0,26,90,6,3,0,1,0.96,KCA202207270
Brad Keller,kellb003,2022-08-02,2022,KCA,CHA,3,5.7,31,94,13,1,1,0,0.99,CHA202208020
Brad Keller,kellb003,2022-08-07,2022,KCA,BOS,4,6.0,24,85,4,3,1,1,0.96,KCA202208070
Brad Keller,kellb003,2022-08-13,2022,KCA,LAN,3,3.0,20,74,9,3,3,1,0.96,KCA202208130
Joe Kelly,kellj001,2022-09-02,2022,CHA,MIN,2,1.0,7,34,2,2,0,1,0.99,CHA202209020
Merrill Kelly,kellm002,2022-04-08,2022,ARI,SDN,7,4.0,17,75,4,2,0,1,1.03,ARI202204080
Merrill Kelly,kellm002,2022-04-13,2022,ARI,HOU,6,5.3,21,79,3,2,0,1,1.03,ARI202204130
Merrill Kelly,kellm002,2022-04-20,2022,ARI,WAS,5,6.0,25,80,6,1,0,0,1.01,WAS202204200
Merrill Kelly,kellm002,2022-04-25,2022,ARI,LAN,4,6.0,26,98,7,2,0,1,1.03,ARI202204250
Merrill Kelly,kellm002,2022-04-30,2022,ARI,SLN,4,7.0,25,97,2,0,0,0,1.0,SLN202204300
Merrill Kelly,kellm002,2022-05-06,2022,ARI,COL,8,8.7,34,106,7,2,0,1,1.03,ARI202205060
Merrill Kelly,kellm002,2022-05-11,2022,ARI,MIA,4,5.0,22,93,7,2,1,1,1.03,ARI202205110
Merrill Kelly,kellm002,2022-05-17,2022,ARI,LAN,2,2.0,14,56,5,4,1,0,1.03,LAN202205172
Merrill Kelly,kellm002,2022-05-22,2022,ARI,CHN,2,5.0,23,93,5,3,0,0,0.97,CHN202205220
Merrill Kelly,kellm002,2022-05-28,2022,ARI,LAN,5,5.0,22,91,7,2,1,1,1.03,ARI202205280
Merrill Kelly,kellm002,2022-06-03,2022,ARI,PIT,2,5.0,23,89,5,4,0,0,1.0,PIT202206030
Merrill Kelly,kellm002,2022-06-08,2022,ARI,CIN,5,6.0,21,92,1,3,0,0,1.0,CIN202206080
Merrill Kelly,kellm002,2022-06-13,2022,ARI,CIN,7,6.0,27,102,8,2,1,1,1.03,ARI202206130
Merrill Kelly,kellm002,2022-06-19,2022,ARI,MIN,5,7.0,25,96,5,0,0,1,1.03,ARI202206190
Merrill Kelly,kellm002,2022-06-24,2022,ARI,DET,5,6.0,26,99,7,1,1,1,1.03,ARI202206240
Merrill Kelly,kellm002,2022-07-01,2022,ARI,COL,3,7.0,26,101,5,1,1,0,0.92,COL202207010
Merrill Kelly,kellm002,2022-07-06,2022,ARI,SFN,6,6.3,24,97,2,3,0,1,1.03,ARI202207060
Merrill Kelly,kellm002,2022-07-11,2022,ARI,SFN,4,7.0,28,101,5,2,0,0,1.03,SFN202207110
Merrill Kelly,kellm002,2022-07-17,2022,ARI,SDN,5,6.0,23,97,6,0,1,0,1.08,SDN202207170
Merrill Kelly,kellm002,2022-07-25,2022,ARI,SFN,7,8.0,25,99,3,0,0,1,1.03,ARI202207250
Merrill Kelly,kellm002,2022-07-31,2022,ARI,ATL,8,7.0,25,91,3,2,0,0,1.02,ATL202207310
Merrill Kelly,kellm002,2022-08-06,2022,ARI,COL,5,7.0,27,93,7,1,1,1,1.03,ARI202208060
Merrill Kelly,kellm002,2022-08-11,2022,ARI,PIT,6,5.0,23,99,4,3,0,1,1.03,ARI202208110
Merrill Kelly,kellm002,2022-08-16,2022,ARI,SFN,7,7.0,26,93,4,2,0,0,1.03,SFN202208160
Merrill Kelly,kellm002,2022-08-21,2022,ARI,SLN,6,6.0,26,96,7,3,1,1,1.03,ARI202208210
Merrill Kelly,kellm002,2022-08-27,2022,ARI,CHA,7,7.3,27,97,5,1,1,0,0.99,CHA202208270
Merrill Kelly,kellm002,2022-09-01,2022,ARI,MIL,7,7.0,24,91,4,0,0,1,1.03,ARI202209010
Merrill Kelly,kellm002,2022-09-06,2022,ARI,SDN,5,7.0,25,96,3,1,3,0,1.08,SDN202209060
Merrill Kelly,kellm002,2022-09-13,2022,ARI,LAN,8,5.0,25,96,5,5,2,1,1.03,ARI202209130
Merrill Kelly,kellm002,2022-09-19,2022,ARI,LAN,7,6.0,26,97,8,2,2,0,1.03,LAN202209190
Merrill Kelly,kellm002,2022-09-24,2022,ARI,SFN,6,7.0,26,93,4,1,1,1,1.03,ARI202209240
Merrill Kelly,kellm002,2022-09-30,2022,ARI,SFN,2,4.7,25,102,9,2,3,0,1.03,SFN202209300
Merrill Kelly,kellm002,2022-10-05,2022,ARI,MIL,7,6.0,22,83,4,2,0,0,1.05,MIL202210050
Mitch Keller,kellm003,2022-04-09,2022,PIT,SLN,4,4.0,20,70,6,2,1,0,1.0,SLN202204090
Mitch Keller,kellm003,2022-04-15,2022,PIT,WAS,4,3.7,21,84,7,3,0,1,1.0,PIT202204150
Mitch Keller,kellm003,2022-04-20,2022,PIT,MIL,7,5.3,20,75,4,0,1,0,1.05,MIL202204200
Mitch Keller,kellm003,2022-04-26,2022,PIT,MIL,1,4.7,20,75,5,2,1,1,1.0,PIT202204260
Mitch Keller,kellm003,2022-05-01,2022,PIT,SDN,5,6.0,23,85,5,0,0,1,1.0,PIT202205010
Mitch Keller,kellm003,2022-05-07,2022,PIT,CIN,3,4.3,23,86,6,3,1,0,1.0,CIN202205072
Mitch Keller,kellm003,2022-05-13,2022,PIT,CIN,2,4.7,21,80,5,2,1,1,1.0,PIT202205130
Mitch Keller,kellm003,2022-05-31,2022,PIT,LAN,5,5.0,23,98,2,5,1,0,1.03,LAN202205310
Mitch Keller,kellm003,2022-06-08,2022,PIT,DET,7,6.0,24,95,4,2,0,1,1.0,PIT202206080
Mitch Keller,kellm003,2022-06-13,2022,PIT,SLN,2,5.3,23,97,7,1,0,0,1.0,SLN202206130
Mitch Keller,kellm003,2022-06-19,2022,PIT,SFN,4,6.0,24,92,3,3,0,1,1.0,PIT202206190
Mitch Keller,kellm003,2022-06-24,2022,PIT,TBA,5,5.0,21,96,5,1,0,0,1.05,TBA202206240
Mitch Keller,kellm003,2022-06-29,2022,PIT,WAS,4,4.0,22,93,9,4,0,0,1.01,WAS202206290
Mitch Keller,kellm003,2022-07-06,2022,PIT,NYA,7,6.0,26,95,10,1,2,1,1.0,PIT202207060
Mitch Keller,kellm003,2022-07-11,2022,PIT,MIA,5,7.0,26,95,5,0,0,0,0.98,MIA202207110
Mitch Keller,kellm003,2022-07-16,2022,PIT,COL,6,6.0,25,95,5,2,0,0,0.92,COL202207160
Mitch Keller,kellm003,2022-07-24,2022,PIT,MIA,7,6.0,22,74,5,0,1,1,1.0,PIT202207240
Mitch Keller,kellm003,2022-07-30,2022,PIT,PHI,3,6.0,25,86,5,3,1,1,1.0,PIT202207300
Mitch Keller,kellm003,2022-08-05,2022,PIT,BAL,1,6.0,26,87,8,1,0,0,1.0,BAL202208050
Mitch Keller,kellm003,2022-08-10,2022,PIT,ARI,3,5.3,22,97,5,1,0,0,1.03,ARI202208100
Mitch Keller,kellm003,2022-08-16,2022,PIT,BOS,1,2.0,14,46,5,3,0,1,1.0,PIT202208160
Mitch Keller,kellm003,2022-08-24,2022,PIT,ATL,5,3.7,21,82,7,2,1,1,1.0,PIT202208240
Mitch Keller,kellm003,2022-08-30,2022,PIT,MIL,10,6.0,24,105,4,2,1,0,1.05,MIL202208300
Mitch Keller,kellm003,2022-09-06,2022,PIT,NYN,2,6.0,24,96,5,2,0,1,1.0,PIT202209060
Mitch Keller,kellm003,2022-09-11,2022,PIT,SLN,6,7.0,24,91,2,3,0,1,1.0,PIT202209110
Mitch Keller,kellm003,2022-09-16,2022,PIT,NYN,6,6.0,25,84,5,2,1,0,1.06,NYN202209160
Mitch Keller,kellm003,2022-09-22,2022,PIT,CHN,7,6.0,23,96,4,2,0,1,1.0,PIT202209220
Mitch Keller,kellm003,2022-09-27,2022,PIT,CIN,5,5.0,24,97,5,3,0,1,1.0,PIT202209270
Mitch Keller,kellm003,2022-10-03,2022,PIT,SLN,5,5.0,24,93,6,2,1,1,1.0,PIT202210030
Clayton Kershaw,kersc001,2022-04-13,2022,LAN,MIN,13,7.0,21,80,0,0,0,0,1.0,MIN202204130
Clayton Kershaw,kersc001,2022-04-18,2022,LAN,ATL,7,5.0,21,87,6,0,2,1,1.03,LAN202204180
Clayton Kershaw,kersc001,2022-04-24,2022,LAN,SDN,3,5.0,19,75,4,0,0,0,1.08,SDN202204240
Clayton Kershaw,kersc001,2022-04-30,2022,LAN,DET,7,6.0,24,85,4,2,0,1,1.03,LAN202204300
Clayton Kershaw,kersc001,2022-05-07,2022,LAN,CHN,2,7.0,24,81,5,1,0,0,0.97,CHN202205071
Clayton Kershaw,kersc001,2022-06-11,2022,LAN,SFN,4,4.0,18,71,3,2,1,0,1.03,SFN202206110
Clayton Kershaw,kersc001,2022-06-17,2022,LAN,CLE,4,5.0,20,81,5,1,0,1,1.03,LAN202206170
Clayton Kershaw,kersc001,2022-06-23,2022,LAN,CIN,7,6.0,25,80,7,1,0,0,1.0,CIN202206230
Clayton Kershaw,kersc001,2022-06-28,2022,LAN,COL,4,4.0,25,77,9,4,2,0,0.92,COL202206280
Clayton Kershaw,kersc001,2022-07-03,2022,LAN,SDN,8,7.0,25,98,4,1,0,1,1.03,LAN202207030
Clayton Kershaw,kersc001,2022-07-09,2022,LAN,CHN,10,7.7,28,102,5,0,0,1,1.03,LAN202207090
Clayton Kershaw,kersc001,2022-07-15,2022,LAN,ANA,6,8.0,25,89,1,0,0,0,0.99,ANA202207150
Clayton Kershaw,kersc001,2022-07-24,2022,LAN,SFN,6,4.3,21,94,5,2,1,1,1.03,LAN202207240
Clayton Kershaw,kersc001,2022-07-30,2022,LAN,COL,3,5.3,25,92,8,0,0,0,0.92,COL202207300
Clayton Kershaw,kersc001,2022-08-04,2022,LAN,SFN,4,4.0,15,66,3,1,1,0,1.03,SFN202208040
Clayton Kershaw,kersc001,2022-09-01,2022,LAN,NYN,6,5.0,19,74,1,3,0,0,1.06,NYN202209010
Clayton Kershaw,kersc001,2022-09-07,2022,LAN,SFN,8,6.0,23,86,5,0,1,1,1.03,LAN202209070
Clayton Kershaw,kersc001,2022-09-13,2022,LAN,ARI,5,7.0,24,82,2,1,0,0,1.03,ARI202209130
Clayton Kershaw,kersc001,2022-09-19,2022,LAN,ARI,10,6.0,24,94,6,0,0,1,1.03,LAN202209190
Clayton Kershaw,kersc001,2022-09-24,2022,LAN,SLN,7,6.0,26,88,7,1,1,1,1.03,LAN202209240
Clayton Kershaw,kersc001,2022-09-30,2022,LAN,COL,4,6.0,24,88,5,2,0,1,1.03,LAN202209300
Clayton Kershaw,kersc001,2022-10-05,2022,LAN,COL,9,5.0,17,72,1,1,1,1,1.03,LAN202210050
Dallas Keuchel,keucd001,2022-04-13,2022,CHA,SEA,5,5.0,21,80,6,0,1,1,0.99,CHA202204130
Dallas Keuchel,keucd001,2022-04-20,2022,CHA,CLE,0,1.0,17,48,10,1,1,0,1.04,CLE202204201
Dallas Keuchel,keucd001,2022-04-26,2022,CHA,KCA,2,4.0,20,88,2,5,0,1,0.99,CHA202204260
Dallas Keuchel,keucd001,2022-05-01,2022,CHA,ANA,1,5.0,24,79,6,5,1,1,0.99,CHA202205010
Dallas Keuchel,keucd001,2022-05-08,2022,CHA,BOS,5,6.0,25,92,8,1,0,0,0.98,BOS202205080
Dallas Keuchel,keucd001,2022-05-14,2022,CHA,NYA,3,5.0,21,86,4,3,0,1,0.99,CHA202205140
Dallas Keuchel,keucd001,2022-05-21,2022,CHA,NYA,0,4.0,21,84,6,3,1,0,0.99,NYA202205210
Dallas Keuchel,keucd001,2022-05-26,2022,CHA,BOS,4,2.0,15,55,7,2,2,1,0.99,CHA202205260
Dallas Keuchel,keucd001,2022-06-26,2022,ARI,DET,7,4.3,22,98,6,3,0,1,1.03,ARI202206260
Dallas Keuchel,keucd001,2022-07-02,2022,ARI,COL,3,5.0,24,96,6,3,1,0,0.92,COL202207020
Dallas Keuchel,keucd001,2022-07-07,2022,ARI,COL,4,7.0,27,98,7,0,0,1,1.03,ARI202207070
Dallas Keuchel,keucd001,2022-07-12,2022,ARI,SFN,4,2.3,16,62,8,1,3,0,1.03,SFN202207120
Dallas Keuchel,keucd001,2022-08-27,2022,TEX,DET,1,5.3,27,96,11,1,1,1,0.99,TEX202208270
Dallas Keuchel,keucd001,2022-09-02,2022,TEX,BOS,6,4.7,23,103,7,3,0,0,0.98,BOS202209020
Yusei Kikuchi,kikuy001,2022-04-12,2022,TOR,NYA,2,3.3,16,84,5,2,1,0,0.99,NYA202204120
Yusei Kikuchi,kikuy001,2022-04-19,2022,TOR,BOS,3,5.0,21,91,3,3,0,0,0.98,BOS202204190
Yusei Kikuchi,kikuy001,2022-04-24,2022,TOR,HOU,4,3.7,20,77,3,5,1,0,1.02,HOU202204240
Yusei Kikuchi,kikuy001,2022-04-29,2022,TOR,HOU,4,2.7,15,66,4,3,1,1,1.0,TOR202204290
Yusei Kikuchi,kikuy001,2022-05-04,2022,TOR,NYA,7,6.0,21,78,3,1,1,1,1.0,TOR202205040
Yusei Kikuchi,kikuy001,2022-05-10,2022,TOR,NYA,7,5.3,21,89,2,3,0,0,0.99,NYA202205100
Yusei Kikuchi,kikuy001,2022-05-16,2022,TOR,SEA,6,6.0,22,90,1,3,0,1,1.0,TOR202205160
Yusei Kikuchi,kikuy001,2022-05-22,2022,TOR,CIN,7,4.3,19,86,2,3,0,1,1.0,TOR202205220
Yusei Kikuchi,kikuy001,2022-05-28,2022,TOR,ANA,4,5.0,25,87,9,1,0,0,0.99,ANA202205280
Yusei Kikuchi,kikuy001,2022-06-03,2022,TOR,MIN,6,4.7,19,67,7,0,3,1,1.0,TOR202206030
Yusei Kikuchi,kikuy001,2022-06-08,2022,TOR,KCA,2,0.7,8,45,2,4,0,0,0.96,KCA202206080
Yusei Kikuchi,kikuy001,2022-06-14,2022,TOR,BAL,4,4.0,20,68,5,4,2,1,1.0,TOR202206140
Yusei Kikuchi,kikuy001,2022-06-19,2022,TOR,NYA,5,4.0,17,80,3,2,2,1,1.0,TOR202206190
Yusei Kikuchi,kikuy001,2022-06-25,2022,TOR,MIL,5,2.0,15,69,6,1,2,0,1.05,MIL202206250
Yusei Kikuchi,kikuy001,2022-06-30,2022,TOR,TBA,8,6.0,22,80,4,1,1,1,1.0,TOR202206300
Yusei Kikuchi,kikuy001,2022-07-05,2022,TOR,OAK,0,2.3,14,54,2,5,0,0,1.0,OAK202207050
Yusei Kikuchi,kikuy001,2022-07-28,2022,TOR,DET,5,5.0,18,67,2,1,1,1,1.0,TOR202207280
Yusei Kikuchi,kikuy001,2022-08-03,2022,TOR,TBA,5,4.0,17,74,3,1,0,0,1.05,TBA202208030
Yusei Kikuchi,kikuy001,2022-08-08,2022,TOR,BAL,4,5.0,22,84,6,3,3,0,1.0,BAL202208080
Yusei Kikuchi,kikuy001,2022-08-15,2022,TOR,BAL,3,3.3,19,80,4,3,1,1,1.0,TOR202208150
Caleb Kilian,kilic001,2022-06-04,2022,CHN,SLN,6,5.0,19,83,3,2,0,1,0.97,CHN202206042
Caleb Kilian,kilic001,2022-06-15,2022,CHN,SDN,0,4.0,22,86,5,5,0,1,0.97,CHN202206150
Caleb Kilian,kilic001,2022-06-20,2022,CHN,PIT,3,2.3,15,66,3,5,0,0,1.0,PIT202206200
George Kirby,kirbg001,2022-05-08,2022,SEA,TBA,7,6.0,21,81,4,0,0,1,1.04,SEA202205080
George Kirby,kirbg001,2022-05-14,2022,SEA,NYN,1,4.0,18,89,3,1,0,0,1.06,NYN202205140
George Kirby,kirbg001,2022-05-19,2022,SEA,BOS,3,5.0,23,71,8,1,2,0,0.98,BOS202205190
George Kirby,kirbg001,2022-05-24,2022,SEA,OAK,9,5.0,23,90,8,0,1,1,1.04,SEA202205240
George Kirby,kirbg001,2022-05-31,2022,SEA,BAL,8,6.0,23,94,4,1,0,0,1.0,BAL202205310
George Kirby,kirbg001,2022-06-05,2022,SEA,TEX,3,6.0,23,90,5,0,2,0,0.99,TEX202206050
George Kirby,kirbg001,2022-06-11,2022,SEA,BOS,4,5.0,23,97,6,1,2,1,1.04,SEA202206110
George Kirby,kirbg001,2022-06-16,2022,SEA,ANA,6,6.0,25,97,6,1,1,1,1.04,SEA202206160
George Kirby,kirbg001,2022-06-22,2022,SEA,OAK,6,6.0,23,96,5,1,0,0,1.0,OAK202206220
George Kirby,kirbg001,2022-06-27,2022,SEA,BAL,2,4.0,23,95,9,1,4,1,1.04,SEA202206270
George Kirby,kirbg001,2022-07-02,2022,SEA,OAK,9,7.0,25,100,3,1,0,1,1.04,SEA202207020
George Kirby,kirbg001,2022-07-08,2022,SEA,TOR,4,4.3,24,88,10,1,0,1,1.04,SEA202207080
George Kirby,kirbg001,2022-07-26,2022,SEA,TEX,4,5.0,17,51,2,1,0,1,1.04,SEA202207260
George Kirby,kirbg001,2022-07-31,2022,SEA,HOU,7,4.0,18,74,4,1,0,0,1.02,HOU202207310
George Kirby,kirbg001,2022-08-06,2022,SEA,ANA,8,6.0,25,80,6,0,0,1,1.04,SEA202208061
George Kirby,kirbg001,2022-08-12,2022,SEA,TEX,5,5.7,23,82,7,1,0,0,0.99,TEX202208120
George Kirby,kirbg001,2022-08-17,2022,SEA,ANA,7,5.7,25,94,6,1,0,0,0.99,ANA202208170
George Kirby,kirbg001,2022-08-24,2022,SEA,WAS,9,7.0,28,84,9,0,0,1,1.04,SEA202208240
George Kirby,kirbg001,2022-08-30,2022,SEA,DET,5,5.0,19,79,2,1,0,0,1.0,DET202208300
George Kirby,kirbg001,2022-09-04,2022,SEA,CLE,2,3.0,11,39,3,0,0,0,1.04,CLE202209040
George Kirby,kirbg001,2022-09-10,2022,SEA,ATL,6,6.0,21,85,3,0,0,1,1.04,SEA202209100
George Kirby,kirbg001,2022-09-17,2022,SEA,ANA,8,6.0,22,84,4,1,0,0,0.99,ANA202209170
George Kirby,kirbg001,2022-09-22,2022,SEA,OAK,1,2.3,17,68,7,3,0,0,1.0,OAK202209220
George Kirby,kirbg001,2022-09-28,2022,SEA,TEX,4,6.0,22,88,5,1,0,1,1.04,SEA202209280
George Kirby,kirbg001,2022-10-03,2022,SEA,DET,5,4.0,20,93,6,3,1,1,1.04,SEA202210030
Corey Kluber,klubc001,2022-04-10,2022,TBA,BAL,5,4.7,20,87,3,4,0,1,1.05,TBA202204100
Corey Kluber,klubc001,2022-04-16,2022,TBA,CHA,4,5.0,19,75,4,0,1,0,0.99,CHA202204160
Corey Kluber,klubc001,2022-04-22,2022,TBA,BOS,3,5.0,25,89,11,1,1,1,1.05,TBA202204220
Corey Kluber,klubc001,2022-04-29,2022,TBA,MIN,6,6.0,19,71,1,0,0,1,1.05,TBA202204290
Corey Kluber,klubc001,2022-05-04,2022,TBA,OAK,7,6.0,22,64,3,1,0,0,1.0,OAK202205040
Corey Kluber,klubc001,2022-05-10,2022,TBA,ANA,2,3.0,20,64,11,0,2,0,0.99,ANA202205100
Corey Kluber,klubc001,2022-05-16,2022,TBA,DET,8,6.0,24,90,4,0,1,1,1.05,TBA202205160
Corey Kluber,klubc001,2022-05-22,2022,TBA,BAL,2,3.0,17,71,5,2,0,0,1.0,BAL202205220
Corey Kluber,klubc001,2022-05-28,2022,TBA,NYA,5,6.0,19,80,3,0,0,1,1.05,TBA202205280
Corey Kluber,klubc001,2022-06-02,2022,TBA,TEX,4,6.0,21,69,4,0,1,0,0.99,TEX202206020
Corey Kluber,klubc001,2022-06-08,2022,TBA,SLN,5,5.0,22,80,6,1,1,1,1.05,TBA202206080
Corey Kluber,klubc001,2022-06-14,2022,TBA,NYA,3,6.0,25,93,4,1,0,0,0.99,NYA202206140
Corey Kluber,klubc001,2022-06-19,2022,TBA,BAL,6,6.0,23,92,4,1,1,0,1.0,BAL202206190
Corey Kluber,klubc001,2022-06-25,2022,TBA,PIT,6,5.3,21,63,5,0,1,1,1.05,TBA202206250
Corey Kluber,klubc001,2022-07-01,2022,TBA,TOR,1,3.0,17,49,7,2,0,0,1.0,TOR202207010
Corey Kluber,klubc001,2022-07-06,2022,TBA,BOS,5,6.0,22,80,3,0,0,0,0.98,BOS202207060
Corey Kluber,klubc001,2022-07-12,2022,TBA,BOS,7,6.0,22,88,4,1,0,1,1.05,TBA202207120
Corey Kluber,klubc001,2022-07-17,2022,TBA,BAL,3,6.0,27,83,8,1,1,1,1.05,TBA202207170
Corey Kluber,klubc001,2022-07-25,2022,TBA,BAL,2,5.0,24,88,7,1,0,0,1.0,BAL202207250
Corey Kluber,klubc001,2022-07-30,2022,TBA,CLE,10,6.0,27,89,8,0,1,1,1.05,TBA202207300
Corey Kluber,klubc001,2022-08-05,2022,TBA,DET,5,6.0,25,84,7,0,1,0,1.0,DET202208050
Corey Kluber,klubc001,2022-08-12,2022,TBA,BAL,4,5.7,27,88,10,1,1,1,1.05,TBA202208120
Corey Kluber,klubc001,2022-08-17,2022,TBA,NYA,8,6.0,24,90,4,1,1,0,0.99,NYA202208170
Corey Kluber,klubc001,2022-08-23,2022,TBA,ANA,3,6.0,23,78,5,0,1,1,1.05,TBA202208230
Corey Kluber,klubc001,2022-08-28,2022,TBA,BOS,4,6.0,26,85,8,0,3,0,0.98,BOS202208280
Corey Kluber,klubc001,2022-09-03,2022,TBA,NYA,4,7.0,24,88,2,0,0,1,1.05,TBA202209030
Corey Kluber,klubc001,2022-09-10,2022,TBA,NYA,0,0.7,10,32,8,0,0,0,0.99,NYA202209100
Corey Kluber,klubc001,2022-09-16,2022,TBA,TEX,6,5.7,25,90,9,0,1,1,1.05,TBA202209160
Corey Kluber,klubc001,2022-09-21,2022,TBA,HOU,2,7.0,28,83,6,1,0,1,1.05,TBA202209210
Corey Kluber,klubc001,2022-09-27,2022,TBA,CLE,5,4.0,20,91,8,1,0,0,1.04,CLE202209270
Corey Kluber,klubc001,2022-10-02,2022,TBA,HOU,4,5.0,21,78,6,1,1,0,1.02,HOU202210020
Reiss Knehr,knehr001,2022-08-02,2022,SDN,COL,1,3.7,19,82,4,2,0,1,1.08,SDN202208022
Jared Koenig,koenj001,2022-06-08,2022,OAK,ATL,3,4.0,18,76,5,2,0,0,1.02,ATL202206080
Jared Koenig,koenj001,2022-06-14,2022,OAK,BOS,3,4.0,24,96,9,2,2,0,0.98,BOS202206140
Jared Koenig,koenj001,2022-06-19,2022,OAK,KCA,0,5.7,25,89,2,4,0,1,1.0,OAK202206190
Jared Koenig,koenj001,2022-06-25,2022,OAK,KCA,4,4.7,23,83,5,3,1,0,0.96,KCA202206250
Jared Koenig,koenj001,2022-07-16,2022,OAK,HOU,3,7.0,29,86,6,2,1,0,1.02,HOU202207160
Michael Kopech,kopem001,2022-04-10,2022,CHA,DET,3,4.0,15,69,2,2,0,0,1.0,DET202204100
Michael Kopech,kopem001,2022-04-16,2022,CHA,TBA,5,5.0,19,75,1,2,0,1,0.99,CHA202204160
Michael Kopech,kopem001,2022-04-22,2022,CHA,MIN,7,5.0,17,83,3,1,0,0,1.0,MIN202204220
Michael Kopech,kopem001,2022-04-28,2022,CHA,KCA,3,5.0,22,94,3,4,0,1,0.99,CHA202204280
Michael Kopech,kopem001,2022-05-03,2022,CHA,CHN,5,4.0,18,83,4,2,0,0,0.97,CHN202205030
Michael Kopech,kopem001,2022-05-09,2022,CHA,CLE,7,6.0,23,91,2,2,0,1,0.99,CHA202205090
Michael Kopech,kopem001,2022-05-15,2022,CHA,NYA,3,6.0,23,91,1,4,0,1,0.99,CHA202205150
Michael Kopech,kopem001,2022-05-22,2022,CHA,NYA,6,7.0,24,92,1,2,0,0,0.99,NYA202205222
Michael Kopech,kopem001,2022-06-01,2022,CHA,TOR,4,3.0,19,85,6,4,2,0,1.0,TOR202206010
Michael Kopech,kopem001,2022-06-07,2022,CHA,LAN,8,6.0,20,98,1,1,0,1,0.99,CHA202206070
Michael Kopech,kopem001,2022-06-12,2022,CHA,TEX,0,0.7,2,13,0,0,0,1,0.99,CHA202206120
Michael Kopech,kopem001,2022-06-19,2022,CHA,HOU,4,5.0,22,75,7,1,2,0,1.02,HOU202206190
Michael Kopech,kopem001,2022-06-24,2022,CHA,BAL,2,6.0,25,91,3,4,0,1,0.99,CHA202206240
Michael Kopech,kopem001,2022-06-29,2022,CHA,ANA,6,5.3,23,99,5,2,1,0,0.99,ANA202206290
Michael Kopech,kopem001,2022-07-05,2022,CHA,MIN,5,4.7,26,87,8,4,4,1,0.99,CHA202207050
Michael Kopech,kopem001,2022-07-10,2022,CHA,DET,4,5.3,21,82,4,3,1,1,0.99,CHA202207100
Michael Kopech,kopem001,2022-07-15,2022,CHA,MIN,2,5.0,23,90,5,4,0,0,1.0,MIN202207150
Michael Kopech,kopem001,2022-07-26,2022,CHA,COL,4,5.3,23,91,6,3,0,0,0.92,COL202207260
Michael Kopech,kopem001,2022-08-01,2022,CHA,KCA,3,7.0,27,100,6,1,2,1,0.99,CHA202208010
Michael Kopech,kopem001,2022-08-06,2022,CHA,TEX,4,3.3,17,74,5,2,1,0,0.99,TEX202208060
Michael Kopech,kopem001,2022-08-12,2022,CHA,DET,11,6.0,20,85,0,3,0,1,0.99,CHA202208120
Michael Kopech,kopem001,2022-08-17,2022,CHA,HOU,2,6.0,25,90,5,2,0,1,0.99,CHA202208170
Michael Kopech,kopem001,2022-08-22,2022,CHA,KCA,0,0.0,4,19,1,2,0,0,0.96,KCA202208220
Michael Kopech,kopem001,2022-09-07,2022,CHA,SEA,4,3.7,18,74,3,2,1,0,1.04,SEA202209070
Michael Kopech,kopem001,2022-09-13,2022,CHA,COL,3,5.0,18,80,3,0,1,1,0.99,CHA202209130
Dean Kremer,kremd001,2022-06-05,2022,BAL,CLE,3,4.3,19,67,5,1,1,1,1.0,BAL202206050
Dean Kremer,kremd001,2022-06-12,2022,BAL,KCA,2,5.0,22,80,4,2,0,0,0.96,KCA202206120
Dean Kremer,kremd001,2022-06-17,2022,BAL,TBA,5,6.0,21,82,5,1,0,1,1.0,BAL202206170
Dean Kremer,kremd001,2022-06-23,2022,BAL,CHA,4,5.7,24,93,7,1,0,0,0.99,CHA202206230
Dean Kremer,kremd001,2022-06-28,2022,BAL,SEA,5,7.0,25,97,4,2,0,0,1.04,SEA202206280
Dean Kremer,kremd001,2022-07-04,2022,BAL,TEX,4,4.7,24,92,8,2,1,1,1.0,BAL202207040
Dean Kremer,kremd001,2022-07-09,2022,BAL,ANA,7,5.0,20,95,2,3,0,1,1.0,BAL202207090
Dean Kremer,kremd001,2022-07-16,2022,BAL,TBA,2,4.0,19,79,8,0,1,0,1.05,TBA202207160
Dean Kremer,kremd001,2022-07-24,2022,BAL,NYA,6,5.3,22,83,5,1,1,1,1.0,BAL202207240
Dean Kremer,kremd001,2022-07-30,2022,BAL,CIN,3,4.3,24,88,10,1,2,0,1.0,CIN202207300
Dean Kremer,kremd001,2022-08-05,2022,BAL,PIT,2,6.3,22,83,4,0,0,1,1.0,BAL202208050
Dean Kremer,kremd001,2022-08-11,2022,BAL,BOS,6,5.7,23,87,6,1,0,0,0.98,BOS202208110
Dean Kremer,kremd001,2022-08-16,2022,BAL,TOR,6,7.0,27,98,7,1,1,0,1.0,TOR202208160
Dean Kremer,kremd001,2022-08-21,2022,BAL,BOS,4,5.3,20,80,5,2,0,1,1.0,BAL202208210
Dean Kremer,kremd001,2022-08-27,2022,BAL,HOU,3,7.7,25,96,4,0,0,0,1.02,HOU202208270
Dean Kremer,kremd001,2022-09-02,2022,BAL,OAK,6,6.0,23,94,5,1,0,1,1.0,BAL202209020
Dean Kremer,kremd001,2022-09-13,2022,BAL,WAS,1,5.0,25,82,8,1,0,0,1.01,WAS202209130
Dean Kremer,kremd001,2022-09-18,2022,BAL,TOR,3,5.7,25,95,4,5,1,0,1.0,TOR202209180
Dean Kremer,kremd001,2022-09-23,2022,BAL,HOU,6,9.0,31,106,4,2,0,1,1.0,BAL202209230
Dean Kremer,kremd001,2022-09-28,2022,BAL,BOS,2,5.0,23,93,6,4,2,0,0.98,BOS202209280
Dean Kremer,kremd001,2022-10-03,2022,BAL,TOR,4,6.0,24,82,6,1,1,1,1.0,BAL202210030
Chad Kuhl,kuhlc001,2022-04-12,2022,COL,TEX,5,4.3,19,80,2,4,0,0,0.99,TEX202204120
Chad Kuhl,kuhlc001,2022-04-18,2022,COL,PHI,4,6.0,20,68,2,1,0,1,0.92,COL202204180
Chad Kuhl,kuhlc001,2022-04-24,2022,COL,DET,4,6.0,23,81,4,2,0,0,1.0,DET202204240
Chad Kuhl,kuhlc001,2022-04-30,2022,COL,CIN,4,7.3,26,83,5,0,2,1,0.92,COL202204300
Chad Kuhl,kuhlc001,2022-05-06,2022,COL,ARI,5,6.0,23,91,3,2,0,0,1.03,ARI202205060
Chad Kuhl,kuhlc001,2022-05-11,2022,COL,SFN,8,4.7,25,101,7,3,1,0,1.03,SFN202205110
Chad Kuhl,kuhlc001,2022-05-17,2022,COL,SFN,0,3.0,19,70,8,1,1,1,0.92,COL202205170
Chad Kuhl,kuhlc001,2022-05-23,2022,COL,PIT,1,4.3,20,103,5,4,0,0,1.0,PIT202205230
Chad Kuhl,kuhlc001,2022-05-28,2022,COL,WAS,7,6.3,27,95,7,1,1,0,1.01,WAS202205282
Chad Kuhl,kuhlc001,2022-06-03,2022,COL,ATL,3,6.0,23,98,5,2,0,1,0.92,COL202206030
Chad Kuhl,kuhlc001,2022-06-10,2022,COL,SDN,1,4.3,25,96,8,5,1,0,1.08,SDN202206100
Chad Kuhl,kuhlc001,2022-06-16,2022,COL,CLE,7,5.0,25,95,7,2,0,1,0.92,COL202206160
Chad Kuhl,kuhlc001,2022-06-22,2022,COL,MIA,3,5.0,22,92,6,2,1,0,0.98,MIA202206220
Chad Kuhl,kuhlc001,2022-06-27,2022,COL,LAN,5,9.0,29,102,3,0,0,1,0.92,COL202206270
Chad Kuhl,kuhlc001,2022-07-03,2022,COL,ARI,2,5.0,23,81,7,1,1,1,0.92,COL202207030
Chad Kuhl,kuhlc001,2022-07-08,2022,COL,ARI,4,5.0,23,87,6,3,2,0,1.03,ARI202207080
Chad Kuhl,kuhlc001,2022-07-13,2022,COL,SDN,2,4.7,23,95,7,4,1,1,0.92,COL202207130
Chad Kuhl,kuhlc001,2022-07-24,2022,COL,MIL,4,2.3,16,85,5,2,1,0,1.05,MIL202207240
Chad Kuhl,kuhlc001,2022-07-29,2022,COL,LAN,3,3.7,23,90,6,4,2,1,0.92,COL202207290
Chad Kuhl,kuhlc001,2022-08-03,2022,COL,SDN,4,5.0,26,92,8,3,3,0,1.08,SDN202208030
Chad Kuhl,kuhlc001,2022-08-26,2022,COL,NYN,4,5.0,21,73,5,1,1,0,1.06,NYN202208260
Chad Kuhl,kuhlc001,2022-09-01,2022,COL,ATL,7,4.7,20,87,5,1,2,0,1.02,ATL202209010
Chad Kuhl,kuhlc001,2022-09-06,2022,COL,MIL,5,4.3,20,74,6,2,2,1,0.92,COL202209060
Chad Kuhl,kuhlc001,2022-09-13,2022,COL,CHA,5,6.3,26,83,6,2,1,0,0.99,CHA202209130
Chad Kuhl,kuhlc001,2022-09-19,2022,COL,SFN,6,4.7,24,95,8,1,1,1,0.92,COL202209190
Chad Kuhl,kuhlc001,2022-09-24,2022,COL,SDN,5,5.7,25,100,6,2,0,1,0.92,COL202209240
Chad Kuhl,kuhlc001,2022-09-30,2022,COL,LAN,2,3.3,21,78,8,3,1,0,1.03,LAN202209300
Jimmy Lambert,lambj003,2022-04-14,2022,CHA,SEA,1,3.0,13,49,2,1,1,1,0.99,CHA202204140
Jimmy Lambert,lambj003,2022-04-20,2022,CHA,CLE,5,3.7,18,73,5,2,0,0,1.04,CLE202204202
Eric Lauer,lauee001,2022-04-12,2022,MIL,BAL,5,4.3,19,89,3,2,1,0,1.0,BAL202204120
Eric Lauer,lauee001,2022-04-18,2022,MIL,PIT,5,6.0,24,87,5,1,1,1,1.05,MIL202204180
Eric Lauer,lauee001,2022-04-24,2022,MIL,PHI,13,6.0,24,98,5,1,0,0,1.01,PHI202204240
Eric Lauer,lauee001,2022-04-30,2022,MIL,CHN,11,7.0,26,96,5,1,1,1,1.05,MIL202204300
Eric Lauer,lauee001,2022-05-06,2022,MIL,ATL,8,6.3,23,94,2,3,1,0,1.02,ATL202205060
Eric Lauer,lauee001,2022-05-14,2022,MIL,MIA,7,5.0,22,87,6,0,3,0,0.98,MIA202205140
Eric Lauer,lauee001,2022-05-20,2022,MIL,WAS,5,7.0,26,83,5,0,0,1,1.05,MIL202205200
Eric Lauer,lauee001,2022-05-26,2022,MIL,SLN,1,5.0,23,96,4,4,0,0,1.0,SLN202205260
Eric Lauer,lauee001,2022-05-31,2022,MIL,CHN,6,4.0,21,89,5,3,1,0,0.97,CHN202205310
Eric Lauer,lauee001,2022-06-05,2022,MIL,SDN,4,6.0,27,100,6,2,0,1,1.05,MIL202206050
Eric Lauer,lauee001,2022-06-11,2022,MIL,WAS,2,5.0,25,99,7,4,3,0,1.01,WAS202206110
Eric Lauer,lauee001,2022-06-17,2022,MIL,CIN,5,6.3,25,91,6,1,3,0,1.0,CIN202206170
Eric Lauer,lauee001,2022-06-22,2022,MIL,SLN,5,6.0,24,97,6,1,2,1,1.05,MIL202206220
Eric Lauer,lauee001,2022-06-29,2022,MIL,TBA,3,4.3,20,92,6,2,0,0,1.05,TBA202206290
Eric Lauer,lauee001,2022-07-04,2022,MIL,CHN,9,6.0,21,101,2,2,1,1,1.05,MIL202207040
Eric Lauer,lauee001,2022-07-10,2022,MIL,PIT,7,5.0,22,102,6,1,1,1,1.05,MIL202207100
Eric Lauer,lauee001,2022-07-16,2022,MIL,SFN,4,7.0,26,108,2,3,1,0,1.03,SFN202207160
Eric Lauer,lauee001,2022-07-24,2022,MIL,COL,3,4.3,21,92,6,3,1,1,1.05,MIL202207240
Eric Lauer,lauee001,2022-07-30,2022,MIL,BOS,4,5.0,21,94,4,3,0,0,0.98,BOS202207300
Eric Lauer,lauee001,2022-08-05,2022,MIL,CIN,4,7.0,29,100,6,3,0,1,1.05,MIL202208050
Eric Lauer,lauee001,2022-08-12,2022,MIL,SLN,5,6.0,25,95,5,2,2,0,1.0,SLN202208120
Eric Lauer,lauee001,2022-08-17,2022,MIL,LAN,7,7.0,26,105,4,3,2,1,1.05,MIL202208170
Eric Lauer,lauee001,2022-08-22,2022,MIL,LAN,2,5.0,21,98,5,2,0,0,1.03,LAN202208220
Eric Lauer,lauee001,2022-08-28,2022,MIL,CHN,4,5.0,25,99,6,4,1,1,1.05,MIL202208280
Eric Lauer,lauee001,2022-09-02,2022,MIL,ARI,5,6.7,25,88,6,0,0,0,1.03,ARI202209020
Eric Lauer,lauee001,2022-09-07,2022,MIL,COL,4,2.7,15,60,6,1,2,0,0.92,COL202209070
Eric Lauer,lauee001,2022-09-23,2022,MIL,CIN,3,2.7,16,66,5,3,0,0,1.0,CIN202209230
Eric Lauer,lauee001,2022-09-29,2022,MIL,MIA,9,5.0,17,71,1,0,0,1,1.05,MIL202209290
Eric Lauer,lauee001,2022-10-04,2022,MIL,ARI,7,6.0,22,97,0,4,0,1,1.05,MIL202210040
Evan Lee,lee-e001,2022-06-01,2022,WAS,NYN,2,3.7,19,67,4,3,0,0,1.06,NYN202206010
Mark Leiter,leitm002,2022-04-16,2022,CHN,COL,4,3.3,19,74,5,4,1,0,0.92,COL202204160
Mark Leiter,leitm002,2022-04-21,2022,CHN,PIT,3,4.0,16,72,3,2,1,1,0.97,CHN202204210
Mark Leiter,leitm002,2022-04-27,2022,CHN,ATL,0,2.0,10,45,2,1,0,0,1.02,ATL202204270
Mark Leiter,leitm002,2022-07-07,2022,CHN,LAN,4,5.0,20,82,5,0,3,0,1.03,LAN202207070
Matthew Liberatore,libem001,2022-05-21,2022,SLN,PIT,3,4.7,22,88,7,2,1,0,1.0,PIT202205210
Matthew Liberatore,libem001,2022-05-28,2022,SLN,MIL,6,5.0,22,93,3,3,0,1,1.0,SLN202205280
Matthew Liberatore,libem001,2022-06-02,2022,SLN,CHN,1,3.3,19,80,6,3,3,0,0.97,CHN202206020
Matthew Liberatore,libem001,2022-06-14,2022,SLN,PIT,5,5.0,19,79,3,2,0,1,1.0,SLN202206141
Matthew Liberatore,libem001,2022-07-02,2022,SLN,PHI,3,2.7,16,66,7,1,0,0,1.01,PHI202207020
Matthew Liberatore,libem001,2022-07-07,2022,SLN,ATL,4,4.0,18,74,3,3,0,0,1.02,ATL202207070
Matthew Liberatore,libem001,2022-10-05,2022,SLN,PIT,3,5.0,23,95,6,4,0,0,1.0,PIT202210050
Mauricio Llovera,llovm001,2022-05-05,2022,SFN,SLN,1,1.0,3,17,0,0,0,1,1.03,SFN202205050
Nick Lodolo,lodon001,2022-04-13,2022,CIN,CLE,4,4.0,24,79,7,3,2,1,1.0,CIN202204130
Nick Lodolo,lodon001,2022-04-18,2022,CIN,SDN,8,5.0,23,90,6,2,1,0,1.08,SDN202204180
Nick Lodolo,lodon001,2022-04-24,2022,CIN,SLN,7,5.7,22,79,5,0,0,1,1.0,CIN202204240
Nick Lodolo,lodon001,2022-07-05,2022,CIN,NYN,8,4.7,20,89,3,3,0,1,1.0,CIN202207050
Nick Lodolo,lodon001,2022-07-10,2022,CIN,TBA,6,5.0,25,103,9,1,1,1,1.0,CIN202207100
Nick Lodolo,lodon001,2022-07-16,2022,CIN,SLN,5,2.0,17,67,5,3,1,0,1.0,SLN202207160
Nick Lodolo,lodon001,2022-07-25,2022,CIN,MIA,9,6.0,23,96,5,2,0,1,1.0,CIN202207250
Nick Lodolo,lodon001,2022-07-31,2022,CIN,BAL,7,6.0,24,98,4,2,0,1,1.0,CIN202207310
Nick Lodolo,lodon001,2022-08-06,2022,CIN,MIL,4,4.7,22,100,4,4,2,0,1.05,MIL202208060
Nick Lodolo,lodon001,2022-08-11,2022,CIN,CHN,6,4.7,24,98,7,4,0,1,1.0,CIN202208110
Nick Lodolo,lodon001,2022-08-17,2022,CIN,PHI,8,7.0,27,98,5,2,0,1,1.0,CIN202208170
Nick Lodolo,lodon001,2022-08-23,2022,CIN,PHI,5,5.3,22,82,3,2,0,0,1.01,PHI202208230
Nick Lodolo,lodon001,2022-08-28,2022,CIN,WAS,5,7.0,27,104,5,1,1,0,1.01,WAS202208280
Nick Lodolo,lodon001,2022-09-04,2022,CIN,COL,9,6.0,21,101,2,1,0,1,1.0,CIN202209041
Nick Lodolo,lodon001,2022-09-09,2022,CIN,MIL,11,8.0,27,107,5,0,1,0,1.05,MIL202209090
Nick Lodolo,lodon001,2022-09-14,2022,CIN,PIT,11,6.3,25,102,6,0,1,1,1.0,CIN202209140
Nick Lodolo,lodon001,2022-09-20,2022,CIN,BOS,7,5.0,23,92,3,3,2,1,1.0,CIN202209200
Nick Lodolo,lodon001,2022-09-25,2022,CIN,MIL,6,6.0,22,99,4,1,1,1,1.0,CIN202209250
Nick Lodolo,lodon001,2022-10-01,2022,CIN,CHN,5,5.0,23,95,2,5,0,0,0.97,CHN202210010
Zach Logue,loguz001,2022-05-06,2022,OAK,MIN,5,5.0,22,90,5,2,2,0,1.0,MIN202205060
Zach Logue,loguz001,2022-05-11,2022,OAK,DET,6,7.0,26,97,5,0,0,0,1.0,DET202205110
Zach Logue,loguz001,2022-05-16,2022,OAK,MIN,2,4.3,20,82,5,2,0,1,1.0,OAK202205160
Zach Logue,loguz001,2022-05-23,2022,OAK,SEA,6,4.7,24,97,6,4,3,0,1.04,SEA202205230
Zach Logue,loguz001,2022-05-28,2022,OAK,TEX,1,2.3,15,56,7,1,2,1,1.0,OAK202205280
Zach Logue,loguz001,2022-07-09,2022,OAK,HOU,2,5.0,19,75,3,1,0,1,1.0,OAK202207090
Zach Logue,loguz001,2022-07-21,2022,OAK,DET,4,6.0,25,92,5,1,0,1,1.0,OAK202207211
Zach Logue,loguz001,2022-08-13,2022,OAK,HOU,2,5.3,24,107,8,2,1,0,1.02,HOU202208130
Zach Logue,loguz001,2022-08-18,2022,OAK,TEX,2,4.3,21,79,6,3,2,0,0.99,TEX202208180
Zach Logue,loguz001,2022-08-23,2022,OAK,MIA,7,5.3,19,66,3,0,1,1,1.0,OAK202208230
Sam Long,longs002,2022-04-22,2022,SFN,WAS,1,2.0,8,31,2,0,0,0,1.01,WAS202204220
Sam Long,longs002,2022-04-25,2022,SFN,MIL,1,1.0,4,18,1,0,0,0,1.05,MIL202204250
Sam Long,longs002,2022-04-27,2022,SFN,OAK,1,1.0,4,17,1,0,1,1,1.03,SFN202204270
Sam Long,longs002,2022-06-11,2022,SFN,LAN,1,3.0,12,48,3,0,0,1,1.03,SFN202206110
Sam Long,longs002,2022-06-15,2022,SFN,KCA,2,3.0,12,44,3,0,0,1,1.03,SFN202206150
Sam Long,longs002,2022-07-08,2022,SFN,SDN,2,2.3,11,37,4,0,1,0,1.08,SDN202207080
Pablo López,lopep002,2022-04-09,2022,MIA,SFN,6,5.0,19,79,3,1,0,0,1.03,SFN202204090
Pablo López,lopep002,2022-04-15,2022,MIA,PHI,2,5.3,21,87,4,2,0,1,0.98,MIA202204150
Pablo López,lopep002,2022-04-21,2022,MIA,SLN,9,7.0,24,100,3,0,0,1,0.98,MIA202204210
Pablo López,lopep002,2022-04-27,2022,MIA,WAS,6,6.0,21,84,3,1,0,0,1.01,WAS202204270
Pablo López,lopep002,2022-05-02,2022,MIA,ARI,7,4.7,21,97,6,2,1,1,0.98,MIA202205020
Pablo López,lopep002,2022-05-07,2022,MIA,SDN,5,8.0,31,97,5,2,0,0,1.08,SDN202205070
Pablo López,lopep002,2022-05-13,2022,MIA,MIL,11,7.0,25,99,3,0,1,1,0.98,MIA202205130
Pablo López,lopep002,2022-05-18,2022,MIA,WAS,2,3.0,16,82,4,3,0,1,0.98,MIA202205180
Pablo López,lopep002,2022-05-24,2022,MIA,TBA,8,7.0,29,86,9,0,3,0,1.05,TBA202205240
Pablo López,lopep002,2022-05-30,2022,MIA,COL,5,6.0,23,99,3,4,0,0,0.92,COL202205300
Pablo López,lopep002,2022-06-04,2022,MIA,SFN,6,7.0,27,110,4,2,1,1,0.98,MIA202206040
Pablo López,lopep002,2022-06-10,2022,MIA,HOU,5,4.3,20,78,6,2,1,0,1.02,HOU202206100
Pablo López,lopep002,2022-06-17,2022,MIA,NYN,5,5.3,27,84,8,1,1,0,1.06,NYN202206170
Pablo López,lopep002,2022-06-22,2022,MIA,COL,6,7.0,27,107,4,3,0,1,0.98,MIA202206220
Pablo López,lopep002,2022-06-27,2022,MIA,SLN,5,5.0,22,85,6,1,2,0,1.0,SLN202206270
Pablo López,lopep002,2022-07-03,2022,MIA,WAS,5,6.3,25,102,3,3,0,0,1.01,WAS202207030
Pablo López,lopep002,2022-07-08,2022,MIA,NYN,5,5.0,21,93,4,1,1,0,1.06,NYN202207080
Pablo López,lopep002,2022-07-13,2022,MIA,PIT,3,5.0,17,83,1,4,0,1,0.98,MIA202207130
Pablo López,lopep002,2022-07-21,2022,MIA,TEX,6,5.0,24,94,5,3,1,1,0.98,MIA202207210
Pablo López,lopep002,2022-07-26,2022,MIA,CIN,11,7.0,23,94,2,0,1,0,1.0,CIN202207260
Pablo López,lopep002,2022-07-31,2022,MIA,NYN,1,2.7,19,71,12,0,0,1,0.98,MIA202207310
Pablo López,lopep002,2022-08-06,2022,MIA,CHN,6,5.0,25,91,9,2,1,0,0.97,CHN202208060
Pablo López,lopep002,2022-08-12,2022,MIA,ATL,4,5.7,21,93,4,0,1,1,0.98,MIA202208120
Pablo López,lopep002,2022-08-17,2022,MIA,SDN,2,4.7,23,85,6,3,1,1,0.98,MIA202208170
Pablo López,lopep002,2022-08-23,2022,MIA,OAK,5,6.0,23,91,4,2,0,0,1.0,OAK202208230
Pablo López,lopep002,2022-08-29,2022,MIA,LAN,6,6.0,25,99,5,3,1,1,0.98,MIA202208290
Pablo López,lopep002,2022-09-04,2022,MIA,ATL,7,4.0,18,75,5,1,1,0,1.02,ATL202209040
Pablo López,lopep002,2022-09-10,2022,MIA,NYN,2,3.7,23,77,10,3,0,1,0.98,MIA202209100
Pablo López,lopep002,2022-09-15,2022,MIA,PHI,5,6.7,24,95,4,1,1,1,0.98,MIA202209150
Pablo López,lopep002,2022-09-20,2022,MIA,CHN,6,6.7,25,105,5,0,1,1,0.98,MIA202209200
Pablo López,lopep002,2022-09-27,2022,MIA,NYN,5,6.0,23,91,5,0,1,0,1.06,NYN202209270
Pablo López,lopep002,2022-10-02,2022,MIA,MIL,7,7.0,24,95,2,3,0,0,1.05,MIL202210020
Reynaldo López,loper003,2022-06-10,2022,CHA,TEX,3,2.0,7,24,1,0,0,1,0.99,CHA202206100
Michael Lorenzen,lorem002,2022-04-11,2022,ANA,MIA,7,6.0,20,87,2,0,1,1,0.99,ANA202204110
Michael Lorenzen,lorem002,2022-04-18,2022,ANA,HOU,2,3.3,17,79,4,2,1,0,1.02,HOU202204180
Michael Lorenzen,lorem002,2022-04-25,2022,ANA,CLE,3,6.0,23,93,3,4,0,1,0.99,ANA202204250
Michael Lorenzen,lorem002,2022-05-01,2022,ANA,CHA,2,8.3,34,100,9,2,0,0,0.99,CHA202205010
Michael Lorenzen,lorem002,2022-05-07,2022,ANA,WAS,7,4.7,21,89,5,2,2,1,0.99,ANA202205070
Michael Lorenzen,lorem002,2022-05-14,2022,ANA,OAK,3,7.0,24,99,5,1,0,0,1.0,OAK202205142
Michael Lorenzen,lorem002,2022-05-21,2022,ANA,OAK,5,6.0,23,84,3,2,0,1,0.99,ANA202205210
Michael Lorenzen,lorem002,2022-05-28,2022,ANA,TOR,2,6.7,26,103,5,2,0,1,0.99,ANA202205280
Michael Lorenzen,lorem002,2022-06-04,2022,ANA,PHI,9,5.7,27,102,5,5,0,0,1.01,PHI202206040
Michael Lorenzen,lorem002,2022-06-11,2022,ANA,NYN,4,6.3,27,96,6,1,0,1,0.99,ANA202206110
Michael Lorenzen,lorem002,2022-06-17,2022,ANA,SEA,3,5.0,25,96,7,3,1,0,1.04,SEA202206170
Michael Lorenzen,lorem002,2022-06-24,2022,ANA,SEA,5,3.0,18,85,4,4,0,1,0.99,ANA202206240
Michael Lorenzen,lorem002,2022-07-01,2022,ANA,HOU,3,3.0,19,69,8,2,3,0,1.02,HOU202207010
Michael Lorenzen,lorem002,2022-09-09,2022,ANA,HOU,2,5.7,22,85,3,4,1,0,1.02,HOU202209090
Michael Lorenzen,lorem002,2022-09-16,2022,ANA,SEA,6,5.0,21,89,4,2,2,1,0.99,ANA202209160
Michael Lorenzen,lorem002,2022-09-22,2022,ANA,TEX,7,5.0,19,99,2,2,0,0,0.99,TEX202209220
Michael Lorenzen,lorem002,2022-09-28,2022,ANA,OAK,8,5.0,21,102,3,3,0,1,0.99,ANA202209280
Michael Lorenzen,lorem002,2022-10-04,2022,ANA,OAK,7,6.0,24,94,3,3,0,0,1.0,OAK202210040
Jesús Luzardo,luzaj001,2022-04-12,2022,MIA,ANA,12,5.0,18,76,2,1,0,0,0.99,ANA202204120
Jesús Luzardo,luzaj001,2022-04-19,2022,MIA,SLN,3,4.3,22,88,7,2,0,1,0.98,MIA202204190
Jesús Luzardo,luzaj001,2022-04-24,2022,MIA,ATL,8,5.0,21,87,2,4,0,0,1.02,ATL202204240
Jesús Luzardo,luzaj001,2022-04-30,2022,MIA,SEA,5,6.0,21,91,2,2,1,1,0.98,MIA202204300
Jesús Luzardo,luzaj001,2022-05-05,2022,MIA,SDN,7,6.0,23,98,3,3,2,0,1.08,SDN202205050
Jesús Luzardo,luzaj001,2022-05-10,2022,MIA,ARI,6,2.7,14,78,2,4,1,0,1.03,ARI202205100
Jesús Luzardo,luzaj001,2022-08-01,2022,MIA,CIN,5,5.0,19,81,4,0,0,1,0.98,MIA202208010
Jesús Luzardo,luzaj001,2022-08-07,2022,MIA,CHN,6,7.0,24,91,1,1,0,0,0.97,CHN202208070
Jesús Luzardo,luzaj001,2022-08-13,2022,MIA,ATL,6,5.0,23,92,7,2,1,1,0.98,MIA202208131
Jesús Luzardo,luzaj001,2022-08-19,2022,MIA,LAN,7,6.3,24,100,4,2,0,0,1.03,LAN202208190
Jesús Luzardo,luzaj001,2022-08-24,2022,MIA,OAK,4,7.0,26,102,3,2,0,0,1.0,OAK202208240
Jesús Luzardo,luzaj001,2022-08-30,2022,MIA,TBA,4,6.0,26,83,6,2,0,1,0.98,MIA202208300
Jesús Luzardo,luzaj001,2022-09-06,2022,MIA,PHI,9,7.0,25,92,4,2,1,0,1.01,PHI202209060
Jesús Luzardo,luzaj001,2022-09-11,2022,MIA,NYN,3,3.3,21,91,6,3,1,1,0.98,MIA202209110
Jesús Luzardo,luzaj001,2022-09-16,2022,MIA,WAS,6,6.0,22,95,5,1,1,0,1.01,WAS202209160
Jesús Luzardo,luzaj001,2022-09-21,2022,MIA,CHN,11,6.7,24,101,3,1,1,1,0.98,MIA202209210
Jesús Luzardo,luzaj001,2022-09-28,2022,MIA,NYN,6,6.0,24,95,4,2,1,0,1.06,NYN202209280
Jesús Luzardo,luzaj001,2022-10-03,2022,MIA,ATL,12,6.0,23,101,4,1,0,1,0.98,MIA202210030
Jordan Lyles,lylej001,2022-04-09,2022,BAL,TBA,2,5.0,23,83,7,3,1,0,1.05,TBA202204090
Jordan Lyles,lylej001,2022-04-15,2022,BAL,NYA,4,5.3,24,91,6,2,0,1,1.0,BAL202204150
Jordan Lyles,lylej001,2022-04-20,2022,BAL,OAK,6,5.0,21,89,5,1,0,0,1.0,OAK202204200
Jordan Lyles,lylej001,2022-04-26,2022,BAL,NYA,3,4.7,23,93,7,1,3,0,0.99,NYA202204260
Jordan Lyles,lylej001,2022-05-01,2022,BAL,BOS,6,6.0,28,101,7,3,0,1,1.0,BAL202205010
Jordan Lyles,lylej001,2022-05-08,2022,BAL,KCA,5,7.3,29,90,7,1,0,1,1.0,BAL202205081
Jordan Lyles,lylej001,2022-05-13,2022,BAL,DET,6,5.7,25,91,6,3,1,0,1.0,DET202205130
Jordan Lyles,lylej001,2022-05-18,2022,BAL,NYA,8,7.0,26,106,5,0,0,1,1.0,BAL202205180
Jordan Lyles,lylej001,2022-05-23,2022,BAL,NYA,8,6.7,28,117,5,2,2,0,0.99,NYA202205230
Jordan Lyles,lylej001,2022-05-28,2022,BAL,BOS,3,4.3,22,93,9,1,0,0,0.98,BOS202205281
Jordan Lyles,lylej001,2022-06-02,2022,BAL,SEA,3,5.0,23,83,9,2,0,1,1.0,BAL202206020
Jordan Lyles,lylej001,2022-06-09,2022,BAL,KCA,1,5.0,27,96,8,3,2,0,0.96,KCA202206090
Jordan Lyles,lylej001,2022-06-14,2022,BAL,TOR,7,5.3,24,96,5,2,1,0,1.0,TOR202206140
Jordan Lyles,lylej001,2022-06-21,2022,BAL,WAS,4,6.3,28,92,5,3,0,1,1.0,BAL202206210
Jordan Lyles,lylej001,2022-06-26,2022,BAL,CHA,4,7.0,28,111,6,1,1,0,0.99,CHA202206260
Jordan Lyles,lylej001,2022-07-02,2022,BAL,MIN,7,6.3,24,100,4,1,1,0,1.0,MIN202207020
Jordan Lyles,lylej001,2022-07-07,2022,BAL,ANA,4,6.0,25,104,5,2,0,1,1.0,BAL202207070
Jordan Lyles,lylej001,2022-07-12,2022,BAL,CHN,5,7.0,27,101,7,1,1,0,0.97,CHN202207120
Jordan Lyles,lylej001,2022-07-17,2022,BAL,TBA,5,2.7,16,68,6,2,2,0,1.05,TBA202207170
Jordan Lyles,lylej001,2022-07-23,2022,BAL,NYA,2,5.0,25,99,8,2,1,1,1.0,BAL202207230
Jordan Lyles,lylej001,2022-07-28,2022,BAL,TBA,4,5.7,24,106,3,4,0,1,1.0,BAL202207280
Jordan Lyles,lylej001,2022-08-02,2022,BAL,TEX,7,6.3,27,110,7,1,0,0,0.99,TEX202208020
Jordan Lyles,lylej001,2022-08-08,2022,BAL,TOR,1,5.7,26,103,8,2,2,1,1.0,BAL202208080
Jordan Lyles,lylej001,2022-08-14,2022,BAL,TBA,9,4.3,20,87,5,2,1,0,1.05,TBA202208140
Jordan Lyles,lylej001,2022-08-19,2022,BAL,BOS,5,4.0,21,88,9,0,0,1,1.0,BAL202208190
Jordan Lyles,lylej001,2022-08-25,2022,BAL,CHA,2,7.0,27,95,9,0,1,1,1.0,BAL202208250
Jordan Lyles,lylej001,2022-08-31,2022,BAL,CLE,2,6.7,26,96,4,3,0,0,1.04,CLE202208310
Jordan Lyles,lylej001,2022-09-10,2022,BAL,BOS,1,3.7,21,77,7,1,1,1,1.0,BAL202209100
Jordan Lyles,lylej001,2022-09-16,2022,BAL,TOR,5,5.0,20,82,5,1,2,0,1.0,TOR202209160
Jordan Lyles,lylej001,2022-09-21,2022,BAL,DET,6,9.0,29,94,3,0,1,1,1.0,BAL202209210
Jordan Lyles,lylej001,2022-09-26,2022,BAL,BOS,0,2.0,11,37,5,1,1,0,0.98,BOS202209260
Jordan Lyles,lylej001,2022-09-30,2022,BAL,NYA,9,7.0,26,106,4,1,1,0,0.99,NYA202209300
Daniel Lynch,lyncd001,2022-04-12,2022,KCA,SLN,7,5.0,25,81,9,1,3,0,1.0,SLN202204120
Daniel Lynch,lyncd001,2022-04-20,2022,KCA,MIN,2,5.0,20,81,4,1,0,1,0.96,KCA202204200
Daniel Lynch,lyncd001,2022-04-26,2022,KCA,CHA,7,6.0,23,98,2,2,0,0,0.99,CHA202204260
Daniel Lynch,lyncd001,2022-05-01,2022,KCA,NYA,4,5.0,20,91,4,1,1,1,0.96,KCA202205010
Daniel Lynch,lyncd001,2022-05-08,2022,KCA,BAL,5,3.7,19,95,4,4,0,0,1.0,BAL202205082
Daniel Lynch,lyncd001,2022-05-15,2022,KCA,COL,4,5.3,22,96,3,4,0,0,0.92,COL202205150
Daniel Lynch,lyncd001,2022-05-20,2022,KCA,MIN,2,3.7,20,90,5,2,0,1,0.96,KCA202205200
Daniel Lynch,lyncd001,2022-05-26,2022,KCA,MIN,6,5.3,25,94,7,2,0,0,1.0,MIN202205260
Daniel Lynch,lyncd001,2022-05-31,2022,KCA,CLE,2,4.0,25,79,9,3,1,0,1.04,CLE202205310
Daniel Lynch,lyncd001,2022-06-06,2022,KCA,TOR,4,5.7,24,98,6,2,3,1,0.96,KCA202206060
Daniel Lynch,lyncd001,2022-06-11,2022,KCA,BAL,7,5.3,24,83,8,1,1,1,0.96,KCA202206110
Daniel Lynch,lyncd001,2022-06-17,2022,KCA,OAK,10,5.0,21,99,4,2,0,0,1.0,OAK202206170
Daniel Lynch,lyncd001,2022-06-22,2022,KCA,ANA,5,4.7,22,104,3,5,0,0,0.99,ANA202206220
Daniel Lynch,lyncd001,2022-07-11,2022,KCA,DET,3,4.0,19,72,6,1,0,1,0.96,KCA202207112
Daniel Lynch,lyncd001,2022-07-16,2022,KCA,TOR,5,3.7,19,76,6,2,0,0,1.0,TOR202207160
Daniel Lynch,lyncd001,2022-08-01,2022,KCA,CHA,7,5.3,22,87,6,0,0,0,0.99,CHA202208010
Daniel Lynch,lyncd001,2022-08-06,2022,KCA,BOS,6,6.0,25,90,7,0,2,1,0.96,KCA202208060
Daniel Lynch,lyncd001,2022-08-12,2022,KCA,LAN,3,5.0,22,105,2,4,0,1,0.96,KCA202208120
Daniel Lynch,lyncd001,2022-08-17,2022,KCA,MIN,2,6.0,25,89,5,1,1,0,1.0,MIN202208170
Daniel Lynch,lyncd001,2022-08-22,2022,KCA,CHA,0,4.7,24,87,7,4,0,1,0.96,KCA202208220
Daniel Lynch,lyncd001,2022-08-27,2022,KCA,SDN,6,5.0,23,91,9,1,1,1,0.96,KCA202208270
Daniel Lynch,lyncd001,2022-09-02,2022,KCA,DET,4,5.0,22,88,5,3,2,0,1.0,DET202209020
Daniel Lynch,lyncd001,2022-09-09,2022,KCA,DET,4,3.7,21,88,10,0,2,1,0.96,KCA202209090
Daniel Lynch,lyncd001,2022-09-15,2022,KCA,MIN,8,5.0,22,96,7,2,2,0,1.0,MIN202209150
Daniel Lynch,lyncd001,2022-09-21,2022,KCA,MIN,3,4.0,18,78,4,1,0,1,0.96,KCA202209210
Daniel Lynch,lyncd001,2022-09-28,2022,KCA,DET,4,6.0,24,101,5,1,1,0,1.0,DET202209280
Daniel Lynch,lyncd001,2022-10-04,2022,KCA,CLE,2,4.7,24,92,8,2,1,0,1.04,CLE202210040
Lance Lynn,lynnl001,2022-06-13,2022,CHA,DET,4,4.3,22,88,10,0,1,0,1.0,DET202206130
Lance Lynn,lynnl001,2022-06-20,2022,CHA,TOR,5,5.0,22,99,4,2,1,1,0.99,CHA202206200
Lance Lynn,lynnl001,2022-06-25,2022,CHA,BAL,8,6.7,29,109,6,1,1,1,0.99,CHA202206250
Lance Lynn,lynnl001,2022-07-01,2022,CHA,SFN,5,6.0,23,104,3,2,0,0,1.03,SFN202207010
Lance Lynn,lynnl001,2022-07-06,2022,CHA,MIN,4,5.0,23,91,7,2,1,1,0.99,CHA202207060
Lance Lynn,lynnl001,2022-07-11,2022,CHA,CLE,3,4.0,25,100,9,2,0,0,1.04,CLE202207110
Lance Lynn,lynnl001,2022-07-16,2022,CHA,MIN,6,5.0,22,91,7,0,3,0,1.0,MIN202207160
Lance Lynn,lynnl001,2022-07-23,2022,CHA,CLE,6,6.0,22,87,3,1,0,1,0.99,CHA202207232
Lance Lynn,lynnl001,2022-07-29,2022,CHA,OAK,8,5.7,24,104,6,0,3,1,0.99,CHA202207290
Lance Lynn,lynnl001,2022-08-03,2022,CHA,KCA,8,6.0,22,89,4,0,1,1,0.99,CHA202208030
Lance Lynn,lynnl001,2022-08-09,2022,CHA,KCA,5,6.0,27,90,7,1,2,0,0.96,KCA202208091
Lance Lynn,lynnl001,2022-08-14,2022,CHA,DET,7,6.0,22,88,5,0,0,1,0.99,CHA202208140
Lance Lynn,lynnl001,2022-08-19,2022,CHA,CLE,6,5.7,23,93,5,1,1,0,1.04,CLE202208190
Lance Lynn,lynnl001,2022-08-25,2022,CHA,BAL,8,6.0,23,98,3,1,1,0,1.0,BAL202208250
Lance Lynn,lynnl001,2022-08-31,2022,CHA,KCA,8,7.0,25,90,4,0,1,1,0.99,CHA202208310
Lance Lynn,lynnl001,2022-09-05,2022,CHA,SEA,11,7.0,25,89,3,1,0,0,1.04,SEA202209050
Lance Lynn,lynnl001,2022-09-10,2022,CHA,OAK,5,6.0,26,107,3,1,0,0,1.0,OAK202209100
Lance Lynn,lynnl001,2022-09-15,2022,CHA,CLE,6,6.3,27,106,7,1,0,0,1.04,CLE202209150
Lance Lynn,lynnl001,2022-09-21,2022,CHA,CLE,3,6.0,28,97,9,1,1,1,0.99,CHA202209210
Lance Lynn,lynnl001,2022-09-27,2022,CHA,MIN,3,5.0,26,104,10,1,1,0,1.0,MIN202209270
Lance Lynn,lynnl001,2022-10-02,2022,CHA,SDN,5,7.0,26,93,4,1,1,0,1.08,SDN202210020
Tyler Mahle,mahlt001,2022-04-07,2022,CIN,ATL,7,5.0,20,84,3,2,0,0,1.02,ATL202204070
Tyler Mahle,mahlt001,2022-04-12,2022,CIN,CLE,4,4.0,18,81,5,2,0,1,1.0,CIN202204120
Tyler Mahle,mahlt001,2022-04-17,2022,CIN,LAN,5,3.7,20,73,7,2,0,0,1.03,LAN202204170
Tyler Mahle,mahlt001,2022-04-23,2022,CIN,SLN,3,4.3,21,88,5,3,0,1,1.0,CIN202204230
Tyler Mahle,mahlt001,2022-04-28,2022,CIN,SDN,5,5.3,23,89,6,2,0,1,1.0,CIN202204280
Tyler Mahle,mahlt001,2022-05-03,2022,CIN,MIL,2,3.3,18,92,4,3,1,0,1.05,MIL202205030
Tyler Mahle,mahlt001,2022-05-08,2022,CIN,PIT,6,5.0,19,106,1,3,1,1,1.0,CIN202205080
Tyler Mahle,mahlt001,2022-05-13,2022,CIN,PIT,8,6.0,24,102,5,1,1,0,1.0,PIT202205130
Tyler Mahle,mahlt001,2022-05-19,2022,CIN,CLE,4,6.3,23,105,2,2,0,0,1.04,CLE202205190
Tyler Mahle,mahlt001,2022-05-24,2022,CIN,CHN,6,4.0,25,103,9,3,2,1,1.0,CIN202205240
Tyler Mahle,mahlt001,2022-05-29,2022,CIN,SFN,8,6.7,25,104,1,3,0,1,1.0,CIN202205290
Tyler Mahle,mahlt001,2022-06-04,2022,CIN,WAS,6,6.0,26,104,7,2,1,1,1.0,CIN202206040
Tyler Mahle,mahlt001,2022-06-09,2022,CIN,ARI,10,6.0,25,105,5,2,1,1,1.0,CIN202206090
Tyler Mahle,mahlt001,2022-06-14,2022,CIN,ARI,12,9.0,30,119,3,0,0,0,1.03,ARI202206140
Tyler Mahle,mahlt001,2022-06-21,2022,CIN,LAN,4,6.0,30,111,12,1,1,1,1.0,CIN202206210
Tyler Mahle,mahlt001,2022-06-26,2022,CIN,SFN,7,6.7,25,97,4,1,1,0,1.03,SFN202206260
Tyler Mahle,mahlt001,2022-07-02,2022,CIN,ATL,5,5.0,23,110,5,4,1,1,1.0,CIN202207020
Tyler Mahle,mahlt001,2022-07-24,2022,CIN,SLN,5,6.0,23,79,2,3,2,1,1.0,CIN202207240
Tyler Mahle,mahlt001,2022-07-30,2022,CIN,BAL,7,6.0,22,98,5,0,0,1,1.0,CIN202207300
Tyler Mahle,mahlt001,2022-08-05,2022,MIN,TOR,5,6.0,22,86,5,1,3,1,1.0,MIN202208050
Tyler Mahle,mahlt001,2022-08-12,2022,MIN,ANA,6,6.0,22,86,3,2,0,0,0.99,ANA202208120
Tyler Mahle,mahlt001,2022-08-17,2022,MIN,KCA,1,2.3,8,42,0,1,0,1,1.0,MIN202208170
Tyler Mahle,mahlt001,2022-09-03,2022,MIN,CHA,0,2.0,11,37,5,0,1,0,0.99,CHA202209030
Sean Manaea,manas001,2022-04-08,2022,SDN,ARI,7,7.0,22,88,0,1,0,0,1.03,ARI202204080
Sean Manaea,manas001,2022-04-13,2022,SDN,SFN,6,6.0,23,86,4,2,0,0,1.03,SFN202204130
Sean Manaea,manas001,2022-04-18,2022,SDN,CIN,6,6.0,26,78,6,2,1,1,1.08,SDN202204180
Sean Manaea,manas001,2022-04-24,2022,SDN,LAN,5,4.3,23,86,6,3,2,1,1.08,SDN202204240
Sean Manaea,manas001,2022-04-30,2022,SDN,PIT,6,6.7,27,110,5,3,0,0,1.0,PIT202204300
Sean Manaea,manas001,2022-05-07,2022,SDN,MIA,8,6.0,26,99,7,1,1,1,1.08,SDN202205070
Sean Manaea,manas001,2022-05-14,2022,SDN,ATL,12,7.0,27,104,6,2,1,0,1.02,ATL202205140
Sean Manaea,manas001,2022-05-20,2022,SDN,SFN,5,6.0,25,96,5,2,2,0,1.03,SFN202205200
Sean Manaea,manas001,2022-05-27,2022,SDN,PIT,5,7.0,28,98,4,3,1,1,1.08,SDN202205270
Sean Manaea,manas001,2022-06-02,2022,SDN,MIL,8,6.0,24,103,5,2,0,0,1.05,MIL202206020
Sean Manaea,manas001,2022-06-08,2022,SDN,NYN,3,7.0,26,91,3,3,0,1,1.08,SDN202206080
Sean Manaea,manas001,2022-06-14,2022,SDN,CHN,5,4.0,21,72,8,1,2,0,0.97,CHN202206140
Sean Manaea,manas001,2022-06-21,2022,SDN,ARI,6,6.0,24,95,4,3,1,1,1.08,SDN202206210
Sean Manaea,manas001,2022-06-28,2022,SDN,ARI,7,6.0,23,112,3,3,0,0,1.03,ARI202206280
Sean Manaea,manas001,2022-07-04,2022,SDN,SEA,3,3.3,22,71,8,4,1,1,1.08,SDN202207040
Sean Manaea,manas001,2022-07-11,2022,SDN,COL,5,6.3,25,91,5,1,1,0,0.92,COL202207110
Sean Manaea,manas001,2022-07-16,2022,SDN,ARI,3,6.0,26,94,7,2,1,1,1.08,SDN202207160
Sean Manaea,manas001,2022-07-25,2022,SDN,DET,4,3.3,20,74,8,1,2,0,1.0,DET202207250
Sean Manaea,manas001,2022-07-31,2022,SDN,MIN,7,6.0,25,83,4,3,2,1,1.08,SDN202207310
Sean Manaea,manas001,2022-08-05,2022,SDN,LAN,7,4.0,24,82,10,1,0,0,1.03,LAN202208050
Sean Manaea,manas001,2022-08-10,2022,SDN,SFN,4,5.0,22,79,6,1,1,1,1.08,SDN202208100
Sean Manaea,manas001,2022-08-16,2022,SDN,MIA,6,4.0,17,64,4,1,2,0,0.98,MIA202208160
Sean Manaea,manas001,2022-08-21,2022,SDN,WAS,4,7.0,25,69,5,0,1,1,1.08,SDN202208210
Sean Manaea,manas001,2022-08-28,2022,SDN,KCA,4,4.0,22,74,10,0,1,0,0.96,KCA202208280
Sean Manaea,manas001,2022-09-03,2022,SDN,LAN,4,4.3,23,90,9,1,3,0,1.03,LAN202209030
Sean Manaea,manas001,2022-09-15,2022,SDN,ARI,3,5.0,18,76,3,0,2,0,1.03,ARI202209150
Sean Manaea,manas001,2022-09-23,2022,SDN,COL,2,3.7,19,69,6,3,1,0,0.92,COL202209230
Sean Manaea,manas001,2022-10-04,2022,SDN,SFN,6,6.0,19,66,1,1,0,1,1.08,SDN202210040
Matt Manning,mannm001,2022-04-11,2022,DET,BOS,2,6.0,19,68,1,0,1,1,1.0,DET202204110
Matt Manning,mannm001,2022-04-16,2022,DET,KCA,2,2.0,10,38,5,0,0,0,0.96,KCA202204160
Matt Manning,mannm001,2022-08-02,2022,DET,MIN,1,5.0,23,78,5,4,1,0,1.0,MIN202208020
Matt Manning,mannm001,2022-08-07,2022,DET,TBA,7,7.0,27,95,4,3,0,1,1.0,DET202208070
Matt Manning,mannm001,2022-08-13,2022,DET,CHA,5,5.0,26,86,10,1,0,0,0.99,CHA202208130
Matt Manning,mannm001,2022-08-19,2022,DET,ANA,6,7.0,25,90,3,1,1,1,1.0,DET202208190
Matt Manning,mannm001,2022-08-24,2022,DET,SFN,8,6.0,23,95,5,0,0,1,1.0,DET202208240
Matt Manning,mannm001,2022-08-30,2022,DET,SEA,1,2.3,15,67,7,1,2,1,1.0,DET202208300
Matt Manning,mannm001,2022-09-04,2022,DET,KCA,3,4.0,21,90,5,3,0,1,1.0,DET202209040
Matt Manning,mannm001,2022-09-10,2022,DET,KCA,4,6.3,23,94,3,1,0,0,0.96,KCA202209100
Matt Manning,mannm001,2022-09-16,2022,DET,CHA,5,7.0,25,87,3,0,0,1,1.0,DET202209160
Matt Manning,mannm001,2022-09-21,2022,DET,BAL,4,5.3,26,102,4,5,1,0,1.0,BAL202209210
Matt Manning,mannm001,2022-09-28,2022,DET,KCA,0,0.0,0,0,0,0,0,1,1.0,DET202209280
Alek Manoah,manoa001,2022-04-11,2022,TOR,NYA,7,6.0,23,89,1,4,0,0,0.99,NYA202204110
Alek Manoah,manoa001,2022-04-17,2022,TOR,OAK,6,6.0,24,84,4,2,1,1,1.0,TOR202204170
Alek Manoah,manoa001,2022-04-23,2022,TOR,HOU,5,6.0,25,95,7,0,1,0,1.02,HOU202204230
Alek Manoah,manoa001,2022-04-28,2022,TOR,BOS,7,7.0,25,92,3,1,0,1,1.0,TOR202204280
Alek Manoah,manoa001,2022-05-03,2022,TOR,NYA,7,6.0,21,91,3,1,1,1,1.0,TOR202205030
Alek Manoah,manoa001,2022-05-08,2022,TOR,CLE,3,5.0,22,95,5,1,0,0,1.04,CLE202205080
Alek Manoah,manoa001,2022-05-15,2022,TOR,TBA,4,6.0,24,82,5,0,0,0,1.05,TBA202205150
Alek Manoah,manoa001,2022-05-21,2022,TOR,CIN,4,8.0,29,83,7,0,0,1,1.0,TOR202205210
Alek Manoah,manoa001,2022-05-27,2022,TOR,ANA,9,6.0,26,98,7,0,2,0,0.99,ANA202205270
Alek Manoah,manoa001,2022-06-02,2022,TOR,CHA,5,7.7,29,102,6,1,0,1,1.0,TOR202206020
Alek Manoah,manoa001,2022-06-07,2022,TOR,KCA,4,6.0,25,90,6,3,0,0,0.96,KCA202206070
Alek Manoah,manoa001,2022-06-13,2022,TOR,BAL,7,6.0,22,86,1,1,0,1,1.0,TOR202206130
Alek Manoah,manoa001,2022-06-18,2022,TOR,NYA,5,5.3,24,94,6,1,0,1,1.0,TOR202206180
Alek Manoah,manoa001,2022-06-24,2022,TOR,MIL,6,6.7,27,106,5,3,1,0,1.05,MIL202206240
Alek Manoah,manoa001,2022-06-29,2022,TOR,BOS,6,7.0,28,99,6,1,1,1,1.0,TOR202206290
Alek Manoah,manoa001,2022-07-04,2022,TOR,OAK,5,5.7,26,101,6,2,2,0,1.0,OAK202207040
Alek Manoah,manoa001,2022-07-09,2022,TOR,SEA,7,7.3,28,103,3,4,1,0,1.04,SEA202207090
Alek Manoah,manoa001,2022-07-15,2022,TOR,KCA,6,7.0,27,86,4,0,0,1,1.0,TOR202207150
Alek Manoah,manoa001,2022-07-23,2022,TOR,BOS,7,6.0,24,97,7,0,1,0,0.98,BOS202207230
Alek Manoah,manoa001,2022-07-29,2022,TOR,DET,4,5.3,25,87,7,1,1,1,1.0,TOR202207290
Alek Manoah,manoa001,2022-08-04,2022,TOR,MIN,5,6.0,25,97,2,4,0,0,1.0,MIN202208040
Alek Manoah,manoa001,2022-08-09,2022,TOR,BAL,5,5.0,24,77,8,1,0,0,1.0,BAL202208090
Alek Manoah,manoa001,2022-08-16,2022,TOR,BAL,7,5.7,26,107,4,4,2,1,1.0,TOR202208160
Alek Manoah,manoa001,2022-08-21,2022,TOR,NYA,8,6.0,25,104,4,2,0,0,0.99,NYA202208210
Alek Manoah,manoa001,2022-08-27,2022,TOR,ANA,8,7.0,27,105,4,2,0,1,1.0,TOR202208270
Alek Manoah,manoa001,2022-09-02,2022,TOR,PIT,6,7.3,27,97,5,1,0,0,1.0,PIT202209020
Alek Manoah,manoa001,2022-09-07,2022,TOR,BAL,5,8.0,28,95,3,1,0,0,1.0,BAL202209070
Alek Manoah,manoa001,2022-09-13,2022,TOR,TBA,5,6.7,27,99,5,2,2,1,1.0,TOR202209132
Alek Manoah,manoa001,2022-09-18,2022,TOR,BAL,5,6.0,26,98,4,4,0,1,1.0,TOR202209180
Alek Manoah,manoa001,2022-09-24,2022,TOR,TBA,8,7.0,26,113,4,2,0,0,1.05,TBA202209240
Alek Manoah,manoa001,2022-09-30,2022,TOR,BOS,4,6.0,21,96,2,2,0,1,1.0,TOR202209300
Germán Márquez,marqg001,2022-04-09,2022,COL,LAN,5,7.0,24,74,3,0,1,1,0.92,COL202204090
Germán Márquez,marqg001,2022-04-15,2022,COL,CHN,3,4.3,23,82,10,1,0,1,0.92,COL202204150
Germán Márquez,marqg001,2022-04-20,2022,COL,PHI,5,6.0,28,90,8,2,3,1,0.92,COL202204200
Germán Márquez,marqg001,2022-04-26,2022,COL,PHI,1,3.7,20,80,7,1,0,0,1.01,PHI202204260
Germán Márquez,marqg001,2022-05-03,2022,COL,WAS,5,5.0,26,77,10,2,2,1,0.92,COL202205030
Germán Márquez,marqg001,2022-05-08,2022,COL,ARI,7,6.0,26,98,6,4,0,0,1.03,ARI202205080
Germán Márquez,marqg001,2022-05-14,2022,COL,KCA,6,6.0,22,90,3,1,1,1,0.92,COL202205140
Germán Márquez,marqg001,2022-05-21,2022,COL,NYN,7,6.0,30,102,11,1,1,1,0.92,COL202205211
Germán Márquez,marqg001,2022-05-26,2022,COL,WAS,2,6.0,27,104,6,3,0,0,1.01,WAS202205260
Germán Márquez,marqg001,2022-06-01,2022,COL,MIA,5,5.0,25,75,7,3,3,1,0.92,COL202206012
Germán Márquez,marqg001,2022-06-07,2022,COL,SFN,7,6.0,27,105,4,4,1,0,1.03,SFN202206070
Germán Márquez,marqg001,2022-06-12,2022,COL,SDN,6,7.0,25,92,6,0,1,0,1.08,SDN202206120
Germán Márquez,marqg001,2022-06-18,2022,COL,SDN,7,5.0,25,93,8,2,1,1,0.92,COL202206180
Germán Márquez,marqg001,2022-06-24,2022,COL,MIN,2,7.7,29,101,3,5,0,0,1.0,MIN202206240
Germán Márquez,marqg001,2022-06-29,2022,COL,LAN,2,3.3,18,75,5,3,1,1,0.92,COL202206290
Germán Márquez,marqg001,2022-07-05,2022,COL,LAN,7,6.0,25,104,6,3,2,0,1.03,LAN202207050
Germán Márquez,marqg001,2022-07-10,2022,COL,ARI,4,7.0,26,101,3,2,1,0,1.03,ARI202207100
Germán Márquez,marqg001,2022-07-15,2022,COL,PIT,4,6.7,26,94,6,0,0,1,0.92,COL202207150
Germán Márquez,marqg001,2022-07-26,2022,COL,CHA,6,6.0,26,97,7,1,0,1,0.92,COL202207260
Germán Márquez,marqg001,2022-07-31,2022,COL,LAN,4,6.0,26,90,6,2,1,1,0.92,COL202207310
Germán Márquez,marqg001,2022-08-05,2022,COL,ARI,3,6.0,24,103,4,3,1,0,1.03,ARI202208050
Germán Márquez,marqg001,2022-08-11,2022,COL,SLN,6,6.0,25,103,8,1,1,1,0.92,COL202208110
Germán Márquez,marqg001,2022-08-17,2022,COL,SLN,4,6.0,27,103,7,3,0,0,1.0,SLN202208170
Germán Márquez,marqg001,2022-08-23,2022,COL,TEX,7,6.0,26,90,8,1,2,1,0.92,COL202208230
Germán Márquez,marqg001,2022-08-28,2022,COL,NYN,5,7.0,24,102,1,2,0,0,1.06,NYN202208280
Germán Márquez,marqg001,2022-09-04,2022,COL,CIN,4,7.0,26,87,3,3,2,0,1.0,CIN202209041
Germán Márquez,marqg001,2022-09-09,2022,COL,ARI,2,4.0,22,79,7,3,2,1,0.92,COL202209090
Germán Márquez,marqg001,2022-09-16,2022,COL,CHN,4,7.0,30,95,6,2,1,0,0.97,CHN202209160
Germán Márquez,marqg001,2022-09-21,2022,COL,SFN,6,5.0,24,75,9,1,0,1,0.92,COL202209210
Germán Márquez,marqg001,2022-09-27,2022,COL,SFN,6,6.0,25,91,6,1,2,0,1.03,SFN202209270
Germán Márquez,marqg001,2022-10-02,2022,COL,LAN,8,6.0,22,86,1,3,0,0,1.03,LAN202210020
Adrián Martinez,marta006,2022-05-10,2022,OAK,DET,3,5.3,21,79,4,0,0,0,1.0,DET202205102
Adrián Martinez,marta006,2022-06-30,2022,OAK,SEA,3,4.7,23,83,7,2,2,0,1.04,SEA202206300
Adrián Martinez,marta006,2022-07-05,2022,OAK,TOR,5,5.0,22,82,8,0,2,1,1.0,OAK202207050
Adrián Martinez,marta006,2022-07-11,2022,OAK,TEX,3,4.3,22,88,4,4,1,0,0.99,TEX202207110
Adrián Martinez,marta006,2022-08-07,2022,OAK,SFN,5,4.3,18,69,4,1,1,1,1.0,OAK202208070
Adrián Martinez,marta006,2022-08-28,2022,OAK,NYA,6,5.3,21,93,3,2,0,1,1.0,OAK202208280
Adrián Martinez,marta006,2022-09-04,2022,OAK,BAL,4,6.0,21,89,3,2,0,0,1.0,BAL202209040
Adrián Martinez,marta006,2022-09-10,2022,OAK,CHA,2,3.7,25,93,14,1,1,1,1.0,OAK202209100
Adrián Martinez,marta006,2022-09-16,2022,OAK,HOU,6,5.0,23,97,4,3,4,0,1.02,HOU202209160
Adrián Martinez,marta006,2022-09-22,2022,OAK,SEA,7,5.0,22,81,6,2,1,1,1.0,OAK202209220
Adrián Martinez,marta006,2022-09-28,2022,OAK,ANA,4,4.7,20,80,5,0,1,0,0.99,ANA202209280
Adrián Martinez,marta006,2022-10-03,2022,OAK,ANA,5,4.3,21,81,7,2,0,1,1.0,OAK202210030
Brett Martin,martb002,2022-06-25,2022,TEX,WAS,0,1.0,5,17,1,2,0,1,0.99,TEX202206250
Corbin Martin,martc009,2022-07-24,2022,ARI,WAS,1,4.0,19,71,4,5,0,1,1.03,ARI202207240
Corbin Martin,martc009,2022-07-30,2022,ARI,ATL,6,4.0,19,89,6,1,3,0,1.02,ATL202207300
Davis Martin,martd006,2022-05-17,2022,CHA,KCA,7,5.0,22,91,5,1,0,0,0.96,KCA202205172
Davis Martin,martd006,2022-06-03,2022,CHA,TBA,1,5.3,24,97,5,3,1,0,1.05,TBA202206030
Davis Martin,martd006,2022-07-12,2022,CHA,CLE,3,6.0,25,94,8,2,0,0,1.04,CLE202207121
Davis Martin,martd006,2022-08-09,2022,CHA,KCA,3,5.7,21,83,3,1,1,0,0.96,KCA202208092
Davis Martin,martd006,2022-08-27,2022,CHA,ARI,2,3.0,17,63,4,4,0,1,0.99,CHA202208270
Davis Martin,martd006,2022-09-17,2022,CHA,DET,5,6.0,22,85,3,1,0,0,1.0,DET202209170
Davis Martin,martd006,2022-09-24,2022,CHA,DET,4,6.0,25,93,7,1,1,1,0.99,CHA202209240
Davis Martin,martd006,2022-09-30,2022,CHA,SDN,8,5.7,23,103,6,0,0,0,1.08,SDN202209300
Davis Martin,martd006,2022-10-05,2022,CHA,MIN,1,1.7,14,53,7,2,2,1,0.99,CHA202210050
Nick Martínez,martn002,2022-04-11,2022,SDN,SFN,6,5.0,21,83,5,1,0,0,1.03,SFN202204110
Nick Martínez,martn002,2022-04-16,2022,SDN,ATL,3,5.0,24,80,7,4,3,1,1.08,SDN202204160
Nick Martínez,martn002,2022-04-22,2022,SDN,LAN,4,4.7,22,102,4,5,2,1,1.08,SDN202204220
Nick Martínez,martn002,2022-04-28,2022,SDN,CIN,5,5.0,20,86,5,2,0,0,1.0,CIN202204280
Nick Martínez,martn002,2022-05-05,2022,SDN,MIA,4,7.0,25,102,4,1,0,1,1.08,SDN202205050
Nick Martínez,martn002,2022-05-11,2022,SDN,CHN,8,4.0,18,81,4,2,1,1,1.08,SDN202205110
Nick Martínez,martn002,2022-05-23,2022,SDN,MIL,5,5.0,23,103,5,3,0,1,1.08,SDN202205230
Nick Martínez,martn002,2022-05-30,2022,SDN,SLN,2,6.0,27,93,7,4,1,0,1.0,SLN202205300
Nick Martínez,martn002,2022-06-11,2022,SDN,COL,9,5.7,25,97,5,3,0,1,1.08,SDN202206111
Nick Martínez,martn002,2022-06-18,2022,SDN,COL,1,5.0,25,77,8,2,2,0,0.92,COL202206180
Steven Matz,matzs001,2022-04-10,2022,SLN,PIT,5,3.0,19,75,9,1,1,1,1.0,SLN202204100
Steven Matz,matzs001,2022-04-16,2022,SLN,MIL,6,5.7,20,77,3,0,0,0,1.05,MIL202204160
Steven Matz,matzs001,2022-04-22,2022,SLN,CIN,6,5.0,22,80,7,2,0,0,1.0,CIN202204220
Steven Matz,matzs001,2022-04-27,2022,SLN,NYN,6,4.0,20,97,6,2,0,1,1.0,SLN202204270
Steven Matz,matzs001,2022-05-02,2022,SLN,KCA,4,6.0,23,94,4,0,0,1,1.0,SLN202205020
Steven Matz,matzs001,2022-05-07,2022,SLN,SFN,3,2.0,15,57,5,3,3,0,1.03,SFN202205070
Steven Matz,matzs001,2022-05-12,2022,SLN,BAL,7,6.7,27,101,7,0,2,1,1.0,SLN202205120
Steven Matz,matzs001,2022-05-17,2022,SLN,NYN,7,5.0,18,92,3,0,2,0,1.06,NYN202205172
Steven Matz,matzs001,2022-05-22,2022,SLN,PIT,0,0.0,0,4,0,0,0,0,1.0,PIT202205220
Steven Matz,matzs001,2022-07-23,2022,SLN,CIN,7,5.3,22,90,3,1,0,0,1.0,CIN202207230
Dustin May,may-d003,2022-08-20,2022,LAN,MIA,9,5.0,18,71,1,2,0,1,1.03,LAN202208200
Dustin May,may-d003,2022-08-27,2022,LAN,MIA,4,6.0,23,86,4,1,0,0,0.98,MIA202208270
Dustin May,may-d003,2022-09-02,2022,LAN,SDN,5,5.0,25,87,4,5,2,1,1.03,LAN202209020
Dustin May,may-d003,2022-09-09,2022,LAN,SDN,3,5.0,24,80,5,3,1,0,1.08,SDN202209090
Dustin May,may-d003,2022-09-16,2022,LAN,SFN,4,5.0,15,69,0,1,0,0,1.03,SFN202209160
Dustin May,may-d003,2022-09-21,2022,LAN,ARI,4,4.0,22,79,7,2,0,1,1.03,LAN202209210
Mike Mayers,mayem001,2022-08-24,2022,ANA,TBA,5,5.0,19,78,2,3,0,0,1.05,TBA202208240
Mike Mayers,mayem001,2022-08-30,2022,ANA,NYA,4,4.0,23,89,8,2,3,1,0.99,ANA202208300
Mike Mayers,mayem001,2022-09-06,2022,ANA,DET,3,5.7,21,72,4,1,0,1,0.99,ANA202209060
Kirk McCarty,mccak003,2022-06-07,2022,CLE,TEX,2,4.0,20,70,8,0,3,1,1.04,CLE202206072
Kirk McCarty,mccak003,2022-07-02,2022,CLE,NYA,3,5.0,23,85,6,4,1,1,1.04,CLE202207021
Shane McClanahan,mccls003,2022-04-08,2022,TBA,BAL,7,4.3,19,68,4,2,0,1,1.05,TBA202204080
Shane McClanahan,mccls003,2022-04-13,2022,TBA,OAK,8,4.7,19,85,2,3,1,1,1.05,TBA202204130
Shane McClanahan,mccls003,2022-04-18,2022,TBA,CHN,9,6.0,21,80,4,0,1,0,0.97,CHN202204180
Shane McClanahan,mccls003,2022-04-24,2022,TBA,BOS,7,7.0,27,86,6,0,0,1,1.05,TBA202204240
Shane McClanahan,mccls003,2022-04-30,2022,TBA,MIN,11,5.0,21,90,4,2,2,1,1.05,TBA202204300
Shane McClanahan,mccls003,2022-05-05,2022,TBA,SEA,5,5.3,21,86,3,2,1,0,1.04,SEA202205050
Shane McClanahan,mccls003,2022-05-11,2022,TBA,ANA,11,7.0,24,100,3,1,0,0,0.99,ANA202205110
Shane McClanahan,mccls003,2022-05-17,2022,TBA,DET,7,7.0,25,90,4,0,1,1,1.05,TBA202205170
Shane McClanahan,mccls003,2022-05-24,2022,TBA,MIA,9,6.0,21,96,4,2,0,1,1.05,TBA202205240
Shane McClanahan,mccls003,2022-05-29,2022,TBA,NYA,7,6.0,25,92,7,0,1,1,1.05,TBA202205290
Shane McClanahan,mccls003,2022-06-03,2022,TBA,CHA,8,6.0,24,92,6,0,1,1,1.05,TBA202206030
Shane McClanahan,mccls003,2022-06-09,2022,TBA,SLN,9,8.0,29,94,2,1,0,1,1.05,TBA202206090
Shane McClanahan,mccls003,2022-06-15,2022,TBA,NYA,7,6.0,22,94,3,2,2,0,0.99,NYA202206150
Shane McClanahan,mccls003,2022-06-20,2022,TBA,NYA,8,6.0,22,92,4,1,1,1,1.05,TBA202206200
Shane McClanahan,mccls003,2022-06-26,2022,TBA,PIT,10,7.0,25,99,4,0,0,1,1.05,TBA202206260
Shane McClanahan,mccls003,2022-07-02,2022,TBA,TOR,10,7.0,25,94,3,1,0,0,1.0,TOR202207021
Shane McClanahan,mccls003,2022-07-08,2022,TBA,CIN,8,6.0,22,95,3,2,1,0,1.0,CIN202207080
Shane McClanahan,mccls003,2022-07-13,2022,TBA,BOS,6,6.3,20,85,3,0,0,1,1.05,TBA202207130
Shane McClanahan,mccls003,2022-07-26,2022,TBA,BAL,7,7.0,23,81,2,1,2,0,1.0,BAL202207260
Shane McClanahan,mccls003,2022-07-31,2022,TBA,CLE,4,4.3,24,96,7,3,0,1,1.05,TBA202207310
Shane McClanahan,mccls003,2022-08-06,2022,TBA,DET,3,6.3,25,92,6,0,0,0,1.0,DET202208060
Shane McClanahan,mccls003,2022-08-13,2022,TBA,BAL,4,6.0,28,100,7,3,0,1,1.05,TBA202208130
Shane McClanahan,mccls003,2022-08-19,2022,TBA,KCA,8,7.0,26,90,2,3,1,1,1.05,TBA202208190
Shane McClanahan,mccls003,2022-08-24,2022,TBA,ANA,9,6.0,22,90,4,1,0,1,1.05,TBA202208240
Shane McClanahan,mccls003,2022-08-30,2022,TBA,MIA,0,0.0,0,0,0,0,0,0,0.98,MIA202208300
Shane McClanahan,mccls003,2022-09-15,2022,TBA,TOR,5,5.0,19,69,3,1,0,0,1.0,TOR202209150
Shane McClanahan,mccls003,2022-09-20,2022,TBA,HOU,3,4.0,20,80,5,4,1,1,1.05,TBA202209200
Shane McClanahan,mccls003,2022-09-25,2022,TBA,TOR,2,5.0,21,74,6,2,3,1,1.05,TBA202209250
Shane McClanahan,mccls003,2022-10-01,2022,TBA,HOU,2,5.0,21,67,5,1,0,0,1.02,HOU202210010
Lance McCullers,mccul002,2022-08-13,2022,HOU,OAK,5,6.0,21,81,2,4,0,1,1.02,HOU202208130
Lance McCullers,mccul002,2022-08-19,2022,HOU,ATL,6,5.0,25,91,7,3,1,0,1.02,ATL202208190
Lance McCullers,mccul002,2022-08-26,2022,HOU,BAL,2,5.0,21,90,4,3,0,1,1.02,HOU202208260
Lance McCullers,mccul002,2022-09-02,2022,HOU,ANA,7,5.7,27,95,6,4,0,0,0.99,ANA202209020
Lance McCullers,mccul002,2022-09-09,2022,HOU,ANA,6,7.0,26,105,4,1,1,1,1.02,HOU202209090
Lance McCullers,mccul002,2022-09-15,2022,HOU,OAK,11,6.0,24,99,2,4,0,1,1.02,HOU202209150
Lance McCullers,mccul002,2022-09-21,2022,HOU,TBA,8,7.0,29,102,6,2,1,0,1.05,TBA202209210
Lance McCullers,mccul002,2022-10-03,2022,HOU,PHI,5,6.0,22,94,6,1,1,1,1.02,HOU202210030
Triston McKenzie,mcket001,2022-04-13,2022,CLE,CIN,6,4.0,15,67,3,0,0,0,1.0,CIN202204130
Triston McKenzie,mcket001,2022-04-20,2022,CLE,CHA,4,4.3,18,80,1,4,0,1,1.04,CLE202204202
Triston McKenzie,mcket001,2022-04-26,2022,CLE,ANA,6,5.7,24,90,7,0,1,0,0.99,ANA202204260
Triston McKenzie,mcket001,2022-05-01,2022,CLE,OAK,7,6.3,25,96,4,1,0,0,1.0,OAK202205010
Triston McKenzie,mcket001,2022-05-07,2022,CLE,TOR,6,6.0,21,102,4,2,0,1,1.04,CLE202205072
Triston McKenzie,mcket001,2022-05-15,2022,CLE,MIN,4,7.0,26,95,3,2,2,0,1.0,MIN202205150
Triston McKenzie,mcket001,2022-05-23,2022,CLE,HOU,3,7.0,24,95,3,1,1,0,1.02,HOU202205230
Triston McKenzie,mcket001,2022-05-29,2022,CLE,DET,8,7.7,28,90,4,1,2,0,1.0,DET202205290
Triston McKenzie,mcket001,2022-06-04,2022,CLE,BAL,4,7.0,27,86,3,3,3,0,1.0,BAL202206040
Triston McKenzie,mcket001,2022-06-10,2022,CLE,OAK,6,6.0,26,97,5,2,2,1,1.04,CLE202206100
Triston McKenzie,mcket001,2022-06-16,2022,CLE,COL,6,6.0,26,93,7,1,0,0,0.92,COL202206160
Triston McKenzie,mcket001,2022-06-22,2022,CLE,MIN,5,4.3,22,77,9,1,3,0,1.0,MIN202206220
Triston McKenzie,mcket001,2022-06-27,2022,CLE,MIN,7,6.0,27,96,8,1,2,1,1.04,CLE202206270
Triston McKenzie,mcket001,2022-07-03,2022,CLE,NYA,7,7.0,24,92,1,1,0,1,1.04,CLE202207030
Triston McKenzie,mcket001,2022-07-09,2022,CLE,KCA,4,6.0,22,88,3,5,0,0,0.96,KCA202207090
Triston McKenzie,mcket001,2022-07-14,2022,CLE,DET,12,8.0,29,109,5,0,0,1,1.04,CLE202207140
Triston McKenzie,mcket001,2022-07-23,2022,CLE,CHA,4,5.7,23,94,4,2,0,0,0.99,CHA202207231
Triston McKenzie,mcket001,2022-07-28,2022,CLE,BOS,6,7.0,27,91,6,1,1,0,0.98,BOS202207280
Triston McKenzie,mcket001,2022-08-02,2022,CLE,ARI,7,6.0,24,91,6,2,1,1,1.04,CLE202208020
Triston McKenzie,mcket001,2022-08-07,2022,CLE,HOU,8,8.0,26,91,2,1,0,1,1.04,CLE202208070
Triston McKenzie,mcket001,2022-08-13,2022,CLE,TOR,3,6.7,25,101,5,2,2,0,1.0,TOR202208130
Triston McKenzie,mcket001,2022-08-19,2022,CLE,CHA,14,7.0,26,101,6,0,0,1,1.04,CLE202208190
Triston McKenzie,mcket001,2022-08-25,2022,CLE,SEA,4,6.0,23,93,3,2,1,0,1.04,SEA202208250
Triston McKenzie,mcket001,2022-08-31,2022,CLE,BAL,7,5.0,21,97,5,2,1,1,1.04,CLE202208310
Triston McKenzie,mcket001,2022-09-05,2022,CLE,KCA,5,5.7,23,101,3,2,1,0,0.96,KCA202209050
Triston McKenzie,mcket001,2022-09-10,2022,CLE,MIN,5,7.0,28,97,6,2,0,0,1.0,MIN202209100
Triston McKenzie,mcket001,2022-09-16,2022,CLE,MIN,8,7.0,28,89,7,0,1,1,1.04,CLE202209160
Triston McKenzie,mcket001,2022-09-21,2022,CLE,CHA,13,8.0,30,100,6,0,1,0,0.99,CHA202209210
Triston McKenzie,mcket001,2022-09-28,2022,CLE,TBA,6,6.0,22,88,3,1,0,1,1.04,CLE202209280
Triston McKenzie,mcket001,2022-10-03,2022,CLE,KCA,4,5.0,19,73,4,0,0,1,1.04,CLE202210030
John Means,meanj001,2022-04-08,2022,BAL,TBA,5,4.0,19,84,6,1,0,0,1.05,TBA202204080
John Means,meanj001,2022-04-13,2022,BAL,MIL,2,4.0,15,51,2,1,0,1,1.0,BAL202204130
Tylor Megill,megit002,2022-04-07,2022,NYN,WAS,6,5.0,18,68,3,0,0,0,1.01,WAS202204070
Tylor Megill,megit002,2022-04-12,2022,NYN,PHI,5,5.3,18,76,3,0,0,0,1.01,PHI202204120
Tylor Megill,megit002,2022-04-19,2022,NYN,SFN,4,6.0,27,87,7,2,1,1,1.06,NYN202204191
Tylor Megill,megit002,2022-04-24,2022,NYN,ARI,7,6.7,26,92,5,1,1,0,1.03,ARI202204240
Tylor Megill,megit002,2022-04-29,2022,NYN,PHI,5,5.0,18,88,0,3,0,1,1.06,NYN202204290
Tylor Megill,megit002,2022-05-04,2022,NYN,ATL,9,5.3,23,94,4,2,0,1,1.06,NYN202205040
Tylor Megill,megit002,2022-05-11,2022,NYN,WAS,1,1.3,14,54,8,1,2,0,1.01,WAS202205110
Tylor Megill,megit002,2022-06-10,2022,NYN,ANA,4,3.3,16,64,5,1,1,0,0.99,ANA202206100
Tylor Megill,megit002,2022-06-16,2022,NYN,MIL,6,3.3,14,72,4,1,1,1,1.06,NYN202206160
Daniel Mengden,mengd001,2022-09-01,2022,KCA,CHA,2,2.7,14,54,5,1,1,0,0.99,CHA202209010
Julian Merryweather,merrj001,2022-09-13,2022,TOR,TBA,1,1.0,5,16,2,0,0,1,1.0,TOR202209131
Max Meyer,meyem001,2022-07-16,2022,MIA,PHI,5,5.3,23,79,7,1,2,1,0.98,MIA202207160
Max Meyer,meyem001,2022-07-23,2022,MIA,PIT,1,0.7,3,10,0,1,0,0,1.0,PIT202207230
Miles Mikolas,mikom001,2022-04-09,2022,SLN,PIT,1,3.7,19,77,6,2,0,1,1.0,SLN202204090
Miles Mikolas,mikom001,2022-04-15,2022,SLN,MIL,7,6.7,24,91,3,1,0,0,1.05,MIL202204150
Miles Mikolas,mikom001,2022-04-20,2022,SLN,MIA,5,5.0,20,86,4,0,0,0,0.98,MIA202204200
Miles Mikolas,mikom001,2022-04-25,2022,SLN,NYN,5,7.0,27,95,4,1,0,1,1.0,SLN202204250
Miles Mikolas,mikom001,2022-04-30,2022,SLN,ARI,7,7.3,26,98,4,0,2,1,1.0,SLN202204300
Miles Mikolas,mikom001,2022-05-05,2022,SLN,SFN,3,5.7,25,95,7,3,0,0,1.03,SFN202205050
Miles Mikolas,mikom001,2022-05-11,2022,SLN,BAL,3,7.0,25,98,4,1,0,1,1.0,SLN202205110
Miles Mikolas,mikom001,2022-05-17,2022,SLN,NYN,5,6.0,27,106,7,1,0,0,1.06,NYN202205171
Miles Mikolas,mikom001,2022-05-23,2022,SLN,TOR,5,6.7,27,99,4,2,1,1,1.0,SLN202205230
Miles Mikolas,mikom001,2022-05-29,2022,SLN,MIL,6,5.7,26,115,9,1,2,1,1.0,SLN202205290
Miles Mikolas,mikom001,2022-06-03,2022,SLN,CHN,4,5.0,24,107,8,3,1,0,0.97,CHN202206030
Miles Mikolas,mikom001,2022-06-09,2022,SLN,TBA,9,8.0,26,85,3,0,1,0,1.05,TBA202206090
Miles Mikolas,mikom001,2022-06-14,2022,SLN,PIT,6,8.7,29,129,1,1,0,1,1.0,SLN202206142
Miles Mikolas,mikom001,2022-06-20,2022,SLN,MIL,3,6.3,26,100,4,2,1,0,1.05,MIL202206200
Miles Mikolas,mikom001,2022-06-25,2022,SLN,CHN,9,6.0,23,96,4,1,0,1,1.0,SLN202206250
Miles Mikolas,mikom001,2022-07-01,2022,SLN,PHI,1,5.3,24,95,6,2,1,0,1.01,PHI202207010
Miles Mikolas,mikom001,2022-07-06,2022,SLN,ATL,4,6.0,24,92,5,1,2,0,1.02,ATL202207060
Miles Mikolas,mikom001,2022-07-11,2022,SLN,PHI,5,7.3,25,99,6,0,1,1,1.0,SLN202207110
Miles Mikolas,mikom001,2022-07-16,2022,SLN,CIN,4,7.0,24,95,3,1,1,1,1.0,SLN202207160
Miles Mikolas,mikom001,2022-07-24,2022,SLN,CIN,4,5.0,23,100,7,2,1,0,1.0,CIN202207240
Miles Mikolas,mikom001,2022-07-29,2022,SLN,WAS,4,7.0,28,91,6,1,0,0,1.01,WAS202207290
Miles Mikolas,mikom001,2022-08-04,2022,SLN,CHN,6,6.3,28,101,8,1,1,1,1.0,SLN202208041
Miles Mikolas,mikom001,2022-08-09,2022,SLN,COL,2,2.7,22,72,14,0,1,0,0.92,COL202208090
Miles Mikolas,mikom001,2022-08-14,2022,SLN,MIL,6,8.0,27,99,4,0,1,1,1.0,SLN202208140
Miles Mikolas,mikom001,2022-08-19,2022,SLN,ARI,4,8.0,28,108,2,1,0,0,1.03,ARI202208190
Miles Mikolas,mikom001,2022-08-24,2022,SLN,CHN,3,6.7,27,106,6,1,1,0,0.97,CHN202208240
Miles Mikolas,mikom001,2022-08-29,2022,SLN,CIN,3,4.3,19,80,6,1,3,0,1.0,CIN202208290
Miles Mikolas,mikom001,2022-09-04,2022,SLN,CHN,3,8.0,26,97,2,1,0,1,1.0,SLN202209040
Miles Mikolas,mikom001,2022-09-09,2022,SLN,PIT,8,5.0,23,100,8,2,1,0,1.0,PIT202209090
Miles Mikolas,mikom001,2022-09-15,2022,SLN,CIN,3,6.0,25,101,5,3,2,1,1.0,SLN202209150
Miles Mikolas,mikom001,2022-09-21,2022,SLN,SDN,6,6.0,23,99,3,2,0,0,1.08,SDN202209210
Miles Mikolas,mikom001,2022-09-27,2022,SLN,MIL,9,6.0,23,100,4,1,1,0,1.05,MIL202209270
Wade Miley,milew001,2022-05-10,2022,CHN,SDN,1,3.0,18,64,5,5,0,0,1.08,SDN202205100
Wade Miley,milew001,2022-05-16,2022,CHN,PIT,6,7.0,22,83,1,0,0,1,0.97,CHN202205160
Wade Miley,milew001,2022-05-22,2022,CHN,ARI,3,6.0,25,82,6,2,0,1,0.97,CHN202205220
Wade Miley,milew001,2022-06-10,2022,CHN,NYA,2,3.0,14,42,3,1,0,0,0.99,NYA202206100
Wade Miley,milew001,2022-09-06,2022,CHN,CIN,6,4.0,17,69,2,2,1,1,0.97,CHN202209060
Wade Miley,milew001,2022-09-11,2022,CHN,SFN,5,5.0,19,75,4,1,0,1,0.97,CHN202209110
Wade Miley,milew001,2022-09-19,2022,CHN,MIA,2,3.0,20,74,7,2,2,0,0.98,MIA202209190
Wade Miley,milew001,2022-09-24,2022,CHN,PIT,3,4.0,17,65,3,1,0,0,1.0,PIT202209240
Alec Mills,milla003,2022-06-26,2022,CHN,SLN,1,2.7,15,51,6,1,3,0,1.0,SLN202206260
Alec Mills,milla003,2022-07-02,2022,CHN,BOS,1,0.3,2,7,1,0,0,1,0.97,CHN202207020
Tyson Miller,millt003,2022-06-15,2022,TEX,HOU,0,0.7,9,39,4,2,0,1,0.99,TEX202206150
Tyson Miller,millt003,2022-10-02,2022,TEX,ANA,5,4.0,23,88,9,3,1,0,0.99,ANA202210020
Mike Minor,minom001,2022-06-03,2022,CIN,WAS,4,4.0,18,60,6,0,3,1,1.0,CIN202206030
Mike Minor,minom001,2022-06-08,2022,CIN,ARI,4,4.3,20,85,3,3,2,1,1.0,CIN202206080
Mike Minor,minom001,2022-06-13,2022,CIN,ARI,5,6.3,29,98,8,2,1,0,1.03,ARI202206130
Mike Minor,minom001,2022-06-19,2022,CIN,MIL,4,6.0,28,99,6,3,1,1,1.0,CIN202206190
Mike Minor,minom001,2022-06-25,2022,CIN,SFN,4,5.0,24,96,8,2,3,0,1.03,SFN202206250
Mike Minor,minom001,2022-07-01,2022,CIN,ATL,3,6.0,24,94,6,0,1,1,1.0,CIN202207010
Mike Minor,minom001,2022-07-07,2022,CIN,PIT,8,6.3,27,103,5,2,1,1,1.0,CIN202207071
Mike Minor,minom001,2022-07-13,2022,CIN,NYA,6,4.0,21,91,5,3,0,0,0.99,NYA202207130
Mike Minor,minom001,2022-07-23,2022,CIN,SLN,3,4.0,25,85,8,4,2,1,1.0,CIN202207230
Mike Minor,minom001,2022-07-29,2022,CIN,BAL,4,5.3,22,84,4,3,1,1,1.0,CIN202207290
Mike Minor,minom001,2022-08-03,2022,CIN,MIA,6,5.3,24,82,5,3,1,0,0.98,MIA202208030
Mike Minor,minom001,2022-08-09,2022,CIN,NYN,3,5.3,24,110,5,3,2,0,1.06,NYN202208090
Mike Minor,minom001,2022-08-15,2022,CIN,PHI,4,5.0,26,105,10,1,0,1,1.0,CIN202208150
Mike Minor,minom001,2022-08-21,2022,CIN,PIT,1,5.7,26,93,9,0,0,0,1.0,PIT202208210
Mike Minor,minom001,2022-08-26,2022,CIN,WAS,7,7.0,27,105,6,0,1,0,1.01,WAS202208260
Mike Minor,minom001,2022-08-31,2022,CIN,SLN,1,4.7,20,87,4,2,1,1,1.0,CIN202208310
Mike Minor,minom001,2022-09-07,2022,CIN,CHN,3,5.7,25,83,10,1,0,0,0.97,CHN202209070
Mike Minor,minom001,2022-09-12,2022,CIN,PIT,5,5.0,26,101,7,3,3,1,1.0,CIN202209120
Mike Minor,minom001,2022-09-17,2022,CIN,SLN,1,3.0,19,89,5,5,1,0,1.0,SLN202209171
Casey Mize,mizec001,2022-04-09,2022,DET,CHA,2,5.0,22,81,7,0,1,1,1.0,DET202204090
Casey Mize,mizec001,2022-04-14,2022,DET,KCA,2,5.0,23,85,6,2,0,0,0.96,KCA202204140
Frankie Montas,montf001,2022-04-08,2022,OAK,PHI,6,5.0,22,92,6,1,1,0,1.01,PHI202204080
Frankie Montas,montf001,2022-04-13,2022,OAK,TBA,6,6.3,25,89,5,0,1,0,1.05,TBA202204130
Frankie Montas,montf001,2022-04-18,2022,OAK,BAL,5,6.0,21,83,2,2,0,1,1.0,OAK202204180
Frankie Montas,montf001,2022-04-23,2022,OAK,TEX,8,7.3,26,96,3,1,0,1,1.0,OAK202204230
Frankie Montas,montf001,2022-04-29,2022,OAK,CLE,6,5.0,23,96,5,4,2,1,1.0,OAK202204290
Frankie Montas,montf001,2022-05-04,2022,OAK,TBA,6,7.0,26,103,4,1,0,1,1.0,OAK202205040
Frankie Montas,montf001,2022-05-10,2022,OAK,DET,4,6.3,28,105,7,3,1,0,1.0,DET202205101
Frankie Montas,montf001,2022-05-15,2022,OAK,ANA,12,6.0,24,101,5,1,1,1,1.0,OAK202205150
Frankie Montas,montf001,2022-05-21,2022,OAK,ANA,2,1.7,6,24,1,0,0,0,0.99,ANA202205210
Frankie Montas,montf001,2022-05-26,2022,OAK,TEX,11,7.0,27,96,4,2,0,1,1.0,OAK202205260
Frankie Montas,montf001,2022-05-31,2022,OAK,HOU,5,7.0,26,98,7,0,1,1,1.0,OAK202205310
Frankie Montas,montf001,2022-06-05,2022,OAK,BOS,7,6.0,26,104,6,1,1,1,1.0,OAK202206050
Frankie Montas,montf001,2022-06-11,2022,OAK,CLE,2,6.0,26,91,8,1,0,0,1.04,CLE202206110
Frankie Montas,montf001,2022-06-17,2022,OAK,KCA,4,5.0,27,103,10,3,1,1,1.0,OAK202206170
Frankie Montas,montf001,2022-06-23,2022,OAK,SEA,8,8.0,28,102,2,2,0,1,1.0,OAK202206230
Frankie Montas,montf001,2022-06-28,2022,OAK,NYA,7,6.0,22,105,4,2,1,0,0.99,NYA202206280
Frankie Montas,montf001,2022-07-03,2022,OAK,SEA,1,1.0,4,13,2,0,1,0,1.04,SEA202207030
Frankie Montas,montf001,2022-07-21,2022,OAK,DET,5,3.0,12,53,3,1,0,1,1.0,OAK202207212
Frankie Montas,montf001,2022-07-26,2022,OAK,HOU,4,5.0,24,78,7,3,1,1,1.0,OAK202207260
Frankie Montas,montf001,2022-08-07,2022,NYA,SLN,2,3.0,18,64,5,3,1,0,1.0,SLN202208070
Frankie Montas,montf001,2022-08-13,2022,NYA,BOS,4,5.0,23,78,5,2,0,0,0.98,BOS202208130
Frankie Montas,montf001,2022-08-18,2022,NYA,TOR,2,6.0,27,92,8,1,1,1,0.99,NYA202208180
Frankie Montas,montf001,2022-08-23,2022,NYA,NYN,6,5.7,24,92,6,1,0,1,0.99,NYA202208230
Frankie Montas,montf001,2022-08-29,2022,NYA,ANA,6,6.0,26,91,8,0,3,0,0.99,ANA202208290
Frankie Montas,montf001,2022-09-04,2022,NYA,TBA,7,5.0,18,93,1,0,0,0,1.05,TBA202209040
Frankie Montas,montf001,2022-09-09,2022,NYA,TBA,4,5.7,31,106,9,4,0,1,0.99,NYA202209090
Frankie Montas,montf001,2022-09-16,2022,NYA,MIL,2,3.3,18,79,4,4,1,0,1.05,MIL202209160
Jordan Montgomery,montj004,2022-04-10,2022,NYA,BOS,4,3.3,17,58,4,1,0,1,0.99,NYA202204100
Jordan Montgomery,montj004,2022-04-15,2022,NYA,BAL,2,5.0,20,71,3,2,0,0,1.0,BAL202204150
Jordan Montgomery,montj004,2022-04-21,2022,NYA,DET,5,6.0,23,86,3,2,0,0,1.0,DET202204210
Jordan Montgomery,montj004,2022-04-27,2022,NYA,BAL,4,5.7,22,71,4,0,1,1,0.99,NYA202204270
Jordan Montgomery,montj004,2022-05-02,2022,NYA,TOR,5,5.0,20,65,6,0,0,0,1.0,TOR202205020
Jordan Montgomery,montj004,2022-05-08,2022,NYA,TEX,5,6.0,22,71,4,0,1,1,0.99,NYA202205082
Jordan Montgomery,montj004,2022-05-14,2022,NYA,CHA,4,4.3,21,86,6,3,1,0,0.99,CHA202205140
Jordan Montgomery,montj004,2022-05-19,2022,NYA,BAL,3,5.0,21,76,7,0,1,0,1.0,BAL202205190
Jordan Montgomery,montj004,2022-05-24,2022,NYA,BAL,5,6.0,22,88,4,0,1,1,0.99,NYA202205240
Jordan Montgomery,montj004,2022-05-31,2022,NYA,ANA,4,7.0,25,87,4,1,1,1,0.99,NYA202205310
Jordan Montgomery,montj004,2022-06-05,2022,NYA,DET,5,6.3,24,90,5,1,0,1,0.99,NYA202206050
Jordan Montgomery,montj004,2022-06-11,2022,NYA,CHN,5,7.0,28,96,5,0,0,1,0.99,NYA202206110
Jordan Montgomery,montj004,2022-06-17,2022,NYA,TOR,5,6.0,23,93,3,1,1,0,1.0,TOR202206170
Jordan Montgomery,montj004,2022-06-22,2022,NYA,TBA,2,6.0,26,81,9,2,2,0,1.05,TBA202206220
Jordan Montgomery,montj004,2022-06-27,2022,NYA,OAK,6,6.7,29,97,6,1,0,1,0.99,NYA202206270
Jordan Montgomery,montj004,2022-07-03,2022,NYA,CLE,8,5.0,21,94,3,3,1,0,1.04,CLE202207030
Jordan Montgomery,montj004,2022-07-09,2022,NYA,BOS,4,5.7,23,74,5,1,1,0,0.98,BOS202207090
Jordan Montgomery,montj004,2022-07-15,2022,NYA,BOS,4,6.0,24,93,6,1,2,1,0.99,NYA202207150
Jordan Montgomery,montj004,2022-07-21,2022,NYA,HOU,8,6.3,26,86,7,1,0,0,1.02,HOU202207211
Jordan Montgomery,montj004,2022-07-26,2022,NYA,NYN,3,2.3,14,71,5,1,2,0,1.06,NYN202207260
Jordan Montgomery,montj004,2022-07-31,2022,NYA,KCA,6,4.0,18,79,4,2,0,1,0.99,NYA202207310
Jordan Montgomery,montj004,2022-08-06,2022,SLN,NYA,1,5.0,17,83,2,1,0,1,1.0,SLN202208060
Jordan Montgomery,montj004,2022-08-12,2022,SLN,MIL,8,6.0,24,108,4,2,0,1,1.0,SLN202208120
Jordan Montgomery,montj004,2022-08-17,2022,SLN,COL,8,5.7,22,87,6,0,0,1,1.0,SLN202208170
Jordan Montgomery,montj004,2022-08-22,2022,SLN,CHN,7,9.0,28,99,1,0,0,0,0.97,CHN202208220
Jordan Montgomery,montj004,2022-08-27,2022,SLN,ATL,4,5.0,23,85,8,1,1,1,1.0,SLN202208270
Jordan Montgomery,montj004,2022-09-02,2022,SLN,CHN,4,6.0,26,93,7,2,0,1,1.0,SLN202209020
Jordan Montgomery,montj004,2022-09-07,2022,SLN,WAS,6,6.7,24,98,3,2,0,1,1.0,SLN202209070
Jordan Montgomery,montj004,2022-09-13,2022,SLN,MIL,6,5.0,24,82,7,1,1,1,1.0,SLN202209130
Jordan Montgomery,montj004,2022-09-18,2022,SLN,CIN,9,5.3,24,100,7,2,1,1,1.0,SLN202209180
Jordan Montgomery,montj004,2022-09-24,2022,SLN,LAN,3,4.0,20,80,7,1,3,0,1.03,LAN202209240
Jordan Montgomery,montj004,2022-10-01,2022,SLN,PIT,5,6.0,23,87,4,1,0,1,1.0,SLN202210010
Dauri Moreta,mored002,2022-05-07,2022,CIN,PIT,1,0.3,3,10,2,0,1,1,1.0,CIN202205072
Eli Morgan,morge001,2022-04-22,2022,CLE,NYA,5,3.0,12,51,1,2,1,0,0.99,NYA202204220
Cody Morris,morrc001,2022-09-02,2022,CLE,SEA,3,2.0,13,54,4,2,1,1,1.04,CLE202209020
Cody Morris,morrc001,2022-09-07,2022,CLE,KCA,2,4.0,15,61,3,1,0,0,0.96,KCA202209070
Cody Morris,morrc001,2022-09-13,2022,CLE,ANA,4,3.7,16,75,2,5,1,1,1.04,CLE202209130
Cody Morris,morrc001,2022-09-18,2022,CLE,MIN,6,6.0,24,81,6,1,1,1,1.04,CLE202209180
Cody Morris,morrc001,2022-09-23,2022,CLE,TEX,5,5.0,21,77,4,2,0,0,0.99,TEX202209230
Charlie Morton,mortc002,2022-04-08,2022,ATL,CIN,5,5.3,19,78,2,1,0,1,1.02,ATL202204080
Charlie Morton,mortc002,2022-04-14,2022,ATL,SDN,5,5.0,28,95,9,3,1,0,1.08,SDN202204140
Charlie Morton,mortc002,2022-04-20,2022,ATL,LAN,4,5.3,25,95,6,3,2,0,1.03,LAN202204200
Charlie Morton,mortc002,2022-04-27,2022,ATL,CHN,1,2.3,14,70,4,4,0,1,1.02,ATL202204270
Charlie Morton,mortc002,2022-05-03,2022,ATL,NYN,3,5.7,28,99,7,3,0,0,1.06,NYN202205031
Charlie Morton,mortc002,2022-05-08,2022,ATL,MIL,5,5.0,20,92,2,3,0,1,1.02,ATL202205080
Charlie Morton,mortc002,2022-05-14,2022,ATL,SDN,9,6.0,21,83,2,1,0,1,1.02,ATL202205140
Charlie Morton,mortc002,2022-05-20,2022,ATL,MIA,5,5.3,24,87,7,1,1,0,0.98,MIA202205200
Charlie Morton,mortc002,2022-05-25,2022,ATL,PHI,4,4.3,23,90,9,1,1,1,1.02,ATL202205250
Charlie Morton,mortc002,2022-05-31,2022,ATL,ARI,5,5.0,20,83,4,2,1,0,1.03,ARI202205310
Charlie Morton,mortc002,2022-06-05,2022,ATL,COL,8,5.0,24,98,6,3,1,0,0.92,COL202206050
Charlie Morton,mortc002,2022-06-11,2022,ATL,PIT,12,6.0,25,102,5,1,2,1,1.02,ATL202206110
Charlie Morton,mortc002,2022-06-17,2022,ATL,CHN,9,7.0,25,94,3,0,0,0,0.97,CHN202206170
Charlie Morton,mortc002,2022-06-22,2022,ATL,SFN,11,7.0,26,105,3,0,2,1,1.02,ATL202206220
Charlie Morton,mortc002,2022-06-28,2022,ATL,PHI,5,5.7,26,102,7,4,0,0,1.01,PHI202206280
Charlie Morton,mortc002,2022-07-03,2022,ATL,CIN,10,7.0,22,94,1,1,0,0,1.0,CIN202207030
Charlie Morton,mortc002,2022-07-08,2022,ATL,WAS,7,7.0,26,105,4,3,1,1,1.02,ATL202207080
Charlie Morton,mortc002,2022-07-13,2022,ATL,NYN,6,5.0,24,107,6,3,3,1,1.02,ATL202207130
Charlie Morton,mortc002,2022-07-22,2022,ATL,ANA,7,6.0,24,105,2,3,0,1,1.02,ATL202207220
Charlie Morton,mortc002,2022-07-27,2022,ATL,PHI,5,5.0,22,84,6,2,0,0,1.01,PHI202207270
Charlie Morton,mortc002,2022-08-03,2022,ATL,PHI,8,6.7,26,101,3,1,0,1,1.02,ATL202208030
Charlie Morton,mortc002,2022-08-09,2022,ATL,BOS,7,6.0,24,96,6,1,3,0,0.98,BOS202208090
Charlie Morton,mortc002,2022-08-16,2022,ATL,NYN,12,6.7,23,97,3,1,0,1,1.02,ATL202208160
Charlie Morton,mortc002,2022-08-21,2022,ATL,HOU,11,6.0,25,97,5,2,0,1,1.02,ATL202208210
Charlie Morton,mortc002,2022-08-27,2022,ATL,SLN,4,5.0,24,93,5,3,2,0,1.0,SLN202208270
Charlie Morton,mortc002,2022-09-02,2022,ATL,MIA,7,5.7,22,88,4,2,1,1,1.02,ATL202209020
Charlie Morton,mortc002,2022-09-09,2022,ATL,SEA,5,6.3,26,91,6,2,3,0,1.04,SEA202209090
Charlie Morton,mortc002,2022-09-14,2022,ATL,SFN,7,5.3,24,95,4,2,0,0,1.03,SFN202209140
Charlie Morton,mortc002,2022-09-20,2022,ATL,WAS,9,5.3,22,92,3,3,0,1,1.02,ATL202209200
Charlie Morton,mortc002,2022-09-25,2022,ATL,PHI,4,4.7,23,102,6,3,2,0,1.01,PHI202209250
Charlie Morton,mortc002,2022-10-02,2022,ATL,NYN,5,4.3,23,79,9,1,2,1,1.02,ATL202210020
Kyle Muller,mullk001,2022-05-01,2022,ATL,TEX,3,2.7,19,74,4,6,0,0,0.99,TEX202205010
Kyle Muller,mullk001,2022-08-13,2022,ATL,MIA,5,5.0,19,73,3,1,1,0,0.98,MIA202208131
Kyle Muller,mullk001,2022-09-27,2022,ATL,WAS,4,4.7,21,86,6,1,1,0,1.01,WAS202209270
Penn Murfee,murfp001,2022-06-18,2022,SEA,ANA,2,2.0,8,34,1,1,0,1,1.04,SEA202206182
Joe Musgrove,musgj001,2022-04-09,2022,SDN,ARI,8,6.0,22,74,5,0,1,0,1.03,ARI202204090
Joe Musgrove,musgj001,2022-04-14,2022,SDN,ATL,6,6.7,23,89,4,0,0,1,1.08,SDN202204140
Joe Musgrove,musgj001,2022-04-19,2022,SDN,CIN,7,6.3,24,94,4,1,1,1,1.08,SDN202204190
Joe Musgrove,musgj001,2022-04-26,2022,SDN,CIN,4,6.0,26,85,7,1,0,0,1.0,CIN202204260
Joe Musgrove,musgj001,2022-05-01,2022,SDN,PIT,8,7.0,28,92,7,0,0,0,1.0,PIT202205010
Joe Musgrove,musgj001,2022-05-08,2022,SDN,MIA,8,7.0,28,108,5,1,1,1,1.08,SDN202205080
Joe Musgrove,musgj001,2022-05-15,2022,SDN,ATL,6,6.0,25,99,4,3,1,0,1.02,ATL202205150
Joe Musgrove,musgj001,2022-05-21,2022,SDN,SFN,4,7.0,27,100,4,3,0,0,1.03,SFN202205210
Joe Musgrove,musgj001,2022-05-28,2022,SDN,PIT,7,6.0,26,96,6,2,0,1,1.08,SDN202205280
Joe Musgrove,musgj001,2022-06-03,2022,SDN,MIL,6,8.0,29,114,1,3,0,0,1.05,MIL202206030
Joe Musgrove,musgj001,2022-06-10,2022,SDN,COL,8,6.0,23,109,4,2,0,1,1.08,SDN202206100
Joe Musgrove,musgj001,2022-06-16,2022,SDN,CHN,9,7.0,27,106,5,1,1,0,0.97,CHN202206160
Joe Musgrove,musgj001,2022-06-23,2022,SDN,PHI,1,6.0,25,88,7,1,2,1,1.08,SDN202206230
Joe Musgrove,musgj001,2022-06-30,2022,SDN,LAN,10,7.0,26,98,5,1,2,0,1.03,LAN202206300
Joe Musgrove,musgj001,2022-07-07,2022,SDN,SFN,6,7.0,26,95,1,4,0,1,1.08,SDN202207070
Joe Musgrove,musgj001,2022-07-13,2022,SDN,COL,4,5.0,26,88,9,0,0,0,0.92,COL202207130
Joe Musgrove,musgj001,2022-07-24,2022,SDN,NYN,4,5.3,24,89,5,2,1,0,1.06,NYN202207240
Joe Musgrove,musgj001,2022-07-30,2022,SDN,MIN,8,6.0,23,96,4,2,1,1,1.08,SDN202207300
Joe Musgrove,musgj001,2022-08-04,2022,SDN,COL,6,4.7,22,101,8,1,1,1,1.08,SDN202208040
Joe Musgrove,musgj001,2022-08-09,2022,SDN,SFN,4,7.0,27,95,6,0,1,1,1.08,SDN202208090
Joe Musgrove,musgj001,2022-08-15,2022,SDN,MIA,5,6.0,26,112,8,0,1,0,0.98,MIA202208150
Joe Musgrove,musgj001,2022-08-20,2022,SDN,WAS,7,6.0,24,97,4,0,1,1,1.08,SDN202208200
Joe Musgrove,musgj001,2022-08-26,2022,SDN,KCA,2,3.7,21,77,8,1,1,0,0.96,KCA202208260
Joe Musgrove,musgj001,2022-08-31,2022,SDN,SFN,11,6.7,26,93,3,2,0,0,1.03,SFN202208310
Joe Musgrove,musgj001,2022-09-06,2022,SDN,ARI,3,4.3,24,99,9,2,3,1,1.08,SDN202209060
Joe Musgrove,musgj001,2022-09-11,2022,SDN,LAN,5,5.3,23,76,6,1,2,1,1.08,SDN202209110
Joe Musgrove,musgj001,2022-09-17,2022,SDN,ARI,8,6.0,22,95,4,0,0,0,1.03,ARI202209170
Joe Musgrove,musgj001,2022-09-22,2022,SDN,SLN,4,5.0,21,72,5,2,1,1,1.08,SDN202209220
Joe Musgrove,musgj001,2022-09-28,2022,SDN,LAN,8,5.0,24,104,4,4,0,1,1.08,SDN202209280
Joe Musgrove,musgj001,2022-10-03,2022,SDN,SFN,7,6.0,22,85,2,2,0,1,1.08,SDN202210030
Tommy Nance,nanct001,2022-08-13,2022,MIA,ATL,6,3.0,12,56,2,1,1,1,0.98,MIA202208132
Tommy Nance,nanct001,2022-08-26,2022,MIA,LAN,1,2.0,10,48,2,2,0,1,0.98,MIA202208260
Packy Naughton,naugp001,2022-05-10,2022,SLN,BAL,2,3.3,15,57,5,0,2,1,1.0,SLN202205100
Packy Naughton,naugp001,2022-05-30,2022,SLN,SDN,4,2.3,9,40,2,0,0,1,1.0,SLN202205300
Packy Naughton,naugp001,2022-06-08,2022,SLN,TBA,0,1.3,9,25,5,0,0,0,1.05,TBA202206080
Nick Neidert,neidn001,2022-07-30,2022,MIA,NYN,3,5.0,20,82,5,0,1,1,0.98,MIA202207300
Kyle Nelson,nelsk001,2022-06-12,2022,ARI,PHI,0,1.0,3,15,0,1,0,0,1.01,PHI202206120
Nick Nelson,nelsn001,2022-07-10,2022,PHI,SLN,4,2.0,10,42,3,1,0,0,1.0,SLN202207100
Nick Nelson,nelsn001,2022-08-02,2022,PHI,ATL,3,2.0,10,43,2,2,0,0,1.02,ATL202208020
Ryne Nelson,nelsr003,2022-09-05,2022,ARI,SDN,7,7.0,25,87,4,0,0,0,1.08,SDN202209050
Ryne Nelson,nelsr003,2022-09-12,2022,ARI,LAN,6,6.0,22,78,2,2,0,1,1.03,ARI202209120
Ryne Nelson,nelsr003,2022-09-18,2022,ARI,SDN,3,5.3,22,84,3,4,2,1,1.03,ARI202209180
Sean Newcomb,newcs001,2022-08-04,2022,CHN,SLN,1,3.0,13,56,5,0,1,0,1.0,SLN202208042
Aaron Nola,nolaa001,2022-04-08,2022,PHI,OAK,7,6.0,23,76,4,0,2,1,1.01,PHI202204080
Aaron Nola,nolaa001,2022-04-13,2022,PHI,NYN,5,3.3,17,76,3,3,1,1,1.01,PHI202204130
Aaron Nola,nolaa001,2022-04-18,2022,PHI,COL,4,5.3,22,84,6,1,1,0,0.92,COL202204180
Aaron Nola,nolaa001,2022-04-24,2022,PHI,MIL,9,7.0,22,89,1,1,0,1,1.01,PHI202204240
Aaron Nola,nolaa001,2022-04-29,2022,PHI,NYN,9,6.0,23,94,7,0,1,0,1.06,NYN202204290
Aaron Nola,nolaa001,2022-05-05,2022,PHI,NYN,7,7.0,25,101,3,1,1,1,1.01,PHI202205050
Aaron Nola,nolaa001,2022-05-10,2022,PHI,SEA,6,5.3,27,99,9,1,0,0,1.04,SEA202205100
Aaron Nola,nolaa001,2022-05-15,2022,PHI,LAN,8,7.0,26,108,4,2,1,0,1.03,LAN202205150
Aaron Nola,nolaa001,2022-05-21,2022,PHI,LAN,9,5.3,22,98,5,1,2,1,1.01,PHI202205210
Aaron Nola,nolaa001,2022-05-26,2022,PHI,ATL,10,8.3,31,109,5,0,0,0,1.02,ATL202205260
Aaron Nola,nolaa001,2022-06-01,2022,PHI,SFN,5,6.0,24,91,5,0,1,1,1.01,PHI202206010
Aaron Nola,nolaa001,2022-06-08,2022,PHI,MIL,6,8.0,28,103,5,0,0,0,1.05,MIL202206080
Aaron Nola,nolaa001,2022-06-13,2022,PHI,MIA,6,7.0,27,107,6,0,0,1,1.01,PHI202206130
Aaron Nola,nolaa001,2022-06-18,2022,PHI,WAS,8,8.0,28,106,4,1,0,0,1.01,WAS202206180
Aaron Nola,nolaa001,2022-06-24,2022,PHI,SDN,10,7.0,28,98,7,2,0,0,1.08,SDN202206240
Aaron Nola,nolaa001,2022-06-30,2022,PHI,ATL,8,7.0,29,110,7,1,2,1,1.01,PHI202206300
Aaron Nola,nolaa001,2022-07-06,2022,PHI,WAS,3,7.7,29,97,7,1,0,1,1.01,PHI202207060
Aaron Nola,nolaa001,2022-07-11,2022,PHI,SLN,7,7.0,28,98,7,0,1,0,1.0,SLN202207110
Aaron Nola,nolaa001,2022-07-17,2022,PHI,MIA,10,8.3,29,108,4,1,0,0,0.98,MIA202207170
Aaron Nola,nolaa001,2022-07-26,2022,PHI,ATL,7,6.0,26,92,7,1,2,1,1.01,PHI202207260
Aaron Nola,nolaa001,2022-07-31,2022,PHI,PIT,8,6.0,25,93,6,1,0,0,1.0,PIT202207310
Aaron Nola,nolaa001,2022-08-07,2022,PHI,WAS,5,6.0,24,91,5,2,0,1,1.01,PHI202208070
Aaron Nola,nolaa001,2022-08-13,2022,PHI,NYN,8,8.0,28,96,4,1,0,0,1.06,NYN202208130
Aaron Nola,nolaa001,2022-08-19,2022,PHI,NYN,9,5.0,25,104,8,1,1,1,1.01,PHI202208190
Aaron Nola,nolaa001,2022-08-25,2022,PHI,CIN,11,9.0,33,101,5,0,0,1,1.01,PHI202208250
Aaron Nola,nolaa001,2022-08-30,2022,PHI,ARI,5,4.0,24,83,10,0,1,0,1.03,ARI202208300
Aaron Nola,nolaa001,2022-09-06,2022,PHI,MIA,10,6.7,25,97,4,2,0,1,1.01,PHI202209060
Aaron Nola,nolaa001,2022-09-11,2022,PHI,WAS,2,2.0,8,44,2,0,0,1,1.01,PHI202209110
Aaron Nola,nolaa001,2022-09-17,2022,PHI,ATL,8,7.0,30,97,7,2,1,0,1.02,ATL202209170
Aaron Nola,nolaa001,2022-09-23,2022,PHI,ATL,8,6.0,24,104,4,3,0,1,1.01,PHI202209230
Aaron Nola,nolaa001,2022-09-28,2022,PHI,CHN,8,6.0,25,95,5,0,1,0,0.97,CHN202209280
Aaron Nola,nolaa001,2022-10-03,2022,PHI,HOU,9,6.7,22,88,2,0,0,0,1.02,HOU202210030
Daniel Norris,norrd002,2022-05-07,2022,CHN,LAN,1,1.3,7,32,0,3,0,1,0.97,CHN202205072
Daniel Norris,norrd002,2022-08-12,2022,DET,CHA,1,4.7,19,64,4,2,0,0,0.99,CHA202208120
Daniel Norris,norrd002,2022-08-17,2022,DET,CLE,4,5.0,24,89,4,2,0,0,1.04,CLE202208170
Bailey Ober,oberb002,2022-04-10,2022,MIN,SEA,4,5.0,20,79,4,2,1,1,1.0,MIN202204100
Bailey Ober,oberb002,2022-04-17,2022,MIN,BOS,3,6.0,24,70,4,1,0,0,0.98,BOS202204170
Bailey Ober,oberb002,2022-04-22,2022,MIN,CHA,6,5.0,20,79,5,0,1,1,1.0,MIN202204220
Bailey Ober,oberb002,2022-04-28,2022,MIN,DET,3,3.7,19,73,6,2,0,1,1.0,MIN202204280
Bailey Ober,oberb002,2022-05-22,2022,MIN,KCA,4,5.0,18,78,3,1,0,0,0.96,KCA202205220
Bailey Ober,oberb002,2022-05-27,2022,MIN,KCA,5,3.0,15,61,5,1,0,1,1.0,MIN202205270
Bailey Ober,oberb002,2022-06-01,2022,MIN,DET,4,6.0,26,86,9,0,0,0,1.0,DET202206010
Bailey Ober,oberb002,2022-09-16,2022,MIN,CLE,5,5.0,19,70,1,1,0,0,1.04,CLE202209160
Bailey Ober,oberb002,2022-09-21,2022,MIN,KCA,3,5.0,23,85,7,1,1,0,0.96,KCA202209210
Bailey Ober,oberb002,2022-09-27,2022,MIN,CHA,10,7.3,24,91,2,1,0,1,1.0,MIN202209270
Bailey Ober,oberb002,2022-10-03,2022,MIN,CHA,4,5.0,19,82,2,1,1,0,0.99,CHA202210030
Jake Odorizzi,odorj001,2022-04-08,2022,HOU,ANA,2,4.0,18,66,6,0,0,0,0.99,ANA202204080
Jake Odorizzi,odorj001,2022-04-15,2022,HOU,SEA,1,4.3,23,83,8,3,0,0,1.04,SEA202204150
Jake Odorizzi,odorj001,2022-04-20,2022,HOU,ANA,2,0.7,8,42,2,4,0,1,1.02,HOU202204200
Jake Odorizzi,odorj001,2022-04-26,2022,HOU,TEX,4,6.0,20,78,1,1,1,0,0.99,TEX202204260
Jake Odorizzi,odorj001,2022-05-02,2022,HOU,SEA,3,6.7,22,89,4,1,0,1,1.02,HOU202205020
Jake Odorizzi,odorj001,2022-05-08,2022,HOU,DET,5,5.0,18,76,1,2,0,1,1.02,HOU202205080
Jake Odorizzi,odorj001,2022-05-16,2022,HOU,BOS,4,5.0,19,62,3,1,0,0,0.98,BOS202205160
Jake Odorizzi,odorj001,2022-07-04,2022,HOU,KCA,3,4.0,22,90,9,1,1,1,1.02,HOU202207040
Jake Odorizzi,odorj001,2022-07-10,2022,HOU,OAK,7,7.0,25,98,4,1,0,0,1.0,OAK202207100
Jake Odorizzi,odorj001,2022-07-17,2022,HOU,OAK,5,5.3,22,89,5,0,1,1,1.02,HOU202207170
Jake Odorizzi,odorj001,2022-07-25,2022,HOU,OAK,2,5.0,23,81,7,1,2,0,1.0,OAK202207250
Jake Odorizzi,odorj001,2022-07-31,2022,HOU,SEA,8,7.0,25,94,2,2,0,1,1.02,HOU202207310
Jake Odorizzi,odorj001,2022-08-06,2022,ATL,NYN,4,4.7,23,96,6,3,0,0,1.06,NYN202208061
Jake Odorizzi,odorj001,2022-08-12,2022,ATL,MIA,2,4.0,20,87,8,1,1,0,0.98,MIA202208120
Jake Odorizzi,odorj001,2022-08-17,2022,ATL,NYN,2,5.0,25,92,8,2,3,1,1.02,ATL202208170
Jake Odorizzi,odorj001,2022-08-22,2022,ATL,PIT,7,6.0,21,90,4,0,1,0,1.0,PIT202208220
Jake Odorizzi,odorj001,2022-08-28,2022,ATL,SLN,4,5.7,22,86,4,1,1,0,1.0,SLN202208280
Jake Odorizzi,odorj001,2022-09-11,2022,ATL,SEA,3,3.7,18,71,5,3,1,0,1.04,SEA202209110
Jake Odorizzi,odorj001,2022-09-17,2022,ATL,PHI,5,4.7,18,93,3,1,0,1,1.02,ATL202209170
Jake Odorizzi,odorj001,2022-09-23,2022,ATL,PHI,6,4.0,25,95,10,3,1,0,1.01,PHI202209230
Jake Odorizzi,odorj001,2022-09-28,2022,ATL,WAS,0,3.7,18,68,4,3,0,0,1.01,WAS202209280
Jake Odorizzi,odorj001,2022-10-04,2022,ATL,MIA,7,5.0,18,72,2,1,1,0,0.98,MIA202210040
Shohei Ohtani,ohtas001,2022-04-07,2022,ANA,HOU,9,4.7,19,80,4,1,0,1,0.99,ANA202204070
Shohei Ohtani,ohtas001,2022-04-14,2022,ANA,TEX,5,3.7,20,70,6,2,1,0,0.99,TEX202204140
Shohei Ohtani,ohtas001,2022-04-20,2022,ANA,HOU,12,6.0,20,81,1,1,0,0,1.02,HOU202204200
Shohei Ohtani,ohtas001,2022-04-27,2022,ANA,CLE,4,5.0,21,84,5,1,1,1,0.99,ANA202204270
Shohei Ohtani,ohtas001,2022-05-05,2022,ANA,BOS,11,7.0,28,99,6,0,0,0,0.98,BOS202205050
Shohei Ohtani,ohtas001,2022-05-11,2022,ANA,TBA,5,6.0,22,92,2,2,1,1,0.99,ANA202205110
Shohei Ohtani,ohtas001,2022-05-18,2022,ANA,TEX,7,6.0,26,94,6,2,0,0,0.99,TEX202205180
Shohei Ohtani,ohtas001,2022-05-26,2022,ANA,TOR,10,6.0,24,93,6,1,2,1,0.99,ANA202205260
Shohei Ohtani,ohtas001,2022-06-02,2022,ANA,NYA,2,3.0,17,75,8,1,3,0,0.99,NYA202206021
Shohei Ohtani,ohtas001,2022-06-09,2022,ANA,BOS,6,7.0,27,100,4,2,0,1,0.99,ANA202206090
Shohei Ohtani,ohtas001,2022-06-16,2022,ANA,SEA,6,6.0,23,93,3,2,0,0,1.04,SEA202206160
Shohei Ohtani,ohtas001,2022-06-22,2022,ANA,KCA,13,8.0,26,108,2,1,0,1,0.99,ANA202206220
Shohei Ohtani,ohtas001,2022-06-29,2022,ANA,CHA,11,5.7,23,108,5,1,0,1,0.99,ANA202206290
Shohei Ohtani,ohtas001,2022-07-06,2022,ANA,MIA,10,7.0,27,100,2,3,0,0,0.98,MIA202207060
Shohei Ohtani,ohtas001,2022-07-13,2022,ANA,HOU,12,6.0,24,105,4,2,0,1,0.99,ANA202207130
Shohei Ohtani,ohtas001,2022-07-22,2022,ANA,ATL,11,6.3,26,92,6,1,2,0,1.02,ATL202207220
Shohei Ohtani,ohtas001,2022-07-28,2022,ANA,TEX,11,6.0,25,98,8,0,1,1,0.99,ANA202207280
Shohei Ohtani,ohtas001,2022-08-03,2022,ANA,OAK,7,5.7,25,99,7,1,1,1,0.99,ANA202208030
Shohei Ohtani,ohtas001,2022-08-09,2022,ANA,OAK,5,6.0,23,91,4,3,0,0,1.0,OAK202208090
Shohei Ohtani,ohtas001,2022-08-15,2022,ANA,SEA,8,6.0,26,97,7,1,1,1,0.99,ANA202208150
Shohei Ohtani,ohtas001,2022-08-21,2022,ANA,DET,2,4.0,21,85,5,4,1,0,1.0,DET202208210
Shohei Ohtani,ohtas001,2022-08-27,2022,ANA,TOR,9,7.0,25,109,2,1,0,0,1.0,TOR202208270
Shohei Ohtani,ohtas001,2022-09-03,2022,ANA,HOU,5,8.0,30,106,6,0,0,1,0.99,ANA202209030
Shohei Ohtani,ohtas001,2022-09-10,2022,ANA,HOU,7,5.0,21,77,6,2,0,0,1.02,HOU202209100
Shohei Ohtani,ohtas001,2022-09-17,2022,ANA,SEA,8,7.0,24,107,3,1,0,1,0.99,ANA202209170
Shohei Ohtani,ohtas001,2022-09-23,2022,ANA,MIN,7,5.0,24,99,3,6,0,0,1.0,MIN202209230
Shohei Ohtani,ohtas001,2022-09-29,2022,ANA,OAK,10,8.0,26,108,2,1,0,1,0.99,ANA202209290
Shohei Ohtani,ohtas001,2022-10-05,2022,ANA,OAK,6,5.0,17,67,1,1,0,0,1.0,OAK202210050
Adam Oller,ollea001,2022-04-12,2022,OAK,TBA,3,1.3,12,56,5,3,2,0,1.05,TBA202204120
Adam Oller,ollea001,2022-04-17,2022,OAK,TOR,3,3.3,18,75,5,3,0,0,1.0,TOR202204170
Adam Oller,ollea001,2022-04-22,2022,OAK,TEX,2,5.0,22,88,5,2,2,1,1.0,OAK202204220
Adam Oller,ollea001,2022-05-14,2022,OAK,ANA,3,5.0,24,95,6,3,2,1,1.0,OAK202205142
Adam Oller,ollea001,2022-07-17,2022,OAK,HOU,3,4.3,20,79,6,1,2,0,1.02,HOU202207170
Adam Oller,ollea001,2022-07-25,2022,OAK,HOU,4,5.0,21,71,4,2,1,1,1.0,OAK202207250
Adam Oller,ollea001,2022-07-31,2022,OAK,CHA,6,6.3,25,98,7,0,2,0,0.99,CHA202207310
Adam Oller,ollea001,2022-08-06,2022,OAK,SFN,1,5.0,26,93,8,3,1,1,1.0,OAK202208060
Adam Oller,ollea001,2022-08-12,2022,OAK,HOU,2,4.7,20,78,5,3,0,0,1.02,HOU202208120
Adam Oller,ollea001,2022-08-17,2022,OAK,TEX,4,6.0,23,77,5,1,0,0,0.99,TEX202208170
Adam Oller,ollea001,2022-08-22,2022,OAK,MIA,2,6.0,27,111,5,5,1,1,1.0,OAK202208220
Adam Oller,ollea001,2022-08-27,2022,OAK,NYA,3,8.0,24,88,2,1,0,1,1.0,OAK202208270
Adam Oller,ollea001,2022-09-03,2022,OAK,BAL,4,5.0,26,95,8,3,4,0,1.0,BAL202209030
Adam Oller,ollea001,2022-10-01,2022,OAK,SEA,2,1.0,8,36,3,2,0,0,1.04,SEA202210010
Luis Ortiz,ortil003,2022-09-13,2022,PIT,CIN,5,5.7,21,81,1,3,0,0,1.0,CIN202209132
Luis Ortiz,ortil003,2022-09-20,2022,PIT,NYA,5,5.0,21,74,3,2,0,0,0.99,NYA202209200
Luis Ortiz,ortil003,2022-09-25,2022,PIT,CHN,7,4.7,19,80,1,2,0,1,1.0,PIT202209250
Luis Ortiz,ortil003,2022-10-01,2022,PIT,SLN,0,0.7,8,38,3,3,1,0,1.0,SLN202210010
Glenn Otto,ottog001,2022-04-22,2022,TEX,OAK,5,5.0,18,75,2,1,0,0,1.0,OAK202204220
Glenn Otto,ottog001,2022-04-27,2022,TEX,HOU,5,4.3,19,79,4,2,1,1,0.99,TEX202204270
Glenn Otto,ottog001,2022-05-08,2022,TEX,NYA,2,5.0,20,86,2,3,1,0,0.99,NYA202205082
Glenn Otto,ottog001,2022-05-14,2022,TEX,BOS,4,4.0,24,94,8,4,2,1,0.99,TEX202205140
Glenn Otto,ottog001,2022-05-19,2022,TEX,HOU,2,6.0,27,96,7,3,0,0,1.02,HOU202205190
Glenn Otto,ottog001,2022-05-25,2022,TEX,ANA,7,5.0,19,87,3,2,0,0,0.99,ANA202205250
Glenn Otto,ottog001,2022-05-30,2022,TEX,TBA,4,6.0,25,99,4,3,0,1,0.99,TEX202205300
Glenn Otto,ottog001,2022-06-04,2022,TEX,SEA,4,5.0,22,95,2,5,1,1,0.99,TEX202206040
Glenn Otto,ottog001,2022-06-26,2022,TEX,WAS,1,2.0,13,60,6,3,0,1,0.99,TEX202206260
Glenn Otto,ottog001,2022-07-01,2022,TEX,NYN,1,4.0,18,66,4,3,1,0,1.06,NYN202207010
Glenn Otto,ottog001,2022-07-06,2022,TEX,BAL,5,5.0,20,91,3,3,0,0,1.0,BAL202207060
Glenn Otto,ottog001,2022-07-12,2022,TEX,OAK,3,4.3,21,62,6,1,0,1,0.99,TEX202207120
Glenn Otto,ottog001,2022-07-17,2022,TEX,SEA,4,6.0,24,88,5,1,2,1,0.99,TEX202207170
Glenn Otto,ottog001,2022-07-25,2022,TEX,SEA,5,5.3,23,82,7,1,1,0,1.04,SEA202207250
Glenn Otto,ottog001,2022-07-30,2022,TEX,ANA,5,5.0,24,73,4,3,1,0,0.99,ANA202207300
Glenn Otto,ottog001,2022-08-05,2022,TEX,CHA,7,6.0,24,97,4,1,1,1,0.99,TEX202208050
Glenn Otto,ottog001,2022-08-10,2022,TEX,HOU,5,5.0,24,87,4,4,1,0,1.02,HOU202208100
Glenn Otto,ottog001,2022-08-15,2022,TEX,OAK,1,6.0,25,90,2,6,1,1,0.99,TEX202208150
Glenn Otto,ottog001,2022-08-20,2022,TEX,MIN,1,5.7,24,86,3,3,0,0,1.0,MIN202208200
Glenn Otto,ottog001,2022-08-26,2022,TEX,DET,3,5.0,23,80,5,2,0,1,0.99,TEX202208260
Glenn Otto,ottog001,2022-09-01,2022,TEX,BOS,8,5.0,20,88,4,1,1,0,0.98,BOS202209010
Glenn Otto,ottog001,2022-09-06,2022,TEX,HOU,5,4.0,19,80,5,1,1,0,1.02,HOU202209060
Glenn Otto,ottog001,2022-09-12,2022,TEX,MIA,2,6.0,25,90,3,2,0,0,0.98,MIA202209121
Glenn Otto,ottog001,2022-09-18,2022,TEX,TBA,3,3.3,16,57,7,0,2,0,1.05,TBA202209180
Glenn Otto,ottog001,2022-09-24,2022,TEX,CLE,3,5.7,21,73,3,1,1,1,0.99,TEX202209240
Glenn Otto,ottog001,2022-09-30,2022,TEX,ANA,7,6.0,27,91,8,1,2,0,0.99,ANA202209300
Glenn Otto,ottog001,2022-10-05,2022,TEX,NYA,5,6.0,22,77,4,2,1,1,0.99,TEX202210050
Connor Overton,overc001,2022-04-30,2022,CIN,COL,3,5.3,18,75,3,2,0,0,0.92,COL202204300
Connor Overton,overc001,2022-05-07,2022,CIN,PIT,4,5.3,21,77,6,0,0,1,1.0,CIN202205071
Connor Overton,overc001,2022-05-12,2022,CIN,PIT,1,6.3,23,91,3,4,0,0,1.0,PIT202205120
Connor Overton,overc001,2022-05-17,2022,CIN,CLE,2,7.7,27,98,3,1,0,0,1.04,CLE202205170
Johan Oviedo,oviej001,2022-06-04,2022,SLN,CHN,5,5.0,26,103,8,3,1,0,0.97,CHN202206041
Johan Oviedo,oviej001,2022-09-02,2022,PIT,TOR,4,3.0,14,77,2,3,0,1,1.0,PIT202209020
Johan Oviedo,oviej001,2022-09-07,2022,PIT,NYN,2,1.7,11,57,1,5,0,1,1.0,PIT202209072
Johan Oviedo,oviej001,2022-09-13,2022,PIT,CIN,4,5.0,18,72,1,2,0,0,1.0,CIN202209131
Johan Oviedo,oviej001,2022-09-18,2022,PIT,NYN,6,4.0,22,84,5,4,0,0,1.06,NYN202209180
Johan Oviedo,oviej001,2022-09-24,2022,PIT,CHN,7,7.0,24,82,3,0,0,1,1.0,PIT202209240
Johan Oviedo,oviej001,2022-09-30,2022,PIT,SLN,4,6.0,27,98,6,2,1,0,1.0,SLN202209300
Johan Oviedo,oviej001,2022-10-05,2022,PIT,SLN,1,4.0,18,61,5,0,0,1,1.0,PIT202210050
Chris Paddack,paddc001,2022-04-13,2022,MIN,LAN,3,4.0,20,73,6,0,0,1,1.0,MIN202204130
Chris Paddack,paddc001,2022-04-20,2022,MIN,KCA,4,5.0,19,71,5,0,0,0,0.96,KCA202204200
Chris Paddack,paddc001,2022-04-26,2022,MIN,DET,6,5.7,21,87,5,1,0,1,1.0,MIN202204260
Chris Paddack,paddc001,2022-05-02,2022,MIN,BAL,3,5.3,21,81,4,1,0,0,1.0,BAL202205020
Chris Paddack,paddc001,2022-05-08,2022,MIN,OAK,4,2.3,12,55,5,0,0,1,1.0,MIN202205080
Andre Pallante,palla001,2022-06-04,2022,SLN,CHN,2,4.0,18,64,4,4,0,0,0.97,CHN202206042
Andre Pallante,palla001,2022-06-10,2022,SLN,CIN,4,5.3,21,78,4,2,0,1,1.0,SLN202206100
Andre Pallante,palla001,2022-06-19,2022,SLN,BOS,4,5.7,22,75,4,1,1,0,0.98,BOS202206190
Andre Pallante,palla001,2022-06-24,2022,SLN,CHN,2,6.0,27,90,7,3,1,1,1.0,SLN202206240
Andre Pallante,palla001,2022-06-29,2022,SLN,MIA,2,7.0,25,96,5,1,0,1,1.0,SLN202206290
Andre Pallante,palla001,2022-07-05,2022,SLN,ATL,5,3.7,22,96,10,0,2,0,1.02,ATL202207050
Andre Pallante,palla001,2022-07-10,2022,SLN,PHI,4,5.7,25,100,9,1,1,1,1.0,SLN202207100
Andre Pallante,palla001,2022-07-15,2022,SLN,CIN,5,5.0,22,91,6,3,0,1,1.0,SLN202207150
Andre Pallante,palla001,2022-07-26,2022,SLN,TOR,4,4.0,18,78,7,0,1,0,1.0,TOR202207260
Andre Pallante,palla001,2022-07-31,2022,SLN,WAS,8,8.0,28,96,5,1,0,0,1.01,WAS202207310
Luis Patiño,patil001,2022-04-11,2022,TBA,OAK,0,0.7,3,13,1,0,0,1,1.05,TBA202204110
Luis Patiño,patil001,2022-07-15,2022,TBA,BAL,0,3.3,16,56,4,1,2,1,1.05,TBA202207150
Luis Patiño,patil001,2022-07-23,2022,TBA,KCA,3,4.0,20,72,7,3,0,0,0.96,KCA202207230
Luis Patiño,patil001,2022-08-18,2022,TBA,KCA,4,5.7,23,86,4,2,0,1,1.05,TBA202208180
Luis Patiño,patil001,2022-09-05,2022,TBA,BOS,4,5.0,23,91,5,3,1,1,1.05,TBA202209050
Luis Patiño,patil001,2022-09-11,2022,TBA,NYA,0,1.3,13,70,5,4,3,0,0.99,NYA202209110
Ryan Pepiot,pepir001,2022-05-11,2022,LAN,PIT,3,3.0,16,77,1,5,0,0,1.0,PIT202205110
Ryan Pepiot,pepir001,2022-05-17,2022,LAN,ARI,5,4.0,17,87,2,3,1,1,1.03,LAN202205171
Ryan Pepiot,pepir001,2022-05-27,2022,LAN,ARI,5,4.3,19,84,3,3,0,0,1.03,ARI202205270
Ryan Pepiot,pepir001,2022-07-05,2022,LAN,COL,6,5.0,19,85,4,1,0,1,1.03,LAN202207050
Ryan Pepiot,pepir001,2022-08-10,2022,LAN,MIN,4,4.3,20,84,5,3,2,1,1.03,LAN202208100
Ryan Pepiot,pepir001,2022-08-16,2022,LAN,MIL,6,4.7,22,91,3,5,2,0,1.05,MIL202208160
Ryan Pepiot,pepir001,2022-08-21,2022,LAN,MIA,7,6.0,24,97,4,2,1,1,1.03,LAN202208210
Freddy Peralta,peraf001,2022-04-10,2022,MIL,CHN,6,4.0,18,88,3,4,1,0,0.97,CHN202204100
Freddy Peralta,peraf001,2022-04-15,2022,MIL,SLN,4,3.0,19,77,7,2,0,1,1.05,MIL202204150
Freddy Peralta,peraf001,2022-04-22,2022,MIL,PHI,6,5.0,20,89,3,2,0,0,1.01,PHI202204220
Freddy Peralta,peraf001,2022-04-28,2022,MIL,PIT,7,6.0,21,92,3,0,0,0,1.0,PIT202204280
Freddy Peralta,peraf001,2022-05-04,2022,MIL,CIN,7,5.0,23,98,5,2,0,1,1.05,MIL202205040
Freddy Peralta,peraf001,2022-05-10,2022,MIL,CIN,8,5.7,23,96,4,1,0,0,1.0,CIN202205100
Freddy Peralta,peraf001,2022-05-16,2022,MIL,ATL,10,7.0,24,102,2,1,0,1,1.05,MIL202205160
Freddy Peralta,peraf001,2022-05-22,2022,MIL,WAS,2,3.0,17,59,6,1,0,1,1.05,MIL202205220
Freddy Peralta,peraf001,2022-08-03,2022,MIL,PIT,3,3.7,17,67,4,2,0,0,1.0,PIT202208030
Freddy Peralta,peraf001,2022-08-09,2022,MIL,TBA,4,5.0,17,65,2,0,1,1,1.05,MIL202208090
Freddy Peralta,peraf001,2022-08-15,2022,MIL,LAN,3,4.0,18,92,2,4,1,1,1.05,MIL202208150
Freddy Peralta,peraf001,2022-08-20,2022,MIL,CHN,5,6.0,25,95,4,3,1,0,0.97,CHN202208200
Freddy Peralta,peraf001,2022-08-26,2022,MIL,CHN,5,6.0,18,82,0,1,0,1,1.05,MIL202208260
Freddy Peralta,peraf001,2022-08-31,2022,MIL,PIT,3,5.0,18,74,2,0,1,1,1.05,MIL202208310
Freddy Peralta,peraf001,2022-09-08,2022,MIL,SFN,3,2.0,8,44,0,2,0,1,1.05,MIL202209082
Freddy Peralta,peraf001,2022-09-25,2022,MIL,CIN,3,2.0,9,44,2,1,0,0,1.0,CIN202209250
Freddy Peralta,peraf001,2022-10-02,2022,MIL,MIA,4,4.0,13,55,2,0,0,1,1.05,MIL202210020
Wily Peralta,peraw001,2022-05-08,2022,DET,HOU,3,2.0,9,44,1,3,0,0,1.02,HOU202205080
Martín Pérez,perem004,2022-04-12,2022,TEX,COL,2,4.0,20,68,7,1,0,1,0.99,TEX202204120
Martín Pérez,perem004,2022-04-17,2022,TEX,ANA,5,4.0,19,67,5,3,0,1,0.99,TEX202204170
Martín Pérez,perem004,2022-04-23,2022,TEX,OAK,5,6.0,21,87,2,1,0,0,1.0,OAK202204230
Martín Pérez,perem004,2022-04-28,2022,TEX,HOU,4,7.0,23,76,2,0,0,1,0.99,TEX202204280
Martín Pérez,perem004,2022-05-04,2022,TEX,PHI,4,7.0,26,88,4,4,0,0,1.01,PHI202205040
Martín Pérez,perem004,2022-05-10,2022,TEX,KCA,6,6.3,25,106,5,0,0,1,0.99,TEX202205100
Martín Pérez,perem004,2022-05-15,2022,TEX,BOS,7,6.0,25,96,5,2,0,1,0.99,TEX202205150
Martín Pérez,perem004,2022-05-20,2022,TEX,HOU,5,9.0,32,108,8,1,0,0,1.02,HOU202205200
Martín Pérez,perem004,2022-05-26,2022,TEX,OAK,6,7.0,27,95,4,2,0,0,1.0,OAK202205260
Martín Pérez,perem004,2022-05-31,2022,TEX,TBA,5,7.0,24,85,3,0,0,1,0.99,TEX202205310
Martín Pérez,perem004,2022-06-05,2022,TEX,SEA,7,6.0,28,105,7,2,1,1,0.99,TEX202206050
Martín Pérez,perem004,2022-06-11,2022,TEX,CHA,4,5.0,30,101,12,2,1,0,0.99,CHA202206110
Martín Pérez,perem004,2022-06-16,2022,TEX,DET,5,7.0,28,91,8,0,0,0,1.0,DET202206160
Martín Pérez,perem004,2022-06-21,2022,TEX,PHI,6,6.0,26,98,6,3,0,1,0.99,TEX202206210
Martín Pérez,perem004,2022-06-27,2022,TEX,KCA,6,6.0,27,97,7,2,0,0,0.96,KCA202206270
Martín Pérez,perem004,2022-07-02,2022,TEX,NYN,4,6.7,28,97,7,2,2,0,1.06,NYN202207020
Martín Pérez,perem004,2022-07-09,2022,TEX,MIN,5,6.0,27,97,7,1,2,1,0.99,TEX202207090
Martín Pérez,perem004,2022-07-14,2022,TEX,SEA,9,5.0,22,102,3,4,1,1,0.99,TEX202207140
Martín Pérez,perem004,2022-07-24,2022,TEX,OAK,6,7.0,28,99,4,3,0,0,1.0,OAK202207240
Martín Pérez,perem004,2022-07-29,2022,TEX,ANA,6,7.0,26,102,3,2,0,0,0.99,ANA202207290
Martín Pérez,perem004,2022-08-03,2022,TEX,BAL,9,6.0,25,95,5,3,1,1,0.99,TEX202208030
Martín Pérez,perem004,2022-08-09,2022,TEX,HOU,2,5.0,23,79,6,3,1,0,1.02,HOU202208090
Martín Pérez,perem004,2022-08-14,2022,TEX,SEA,7,6.0,29,105,4,5,0,1,0.99,TEX202208140
Martín Pérez,perem004,2022-08-19,2022,TEX,MIN,7,6.0,26,97,5,3,2,0,1.0,MIN202208190
Martín Pérez,perem004,2022-08-24,2022,TEX,COL,7,6.0,22,84,4,1,0,0,0.92,COL202208240
Martín Pérez,perem004,2022-08-31,2022,TEX,HOU,5,5.0,28,92,9,4,0,1,0.99,TEX202208310
Martín Pérez,perem004,2022-09-05,2022,TEX,HOU,5,7.0,27,103,6,1,0,0,1.02,HOU202209050
Martín Pérez,perem004,2022-09-11,2022,TEX,TOR,7,6.0,25,97,6,2,0,1,0.99,TEX202209110
Martín Pérez,perem004,2022-09-16,2022,TEX,TBA,3,5.3,27,91,9,1,0,0,1.05,TBA202209160
Martín Pérez,perem004,2022-09-22,2022,TEX,ANA,5,6.0,26,90,5,3,0,1,0.99,TEX202209220
Martín Pérez,perem004,2022-09-28,2022,TEX,SEA,3,7.0,28,102,5,3,0,0,1.04,SEA202209280
Martín Pérez,perem004,2022-10-03,2022,TEX,NYA,2,6.0,23,77,5,5,0,1,0.99,TEX202210030
Dillon Peters,peted001,2022-04-27,2022,PIT,MIL,0,2.0,7,21,0,1,0,1,1.0,PIT202204270
Dillon Peters,peted001,2022-05-04,2022,PIT,DET,4,3.3,12,46,1,1,0,0,1.0,DET202205041
Dillon Peters,peted001,2022-05-11,2022,PIT,LAN,2,3.0,11,43,2,0,0,1,1.0,PIT202205110
Dillon Peters,peted001,2022-05-16,2022,PIT,CHN,0,0.7,7,24,4,1,0,0,0.97,CHN202205160
David Peterson,peted003,2022-04-17,2022,NYN,ARI,4,4.3,18,80,3,2,0,1,1.06,NYN202204170
David Peterson,peted003,2022-04-22,2022,NYN,ARI,3,5.7,20,65,3,1,0,0,1.03,ARI202204220
David Peterson,peted003,2022-05-03,2022,NYN,ATL,6,5.0,23,90,4,3,1,1,1.06,NYN202205031
David Peterson,peted003,2022-05-23,2022,NYN,SFN,6,6.0,22,99,3,1,1,0,1.03,SFN202205230
David Peterson,peted003,2022-05-30,2022,NYN,WAS,1,4.7,24,88,6,4,0,1,1.06,NYN202205300
David Peterson,peted003,2022-06-04,2022,NYN,LAN,6,3.7,18,90,2,4,0,0,1.03,LAN202206040
David Peterson,peted003,2022-06-15,2022,NYN,MIL,3,4.0,20,73,6,2,0,1,1.06,NYN202206150
David Peterson,peted003,2022-06-20,2022,NYN,MIA,7,5.3,24,100,6,2,0,1,1.06,NYN202206200
David Peterson,peted003,2022-06-26,2022,NYN,MIA,8,7.0,25,104,4,0,1,0,0.98,MIA202206260
David Peterson,peted003,2022-07-01,2022,NYN,TEX,10,6.0,23,90,5,0,2,1,1.06,NYN202207010
David Peterson,peted003,2022-07-06,2022,NYN,CIN,7,3.7,19,93,4,5,1,0,1.0,CIN202207060
David Peterson,peted003,2022-07-12,2022,NYN,ATL,9,5.3,21,105,2,3,1,0,1.02,ATL202207120
David Peterson,peted003,2022-07-17,2022,NYN,CHN,8,5.0,21,97,3,3,0,0,0.97,CHN202207170
David Peterson,peted003,2022-08-06,2022,NYN,ATL,5,5.3,22,81,3,3,0,1,1.06,NYN202208061
David Peterson,peted003,2022-08-20,2022,NYN,PHI,6,4.7,24,100,8,2,0,0,1.01,PHI202208202
David Peterson,peted003,2022-08-27,2022,NYN,COL,7,6.0,22,102,4,0,0,1,1.06,NYN202208270
David Peterson,peted003,2022-09-02,2022,NYN,WAS,6,5.3,25,95,8,1,0,1,1.06,NYN202209020
David Peterson,peted003,2022-09-09,2022,NYN,MIA,7,3.7,18,78,5,2,1,0,0.98,MIA202209090
David Peterson,peted003,2022-09-14,2022,NYN,CHN,1,0.3,6,29,2,3,0,1,1.06,NYN202209140
David Phelps,pheld001,2022-10-05,2022,TOR,BAL,0,1.0,4,14,1,0,0,0,1.0,BAL202210052
Konnor Pilkington,pilkk001,2022-05-08,2022,CLE,TOR,6,3.7,18,83,3,3,0,1,1.04,CLE202205080
Konnor Pilkington,pilkk001,2022-05-26,2022,CLE,DET,4,3.3,21,87,7,4,0,0,1.0,DET202205260
Konnor Pilkington,pilkk001,2022-06-01,2022,CLE,KCA,8,5.0,22,91,5,2,0,1,1.04,CLE202206010
Konnor Pilkington,pilkk001,2022-06-09,2022,CLE,OAK,2,5.7,24,85,4,4,1,1,1.04,CLE202206090
Konnor Pilkington,pilkk001,2022-06-15,2022,CLE,COL,3,4.3,20,69,6,1,0,0,0.92,COL202206150
Konnor Pilkington,pilkk001,2022-06-28,2022,CLE,MIN,4,4.3,22,92,8,3,1,1,1.04,CLE202206282
Konnor Pilkington,pilkk001,2022-07-04,2022,CLE,DET,2,4.0,19,79,4,2,0,0,1.0,DET202207042
Konnor Pilkington,pilkk001,2022-07-12,2022,CLE,CHA,3,5.0,24,90,6,1,2,1,1.04,CLE202207122
Konnor Pilkington,pilkk001,2022-07-23,2022,CLE,CHA,3,5.0,21,89,4,3,0,0,0.99,CHA202207232
Konnor Pilkington,pilkk001,2022-09-12,2022,CLE,ANA,3,5.0,21,85,3,3,2,1,1.04,CLE202209120
Konnor Pilkington,pilkk001,2022-09-17,2022,CLE,MIN,6,5.7,19,81,1,2,0,1,1.04,CLE202209172
Michael Pineda,pinem001,2022-04-21,2022,DET,NYA,2,5.0,18,60,3,0,0,1,1.0,DET202204210
Michael Pineda,pinem001,2022-04-27,2022,DET,MIN,2,5.0,21,65,7,0,3,0,1.0,MIN202204270
Michael Pineda,pinem001,2022-05-04,2022,DET,PIT,4,4.3,18,85,4,2,0,1,1.0,DET202205041
Michael Pineda,pinem001,2022-05-09,2022,DET,OAK,4,6.7,27,94,6,2,1,1,1.0,DET202205090
Michael Pineda,pinem001,2022-05-14,2022,DET,BAL,0,1.3,4,20,0,0,0,1,1.0,DET202205140
Michael Pineda,pinem001,2022-07-01,2022,DET,KCA,3,5.0,21,65,7,0,2,1,1.0,DET202207010
Michael Pineda,pinem001,2022-07-06,2022,DET,CLE,2,5.0,20,83,5,2,1,1,1.0,DET202207060
Michael Pineda,pinem001,2022-07-11,2022,DET,KCA,2,5.3,23,77,7,0,1,0,0.96,KCA202207111
Michael Pineda,pinem001,2022-07-16,2022,DET,CLE,1,2.0,15,47,9,0,2,0,1.04,CLE202207160
Michael Pineda,pinem001,2022-07-23,2022,DET,MIN,3,3.0,13,55,4,0,1,1,1.0,DET202207230
Michael Pineda,pinem001,2022-09-03,2022,DET,KCA,3,4.0,20,78,6,2,2,1,1.0,DET202209030
Nick Pivetta,piven001,2022-04-09,2022,BOS,NYA,4,5.7,23,81,4,3,2,0,0.99,NYA202204090
Nick Pivetta,piven001,2022-04-15,2022,BOS,MIN,2,2.0,12,54,5,2,1,1,0.98,BOS202204150
Nick Pivetta,piven001,2022-04-20,2022,BOS,TOR,4,4.0,23,95,7,4,1,1,0.98,BOS202204200
Nick Pivetta,piven001,2022-04-26,2022,BOS,TOR,6,4.7,20,98,3,4,0,0,1.0,TOR202204260
Nick Pivetta,piven001,2022-05-01,2022,BOS,BAL,5,4.3,18,67,6,0,0,0,1.0,BAL202205010
Nick Pivetta,piven001,2022-05-07,2022,BOS,CHA,8,6.0,24,91,5,0,0,1,0.98,BOS202205070
Nick Pivetta,piven001,2022-05-13,2022,BOS,TEX,4,7.0,25,82,3,1,0,0,0.99,TEX202205130
Nick Pivetta,piven001,2022-05-18,2022,BOS,HOU,8,9.0,29,112,2,0,1,1,0.98,BOS202205180
Nick Pivetta,piven001,2022-05-24,2022,BOS,CHA,5,6.0,25,88,5,2,1,0,0.99,CHA202205240
Nick Pivetta,piven001,2022-05-29,2022,BOS,BAL,5,6.0,25,106,5,3,0,1,0.98,BOS202205290
Nick Pivetta,piven001,2022-06-04,2022,BOS,OAK,7,7.0,25,100,2,2,0,0,1.0,OAK202206040
Nick Pivetta,piven001,2022-06-09,2022,BOS,ANA,11,5.0,24,97,6,2,1,0,0.99,ANA202206090
Nick Pivetta,piven001,2022-06-14,2022,BOS,OAK,3,8.0,28,100,3,2,1,1,0.98,BOS202206140
Nick Pivetta,piven001,2022-06-19,2022,BOS,SLN,10,7.0,28,108,4,4,0,1,0.98,BOS202206190
Nick Pivetta,piven001,2022-06-24,2022,BOS,CLE,4,7.0,29,98,9,0,1,0,1.04,CLE202206240
Nick Pivetta,piven001,2022-06-29,2022,BOS,TOR,5,6.0,27,109,5,3,1,0,1.0,TOR202206290
Nick Pivetta,piven001,2022-07-05,2022,BOS,TBA,4,5.7,26,85,8,2,0,1,0.98,BOS202207050
Nick Pivetta,piven001,2022-07-10,2022,BOS,NYA,5,3.3,19,90,8,2,2,1,0.98,BOS202207100
Nick Pivetta,piven001,2022-07-16,2022,BOS,NYA,4,4.3,23,89,7,3,2,0,0.99,NYA202207160
Nick Pivetta,piven001,2022-07-25,2022,BOS,CLE,6,5.7,26,95,7,3,0,1,0.98,BOS202207250
Nick Pivetta,piven001,2022-07-30,2022,BOS,MIL,4,5.0,25,99,9,2,2,1,0.98,BOS202207300
Nick Pivetta,piven001,2022-08-04,2022,BOS,KCA,5,5.0,23,86,7,1,1,0,0.96,KCA202208040
Nick Pivetta,piven001,2022-08-10,2022,BOS,ATL,5,6.0,24,108,5,2,1,1,0.98,BOS202208100
Nick Pivetta,piven001,2022-08-16,2022,BOS,PIT,6,7.0,25,99,1,3,0,0,1.0,PIT202208160
Nick Pivetta,piven001,2022-08-21,2022,BOS,BAL,9,5.7,25,103,6,1,0,0,1.0,BAL202208210
Nick Pivetta,piven001,2022-08-28,2022,BOS,TBA,4,5.0,25,98,8,3,2,1,0.98,BOS202208280
Nick Pivetta,piven001,2022-09-02,2022,BOS,TEX,2,3.0,15,50,4,2,0,1,0.98,BOS202209020
Nick Pivetta,piven001,2022-09-07,2022,BOS,TBA,3,5.0,20,101,2,3,0,0,1.05,TBA202209070
Nick Pivetta,piven001,2022-09-13,2022,BOS,NYA,5,5.3,22,93,6,2,2,1,0.98,BOS202209130
Nick Pivetta,piven001,2022-09-18,2022,BOS,KCA,7,5.0,24,97,7,2,1,1,0.98,BOS202209180
Nick Pivetta,piven001,2022-09-24,2022,BOS,NYA,8,5.0,23,95,6,4,2,0,0.99,NYA202209240
Nick Pivetta,piven001,2022-09-30,2022,BOS,TOR,2,5.0,24,100,6,3,1,0,1.0,TOR202209300
Nick Pivetta,piven001,2022-10-05,2022,BOS,TBA,5,4.0,19,103,4,3,1,1,0.98,BOS202210050
Zach Plesac,plesz001,2022-04-09,2022,CLE,KCA,3,5.7,20,70,3,0,0,0,0.96,KCA202204090
Zach Plesac,plesz001,2022-04-15,2022,CLE,SFN,4,5.3,24,81,7,1,2,1,1.04,CLE202204150
Zach Plesac,plesz001,2022-04-21,2022,CLE,CHA,3,6.7,25,85,7,1,0,1,1.04,CLE202204210
Zach Plesac,plesz001,2022-04-27,2022,CLE,ANA,2,3.7,21,77,7,2,1,0,0.99,ANA202204270
Zach Plesac,plesz001,2022-05-04,2022,CLE,SDN,4,5.0,25,88,5,4,1,1,1.04,CLE202205041
Zach Plesac,plesz001,2022-05-09,2022,CLE,CHA,4,6.3,28,99,5,2,1,0,0.99,CHA202205090
Zach Plesac,plesz001,2022-05-17,2022,CLE,CIN,3,6.0,24,95,6,2,1,1,1.04,CLE202205170
Zach Plesac,plesz001,2022-05-24,2022,CLE,HOU,5,4.7,25,90,9,1,1,0,1.02,HOU202205240
Zach Plesac,plesz001,2022-05-30,2022,CLE,KCA,5,6.0,23,83,5,0,1,1,1.04,CLE202205300
Zach Plesac,plesz001,2022-06-05,2022,CLE,BAL,8,6.0,23,99,4,0,1,0,1.0,BAL202206050
Zach Plesac,plesz001,2022-06-11,2022,CLE,OAK,2,6.0,26,88,8,0,0,1,1.04,CLE202206110
Zach Plesac,plesz001,2022-06-17,2022,CLE,LAN,1,6.0,25,93,5,2,1,0,1.03,LAN202206170
Zach Plesac,plesz001,2022-06-23,2022,CLE,MIN,6,6.0,23,100,3,2,1,0,1.0,MIN202206230
Zach Plesac,plesz001,2022-06-28,2022,CLE,MIN,7,6.0,23,95,3,3,0,1,1.04,CLE202206281
Zach Plesac,plesz001,2022-07-04,2022,CLE,DET,3,6.0,25,93,6,2,0,0,1.0,DET202207041
Zach Plesac,plesz001,2022-07-10,2022,CLE,KCA,5,5.0,23,85,7,1,0,0,0.96,KCA202207100
Zach Plesac,plesz001,2022-07-15,2022,CLE,DET,3,3.7,19,72,6,0,1,1,1.04,CLE202207150
Zach Plesac,plesz001,2022-07-25,2022,CLE,BOS,4,5.0,21,96,3,3,0,0,0.98,BOS202207250
Zach Plesac,plesz001,2022-07-30,2022,CLE,TBA,7,5.0,23,92,7,2,2,0,1.05,TBA202207300
Zach Plesac,plesz001,2022-08-04,2022,CLE,HOU,4,4.3,25,99,7,5,0,1,1.04,CLE202208040
Zach Plesac,plesz001,2022-08-11,2022,CLE,DET,7,6.3,24,100,4,1,1,0,1.0,DET202208110
Zach Plesac,plesz001,2022-08-16,2022,CLE,DET,3,5.3,27,103,9,3,1,1,1.04,CLE202208160
Zach Plesac,plesz001,2022-08-27,2022,CLE,SEA,6,7.0,24,95,3,0,3,0,1.04,SEA202208270
Zach Plesac,plesz001,2022-10-01,2022,CLE,KCA,1,3.7,19,69,7,1,0,1,1.04,CLE202210010
Cody Poteet,potec001,2022-05-17,2022,MIA,WAS,4,4.7,15,54,1,1,0,1,0.98,MIA202205170
Cody Poteet,potec001,2022-05-25,2022,MIA,TBA,1,3.0,16,52,4,3,1,0,1.05,TBA202205250
Austin Pruitt,pruia001,2022-09-09,2022,OAK,CHA,2,5.0,17,55,0,0,0,1,1.0,OAK202209090
Cal Quantrill,quanc001,2022-04-10,2022,CLE,KCA,2,5.0,21,76,4,1,0,0,0.96,KCA202204100
Cal Quantrill,quanc001,2022-04-16,2022,CLE,SFN,2,4.7,19,91,2,3,0,1,1.04,CLE202204160
Cal Quantrill,quanc001,2022-04-23,2022,CLE,NYA,2,6.3,25,90,6,3,1,0,0.99,NYA202204230
Cal Quantrill,quanc001,2022-04-28,2022,CLE,ANA,4,6.0,25,98,4,3,0,0,0.99,ANA202204280
Cal Quantrill,quanc001,2022-05-04,2022,CLE,SDN,7,6.0,25,98,3,5,0,1,1.04,CLE202205042
Cal Quantrill,quanc001,2022-05-10,2022,CLE,CHA,3,6.3,28,98,9,0,1,0,0.99,CHA202205100
Cal Quantrill,quanc001,2022-05-19,2022,CLE,CIN,5,7.0,23,95,5,0,1,1,1.04,CLE202205190
Cal Quantrill,quanc001,2022-05-25,2022,CLE,HOU,3,6.0,26,95,6,4,0,0,1.02,HOU202205250
Cal Quantrill,quanc001,2022-05-31,2022,CLE,KCA,5,6.3,26,97,6,0,0,1,1.04,CLE202205310
Cal Quantrill,quanc001,2022-06-07,2022,CLE,TEX,3,7.0,30,90,8,1,2,1,1.04,CLE202206071
Cal Quantrill,quanc001,2022-06-12,2022,CLE,OAK,4,6.0,23,90,4,2,1,1,1.04,CLE202206120
Cal Quantrill,quanc001,2022-06-18,2022,CLE,LAN,4,5.0,26,93,10,1,1,0,1.03,LAN202206180
Cal Quantrill,quanc001,2022-06-24,2022,CLE,BOS,4,5.0,21,89,5,2,1,1,1.04,CLE202206240
Cal Quantrill,quanc001,2022-06-29,2022,CLE,MIN,3,8.0,32,97,8,0,2,1,1.04,CLE202206290
Cal Quantrill,quanc001,2022-07-05,2022,CLE,DET,4,4.0,23,84,8,2,1,0,1.0,DET202207050
Cal Quantrill,quanc001,2022-07-11,2022,CLE,CHA,3,6.0,26,93,8,1,1,1,1.04,CLE202207110
Cal Quantrill,quanc001,2022-07-16,2022,CLE,DET,5,6.0,23,100,4,2,0,1,1.04,CLE202207160
Cal Quantrill,quanc001,2022-07-22,2022,CLE,CHA,4,5.0,23,97,6,1,0,0,0.99,CHA202207220
Cal Quantrill,quanc001,2022-07-27,2022,CLE,BOS,4,5.3,25,95,8,2,2,0,0.98,BOS202207270
Cal Quantrill,quanc001,2022-08-01,2022,CLE,ARI,4,6.0,25,94,6,1,2,1,1.04,CLE202208010
Cal Quantrill,quanc001,2022-08-06,2022,CLE,HOU,4,6.0,21,85,3,1,0,1,1.04,CLE202208060
Cal Quantrill,quanc001,2022-08-12,2022,CLE,TOR,7,7.0,22,98,1,0,0,0,1.0,TOR202208120
Cal Quantrill,quanc001,2022-08-17,2022,CLE,DET,2,6.0,25,99,5,2,1,1,1.04,CLE202208170
Cal Quantrill,quanc001,2022-08-24,2022,CLE,SDN,6,7.0,27,99,5,1,0,0,1.08,SDN202208240
Cal Quantrill,quanc001,2022-08-30,2022,CLE,BAL,4,6.0,22,92,1,3,0,1,1.04,CLE202208300
Cal Quantrill,quanc001,2022-09-04,2022,CLE,SEA,3,3.0,14,56,5,1,1,1,1.04,CLE202209040
Cal Quantrill,quanc001,2022-09-09,2022,CLE,MIN,7,5.0,24,96,9,1,0,0,1.0,MIN202209090
Cal Quantrill,quanc001,2022-09-14,2022,CLE,ANA,6,7.0,27,93,8,0,1,1,1.04,CLE202209140
Cal Quantrill,quanc001,2022-09-19,2022,CLE,MIN,2,5.3,26,95,9,1,1,1,1.04,CLE202209190
Cal Quantrill,quanc001,2022-09-24,2022,CLE,TEX,4,6.0,26,83,5,3,1,0,0.99,TEX202209240
Cal Quantrill,quanc001,2022-09-29,2022,CLE,TBA,4,6.0,22,86,3,0,0,1,1.04,CLE202209290
Cal Quantrill,quanc001,2022-10-04,2022,CLE,KCA,4,5.0,19,78,4,0,0,1,1.04,CLE202210040
Jose Quintana,quinj001,2022-04-12,2022,PIT,CHN,3,5.3,20,71,5,2,1,1,1.0,PIT202204120
Jose Quintana,quinj001,2022-04-17,2022,PIT,WAS,2,4.0,20,85,5,3,0,1,1.0,PIT202204170
Jose Quintana,quinj001,2022-04-22,2022,PIT,CHN,3,4.7,19,87,3,3,0,0,0.97,CHN202204220
Jose Quintana,quinj001,2022-04-28,2022,PIT,MIL,9,5.0,19,78,4,0,1,1,1.0,PIT202204280
Jose Quintana,quinj001,2022-05-04,2022,PIT,DET,3,5.0,22,77,4,1,0,0,1.0,DET202205042
Jose Quintana,quinj001,2022-05-09,2022,PIT,LAN,5,6.0,25,102,2,4,0,1,1.0,PIT202205090
Jose Quintana,quinj001,2022-05-15,2022,PIT,CIN,5,7.0,24,89,3,1,0,1,1.0,PIT202205150
Jose Quintana,quinj001,2022-05-21,2022,PIT,SLN,4,3.7,20,77,7,1,0,1,1.0,PIT202205210
Jose Quintana,quinj001,2022-05-27,2022,PIT,SDN,4,5.3,21,96,5,2,0,0,1.08,SDN202205270
Jose Quintana,quinj001,2022-06-01,2022,PIT,LAN,3,4.3,20,84,7,1,0,0,1.03,LAN202206010
Jose Quintana,quinj001,2022-06-07,2022,PIT,DET,5,3.3,18,74,7,1,0,1,1.0,PIT202206070
Jose Quintana,quinj001,2022-06-12,2022,PIT,ATL,4,5.0,22,92,6,1,3,0,1.02,ATL202206120
Jose Quintana,quinj001,2022-06-18,2022,PIT,SFN,5,5.3,23,95,5,2,2,1,1.0,PIT202206180
Jose Quintana,quinj001,2022-06-23,2022,PIT,CHN,6,6.0,23,83,6,1,0,1,1.0,PIT202206230
Jose Quintana,quinj001,2022-06-28,2022,PIT,WAS,6,6.0,25,97,4,2,0,0,1.01,WAS202206280
Jose Quintana,quinj001,2022-07-05,2022,PIT,NYA,7,5.0,21,96,6,0,0,1,1.0,PIT202207050
Jose Quintana,quinj001,2022-07-10,2022,PIT,MIL,4,4.3,21,80,6,2,0,0,1.05,MIL202207100
Jose Quintana,quinj001,2022-07-15,2022,PIT,COL,3,5.0,23,103,7,2,0,0,0.92,COL202207150
Jose Quintana,quinj001,2022-07-23,2022,PIT,MIA,4,7.0,24,81,4,0,0,1,1.0,PIT202207230
Jose Quintana,quinj001,2022-07-29,2022,PIT,PHI,4,5.7,22,83,4,2,0,1,1.0,PIT202207290
Jose Quintana,quinj001,2022-08-04,2022,SLN,CHN,7,6.0,20,86,1,2,1,1,1.0,SLN202208042
Jose Quintana,quinj001,2022-08-10,2022,SLN,COL,6,6.0,26,103,7,2,0,0,0.92,COL202208100
Jose Quintana,quinj001,2022-08-16,2022,SLN,COL,3,5.0,21,75,4,2,0,1,1.0,SLN202208160
Jose Quintana,quinj001,2022-08-21,2022,SLN,ARI,0,2.7,17,73,7,3,0,0,1.03,ARI202208210
Jose Quintana,quinj001,2022-08-26,2022,SLN,ATL,3,5.0,22,86,7,2,0,1,1.0,SLN202208260
Jose Quintana,quinj001,2022-08-31,2022,SLN,CIN,1,4.7,20,78,7,1,0,0,1.0,CIN202208310
Jose Quintana,quinj001,2022-09-06,2022,SLN,WAS,5,5.0,19,87,5,0,0,1,1.0,SLN202209060
Jose Quintana,quinj001,2022-09-11,2022,SLN,PIT,4,5.7,22,82,4,1,0,0,1.0,PIT202209110
Jose Quintana,quinj001,2022-09-17,2022,SLN,CIN,6,8.0,27,104,2,0,0,1,1.0,SLN202209172
Jose Quintana,quinj001,2022-09-23,2022,SLN,LAN,6,6.7,23,101,5,0,0,0,1.03,LAN202209230
Jose Quintana,quinj001,2022-09-28,2022,SLN,MIL,7,5.0,20,79,4,2,0,0,1.05,MIL202209280
Jose Quintana,quinj001,2022-10-03,2022,SLN,PIT,0,3.0,10,38,1,1,0,0,1.0,PIT202210030
Cole Ragans,ragac001,2022-08-04,2022,TEX,CHA,3,5.0,22,93,3,4,0,1,0.99,TEX202208040
Cole Ragans,ragac001,2022-08-11,2022,TEX,HOU,1,4.3,22,88,6,3,2,0,1.02,HOU202208110
Cole Ragans,ragac001,2022-08-17,2022,TEX,OAK,3,5.0,20,83,4,1,2,1,0.99,TEX202208170
Cole Ragans,ragac001,2022-08-22,2022,TEX,MIN,2,4.0,18,89,5,2,0,0,1.0,MIN202208220
Cole Ragans,ragac001,2022-09-07,2022,TEX,HOU,3,3.0,11,49,0,3,0,0,1.02,HOU202209070
Cole Ragans,ragac001,2022-09-13,2022,TEX,OAK,5,4.0,21,70,8,1,1,1,0.99,TEX202209130
Cole Ragans,ragac001,2022-09-20,2022,TEX,ANA,5,4.7,19,84,7,0,1,1,0.99,TEX202209200
Cole Ragans,ragac001,2022-09-25,2022,TEX,CLE,3,5.0,21,79,6,1,0,1,0.99,TEX202209250
Cole Ragans,ragac001,2022-10-01,2022,TEX,ANA,2,5.0,20,71,4,1,0,0,0.99,ANA202210010
Erasmo Ramírez,ramie004,2022-06-13,2022,WAS,ATL,4,3.0,18,54,6,2,3,1,1.01,WAS202206130
Erasmo Ramírez,ramie004,2022-07-17,2022,WAS,ATL,2,3.0,10,39,1,0,0,1,1.01,WAS202207170
Drew Rasmussen,rasmd002,2022-04-09,2022,TBA,BAL,3,4.0,17,64,3,1,1,1,1.05,TBA202204090
Drew Rasmussen,rasmd002,2022-04-15,2022,TBA,CHA,2,5.0,20,68,5,0,1,0,0.99,CHA202204150
Drew Rasmussen,rasmd002,2022-04-20,2022,TBA,CHN,4,3.0,16,79,4,2,0,0,0.97,CHN202204200
Drew Rasmussen,rasmd002,2022-04-27,2022,TBA,SEA,9,6.0,21,82,2,1,0,1,1.05,TBA202204270
Drew Rasmussen,rasmd002,2022-05-02,2022,TBA,OAK,3,5.0,17,83,1,1,0,0,1.0,OAK202205020
Drew Rasmussen,rasmd002,2022-05-07,2022,TBA,SEA,5,5.0,21,88,5,2,0,0,1.04,SEA202205070
Drew Rasmussen,rasmd002,2022-05-13,2022,TBA,TOR,1,5.7,21,78,3,1,0,1,1.05,TBA202205130
Drew Rasmussen,rasmd002,2022-05-18,2022,TBA,DET,7,5.0,19,87,4,0,0,1,1.05,TBA202205180
Drew Rasmussen,rasmd002,2022-05-25,2022,TBA,MIA,7,5.0,21,87,6,2,1,1,1.05,TBA202205250
Drew Rasmussen,rasmd002,2022-05-30,2022,TBA,TEX,3,3.0,17,67,5,3,2,0,0.99,TEX202205300
Drew Rasmussen,rasmd002,2022-06-04,2022,TBA,CHA,2,7.0,23,81,3,1,0,1,1.05,TBA202206040
Drew Rasmussen,rasmd002,2022-06-10,2022,TBA,MIN,3,4.3,25,81,9,2,2,0,1.0,MIN202206100
Drew Rasmussen,rasmd002,2022-07-02,2022,TBA,TOR,2,4.7,19,68,5,2,0,0,1.0,TOR202207022
Drew Rasmussen,rasmd002,2022-07-09,2022,TBA,CIN,6,4.0,18,84,4,2,0,0,1.0,CIN202207090
Drew Rasmussen,rasmd002,2022-07-14,2022,TBA,BOS,5,6.0,23,89,4,1,1,1,1.05,TBA202207140
Drew Rasmussen,rasmd002,2022-07-22,2022,TBA,KCA,4,5.0,22,94,7,1,0,0,0.96,KCA202207220
Drew Rasmussen,rasmd002,2022-07-27,2022,TBA,BAL,4,4.7,22,75,6,1,0,0,1.0,BAL202207270
Drew Rasmussen,rasmd002,2022-08-02,2022,TBA,TOR,3,6.0,24,97,6,2,0,1,1.05,TBA202208020
Drew Rasmussen,rasmd002,2022-08-07,2022,TBA,DET,2,3.0,9,33,0,0,0,0,1.0,DET202208070
Drew Rasmussen,rasmd002,2022-08-14,2022,TBA,BAL,7,8.3,27,87,1,0,0,1,1.05,TBA202208140
Drew Rasmussen,rasmd002,2022-08-20,2022,TBA,KCA,8,5.7,21,89,2,1,0,1,1.05,TBA202208200
Drew Rasmussen,rasmd002,2022-08-25,2022,TBA,ANA,9,5.3,22,97,6,1,1,1,1.05,TBA202208250
Drew Rasmussen,rasmd002,2022-08-31,2022,TBA,MIA,4,6.0,22,72,4,0,1,0,0.98,MIA202208310
Drew Rasmussen,rasmd002,2022-09-09,2022,TBA,NYA,10,6.0,24,94,6,0,0,0,0.99,NYA202209090
Drew Rasmussen,rasmd002,2022-09-14,2022,TBA,TOR,1,4.0,18,67,6,1,1,0,1.0,TOR202209140
Drew Rasmussen,rasmd002,2022-09-19,2022,TBA,HOU,3,6.0,25,85,6,1,1,1,1.05,TBA202209190
Drew Rasmussen,rasmd002,2022-09-24,2022,TBA,TOR,5,6.3,24,88,3,2,0,1,1.05,TBA202209240
Drew Rasmussen,rasmd002,2022-09-30,2022,TBA,HOU,3,7.0,26,73,5,0,1,0,1.02,HOU202209300
Robbie Ray,ray-r002,2022-04-08,2022,SEA,MIN,5,7.0,27,96,3,4,1,0,1.0,MIN202204080
Robbie Ray,ray-r002,2022-04-13,2022,SEA,CHA,4,6.3,29,88,10,2,3,0,0.99,CHA202204130
Robbie Ray,ray-r002,2022-04-19,2022,SEA,TEX,4,6.0,23,85,4,1,0,1,1.04,SEA202204190
Robbie Ray,ray-r002,2022-04-24,2022,SEA,KCA,5,6.0,23,94,5,1,0,1,1.04,SEA202204240
Robbie Ray,ray-r002,2022-04-30,2022,SEA,MIA,8,5.0,23,87,4,4,0,0,0.98,MIA202204300
Robbie Ray,ray-r002,2022-05-05,2022,SEA,TBA,5,6.7,28,102,7,1,1,1,1.04,SEA202205050
Robbie Ray,ray-r002,2022-05-10,2022,SEA,PHI,10,5.7,21,104,2,2,1,1,1.04,SEA202205100
Robbie Ray,ray-r002,2022-05-15,2022,SEA,NYN,9,6.0,26,97,5,3,1,0,1.06,NYN202205150
Robbie Ray,ray-r002,2022-05-20,2022,SEA,BOS,8,6.0,25,87,5,2,1,0,0.98,BOS202205200
Robbie Ray,ray-r002,2022-05-25,2022,SEA,OAK,10,6.0,26,95,7,1,2,1,1.04,SEA202205250
Robbie Ray,ray-r002,2022-06-01,2022,SEA,BAL,6,5.0,22,89,6,3,1,0,1.0,BAL202206010
Robbie Ray,ray-r002,2022-06-06,2022,SEA,HOU,3,5.0,25,98,8,3,3,0,1.02,HOU202206060
Robbie Ray,ray-r002,2022-06-12,2022,SEA,BOS,4,7.0,25,93,3,1,0,1,1.04,SEA202206120
Robbie Ray,ray-r002,2022-06-17,2022,SEA,ANA,10,7.0,26,102,3,1,0,1,1.04,SEA202206170
Robbie Ray,ray-r002,2022-06-23,2022,SEA,OAK,6,6.0,24,94,4,2,0,0,1.0,OAK202206230
Robbie Ray,ray-r002,2022-06-28,2022,SEA,BAL,8,7.0,25,98,1,3,0,1,1.04,SEA202206280
Robbie Ray,ray-r002,2022-07-03,2022,SEA,OAK,12,6.7,25,107,4,2,1,1,1.04,SEA202207030
Robbie Ray,ray-r002,2022-07-09,2022,SEA,TOR,6,6.0,22,95,3,2,1,1,1.04,SEA202207090
Robbie Ray,ray-r002,2022-07-15,2022,SEA,TEX,12,6.7,26,106,6,0,2,0,0.99,TEX202207150
Robbie Ray,ray-r002,2022-07-24,2022,SEA,HOU,1,3.0,17,62,10,0,2,1,1.04,SEA202207240
Robbie Ray,ray-r002,2022-07-29,2022,SEA,HOU,3,2.7,17,84,5,4,1,0,1.02,HOU202207290
Robbie Ray,ray-r002,2022-08-05,2022,SEA,ANA,10,7.0,26,106,5,2,0,1,1.04,SEA202208050
Robbie Ray,ray-r002,2022-08-10,2022,SEA,NYA,7,6.3,27,115,3,5,1,1,1.04,SEA202208100
Robbie Ray,ray-r002,2022-08-16,2022,SEA,ANA,10,6.0,25,97,6,2,1,0,0.99,ANA202208160
Robbie Ray,ray-r002,2022-08-23,2022,SEA,WAS,7,6.7,23,103,2,2,1,1,1.04,SEA202208230
Robbie Ray,ray-r002,2022-08-28,2022,SEA,CLE,7,7.0,23,103,3,0,0,1,1.04,SEA202208280
Robbie Ray,ray-r002,2022-09-03,2022,SEA,CLE,3,6.0,23,87,6,0,0,0,1.04,CLE202209030
Robbie Ray,ray-r002,2022-09-09,2022,SEA,ATL,6,5.0,24,95,8,0,2,1,1.04,SEA202209090
Robbie Ray,ray-r002,2022-09-16,2022,SEA,ANA,5,5.0,24,90,8,1,2,0,0.99,ANA202209160
Robbie Ray,ray-r002,2022-09-21,2022,SEA,OAK,7,6.0,23,100,3,3,0,0,1.0,OAK202209210
Robbie Ray,ray-r002,2022-09-27,2022,SEA,TEX,8,5.7,24,96,6,2,1,1,1.04,SEA202209270
Robbie Ray,ray-r002,2022-10-02,2022,SEA,OAK,3,5.7,28,82,8,3,3,1,1.04,SEA202210020
Denyi Reyes,reyed002,2022-05-28,2022,BAL,BOS,1,3.7,16,61,4,1,0,0,0.98,BOS202205282
Garrett Richards,richg002,2022-04-24,2022,TEX,OAK,1,2.0,8,34,2,1,0,0,1.0,OAK202204240
Garrett Richards,richg002,2022-04-29,2022,TEX,ATL,2,1.0,6,22,2,1,1,1,0.99,TEX202204290
Trevor Richards,richt001,2022-09-03,2022,TOR,PIT,3,2.0,7,25,1,0,0,0,1.0,PIT202209030
Trevor Richards,richt001,2022-09-11,2022,TOR,TEX,1,0.3,5,26,3,1,0,0,0.99,TEX202209110
Trevor Richards,richt001,2022-09-16,2022,TOR,BAL,3,1.0,3,15,0,0,0,1,1.0,TOR202209160
Trevor Richards,richt001,2022-10-05,2022,TOR,BAL,0,1.0,4,14,1,0,0,0,1.0,BAL202210051
Carlos Rodón,rodoc001,2022-04-09,2022,SFN,MIA,12,5.0,20,89,3,2,0,1,1.03,SFN202204090
Carlos Rodón,rodoc001,2022-04-15,2022,SFN,CLE,9,7.0,25,90,2,2,0,0,1.04,CLE202204150
Carlos Rodón,rodoc001,2022-04-20,2022,SFN,NYN,8,5.0,20,95,3,2,0,0,1.06,NYN202204200
Carlos Rodón,rodoc001,2022-04-26,2022,SFN,OAK,9,6.0,23,104,3,2,0,1,1.03,SFN202204260
Carlos Rodón,rodoc001,2022-05-03,2022,SFN,LAN,3,6.0,23,95,3,2,0,0,1.03,LAN202205030
Carlos Rodón,rodoc001,2022-05-09,2022,SFN,COL,12,6.0,24,110,6,2,0,1,1.03,SFN202205090
Carlos Rodón,rodoc001,2022-05-15,2022,SFN,SLN,3,3.7,20,70,10,1,1,0,1.0,SLN202205150
Carlos Rodón,rodoc001,2022-05-21,2022,SFN,SDN,6,6.0,27,100,5,4,1,1,1.03,SFN202205210
Carlos Rodón,rodoc001,2022-05-27,2022,SFN,CIN,2,5.3,25,99,7,3,1,0,1.0,CIN202205270
Carlos Rodón,rodoc001,2022-06-01,2022,SFN,PHI,6,5.0,23,98,6,1,0,0,1.01,PHI202206010
Carlos Rodón,rodoc001,2022-06-07,2022,SFN,COL,5,4.0,18,98,4,1,1,1,1.03,SFN202206070
Carlos Rodón,rodoc001,2022-06-12,2022,SFN,LAN,8,6.0,23,98,2,3,0,1,1.03,SFN202206120
Carlos Rodón,rodoc001,2022-06-17,2022,SFN,PIT,8,8.0,27,98,2,2,0,0,1.0,PIT202206170
Carlos Rodón,rodoc001,2022-06-22,2022,SFN,ATL,10,7.0,25,91,3,1,0,0,1.02,ATL202206220
Carlos Rodón,rodoc001,2022-06-28,2022,SFN,DET,4,6.0,23,86,7,0,0,1,1.03,SFN202206280
Carlos Rodón,rodoc001,2022-07-04,2022,SFN,ARI,7,5.0,22,101,5,2,0,0,1.03,ARI202207040
Carlos Rodón,rodoc001,2022-07-09,2022,SFN,SDN,12,9.0,32,112,3,2,0,0,1.08,SDN202207090
Carlos Rodón,rodoc001,2022-07-14,2022,SFN,MIL,7,5.0,25,99,8,3,0,1,1.03,SFN202207140
Carlos Rodón,rodoc001,2022-07-21,2022,SFN,LAN,7,5.0,23,94,6,2,1,0,1.03,LAN202207210
Carlos Rodón,rodoc001,2022-07-26,2022,SFN,ARI,10,6.0,24,99,3,2,2,0,1.03,ARI202207260
Carlos Rodón,rodoc001,2022-07-31,2022,SFN,CHN,10,7.0,23,98,2,0,0,1,1.03,SFN202207310
Carlos Rodón,rodoc001,2022-08-06,2022,SFN,OAK,3,5.3,21,98,5,0,0,0,1.0,OAK202208060
Carlos Rodón,rodoc001,2022-08-12,2022,SFN,PIT,7,6.0,24,110,6,0,2,1,1.03,SFN202208120
Carlos Rodón,rodoc001,2022-08-17,2022,SFN,ARI,11,6.0,25,106,2,2,0,1,1.03,SFN202208170
Carlos Rodón,rodoc001,2022-08-23,2022,SFN,DET,10,7.0,24,92,5,0,0,0,1.0,DET202208230
Carlos Rodón,rodoc001,2022-08-29,2022,SFN,SDN,2,4.0,20,94,4,4,1,1,1.03,SFN202208290
Carlos Rodón,rodoc001,2022-09-04,2022,SFN,PHI,10,6.0,25,106,5,2,0,1,1.03,SFN202209040
Carlos Rodón,rodoc001,2022-09-09,2022,SFN,CHN,11,5.3,19,96,3,1,1,0,0.97,CHN202209090
Carlos Rodón,rodoc001,2022-09-14,2022,SFN,ATL,8,5.0,17,71,2,1,0,1,1.03,SFN202209140
Carlos Rodón,rodoc001,2022-09-23,2022,SFN,ARI,7,4.3,20,93,4,3,1,0,1.03,ARI202209230
Carlos Rodón,rodoc001,2022-09-29,2022,SFN,COL,10,6.0,20,95,2,0,0,1,1.03,SFN202209290
Eduardo Rodríguez,rodre004,2022-04-08,2022,DET,CHA,2,4.0,18,83,4,2,0,1,1.0,DET202204080
Eduardo Rodríguez,rodre004,2022-04-13,2022,DET,BOS,5,3.7,20,72,5,3,1,1,1.0,DET202204130
Eduardo Rodríguez,rodre004,2022-04-20,2022,DET,NYA,5,6.0,23,98,4,1,1,1,1.0,DET202204200
Eduardo Rodríguez,rodre004,2022-04-26,2022,DET,MIN,6,6.0,23,102,4,2,1,0,1.0,MIN202204260
Eduardo Rodríguez,rodre004,2022-05-01,2022,DET,LAN,5,5.7,27,90,8,0,0,0,1.03,LAN202205010
Eduardo Rodríguez,rodre004,2022-05-07,2022,DET,HOU,8,6.7,24,99,1,3,1,0,1.02,HOU202205070
Eduardo Rodríguez,rodre004,2022-05-13,2022,DET,BAL,3,6.7,27,104,5,4,0,1,1.0,DET202205130
Eduardo Rodríguez,rodre004,2022-05-18,2022,DET,TBA,0,0.3,7,23,4,2,0,0,1.05,TBA202205180
Eduardo Rodríguez,rodre004,2022-08-21,2022,DET,ANA,5,5.0,22,78,4,3,0,1,1.0,DET202208210
Eduardo Rodríguez,rodre004,2022-08-27,2022,DET,TEX,2,6.0,24,78,6,3,0,0,0.99,TEX202208270
Eduardo Rodríguez,rodre004,2022-09-01,2022,DET,SEA,5,4.0,21,92,6,2,2,1,1.0,DET202209010
Eduardo Rodríguez,rodre004,2022-09-06,2022,DET,ANA,4,7.0,25,90,5,0,3,0,0.99,ANA202209060
Eduardo Rodríguez,rodre004,2022-09-12,2022,DET,HOU,2,5.0,25,88,10,1,0,1,1.0,DET202209120
Eduardo Rodríguez,rodre004,2022-09-17,2022,DET,CHA,7,6.3,24,87,2,2,0,1,1.0,DET202209170
Eduardo Rodríguez,rodre004,2022-09-23,2022,DET,CHA,3,6.0,27,85,8,1,1,0,0.99,CHA202209230
Eduardo Rodríguez,rodre004,2022-09-29,2022,DET,KCA,3,6.7,29,102,5,4,0,1,1.0,DET202209290
Eduardo Rodríguez,rodre004,2022-10-04,2022,DET,SEA,7,6.0,25,98,6,1,2,0,1.04,SEA202210041
Elvin Rodríguez,rodre005,2022-05-23,2022,DET,MIN,4,5.0,21,75,4,3,1,0,1.0,MIN202205230
Elvin Rodríguez,rodre005,2022-05-29,2022,DET,CLE,4,4.0,14,53,2,0,0,1,1.0,DET202205290
Elvin Rodríguez,rodre005,2022-06-03,2022,DET,NYA,4,4.3,24,88,11,2,4,0,0.99,NYA202206030
Elvin Rodríguez,rodre005,2022-06-10,2022,DET,TOR,2,4.3,24,84,8,2,3,1,1.0,DET202206100
Elvin Rodríguez,rodre005,2022-07-14,2022,DET,CLE,4,5.7,27,94,7,4,1,0,1.04,CLE202207140
Josh Rogers,rogej003,2022-04-11,2022,WAS,ATL,3,5.3,20,74,2,2,0,0,1.02,ATL202204110
Josh Rogers,rogej003,2022-04-16,2022,WAS,PIT,2,4.3,20,76,6,2,0,0,1.0,PIT202204160
Josh Rogers,rogej003,2022-04-21,2022,WAS,ARI,2,4.3,20,71,6,1,3,1,1.01,WAS202204210
Trevor Rogers,roget003,2022-04-10,2022,MIA,SFN,3,5.0,22,74,6,1,0,0,1.03,SFN202204100
Trevor Rogers,roget003,2022-04-16,2022,MIA,PHI,3,1.7,13,63,4,4,0,1,0.98,MIA202204160
Trevor Rogers,roget003,2022-04-22,2022,MIA,ATL,4,5.0,20,95,4,2,0,0,1.02,ATL202204220
Trevor Rogers,roget003,2022-04-28,2022,MIA,WAS,4,6.0,21,91,2,2,0,0,1.01,WAS202204280
Trevor Rogers,roget003,2022-05-03,2022,MIA,ARI,4,4.3,21,78,6,2,2,1,0.98,MIA202205030
Trevor Rogers,roget003,2022-05-08,2022,MIA,SDN,3,5.0,22,93,5,2,0,0,1.08,SDN202205080
Trevor Rogers,roget003,2022-05-14,2022,MIA,MIL,8,5.3,22,103,5,0,1,1,0.98,MIA202205140
Trevor Rogers,roget003,2022-05-20,2022,MIA,ATL,5,4.0,22,88,8,2,3,1,0.98,MIA202205200
Trevor Rogers,roget003,2022-05-27,2022,MIA,ATL,3,5.0,20,88,4,1,1,0,1.02,ATL202205270
Trevor Rogers,roget003,2022-06-01,2022,MIA,COL,2,3.7,20,86,5,5,1,0,0.92,COL202206012
Trevor Rogers,roget003,2022-06-09,2022,MIA,WAS,5,5.0,22,85,6,1,0,1,0.98,MIA202206090
Trevor Rogers,roget003,2022-06-14,2022,MIA,PHI,2,3.7,21,94,5,6,1,0,1.01,PHI202206140
Trevor Rogers,roget003,2022-06-20,2022,MIA,NYN,7,5.0,23,93,5,2,0,0,1.06,NYN202206200
Trevor Rogers,roget003,2022-06-25,2022,MIA,NYN,5,4.3,21,86,7,1,1,1,0.98,MIA202206250
Trevor Rogers,roget003,2022-07-01,2022,MIA,WAS,4,5.0,19,76,2,3,0,0,1.01,WAS202207010
Trevor Rogers,roget003,2022-07-06,2022,MIA,ANA,5,4.7,21,81,4,2,0,1,0.98,MIA202207060
Trevor Rogers,roget003,2022-07-11,2022,MIA,PIT,7,5.3,24,101,6,3,0,1,0.98,MIA202207110
Trevor Rogers,roget003,2022-07-17,2022,MIA,PHI,4,6.0,26,89,7,0,1,1,0.98,MIA202207170
Trevor Rogers,roget003,2022-07-25,2022,MIA,CIN,5,3.7,20,84,8,2,1,0,1.0,CIN202207250
Trevor Rogers,roget003,2022-08-31,2022,MIA,TBA,5,6.0,23,84,5,1,0,1,0.98,MIA202208310
Trevor Rogers,roget003,2022-09-07,2022,MIA,PHI,8,6.0,23,87,5,0,2,0,1.01,PHI202209070
Trevor Rogers,roget003,2022-09-12,2022,MIA,TEX,9,6.3,24,89,4,2,0,1,0.98,MIA202209121
Trevor Rogers,roget003,2022-09-17,2022,MIA,WAS,1,1.0,7,32,3,1,1,0,1.01,WAS202209170
Tommy Romero,romet001,2022-04-12,2022,TBA,OAK,1,1.7,11,59,2,5,1,1,1.05,TBA202204120
Tommy Romero,romet001,2022-10-01,2022,WAS,PHI,2,3.7,23,91,8,4,5,1,1.01,WAS202210012
Kenny Rosenberg,rosek001,2022-06-19,2022,ANA,SEA,1,4.7,19,71,2,3,0,0,1.04,SEA202206190
Joe Ryan,ryanj002,2022-04-08,2022,MIN,SEA,4,4.0,19,70,2,4,1,1,1.0,MIN202204080
Joe Ryan,ryanj002,2022-04-15,2022,MIN,BOS,7,6.0,22,82,5,0,1,0,0.98,BOS202204150
Joe Ryan,ryanj002,2022-04-21,2022,MIN,KCA,5,6.0,19,85,2,1,0,0,0.96,KCA202204210
Joe Ryan,ryanj002,2022-04-27,2022,MIN,DET,9,7.0,23,90,1,1,0,1,1.0,MIN202204270
Joe Ryan,ryanj002,2022-05-03,2022,MIN,BAL,3,4.7,23,81,6,1,0,0,1.0,BAL202205030
Joe Ryan,ryanj002,2022-05-10,2022,MIN,HOU,3,4.0,21,90,4,5,0,1,1.0,MIN202205100
Joe Ryan,ryanj002,2022-05-15,2022,MIN,CLE,5,6.0,22,103,4,0,1,1,1.0,MIN202205150
Joe Ryan,ryanj002,2022-05-21,2022,MIN,KCA,6,5.7,24,79,5,2,0,0,0.96,KCA202205210
Joe Ryan,ryanj002,2022-06-14,2022,MIN,SEA,3,4.7,20,74,5,1,2,0,1.04,SEA202206140
Joe Ryan,ryanj002,2022-06-21,2022,MIN,CLE,7,6.0,25,101,7,1,1,1,1.0,MIN202206210
Joe Ryan,ryanj002,2022-06-26,2022,MIN,COL,1,5.0,25,102,8,1,1,1,1.0,MIN202206260
Joe Ryan,ryanj002,2022-07-01,2022,MIN,BAL,7,7.0,24,89,2,1,0,1,1.0,MIN202207010
Joe Ryan,ryanj002,2022-07-06,2022,MIN,CHA,3,4.0,19,85,5,2,1,0,0.99,CHA202207060
Joe Ryan,ryanj002,2022-07-13,2022,MIN,MIL,3,5.3,20,78,2,2,1,1,1.0,MIN202207130
Joe Ryan,ryanj002,2022-07-23,2022,MIN,DET,7,5.7,22,86,4,1,0,0,1.0,DET202207230
Joe Ryan,ryanj002,2022-07-29,2022,MIN,SDN,7,4.7,24,82,8,2,5,0,1.08,SDN202207290
Joe Ryan,ryanj002,2022-08-03,2022,MIN,DET,9,5.0,20,78,3,0,0,1,1.0,MIN202208030
Joe Ryan,ryanj002,2022-08-09,2022,MIN,LAN,4,5.0,25,110,9,1,1,0,1.03,LAN202208090
Joe Ryan,ryanj002,2022-08-15,2022,MIN,KCA,6,5.3,24,80,6,2,1,1,1.0,MIN202208150
Joe Ryan,ryanj002,2022-08-21,2022,MIN,TEX,6,6.3,23,88,2,3,1,1,1.0,MIN202208210
Joe Ryan,ryanj002,2022-08-26,2022,MIN,SFN,8,6.0,23,107,2,3,0,1,1.0,MIN202208260
Joe Ryan,ryanj002,2022-08-31,2022,MIN,BOS,8,5.0,26,100,8,1,2,1,1.0,MIN202208310
Joe Ryan,ryanj002,2022-09-07,2022,MIN,NYA,3,4.0,19,90,3,4,1,0,0.99,NYA202209072
Joe Ryan,ryanj002,2022-09-13,2022,MIN,KCA,9,7.0,22,106,0,2,0,1,1.0,MIN202209130
Joe Ryan,ryanj002,2022-09-18,2022,MIN,CLE,5,7.7,27,95,3,2,0,0,1.04,CLE202209180
Joe Ryan,ryanj002,2022-09-24,2022,MIN,ANA,5,4.0,19,69,4,3,0,1,1.0,MIN202209240
Joe Ryan,ryanj002,2022-09-30,2022,MIN,DET,8,6.0,24,91,5,1,0,0,1.0,DET202209300
Hyun Jin Ryu,ryu-h001,2022-04-10,2022,TOR,TEX,4,3.3,17,70,5,2,1,1,1.0,TOR202204100
Hyun Jin Ryu,ryu-h001,2022-04-16,2022,TOR,OAK,1,4.0,18,53,6,0,1,1,1.0,TOR202204160
Hyun Jin Ryu,ryu-h001,2022-05-14,2022,TOR,TBA,3,4.7,18,71,4,1,1,0,1.05,TBA202205140
Hyun Jin Ryu,ryu-h001,2022-05-20,2022,TOR,CIN,3,6.0,23,78,6,0,0,1,1.0,TOR202205200
Hyun Jin Ryu,ryu-h001,2022-05-26,2022,TOR,ANA,1,5.0,21,65,6,1,0,0,0.99,ANA202205260
Hyun Jin Ryu,ryu-h001,2022-06-01,2022,TOR,CHA,4,4.0,16,58,5,0,2,1,1.0,TOR202206010
Chris Sale,salec001,2022-07-12,2022,BOS,TBA,5,5.0,19,78,3,1,0,0,1.05,TBA202207120
Chris Sale,salec001,2022-07-17,2022,BOS,NYA,0,0.7,6,24,2,0,0,0,0.99,NYA202207170
Adrian Sampson,sampa001,2022-06-25,2022,CHN,SLN,5,5.0,21,80,4,2,0,0,1.0,SLN202206250
Adrian Sampson,sampa001,2022-07-01,2022,CHN,BOS,4,5.3,24,103,8,1,1,1,0.97,CHN202207010
Adrian Sampson,sampa001,2022-07-06,2022,CHN,MIL,5,5.7,20,98,4,0,1,0,1.05,MIL202207060
Adrian Sampson,sampa001,2022-07-12,2022,CHN,BAL,3,5.3,25,91,6,2,1,1,0.97,CHN202207120
Adrian Sampson,sampa001,2022-07-17,2022,CHN,NYN,1,5.3,25,112,6,3,0,1,0.97,CHN202207170
Adrian Sampson,sampa001,2022-07-25,2022,CHN,PIT,3,7.0,27,100,6,1,0,1,0.97,CHN202207250
Adrian Sampson,sampa001,2022-07-31,2022,CHN,SFN,6,4.0,19,72,5,1,0,0,1.03,SFN202207310
Adrian Sampson,sampa001,2022-08-07,2022,CHN,MIA,4,6.0,23,84,6,1,2,1,0.97,CHN202208070
Adrian Sampson,sampa001,2022-08-13,2022,CHN,CIN,6,4.0,21,87,6,3,0,0,1.0,CIN202208130
Adrian Sampson,sampa001,2022-08-18,2022,CHN,BAL,6,5.7,23,86,4,2,0,0,1.0,BAL202208180
Adrian Sampson,sampa001,2022-08-23,2022,CHN,SLN,0,3.3,17,61,8,0,2,1,0.97,CHN202208232
Adrian Sampson,sampa001,2022-08-28,2022,CHN,MIL,2,3.3,15,61,5,1,0,0,1.05,MIL202208280
Adrian Sampson,sampa001,2022-09-02,2022,CHN,SLN,4,5.0,20,99,4,2,0,0,1.0,SLN202209020
Adrian Sampson,sampa001,2022-09-08,2022,CHN,CIN,1,6.0,21,75,5,0,1,1,0.97,CHN202209080
Adrian Sampson,sampa001,2022-09-13,2022,CHN,NYN,3,6.0,22,91,2,4,0,0,1.06,NYN202209130
Adrian Sampson,sampa001,2022-09-20,2022,CHN,MIA,3,6.0,24,89,8,1,0,0,0.98,MIA202209200
Adrian Sampson,sampa001,2022-09-25,2022,CHN,PIT,3,6.0,21,67,4,0,1,0,1.0,PIT202209250
Adrian Sampson,sampa001,2022-09-30,2022,CHN,CIN,6,7.0,25,97,3,2,1,1,0.97,CHN202209300
Adrian Sampson,sampa001,2022-10-05,2022,CHN,CIN,3,2.7,15,65,4,1,0,0,1.0,CIN202210050
Aníbal Sánchez,sanca004,2022-07-14,2022,WAS,ATL,5,5.0,19,90,4,2,2,1,1.01,WAS202207140
Aníbal Sánchez,sanca004,2022-07-23,2022,WAS,ARI,4,5.0,22,93,6,2,1,0,1.03,ARI202207230
Aníbal Sánchez,sanca004,2022-07-29,2022,WAS,SLN,4,5.7,25,108,6,2,2,1,1.01,WAS202207290
Aníbal Sánchez,sanca004,2022-08-03,2022,WAS,NYN,2,4.3,22,97,5,3,1,1,1.01,WAS202208030
Aníbal Sánchez,sanca004,2022-08-08,2022,WAS,CHN,3,5.0,23,91,7,2,2,0,0.97,CHN202208080
Aníbal Sánchez,sanca004,2022-08-13,2022,WAS,SDN,4,5.0,24,98,6,3,2,1,1.01,WAS202208130
Aníbal Sánchez,sanca004,2022-08-18,2022,WAS,SDN,4,5.0,18,79,1,2,1,0,1.08,SDN202208180
Aníbal Sánchez,sanca004,2022-08-24,2022,WAS,SEA,2,4.3,16,81,2,2,0,0,1.04,SEA202208240
Aníbal Sánchez,sanca004,2022-08-31,2022,WAS,OAK,4,7.0,26,95,3,3,1,1,1.01,WAS202208310
Aníbal Sánchez,sanca004,2022-09-05,2022,WAS,SLN,3,5.0,19,79,2,2,0,0,1.0,SLN202209050
Aníbal Sánchez,sanca004,2022-09-11,2022,WAS,PHI,0,2.0,11,46,2,3,0,0,1.01,PHI202209110
Aníbal Sánchez,sanca004,2022-09-18,2022,WAS,MIA,3,6.0,25,94,4,2,1,1,1.01,WAS202209180
Aníbal Sánchez,sanca004,2022-09-25,2022,WAS,MIA,4,5.0,19,95,2,2,0,0,0.98,MIA202209250
Aníbal Sánchez,sanca004,2022-10-01,2022,WAS,PHI,6,5.0,23,84,5,3,0,1,1.01,WAS202210011
Aaron Sanchez,sanca006,2022-04-23,2022,WAS,SFN,1,4.3,18,64,6,1,0,1,1.01,WAS202204230
Aaron Sanchez,sanca006,2022-04-29,2022,WAS,SFN,4,5.0,20,71,6,0,1,0,1.03,SFN202204290
Aaron Sanchez,sanca006,2022-05-05,2022,WAS,COL,4,4.3,22,84,6,2,1,0,0.92,COL202205050
Aaron Sanchez,sanca006,2022-05-11,2022,WAS,NYN,1,5.3,22,75,6,0,1,1,1.01,WAS202205110
Aaron Sanchez,sanca006,2022-05-16,2022,WAS,MIA,2,3.7,19,74,8,3,1,0,0.98,MIA202205160
Aaron Sanchez,sanca006,2022-05-22,2022,WAS,MIL,1,5.0,21,89,7,2,1,0,1.05,MIL202205220
Aaron Sanchez,sanca006,2022-05-28,2022,WAS,COL,3,3.7,19,75,8,0,1,1,1.01,WAS202205281
Aaron Sanchez,sanca006,2022-08-01,2022,MIN,DET,8,5.0,22,81,4,2,0,1,1.0,MIN202208010
Aaron Sanchez,sanca006,2022-08-23,2022,MIN,HOU,4,4.0,20,75,6,1,0,0,1.02,HOU202208230
Aaron Sanchez,sanca006,2022-08-28,2022,MIN,SFN,2,3.7,18,79,6,1,0,1,1.0,MIN202208280
Cristopher Sánchez,sancc002,2022-05-08,2022,PHI,NYN,2,2.3,11,51,2,1,1,1,1.01,PHI202205082
Cristopher Sánchez,sancc002,2022-07-05,2022,PHI,WAS,2,5.0,18,60,2,2,0,1,1.01,PHI202207050
Cristopher Sánchez,sancc002,2022-08-24,2022,PHI,CIN,7,6.0,24,83,6,0,2,1,1.01,PHI202208240
Cole Sands,sandc001,2022-05-31,2022,MIN,DET,4,4.0,21,91,5,4,1,0,1.0,DET202205312
Cole Sands,sandc001,2022-06-07,2022,MIN,NYA,3,3.7,21,89,8,2,2,1,1.0,MIN202206070
Cole Sands,sandc001,2022-06-12,2022,MIN,TBA,5,4.7,23,101,5,1,0,1,1.0,MIN202206120
Patrick Sandoval,sandp002,2022-04-12,2022,ANA,MIA,6,4.0,18,71,3,3,0,1,0.99,ANA202204120
Patrick Sandoval,sandp002,2022-04-19,2022,ANA,HOU,5,4.0,18,85,4,2,0,0,1.02,HOU202204190
Patrick Sandoval,sandp002,2022-04-26,2022,ANA,CLE,9,7.0,24,90,2,1,0,1,0.99,ANA202204260
Patrick Sandoval,sandp002,2022-05-02,2022,ANA,CHA,2,6.0,26,96,6,3,0,0,0.99,CHA202205020
Patrick Sandoval,sandp002,2022-05-08,2022,ANA,WAS,5,5.7,26,101,7,3,0,1,0.99,ANA202205080
Patrick Sandoval,sandp002,2022-05-15,2022,ANA,OAK,4,6.3,28,101,4,4,0,0,1.0,OAK202205150
Patrick Sandoval,sandp002,2022-05-22,2022,ANA,OAK,7,7.3,27,92,4,1,0,1,0.99,ANA202205220
Patrick Sandoval,sandp002,2022-05-29,2022,ANA,TOR,4,3.0,18,72,5,3,0,1,0.99,ANA202205290
Patrick Sandoval,sandp002,2022-06-05,2022,ANA,PHI,4,4.7,24,94,4,4,0,0,1.01,PHI202206050
Patrick Sandoval,sandp002,2022-06-12,2022,ANA,NYN,8,6.0,27,87,8,2,1,1,0.99,ANA202206120
Patrick Sandoval,sandp002,2022-06-18,2022,ANA,SEA,5,6.0,24,91,4,2,1,0,1.04,SEA202206181
Patrick Sandoval,sandp002,2022-06-25,2022,ANA,SEA,6,5.0,25,95,8,2,1,1,0.99,ANA202206250
Patrick Sandoval,sandp002,2022-07-02,2022,ANA,HOU,9,5.0,26,95,8,2,1,0,1.02,HOU202207020
Patrick Sandoval,sandp002,2022-07-09,2022,ANA,BAL,10,6.3,25,95,5,2,0,0,1.0,BAL202207090
Patrick Sandoval,sandp002,2022-07-15,2022,ANA,LAN,3,4.7,24,102,8,3,0,1,0.99,ANA202207150
Patrick Sandoval,sandp002,2022-07-23,2022,ANA,ATL,4,3.0,18,80,8,2,0,0,1.02,ATL202207230
Patrick Sandoval,sandp002,2022-07-29,2022,ANA,TEX,6,5.7,23,92,4,2,0,1,0.99,ANA202207290
Patrick Sandoval,sandp002,2022-08-05,2022,ANA,SEA,5,5.3,23,105,3,4,0,0,1.04,SEA202208050
Patrick Sandoval,sandp002,2022-08-12,2022,ANA,MIN,4,5.0,22,95,5,4,1,1,0.99,ANA202208120
Patrick Sandoval,sandp002,2022-08-19,2022,ANA,DET,9,9.0,28,97,4,0,0,0,1.0,DET202208190
Patrick Sandoval,sandp002,2022-08-25,2022,ANA,TBA,5,6.0,26,90,5,1,1,0,1.05,TBA202208250
Patrick Sandoval,sandp002,2022-08-31,2022,ANA,NYA,7,7.0,25,82,3,2,0,1,0.99,ANA202208310
Patrick Sandoval,sandp002,2022-09-07,2022,ANA,DET,4,5.0,21,85,6,1,1,1,0.99,ANA202209070
Patrick Sandoval,sandp002,2022-09-14,2022,ANA,CLE,3,5.3,22,81,7,0,1,0,1.04,CLE202209140
Patrick Sandoval,sandp002,2022-09-20,2022,ANA,TEX,7,5.0,21,89,3,4,0,0,0.99,TEX202209200
Patrick Sandoval,sandp002,2022-09-27,2022,ANA,OAK,4,5.3,23,94,6,2,0,1,0.99,ANA202209270
Patrick Sandoval,sandp002,2022-10-03,2022,ANA,OAK,6,6.0,26,97,5,1,0,0,1.0,OAK202210030
Reiver Sanmartin,sanmr001,2022-04-08,2022,CIN,ATL,2,2.3,15,57,4,5,0,0,1.02,ATL202204080
Reiver Sanmartin,sanmr001,2022-04-19,2022,CIN,SDN,4,5.3,24,86,8,1,1,0,1.08,SDN202204190
Reiver Sanmartin,sanmr001,2022-04-26,2022,CIN,SDN,2,3.0,18,62,8,1,2,1,1.0,CIN202204260
Reiver Sanmartin,sanmr001,2022-05-01,2022,CIN,COL,0,0.7,10,43,6,2,1,0,0.92,COL202205010
Dennis Santana,santd003,2022-09-03,2022,TEX,BOS,3,2.0,9,36,1,2,0,0,0.98,BOS202209030
Josh Sborz,sborj002,2022-08-12,2022,TEX,SEA,0,1.0,4,16,1,0,0,1,0.99,TEX202208120
Max Scherzer,schem001,2022-04-08,2022,NYN,WAS,6,6.0,22,80,3,1,1,0,1.01,WAS202204080
Max Scherzer,schem001,2022-04-13,2022,NYN,PHI,7,5.0,22,96,5,3,0,0,1.01,PHI202204130
Max Scherzer,schem001,2022-04-19,2022,NYN,SFN,10,7.0,25,102,1,3,0,1,1.06,NYN202204192
Max Scherzer,schem001,2022-04-25,2022,NYN,SLN,10,7.0,25,101,2,1,0,0,1.0,SLN202204250
Max Scherzer,schem001,2022-05-01,2022,NYN,PHI,9,6.0,23,94,5,1,3,1,1.06,NYN202205010
Max Scherzer,schem001,2022-05-08,2022,NYN,PHI,7,6.0,26,101,10,0,1,0,1.01,PHI202205081
Max Scherzer,schem001,2022-05-13,2022,NYN,SEA,6,7.0,26,98,3,2,0,1,1.06,NYN202205130
Max Scherzer,schem001,2022-05-18,2022,NYN,SLN,4,5.7,24,87,7,0,0,1,1.06,NYN202205180
Max Scherzer,schem001,2022-07-05,2022,NYN,CIN,11,6.0,21,79,2,0,0,0,1.0,CIN202207050
Max Scherzer,schem001,2022-07-11,2022,NYN,ATL,9,7.0,24,93,3,0,1,0,1.02,ATL202207110
Max Scherzer,schem001,2022-07-16,2022,NYN,CHN,11,6.3,27,102,8,1,0,0,0.97,CHN202207162
Max Scherzer,schem001,2022-07-22,2022,NYN,SDN,8,6.0,25,93,5,1,1,1,1.06,NYN202207220
Max Scherzer,schem001,2022-07-27,2022,NYN,NYA,6,7.0,29,99,5,2,0,1,1.06,NYN202207270
Max Scherzer,schem001,2022-08-01,2022,NYN,WAS,5,6.7,28,105,6,2,1,0,1.01,WAS202208010
Max Scherzer,schem001,2022-08-06,2022,NYN,ATL,11,7.0,25,108,4,0,0,1,1.06,NYN202208062
Max Scherzer,schem001,2022-08-12,2022,NYN,PHI,6,7.0,30,98,9,0,0,1,1.06,NYN202208120
Max Scherzer,schem001,2022-08-17,2022,NYN,ATL,8,6.3,25,91,3,3,0,0,1.02,ATL202208170
Max Scherzer,schem001,2022-08-22,2022,NYN,NYA,3,6.7,29,101,7,1,1,0,0.99,NYA202208220
Max Scherzer,schem001,2022-08-28,2022,NYN,COL,11,7.0,27,112,4,1,0,1,1.06,NYN202208280
Max Scherzer,schem001,2022-09-03,2022,NYN,WAS,5,5.0,17,67,3,1,1,1,1.06,NYN202209030
Max Scherzer,schem001,2022-09-19,2022,NYN,MIL,9,6.0,18,68,0,0,0,0,1.05,MIL202209190
Max Scherzer,schem001,2022-09-25,2022,NYN,OAK,7,6.0,22,91,4,1,1,0,1.0,OAK202209250
Max Scherzer,schem001,2022-10-01,2022,NYN,ATL,4,5.7,25,101,9,0,2,0,1.02,ATL202210010
Clarke Schmidt,schmc002,2022-06-16,2022,NYA,TBA,5,3.0,11,50,1,1,0,1,0.99,NYA202206160
Clarke Schmidt,schmc002,2022-08-28,2022,NYA,OAK,7,4.3,20,83,8,1,0,0,1.0,OAK202208280
Clarke Schmidt,schmc002,2022-09-03,2022,NYA,TBA,2,4.3,18,63,4,0,0,0,1.05,TBA202209030
Connor Seabold,seabc001,2022-06-27,2022,BOS,TOR,7,4.7,25,86,9,1,3,0,1.0,TOR202206270
Connor Seabold,seabc001,2022-07-03,2022,BOS,CHN,4,4.0,19,74,6,2,0,0,0.97,CHN202207030
Connor Seabold,seabc001,2022-07-08,2022,BOS,NYA,2,2.7,19,71,9,2,1,1,0.98,BOS202207080
Connor Seabold,seabc001,2022-09-21,2022,BOS,CIN,4,5.0,22,85,6,1,0,0,1.0,CIN202209210
Connor Seabold,seabc001,2022-09-26,2022,BOS,BAL,2,2.0,13,54,5,2,1,1,0.98,BOS202209260
JP Sears,searj001,2022-05-25,2022,NYA,BAL,5,5.0,21,84,3,2,0,1,0.99,NYA202205250
JP Sears,searj001,2022-06-28,2022,NYA,OAK,1,5.7,19,78,3,1,0,1,0.99,NYA202206280
JP Sears,searj001,2022-08-10,2022,OAK,ANA,3,5.3,19,72,3,0,0,1,1.0,OAK202208100
JP Sears,searj001,2022-08-16,2022,OAK,TEX,2,5.0,19,76,4,3,0,0,0.99,TEX202208160
JP Sears,searj001,2022-08-21,2022,OAK,SEA,3,5.0,20,79,6,1,1,1,1.0,OAK202208210
JP Sears,searj001,2022-08-26,2022,OAK,NYA,3,6.0,27,78,8,4,1,1,1.0,OAK202208260
JP Sears,searj001,2022-09-02,2022,OAK,BAL,5,6.0,24,81,6,1,0,0,1.0,BAL202209020
JP Sears,searj001,2022-09-08,2022,OAK,CHA,2,2.0,14,59,8,1,3,1,1.0,OAK202209080
JP Sears,searj001,2022-09-14,2022,OAK,TEX,3,4.0,21,80,7,1,2,0,0.99,TEX202209140
JP Sears,searj001,2022-09-20,2022,OAK,SEA,7,5.0,20,86,1,3,0,1,1.0,OAK202209200
JP Sears,searj001,2022-09-25,2022,OAK,NYN,2,3.7,21,78,8,2,0,1,1.0,OAK202209250
Antonio Senzatela,senza001,2022-04-10,2022,COL,LAN,0,3.3,18,66,9,1,0,1,0.92,COL202204100
Antonio Senzatela,senza001,2022-04-16,2022,COL,CHN,2,5.0,20,86,7,0,0,1,0.92,COL202204160
Antonio Senzatela,senza001,2022-04-23,2022,COL,DET,3,5.0,23,80,10,0,1,0,1.0,DET202204231
Antonio Senzatela,senza001,2022-04-29,2022,COL,CIN,1,6.3,26,87,7,2,0,1,0.92,COL202204290
Antonio Senzatela,senza001,2022-05-05,2022,COL,WAS,1,4.3,22,86,7,2,1,1,0.92,COL202205050
Antonio Senzatela,senza001,2022-05-10,2022,COL,SFN,1,3.7,20,86,7,2,0,0,1.03,SFN202205100
Antonio Senzatela,senza001,2022-05-16,2022,COL,SFN,3,2.0,8,33,1,1,0,1,0.92,COL202205160
Antonio Senzatela,senza001,2022-06-01,2022,COL,MIA,3,5.3,28,85,13,0,1,1,0.92,COL202206011
Antonio Senzatela,senza001,2022-06-08,2022,COL,SFN,6,6.0,24,101,6,1,0,0,1.03,SFN202206080
Antonio Senzatela,senza001,2022-06-14,2022,COL,CLE,4,6.0,26,96,8,1,0,1,0.92,COL202206140
Antonio Senzatela,senza001,2022-06-19,2022,COL,SDN,3,6.0,25,87,6,2,1,1,0.92,COL202206190
Antonio Senzatela,senza001,2022-06-25,2022,COL,MIN,6,5.0,25,87,8,2,0,0,1.0,MIN202206250
Antonio Senzatela,senza001,2022-07-01,2022,COL,ARI,1,2.0,11,37,4,1,1,1,0.92,COL202207010
Antonio Senzatela,senza001,2022-07-22,2022,COL,MIL,4,5.0,23,95,7,1,2,0,1.05,MIL202207220
Antonio Senzatela,senza001,2022-07-27,2022,COL,CHA,5,6.7,26,91,8,1,0,1,0.92,COL202207270
Antonio Senzatela,senza001,2022-08-01,2022,COL,SDN,5,6.0,25,102,5,3,1,0,1.08,SDN202208010
Antonio Senzatela,senza001,2022-08-06,2022,COL,ARI,2,7.0,27,94,9,0,1,0,1.03,ARI202208060
Antonio Senzatela,senza001,2022-08-12,2022,COL,ARI,2,6.0,25,94,5,3,0,1,0.92,COL202208120
Antonio Senzatela,senza001,2022-08-18,2022,COL,SLN,2,1.7,11,28,6,0,0,0,1.0,SLN202208180
Luis Severino,sevel001,2022-04-09,2022,NYA,BOS,5,3.0,14,65,5,0,1,1,0.99,NYA202204090
Luis Severino,sevel001,2022-04-14,2022,NYA,TOR,6,5.0,21,83,2,2,0,1,0.99,NYA202204140
Luis Severino,sevel001,2022-04-20,2022,NYA,DET,3,5.0,21,88,7,2,0,0,1.0,DET202204200
Luis Severino,sevel001,2022-04-26,2022,NYA,BAL,5,6.0,23,77,3,2,1,1,0.99,NYA202204260
Luis Severino,sevel001,2022-05-01,2022,NYA,KCA,4,5.0,24,93,7,1,1,0,0.96,KCA202205010
Luis Severino,sevel001,2022-05-10,2022,NYA,TOR,8,4.7,21,97,5,2,1,1,0.99,NYA202205100
Luis Severino,sevel001,2022-05-16,2022,NYA,BAL,7,6.0,22,95,1,2,1,0,1.0,BAL202205160
Luis Severino,sevel001,2022-05-22,2022,NYA,CHA,5,7.0,30,94,8,0,0,1,0.99,NYA202205222
Luis Severino,sevel001,2022-05-29,2022,NYA,TBA,8,6.3,23,103,2,2,2,0,1.05,TBA202205290
Luis Severino,sevel001,2022-06-04,2022,NYA,DET,10,7.0,22,92,1,1,0,1,0.99,NYA202206040
Luis Severino,sevel001,2022-06-10,2022,NYA,CHN,10,6.0,25,103,7,1,1,1,0.99,NYA202206100
Luis Severino,sevel001,2022-06-19,2022,NYA,TOR,9,5.0,22,102,3,4,2,0,1.0,TOR202206190
Luis Severino,sevel001,2022-06-24,2022,NYA,HOU,7,6.0,25,95,5,2,1,1,0.99,NYA202206240
Luis Severino,sevel001,2022-06-30,2022,NYA,HOU,4,6.0,22,87,3,2,0,0,1.02,HOU202206300
Luis Severino,sevel001,2022-07-06,2022,NYA,PIT,3,6.0,22,88,4,0,0,0,1.0,PIT202207060
Luis Severino,sevel001,2022-07-13,2022,NYA,CIN,1,2.0,12,43,4,2,3,1,0.99,NYA202207130
Luis Severino,sevel001,2022-09-21,2022,NYA,PIT,6,5.0,18,64,2,1,0,1,0.99,NYA202209210
Luis Severino,sevel001,2022-09-26,2022,NYA,TOR,4,4.0,17,76,3,3,0,0,1.0,TOR202209260
Luis Severino,sevel001,2022-10-03,2022,NYA,TEX,7,7.0,21,94,0,1,0,0,0.99,TEX202210030
Bryan Shaw,shawb001,2022-07-26,2022,CLE,BOS,2,2.3,12,50,3,1,0,0,0.98,BOS202207260
Bryan Shaw,shawb001,2022-07-31,2022,CLE,TBA,1,2.0,11,40,2,3,0,0,1.05,TBA202207310
Justus Sheffield,shefj001,2022-10-04,2022,SEA,DET,4,5.0,28,99,7,4,1,1,1.04,SEA202210042
Chase Silseth,silsc001,2022-05-13,2022,ANA,OAK,4,6.0,20,79,1,2,0,0,1.0,OAK202205130
Chase Silseth,silsc001,2022-05-20,2022,ANA,OAK,6,4.3,23,93,6,2,2,1,0.99,ANA202205200
Chase Silseth,silsc001,2022-05-27,2022,ANA,TOR,0,4.3,18,60,6,2,0,1,0.99,ANA202205270
Chase Silseth,silsc001,2022-06-03,2022,ANA,PHI,1,1.7,10,42,4,1,2,0,1.01,PHI202206030
Chase Silseth,silsc001,2022-06-28,2022,ANA,CHA,6,4.3,18,72,5,0,1,1,0.99,ANA202206280
Chase Silseth,silsc001,2022-07-07,2022,ANA,BAL,2,4.0,19,75,6,1,1,0,1.0,BAL202207070
Chase Silseth,silsc001,2022-07-30,2022,ANA,TEX,5,4.0,21,78,5,4,1,1,0.99,ANA202207300
Brady Singer,singb001,2022-05-17,2022,KCA,CHA,9,7.0,24,93,4,0,0,1,0.96,KCA202205172
Brady Singer,singb001,2022-05-22,2022,KCA,MIN,3,7.0,26,95,4,3,0,1,0.96,KCA202205220
Brady Singer,singb001,2022-05-28,2022,KCA,MIN,8,5.7,23,90,6,0,1,0,1.0,MIN202205280
Brady Singer,singb001,2022-06-03,2022,KCA,HOU,4,5.0,23,72,8,0,3,1,0.96,KCA202206030
Brady Singer,singb001,2022-06-08,2022,KCA,TOR,5,5.0,23,98,8,0,2,1,0.96,KCA202206080
Brady Singer,singb001,2022-06-13,2022,KCA,SFN,5,5.0,21,89,2,5,0,0,1.03,SFN202206130
Brady Singer,singb001,2022-06-19,2022,KCA,OAK,4,5.3,23,82,6,0,1,0,1.0,OAK202206190
Brady Singer,singb001,2022-06-26,2022,KCA,OAK,5,8.3,33,99,7,1,1,1,0.96,KCA202206260
Brady Singer,singb001,2022-07-03,2022,KCA,DET,9,4.7,21,97,6,3,1,0,1.0,DET202207030
Brady Singer,singb001,2022-07-08,2022,KCA,CLE,5,7.0,26,100,6,0,1,1,0.96,KCA202207080
Brady Singer,singb001,2022-07-13,2022,KCA,DET,6,6.0,26,105,7,5,0,1,0.96,KCA202207130
Brady Singer,singb001,2022-07-23,2022,KCA,TBA,12,6.0,23,94,3,2,0,1,0.96,KCA202207230
Brady Singer,singb001,2022-07-28,2022,KCA,NYA,10,7.0,24,99,1,1,0,0,0.99,NYA202207280
Brady Singer,singb001,2022-08-03,2022,KCA,CHA,3,6.0,28,90,11,1,1,0,0.99,CHA202208030
Brady Singer,singb001,2022-08-09,2022,KCA,CHA,6,7.3,28,99,5,0,1,1,0.96,KCA202208091
Brady Singer,singb001,2022-08-14,2022,KCA,LAN,7,6.0,22,102,1,3,0,1,0.96,KCA202208140
Brady Singer,singb001,2022-08-19,2022,KCA,TBA,7,6.0,25,99,5,4,0,0,1.05,TBA202208190
Brady Singer,singb001,2022-08-24,2022,KCA,ARI,6,7.0,24,103,4,0,1,1,0.96,KCA202208240
Brady Singer,singb001,2022-08-30,2022,KCA,CHA,4,4.7,25,95,9,1,1,0,0.99,CHA202208300
Brady Singer,singb001,2022-09-05,2022,KCA,CLE,1,6.0,26,93,9,0,1,1,0.96,KCA202209050
Brady Singer,singb001,2022-09-11,2022,KCA,DET,6,7.0,25,88,4,1,0,1,0.96,KCA202209110
Brady Singer,singb001,2022-09-17,2022,KCA,BOS,5,6.0,23,89,5,1,0,0,0.98,BOS202209170
Brady Singer,singb001,2022-09-23,2022,KCA,SEA,8,7.0,27,110,5,2,1,1,0.96,KCA202209230
Brady Singer,singb001,2022-09-30,2022,KCA,CLE,6,5.7,26,92,7,1,1,0,1.04,CLE202209300
Tarik Skubal,skubt001,2022-04-10,2022,DET,CHA,3,4.0,20,79,7,1,0,1,1.0,DET202204100
Tarik Skubal,skubt001,2022-04-15,2022,DET,KCA,7,5.7,22,90,4,0,0,0,0.96,KCA202204150
Tarik Skubal,skubt001,2022-04-23,2022,DET,COL,6,6.0,22,91,5,0,0,1,1.0,DET202204231
Tarik Skubal,skubt001,2022-04-28,2022,DET,MIN,4,5.0,24,85,7,2,0,0,1.0,MIN202204280
Tarik Skubal,skubt001,2022-05-05,2022,DET,HOU,9,6.0,23,90,6,0,2,0,1.02,HOU202205050
Tarik Skubal,skubt001,2022-05-10,2022,DET,OAK,5,7.0,25,92,3,3,0,1,1.0,DET202205101
Tarik Skubal,skubt001,2022-05-15,2022,DET,BAL,11,6.0,23,100,3,2,0,1,1.0,DET202205150
Tarik Skubal,skubt001,2022-05-20,2022,DET,CLE,5,5.0,17,66,4,0,0,0,1.04,CLE202205200
Tarik Skubal,skubt001,2022-05-26,2022,DET,CLE,5,7.0,27,102,5,1,0,1,1.0,DET202205260
Tarik Skubal,skubt001,2022-06-01,2022,DET,MIN,6,7.0,23,103,2,1,0,1,1.0,DET202206010
Tarik Skubal,skubt001,2022-06-07,2022,DET,PIT,9,7.0,27,92,6,0,1,0,1.0,PIT202206070
Tarik Skubal,skubt001,2022-06-12,2022,DET,TOR,5,4.0,19,76,7,2,1,1,1.0,DET202206120
Tarik Skubal,skubt001,2022-06-17,2022,DET,TEX,4,5.0,24,100,8,2,1,1,1.0,DET202206170
Tarik Skubal,skubt001,2022-06-22,2022,DET,BOS,5,4.7,23,99,6,3,1,0,0.98,BOS202206220
Tarik Skubal,skubt001,2022-06-28,2022,DET,SFN,5,4.7,22,108,4,4,0,0,1.03,SFN202206280
Tarik Skubal,skubt001,2022-07-03,2022,DET,KCA,1,4.7,20,89,5,3,2,1,1.0,DET202207030
Tarik Skubal,skubt001,2022-07-08,2022,DET,CHA,7,6.0,24,91,6,1,1,0,0.99,CHA202207080
Tarik Skubal,skubt001,2022-07-13,2022,DET,KCA,5,6.0,28,94,8,0,0,0,0.96,KCA202207130
Tarik Skubal,skubt001,2022-07-21,2022,DET,OAK,9,6.0,22,92,2,2,0,0,1.0,OAK202207211
Tarik Skubal,skubt001,2022-07-27,2022,DET,SDN,2,6.0,23,98,3,3,0,1,1.0,DET202207270
Tarik Skubal,skubt001,2022-08-01,2022,DET,MIN,4,5.0,19,77,3,2,0,0,1.0,MIN202208010
Ethan Small,smale001,2022-05-30,2022,MIL,CHN,4,2.7,15,69,4,4,0,0,0.97,CHN202205301
Ethan Small,smale001,2022-07-26,2022,MIL,MIN,3,3.7,18,63,4,4,1,1,1.05,MIL202207260
Devin Smeltzer,smeld001,2022-05-14,2022,MIN,CLE,2,5.0,19,77,3,2,0,1,1.0,MIN202205140
Devin Smeltzer,smeld001,2022-05-20,2022,MIN,KCA,0,5.3,20,74,5,1,0,0,0.96,KCA202205200
Devin Smeltzer,smeld001,2022-05-26,2022,MIN,KCA,6,7.0,23,80,2,1,0,1,1.0,MIN202205260
Devin Smeltzer,smeld001,2022-05-31,2022,MIN,DET,4,6.7,26,101,6,0,0,0,1.0,DET202205311
Devin Smeltzer,smeld001,2022-06-05,2022,MIN,TOR,1,4.0,16,62,4,2,2,0,1.0,TOR202206050
Devin Smeltzer,smeld001,2022-06-10,2022,MIN,TBA,3,6.0,24,96,4,3,3,1,1.0,MIN202206100
Devin Smeltzer,smeld001,2022-06-17,2022,MIN,ARI,3,4.3,25,96,9,2,2,0,1.03,ARI202206170
Devin Smeltzer,smeld001,2022-06-23,2022,MIN,CLE,3,6.0,21,92,3,0,0,1,1.0,MIN202206230
Devin Smeltzer,smeld001,2022-06-28,2022,MIN,CLE,9,6.0,22,95,4,0,0,0,1.04,CLE202206281
Devin Smeltzer,smeld001,2022-07-03,2022,MIN,BAL,3,6.0,24,85,6,1,3,1,1.0,MIN202207030
Devin Smeltzer,smeld001,2022-07-09,2022,MIN,TEX,2,3.3,20,81,8,3,3,0,0.99,TEX202207090
Devin Smeltzer,smeld001,2022-07-15,2022,MIN,CHA,1,3.0,16,67,5,2,0,1,1.0,MIN202207150
Caleb Smith,smitc006,2022-04-10,2022,ARI,SDN,2,1.0,9,41,2,3,2,1,1.03,ARI202204100
Drew Smyly,smyld001,2022-04-12,2022,CHN,PIT,1,5.0,18,68,3,0,0,0,1.0,PIT202204120
Drew Smyly,smyld001,2022-04-17,2022,CHN,COL,4,4.7,18,74,4,1,0,0,0.92,COL202204170
Drew Smyly,smyld001,2022-04-22,2022,CHN,PIT,4,5.0,22,83,6,1,2,1,0.97,CHN202204220
Drew Smyly,smyld001,2022-04-28,2022,CHN,ATL,4,4.7,20,66,5,1,2,0,1.02,ATL202204280
Drew Smyly,smyld001,2022-05-07,2022,CHN,LAN,4,4.3,20,94,6,2,1,1,0.97,CHN202205071
Drew Smyly,smyld001,2022-05-13,2022,CHN,ARI,4,6.0,28,92,10,1,0,0,1.03,ARI202205130
Drew Smyly,smyld001,2022-05-18,2022,CHN,PIT,5,4.3,20,89,6,1,1,1,0.97,CHN202205180
Drew Smyly,smyld001,2022-05-23,2022,CHN,CIN,5,5.7,24,101,4,2,2,0,1.0,CIN202205230
Drew Smyly,smyld001,2022-05-30,2022,CHN,MIL,3,3.0,10,49,0,1,0,1,0.97,CHN202205302
Drew Smyly,smyld001,2022-07-10,2022,CHN,LAN,1,2.0,12,56,5,1,0,0,1.03,LAN202207100
Drew Smyly,smyld001,2022-07-16,2022,CHN,NYN,4,4.3,21,83,5,1,1,1,0.97,CHN202207162
Drew Smyly,smyld001,2022-07-24,2022,CHN,PHI,4,6.0,22,83,4,0,0,0,1.01,PHI202207240
Drew Smyly,smyld001,2022-07-30,2022,CHN,SFN,5,4.0,21,87,7,2,2,0,1.03,SFN202207300
Drew Smyly,smyld001,2022-08-06,2022,CHN,MIA,4,6.7,25,106,5,1,0,1,0.97,CHN202208060
Drew Smyly,smyld001,2022-08-11,2022,CHN,CIN,9,5.0,22,91,4,2,0,0,1.0,CIN202208110
Drew Smyly,smyld001,2022-08-17,2022,CHN,WAS,4,5.3,20,100,4,0,0,0,1.01,WAS202208170
Drew Smyly,smyld001,2022-08-22,2022,CHN,SLN,6,7.0,26,99,4,2,1,1,0.97,CHN202208220
Drew Smyly,smyld001,2022-08-27,2022,CHN,MIL,2,6.0,24,86,5,1,0,0,1.05,MIL202208270
Drew Smyly,smyld001,2022-09-03,2022,CHN,SLN,3,2.3,15,64,5,3,3,0,1.0,SLN202209030
Drew Smyly,smyld001,2022-09-09,2022,CHN,SFN,8,7.0,26,104,1,2,0,1,0.97,CHN202209090
Drew Smyly,smyld001,2022-09-14,2022,CHN,NYN,5,5.0,20,77,4,1,1,0,1.06,NYN202209140
Drew Smyly,smyld001,2022-10-01,2022,CHN,CIN,2,3.0,13,62,4,0,0,1,0.97,CHN202210010
Blake Snell,snelb001,2022-04-10,2022,SDN,ARI,0,0.0,0,0,0,0,0,0,1.03,ARI202204100
Blake Snell,snelb001,2022-05-18,2022,SDN,PHI,5,3.7,17,84,3,3,1,0,1.01,PHI202205180
Blake Snell,snelb001,2022-05-24,2022,SDN,MIL,7,5.3,21,104,3,2,1,1,1.08,SDN202205240
Blake Snell,snelb001,2022-05-31,2022,SDN,SLN,6,6.0,22,98,2,3,0,0,1.0,SLN202205310
Blake Snell,snelb001,2022-06-06,2022,SDN,NYN,4,4.0,23,95,7,3,0,1,1.08,SDN202206060
Blake Snell,snelb001,2022-06-12,2022,SDN,COL,7,6.0,26,94,6,2,0,1,1.08,SDN202206120
Blake Snell,snelb001,2022-06-19,2022,SDN,COL,5,4.7,22,89,5,4,0,0,0.92,COL202206190
Blake Snell,snelb001,2022-06-25,2022,SDN,PHI,4,5.7,25,94,6,2,1,1,1.08,SDN202206250
Blake Snell,snelb001,2022-07-01,2022,SDN,LAN,12,5.0,23,107,4,4,1,0,1.03,LAN202207010
Blake Snell,snelb001,2022-07-08,2022,SDN,SFN,11,6.0,24,108,3,2,1,1,1.08,SDN202207080
Blake Snell,snelb001,2022-07-14,2022,SDN,COL,5,3.7,21,99,4,6,0,0,0.92,COL202207140
Blake Snell,snelb001,2022-07-23,2022,SDN,NYN,5,5.0,20,85,4,2,0,0,1.06,NYN202207230
Blake Snell,snelb001,2022-07-29,2022,SDN,MIN,7,6.0,22,93,4,1,1,1,1.08,SDN202207290
Blake Snell,snelb001,2022-08-03,2022,SDN,COL,9,6.0,22,106,4,0,0,1,1.08,SDN202208030
Blake Snell,snelb001,2022-08-08,2022,SDN,SFN,8,5.7,25,103,6,2,0,1,1.08,SDN202208080
Blake Snell,snelb001,2022-08-14,2022,SDN,WAS,10,6.0,21,103,3,0,0,0,1.01,WAS202208140
Blake Snell,snelb001,2022-08-19,2022,SDN,WAS,7,5.0,24,98,6,2,0,1,1.08,SDN202208190
Blake Snell,snelb001,2022-08-24,2022,SDN,CLE,4,3.3,18,79,8,0,3,1,1.08,SDN202208240
Blake Snell,snelb001,2022-08-30,2022,SDN,SFN,8,6.0,25,103,4,3,0,0,1.03,SFN202208300
Blake Snell,snelb001,2022-09-05,2022,SDN,ARI,10,6.0,22,96,4,1,0,1,1.08,SDN202209050
Blake Snell,snelb001,2022-09-10,2022,SDN,LAN,5,4.0,21,84,7,3,0,1,1.08,SDN202209100
Blake Snell,snelb001,2022-09-16,2022,SDN,ARI,7,7.0,25,93,4,0,1,0,1.03,ARI202209160
Blake Snell,snelb001,2022-09-21,2022,SDN,SLN,13,7.0,25,116,2,2,0,1,1.08,SDN202209210
Blake Snell,snelb001,2022-09-27,2022,SDN,LAN,6,5.0,19,95,1,3,0,1,1.08,SDN202209270
Blake Snell,snelb001,2022-10-02,2022,SDN,CHA,6,6.0,22,103,3,1,1,1,1.08,SDN202210020
Gabe Speier,speig001,2022-05-11,2022,KCA,TEX,1,2.0,6,17,0,0,0,0,0.99,TEX202205110
Jeffrey Springs,sprij001,2022-04-28,2022,TBA,SEA,3,2.7,11,43,3,0,0,1,1.05,TBA202204280
Jeffrey Springs,sprij001,2022-05-09,2022,TBA,ANA,4,4.0,15,57,3,0,1,0,0.99,ANA202205090
Jeffrey Springs,sprij001,2022-05-15,2022,TBA,TOR,2,4.7,17,76,4,0,0,1,1.05,TBA202205150
Jeffrey Springs,sprij001,2022-05-21,2022,TBA,BAL,7,5.7,21,80,1,4,0,0,1.0,BAL202205210
Jeffrey Springs,sprij001,2022-05-27,2022,TBA,NYA,6,6.0,23,80,5,0,2,1,1.05,TBA202205270
Jeffrey Springs,sprij001,2022-06-01,2022,TBA,TEX,7,5.0,20,85,5,1,2,0,0.99,TEX202206010
Jeffrey Springs,sprij001,2022-06-07,2022,TBA,SLN,5,6.0,25,92,6,2,0,1,1.05,TBA202206070
Jeffrey Springs,sprij001,2022-06-12,2022,TBA,MIN,5,5.3,20,94,2,2,0,0,1.0,MIN202206120
Jeffrey Springs,sprij001,2022-06-18,2022,TBA,BAL,6,4.3,21,86,7,1,0,0,1.0,BAL202206180
Jeffrey Springs,sprij001,2022-06-24,2022,TBA,PIT,9,6.0,25,102,7,0,3,1,1.05,TBA202206240
Jeffrey Springs,sprij001,2022-07-05,2022,TBA,BOS,5,4.0,19,82,5,2,2,0,0.98,BOS202207050
Jeffrey Springs,sprij001,2022-07-24,2022,TBA,KCA,2,4.3,21,78,8,0,0,0,0.96,KCA202207240
Jeffrey Springs,sprij001,2022-07-29,2022,TBA,CLE,5,5.0,22,92,6,1,1,1,1.05,TBA202207290
Jeffrey Springs,sprij001,2022-08-04,2022,TBA,DET,6,6.0,23,85,4,0,0,0,1.0,DET202208040
Jeffrey Springs,sprij001,2022-08-10,2022,TBA,MIL,8,5.0,21,85,4,2,0,0,1.05,MIL202208100
Jeffrey Springs,sprij001,2022-08-16,2022,TBA,NYA,4,5.0,18,78,2,1,0,0,0.99,NYA202208160
Jeffrey Springs,sprij001,2022-08-22,2022,TBA,ANA,7,5.7,25,98,5,3,0,1,1.05,TBA202208220
Jeffrey Springs,sprij001,2022-08-27,2022,TBA,BOS,8,6.0,25,86,8,1,1,0,0.98,BOS202208270
Jeffrey Springs,sprij001,2022-09-02,2022,TBA,NYA,7,5.7,25,97,4,3,0,1,1.05,TBA202209020
Jeffrey Springs,sprij001,2022-09-07,2022,TBA,BOS,2,3.0,11,39,1,1,0,1,1.05,TBA202209070
Jeffrey Springs,sprij001,2022-09-13,2022,TBA,TOR,5,6.0,23,78,3,2,0,0,1.0,TOR202209131
Jeffrey Springs,sprij001,2022-09-18,2022,TBA,TEX,6,5.7,25,94,6,0,2,1,1.05,TBA202209180
Jeffrey Springs,sprij001,2022-09-23,2022,TBA,TOR,6,5.0,23,83,6,1,0,1,1.05,TBA202209230
Jeffrey Springs,sprij001,2022-09-29,2022,TBA,CLE,5,6.0,22,88,3,0,0,0,1.04,CLE202209290
Jeffrey Springs,sprij001,2022-10-04,2022,TBA,BOS,3,3.0,12,46,2,1,0,0,0.98,BOS202210040
Craig Stammen,stamc001,2022-10-05,2022,SDN,SFN,3,3.0,18,69,6,3,1,1,1.08,SDN202210050
Justin Steele,steej002,2022-04-09,2022,CHN,MIL,5,5.0,18,77,4,1,0,1,0.97,CHN202204090
Justin Steele,steej002,2022-04-14,2022,CHN,COL,4,4.3,20,80,5,2,0,0,0.92,COL202204140
Justin Steele,steej002,2022-04-19,2022,CHN,TBA,1,2.7,14,48,3,3,1,1,0.97,CHN202204190
Justin Steele,steej002,2022-04-24,2022,CHN,PIT,2,3.0,17,79,4,4,0,1,0.97,CHN202204240
Justin Steele,steej002,2022-04-30,2022,CHN,MIL,4,3.0,18,74,7,1,0,0,1.05,MIL202204300
Justin Steele,steej002,2022-05-08,2022,CHN,LAN,3,4.0,17,69,3,2,0,1,0.97,CHN202205080
Justin Steele,steej002,2022-05-15,2022,CHN,ARI,10,6.0,24,90,3,2,0,0,1.03,ARI202205150
Justin Steele,steej002,2022-05-21,2022,CHN,ARI,9,5.0,18,89,1,2,0,1,0.97,CHN202205210
Justin Steele,steej002,2022-05-26,2022,CHN,CIN,2,2.0,14,53,7,2,1,0,1.0,CIN202205260
Justin Steele,steej002,2022-05-31,2022,CHN,MIL,6,5.0,22,102,3,4,0,1,0.97,CHN202205310
Justin Steele,steej002,2022-06-05,2022,CHN,SLN,1,7.0,29,94,7,3,0,1,0.97,CHN202206050
Justin Steele,steej002,2022-06-13,2022,CHN,SDN,3,7.0,27,77,6,0,0,1,0.97,CHN202206130
Justin Steele,steej002,2022-06-18,2022,CHN,ATL,3,5.0,22,90,5,3,1,1,0.97,CHN202206180
Justin Steele,steej002,2022-06-23,2022,CHN,PIT,8,5.7,26,100,7,0,2,0,1.0,PIT202206230
Justin Steele,steej002,2022-06-29,2022,CHN,CIN,6,5.0,22,84,6,3,0,1,0.97,CHN202206290
Justin Steele,steej002,2022-07-04,2022,CHN,MIL,9,6.7,27,108,2,4,0,0,1.05,MIL202207040
Justin Steele,steej002,2022-07-13,2022,CHN,BAL,3,6.0,25,85,6,1,0,1,0.97,CHN202207130
Justin Steele,steej002,2022-07-22,2022,CHN,PHI,2,5.0,23,89,4,4,1,0,1.01,PHI202207220
Justin Steele,steej002,2022-07-28,2022,CHN,SFN,6,3.7,19,84,5,1,0,0,1.03,SFN202207280
Justin Steele,steej002,2022-08-05,2022,CHN,MIA,10,4.7,20,93,4,1,0,1,0.97,CHN202208050
Justin Steele,steej002,2022-08-10,2022,CHN,WAS,9,6.0,25,94,8,0,1,1,0.97,CHN202208100
Justin Steele,steej002,2022-08-16,2022,CHN,WAS,5,6.0,23,96,5,2,0,0,1.01,WAS202208160
Justin Steele,steej002,2022-08-21,2022,CHN,MIL,9,6.0,20,89,2,1,0,1,0.97,CHN202208210
Justin Steele,steej002,2022-08-26,2022,CHN,MIL,6,5.3,22,88,4,4,1,0,1.05,MIL202208260
Jackson Stephens,stepj002,2022-10-05,2022,ATL,MIA,0,3.0,15,56,5,2,0,0,0.98,MIA202210050
Chris Stratton,strac001,2022-07-12,2022,PIT,MIA,0,2.3,9,31,2,0,0,0,0.98,MIA202207120
Stephen Strasburg,stras001,2022-06-09,2022,WAS,MIA,5,4.7,23,83,8,2,1,0,0.98,MIA202206090
Ross Stripling,strir001,2022-04-15,2022,TOR,OAK,3,4.0,14,62,2,0,0,1,1.0,TOR202204150
Ross Stripling,strir001,2022-04-22,2022,TOR,HOU,2,4.0,18,61,5,1,0,0,1.02,HOU202204220
Ross Stripling,strir001,2022-04-27,2022,TOR,BOS,7,5.0,20,84,5,0,0,1,1.0,TOR202204270
Ross Stripling,strir001,2022-05-02,2022,TOR,NYA,3,4.0,18,63,6,0,1,1,1.0,TOR202205020
Ross Stripling,strir001,2022-05-07,2022,TOR,CLE,3,4.0,18,78,5,1,1,0,1.04,CLE202205072
Ross Stripling,strir001,2022-06-06,2022,TOR,KCA,2,5.0,16,56,1,0,0,0,0.96,KCA202206060
Ross Stripling,strir001,2022-06-12,2022,TOR,DET,4,6.0,18,74,1,0,0,0,1.0,DET202206120
Ross Stripling,strir001,2022-06-17,2022,TOR,NYA,3,3.7,18,84,5,2,0,1,1.0,TOR202206170
Ross Stripling,strir001,2022-06-22,2022,TOR,CHA,5,6.0,22,87,5,1,0,0,0.99,CHA202206220
Ross Stripling,strir001,2022-06-28,2022,TOR,BOS,3,5.0,20,81,5,1,1,1,1.0,TOR202206280
Ross Stripling,strir001,2022-07-03,2022,TOR,TBA,3,4.7,21,86,7,1,1,1,1.0,TOR202207030
Ross Stripling,strir001,2022-07-08,2022,TOR,SEA,6,5.0,22,94,7,1,0,0,1.04,SEA202207080
Ross Stripling,strir001,2022-07-13,2022,TOR,PHI,6,7.0,24,81,2,0,1,1,1.0,TOR202207130
Ross Stripling,strir001,2022-07-24,2022,TOR,BOS,1,4.0,17,62,5,1,0,0,0.98,BOS202207240
Ross Stripling,strir001,2022-07-30,2022,TOR,DET,5,4.3,18,58,5,0,0,1,1.0,TOR202207300
Ross Stripling,strir001,2022-08-17,2022,TOR,BAL,7,6.3,20,72,1,0,0,1,1.0,TOR202208170
Ross Stripling,strir001,2022-08-23,2022,TOR,BOS,6,6.0,25,86,6,1,0,0,0.98,BOS202208230
Ross Stripling,strir001,2022-08-28,2022,TOR,ANA,6,6.0,25,77,7,0,2,1,1.0,TOR202208280
Ross Stripling,strir001,2022-09-04,2022,TOR,PIT,8,6.0,24,95,2,3,1,0,1.0,PIT202209040
Ross Stripling,strir001,2022-09-09,2022,TOR,TEX,4,6.0,21,68,3,0,1,0,0.99,TEX202209090
Ross Stripling,strir001,2022-09-14,2022,TOR,TBA,4,6.3,23,87,3,1,1,1,1.0,TOR202209140
Ross Stripling,strir001,2022-09-20,2022,TOR,PHI,3,4.0,21,69,9,0,1,0,1.01,PHI202209200
Ross Stripling,strir001,2022-09-25,2022,TOR,TBA,3,5.0,21,76,6,0,0,0,1.05,TBA202209250
Ross Stripling,strir001,2022-10-01,2022,TOR,BOS,3,6.0,22,88,4,0,0,1,1.0,TOR202210010
Spencer Strider,stris002,2022-05-30,2022,ATL,ARI,7,4.3,19,72,4,2,1,0,1.03,ARI202205300
Spencer Strider,stris002,2022-06-04,2022,ATL,COL,5,4.0,19,87,2,5,0,0,0.92,COL202206040
Spencer Strider,stris002,2022-06-10,2022,ATL,PIT,8,5.7,22,92,4,1,0,1,1.02,ATL202206100
Spencer Strider,stris002,2022-06-15,2022,ATL,WAS,11,5.7,21,106,1,2,1,0,1.01,WAS202206150
Spencer Strider,stris002,2022-06-21,2022,ATL,SFN,4,3.7,19,70,6,1,1,1,1.02,ATL202206210
Spencer Strider,stris002,2022-06-26,2022,ATL,LAN,7,6.0,23,95,5,0,0,1,1.02,ATL202206260
Spencer Strider,stris002,2022-07-02,2022,ATL,CIN,11,6.0,21,93,1,1,0,0,1.0,CIN202207020
Spencer Strider,stris002,2022-07-07,2022,ATL,SLN,12,6.0,22,100,2,2,0,1,1.02,ATL202207070
Spencer Strider,stris002,2022-07-12,2022,ATL,NYN,8,4.7,22,103,5,3,0,1,1.02,ATL202207120
Spencer Strider,stris002,2022-07-17,2022,ATL,WAS,4,4.0,18,77,4,2,1,0,1.01,WAS202207170
Spencer Strider,stris002,2022-07-26,2022,ATL,PHI,6,6.0,22,90,3,1,1,0,1.01,PHI202207260
Spencer Strider,stris002,2022-08-02,2022,ATL,PHI,13,6.7,24,98,3,1,0,1,1.02,ATL202208020
Spencer Strider,stris002,2022-08-07,2022,ATL,NYN,5,2.7,16,79,6,2,0,0,1.06,NYN202208070
Spencer Strider,stris002,2022-08-15,2022,ATL,NYN,4,5.0,19,87,3,1,0,1,1.02,ATL202208150
Spencer Strider,stris002,2022-08-20,2022,ATL,HOU,9,6.0,23,104,3,2,1,1,1.02,ATL202208200
Spencer Strider,stris002,2022-08-26,2022,ATL,SLN,7,6.0,25,102,6,1,0,0,1.0,SLN202208260
Spencer Strider,stris002,2022-09-01,2022,ATL,COL,16,8.0,27,106,2,0,0,1,1.02,ATL202209010
Spencer Strider,stris002,2022-09-07,2022,ATL,OAK,9,6.0,23,103,2,3,0,0,1.0,OAK202209070
Spencer Strider,stris002,2022-09-12,2022,ATL,SFN,9,5.0,25,102,9,1,0,0,1.03,SFN202209120
Spencer Strider,stris002,2022-09-18,2022,ATL,PHI,10,6.0,23,104,1,3,1,1,1.02,ATL202209180
Marcus Stroman,strom001,2022-04-10,2022,CHN,MIL,3,5.0,19,79,2,3,1,1,0.97,CHN202204100
Marcus Stroman,strom001,2022-04-15,2022,CHN,COL,4,4.0,19,80,6,1,1,0,0.92,COL202204150
Marcus Stroman,strom001,2022-04-20,2022,CHN,TBA,7,4.3,24,88,8,2,1,1,0.97,CHN202204200
Marcus Stroman,strom001,2022-04-26,2022,CHN,ATL,3,6.0,24,86,6,0,1,0,1.02,ATL202204260
Marcus Stroman,strom001,2022-05-01,2022,CHN,MIL,5,7.0,22,90,2,1,0,0,1.05,MIL202205010
Marcus Stroman,strom001,2022-05-19,2022,CHN,ARI,6,5.0,20,77,5,0,1,1,0.97,CHN202205190
Marcus Stroman,strom001,2022-05-24,2022,CHN,CIN,8,5.0,21,97,4,2,0,0,1.0,CIN202205240
Marcus Stroman,strom001,2022-05-29,2022,CHN,CHA,2,7.0,27,90,3,2,0,0,0.99,CHA202205290
Marcus Stroman,strom001,2022-06-03,2022,CHN,SLN,7,4.0,22,90,10,1,3,1,0.97,CHN202206030
Marcus Stroman,strom001,2022-07-09,2022,CHN,LAN,3,4.0,15,59,2,1,0,0,1.03,LAN202207090
Marcus Stroman,strom001,2022-07-16,2022,CHN,NYN,6,4.3,17,83,1,2,0,1,0.97,CHN202207161
Marcus Stroman,strom001,2022-07-23,2022,CHN,PHI,5,6.0,23,86,5,2,0,0,1.01,PHI202207230
Marcus Stroman,strom001,2022-07-29,2022,CHN,SFN,3,6.0,26,95,8,1,0,0,1.03,SFN202207290
Marcus Stroman,strom001,2022-08-04,2022,CHN,SLN,6,6.7,24,91,5,0,2,0,1.0,SLN202208041
Marcus Stroman,strom001,2022-08-09,2022,CHN,WAS,6,5.0,21,90,5,2,2,1,0.97,CHN202208090
Marcus Stroman,strom001,2022-08-15,2022,CHN,WAS,4,4.7,22,94,6,1,0,0,1.01,WAS202208150
Marcus Stroman,strom001,2022-08-20,2022,CHN,MIL,5,7.7,28,96,2,4,0,1,0.97,CHN202208200
Marcus Stroman,strom001,2022-08-25,2022,CHN,SLN,1,5.0,27,85,11,2,0,1,0.97,CHN202208250
Marcus Stroman,strom001,2022-08-30,2022,CHN,TOR,1,5.0,21,88,3,2,0,0,1.0,TOR202208300
Marcus Stroman,strom001,2022-09-04,2022,CHN,SLN,5,7.0,25,98,5,0,0,0,1.0,SLN202209040
Marcus Stroman,strom001,2022-09-10,2022,CHN,SFN,4,4.0,20,80,7,1,1,1,0.97,CHN202209100
Marcus Stroman,strom001,2022-09-16,2022,CHN,COL,5,7.0,27,85,3,2,1,1,0.97,CHN202209160
Marcus Stroman,strom001,2022-09-21,2022,CHN,MIA,7,6.0,24,96,5,1,2,0,0.98,MIA202209210
Marcus Stroman,strom001,2022-09-27,2022,CHN,PHI,6,7.0,26,97,4,1,0,1,0.97,CHN202209270
Marcus Stroman,strom001,2022-10-02,2022,CHN,CIN,7,6.0,25,81,5,2,0,1,0.97,CHN202210020
José Suarez,suarj001,2022-04-10,2022,ANA,HOU,2,4.3,19,75,2,4,0,1,0.99,ANA202204100
José Suarez,suarj001,2022-04-17,2022,ANA,TEX,3,4.3,20,59,5,3,1,0,0.99,TEX202204170
José Suarez,suarj001,2022-04-24,2022,ANA,BAL,6,4.3,19,78,4,2,1,1,0.99,ANA202204240
José Suarez,suarj001,2022-04-30,2022,ANA,CHA,4,4.0,22,83,8,2,2,0,0.99,CHA202204300
José Suarez,suarj001,2022-06-07,2022,ANA,BOS,3,5.0,23,91,7,2,0,1,0.99,ANA202206070
José Suarez,suarj001,2022-06-18,2022,ANA,SEA,7,4.3,20,95,4,3,0,0,1.04,SEA202206182
José Suarez,suarj001,2022-07-03,2022,ANA,HOU,4,4.7,17,79,4,0,1,0,1.02,HOU202207030
José Suarez,suarj001,2022-07-10,2022,ANA,BAL,1,3.7,17,52,3,2,0,0,1.0,BAL202207100
José Suarez,suarj001,2022-07-16,2022,ANA,LAN,6,3.7,19,79,5,3,3,1,0.99,ANA202207160
José Suarez,suarj001,2022-07-26,2022,ANA,KCA,3,5.3,21,78,3,1,0,0,0.96,KCA202207260
José Suarez,suarj001,2022-08-02,2022,ANA,OAK,5,5.0,23,91,5,2,0,1,0.99,ANA202208020
José Suarez,suarj001,2022-08-08,2022,ANA,OAK,8,7.0,25,97,2,2,0,0,1.0,OAK202208080
José Suarez,suarj001,2022-08-16,2022,ANA,SEA,5,5.3,20,82,4,0,0,1,0.99,ANA202208160
José Suarez,suarj001,2022-08-23,2022,ANA,TBA,5,5.3,24,90,8,0,1,0,1.05,TBA202208230
José Suarez,suarj001,2022-08-29,2022,ANA,NYA,6,6.0,24,87,3,3,1,1,0.99,ANA202208290
José Suarez,suarj001,2022-09-05,2022,ANA,DET,7,7.0,26,92,3,1,0,1,0.99,ANA202209050
José Suarez,suarj001,2022-09-13,2022,ANA,CLE,3,5.3,24,91,9,0,1,0,1.04,CLE202209130
José Suarez,suarj001,2022-09-19,2022,ANA,SEA,4,5.0,23,87,7,1,1,1,0.99,ANA202209190
José Suarez,suarj001,2022-09-25,2022,ANA,MIN,6,5.7,26,95,8,1,0,0,1.0,MIN202209250
José Suarez,suarj001,2022-10-01,2022,ANA,TEX,6,7.0,23,90,2,0,1,1,0.99,ANA202210010
Ranger Suárez,suarr001,2022-04-11,2022,PHI,NYN,1,2.7,16,63,5,1,0,1,1.01,PHI202204110
Ranger Suárez,suarr001,2022-04-16,2022,PHI,MIA,4,5.0,22,78,6,3,1,0,0.98,MIA202204160
Ranger Suárez,suarr001,2022-04-22,2022,PHI,MIL,4,4.7,21,89,4,3,0,1,1.01,PHI202204220
Ranger Suárez,suarr001,2022-04-27,2022,PHI,COL,3,6.0,24,97,7,1,1,1,1.01,PHI202204270
Ranger Suárez,suarr001,2022-05-03,2022,PHI,TEX,3,5.0,24,93,6,2,2,1,1.01,PHI202205030
Ranger Suárez,suarr001,2022-05-09,2022,PHI,SEA,7,6.0,25,104,4,2,0,0,1.04,SEA202205090
Ranger Suárez,suarr001,2022-05-14,2022,PHI,LAN,6,7.0,27,102,5,1,1,0,1.03,LAN202205140
Ranger Suárez,suarr001,2022-05-20,2022,PHI,LAN,5,3.0,15,84,5,2,0,1,1.01,PHI202205200
Ranger Suárez,suarr001,2022-05-25,2022,PHI,ATL,4,4.3,21,88,6,4,1,0,1.02,ATL202205250
Ranger Suárez,suarr001,2022-05-31,2022,PHI,SFN,5,4.3,21,100,5,3,0,1,1.01,PHI202205310
Ranger Suárez,suarr001,2022-06-07,2022,PHI,MIL,5,7.0,26,92,6,0,0,0,1.05,MIL202206070
Ranger Suárez,suarr001,2022-06-12,2022,PHI,ARI,2,4.3,22,88,4,4,0,1,1.01,PHI202206120
Ranger Suárez,suarr001,2022-06-17,2022,PHI,WAS,5,5.7,24,94,6,3,1,0,1.01,WAS202206171
Ranger Suárez,suarr001,2022-06-23,2022,PHI,SDN,3,7.3,30,94,7,2,1,0,1.08,SDN202206230
Ranger Suárez,suarr001,2022-06-29,2022,PHI,ATL,7,6.7,26,110,6,2,1,1,1.01,PHI202206290
Ranger Suárez,suarr001,2022-07-16,2022,PHI,MIA,4,5.0,18,64,4,0,0,0,0.98,MIA202207160
Ranger Suárez,suarr001,2022-07-25,2022,PHI,ATL,4,5.0,20,78,4,1,0,1,1.01,PHI202207250
Ranger Suárez,suarr001,2022-07-30,2022,PHI,PIT,8,6.0,23,84,3,1,0,0,1.0,PIT202207300
Ranger Suárez,suarr001,2022-08-06,2022,PHI,WAS,5,5.3,24,96,7,2,1,1,1.01,PHI202208060
Ranger Suárez,suarr001,2022-08-12,2022,PHI,NYN,4,7.0,25,93,3,2,0,0,1.06,NYN202208120
Ranger Suárez,suarr001,2022-08-17,2022,PHI,CIN,8,7.0,26,95,3,2,0,0,1.0,CIN202208170
Ranger Suárez,suarr001,2022-08-23,2022,PHI,CIN,5,5.7,26,99,6,4,0,1,1.01,PHI202208230
Ranger Suárez,suarr001,2022-08-29,2022,PHI,ARI,4,3.7,19,74,5,2,0,0,1.03,ARI202208290
Ranger Suárez,suarr001,2022-09-04,2022,PHI,SFN,4,4.0,17,69,4,2,0,0,1.03,SFN202209040
Ranger Suárez,suarr001,2022-09-10,2022,PHI,WAS,4,6.7,28,103,7,1,1,1,1.01,PHI202209100
Ranger Suárez,suarr001,2022-09-16,2022,PHI,ATL,4,6.0,23,91,2,3,1,0,1.02,ATL202209160
Ranger Suárez,suarr001,2022-09-22,2022,PHI,ATL,4,6.0,25,83,5,2,0,1,1.01,PHI202209220
Ranger Suárez,suarr001,2022-09-29,2022,PHI,CHN,5,6.0,26,92,7,1,0,0,0.97,CHN202209290
Ranger Suárez,suarr001,2022-10-04,2022,PHI,HOU,2,3.0,18,67,7,2,3,0,1.02,HOU202210040
Erik Swanson,swane001,2022-07-13,2022,SEA,WAS,1,2.0,6,25,0,0,0,0,1.01,WAS202207132
Matt Swarmer,swarm001,2022-05-30,2022,CHN,MIL,6,6.0,24,92,5,1,2,1,0.97,CHN202205301
Matt Swarmer,swarm001,2022-06-04,2022,CHN,SLN,5,6.0,22,86,2,2,1,1,0.97,CHN202206041
Matt Swarmer,swarm001,2022-06-11,2022,CHN,NYA,4,5.0,22,90,7,0,6,0,0.99,NYA202206110
Matt Swarmer,swarm001,2022-06-16,2022,CHN,SDN,4,3.7,20,86,4,5,1,1,0.97,CHN202206160
Matt Swarmer,swarm001,2022-06-21,2022,CHN,PIT,5,4.0,19,90,5,2,1,0,1.0,PIT202206210
Noah Syndergaard,syndn001,2022-04-09,2022,ANA,HOU,1,5.3,20,76,2,2,0,1,0.99,ANA202204090
Noah Syndergaard,syndn001,2022-04-16,2022,ANA,TEX,4,6.0,23,82,5,0,0,0,0.99,TEX202204160
Noah Syndergaard,syndn001,2022-04-23,2022,ANA,BAL,6,5.7,24,88,3,2,0,1,0.99,ANA202204230
Noah Syndergaard,syndn001,2022-05-03,2022,ANA,BOS,3,7.0,29,100,8,1,1,0,0.98,BOS202205030
Noah Syndergaard,syndn001,2022-05-09,2022,ANA,TBA,7,5.3,24,97,7,1,1,1,0.99,ANA202205090
Noah Syndergaard,syndn001,2022-05-16,2022,ANA,TEX,1,0.7,9,42,4,2,0,0,0.99,TEX202205160
Noah Syndergaard,syndn001,2022-05-24,2022,ANA,TEX,5,8.0,27,93,4,0,1,1,0.99,ANA202205240
Noah Syndergaard,syndn001,2022-05-31,2022,ANA,NYA,0,2.3,14,45,7,1,1,0,0.99,NYA202205310
Noah Syndergaard,syndn001,2022-06-06,2022,ANA,BOS,3,6.0,25,99,5,1,0,1,0.99,ANA202206060
Noah Syndergaard,syndn001,2022-06-14,2022,ANA,LAN,5,4.7,19,82,2,3,0,0,1.03,LAN202206140
Noah Syndergaard,syndn001,2022-06-20,2022,ANA,KCA,5,7.3,31,91,8,2,2,1,0.99,ANA202206200
Noah Syndergaard,syndn001,2022-06-27,2022,ANA,CHA,7,7.0,27,79,6,1,0,1,0.99,ANA202206270
Noah Syndergaard,syndn001,2022-07-05,2022,ANA,MIA,8,5.0,20,92,5,0,2,0,0.98,MIA202207050
Noah Syndergaard,syndn001,2022-07-12,2022,ANA,HOU,3,4.0,20,78,3,4,1,1,0.99,ANA202207120
Noah Syndergaard,syndn001,2022-07-25,2022,ANA,KCA,6,5.7,26,96,6,2,0,0,0.96,KCA202207250
Noah Syndergaard,syndn001,2022-08-04,2022,PHI,WAS,2,5.0,25,79,11,0,0,1,1.01,PHI202208040
Noah Syndergaard,syndn001,2022-08-10,2022,PHI,MIA,4,6.0,24,95,6,2,0,1,1.01,PHI202208100
Noah Syndergaard,syndn001,2022-08-15,2022,PHI,CIN,6,7.0,28,77,8,0,1,0,1.0,CIN202208150
Noah Syndergaard,syndn001,2022-08-22,2022,PHI,CIN,1,7.0,25,89,3,2,1,1,1.01,PHI202208220
Noah Syndergaard,syndn001,2022-08-28,2022,PHI,PIT,5,5.7,26,95,9,1,0,1,1.01,PHI202208280
Noah Syndergaard,syndn001,2022-09-03,2022,PHI,SFN,3,4.3,21,75,7,1,0,0,1.03,SFN202209030
Noah Syndergaard,syndn001,2022-09-09,2022,PHI,WAS,2,6.0,25,86,8,0,1,1,1.01,PHI202209090
Noah Syndergaard,syndn001,2022-09-15,2022,PHI,MIA,3,6.0,24,82,6,1,2,0,0.98,MIA202209150
Noah Syndergaard,syndn001,2022-10-01,2022,PHI,WAS,3,5.7,21,78,2,2,0,0,1.01,WAS202210012
Thomas Szapucki,szapt001,2022-05-25,2022,NYN,SFN,2,1.3,13,49,7,3,4,0,1.03,SFN202205250
Jameson Taillon,tailj001,2022-04-11,2022,NYA,TOR,6,5.0,20,72,5,0,1,1,0.99,NYA202204110
Jameson Taillon,tailj001,2022-04-16,2022,NYA,BAL,2,4.7,18,69,3,1,1,0,1.0,BAL202204160
Jameson Taillon,tailj001,2022-04-22,2022,NYA,CLE,5,5.0,21,84,7,0,1,1,0.99,NYA202204220
Jameson Taillon,tailj001,2022-04-28,2022,NYA,BAL,4,4.7,22,83,7,1,0,1,0.99,NYA202204280
Jameson Taillon,tailj001,2022-05-03,2022,NYA,TOR,4,6.0,24,71,5,0,0,0,1.0,TOR202205030
Jameson Taillon,tailj001,2022-05-11,2022,NYA,TOR,4,5.3,24,85,6,1,0,1,0.99,NYA202205110
Jameson Taillon,tailj001,2022-05-17,2022,NYA,BAL,2,5.0,22,82,6,1,1,0,1.0,BAL202205170
Jameson Taillon,tailj001,2022-05-22,2022,NYA,CHA,7,7.0,27,94,5,1,0,1,0.99,NYA202205221
Jameson Taillon,tailj001,2022-05-27,2022,NYA,TBA,5,8.0,25,93,2,0,0,0,1.05,TBA202205270
Jameson Taillon,tailj001,2022-06-02,2022,NYA,ANA,5,8.0,26,101,2,0,0,1,0.99,NYA202206022
Jameson Taillon,tailj001,2022-06-07,2022,NYA,MIN,3,4.0,22,87,9,1,1,0,1.0,MIN202206070
Jameson Taillon,tailj001,2022-06-12,2022,NYA,CHN,5,5.0,22,95,8,1,1,1,0.99,NYA202206120
Jameson Taillon,tailj001,2022-06-18,2022,NYA,TOR,8,5.7,22,88,4,2,0,0,1.0,TOR202206180
Jameson Taillon,tailj001,2022-06-23,2022,NYA,HOU,3,5.7,28,90,10,0,2,1,0.99,NYA202206230
Jameson Taillon,tailj001,2022-06-29,2022,NYA,OAK,6,5.0,25,101,7,2,0,1,0.99,NYA202206290
Jameson Taillon,tailj001,2022-07-05,2022,NYA,PIT,5,5.3,22,94,6,0,2,0,1.0,PIT202207050
Jameson Taillon,tailj001,2022-07-10,2022,NYA,BOS,3,5.0,23,91,7,1,3,0,0.98,BOS202207100
Jameson Taillon,tailj001,2022-07-16,2022,NYA,BOS,5,6.0,20,79,2,0,1,1,0.99,NYA202207160
Jameson Taillon,tailj001,2022-07-22,2022,NYA,BAL,2,2.7,14,67,4,3,0,0,1.0,BAL202207220
Jameson Taillon,tailj001,2022-07-28,2022,NYA,KCA,8,6.0,24,98,4,2,0,1,0.99,NYA202207280
Jameson Taillon,tailj001,2022-08-02,2022,NYA,SEA,6,4.7,21,98,2,4,2,1,0.99,NYA202208020
Jameson Taillon,tailj001,2022-08-08,2022,NYA,SEA,6,7.0,27,108,3,3,2,0,1.04,SEA202208080
Jameson Taillon,tailj001,2022-08-14,2022,NYA,BOS,4,7.0,26,93,6,0,1,0,0.98,BOS202208140
Jameson Taillon,tailj001,2022-08-19,2022,NYA,TOR,5,5.0,21,80,6,0,1,1,0.99,NYA202208190
Jameson Taillon,tailj001,2022-08-25,2022,NYA,OAK,2,6.0,24,101,6,0,1,0,1.0,OAK202208250
Jameson Taillon,tailj001,2022-08-30,2022,NYA,ANA,2,2.0,8,33,2,0,1,0,0.99,ANA202208300
Jameson Taillon,tailj001,2022-09-05,2022,NYA,MIN,3,5.0,22,83,6,2,1,1,0.99,NYA202209050
Jameson Taillon,tailj001,2022-09-10,2022,NYA,TBA,8,7.3,29,97,6,1,0,1,0.99,NYA202209100
Jameson Taillon,tailj001,2022-09-17,2022,NYA,MIL,4,5.0,21,94,4,2,1,0,1.05,MIL202209170
Jameson Taillon,tailj001,2022-09-22,2022,NYA,BOS,8,6.0,23,101,4,1,0,1,0.99,NYA202209220
Jameson Taillon,tailj001,2022-09-27,2022,NYA,TOR,6,7.3,27,94,7,0,1,0,1.0,TOR202209270
Jameson Taillon,tailj001,2022-10-04,2022,NYA,TEX,5,6.0,28,97,7,2,1,0,0.99,TEX202210041
Jackson Tetreault,tetrj001,2022-06-14,2022,WAS,ATL,2,4.0,22,91,9,1,3,1,1.01,WAS202206140
Jackson Tetreault,tetrj001,2022-06-19,2022,WAS,PHI,2,7.0,30,91,6,2,0,1,1.01,WAS202206190
Jackson Tetreault,tetrj001,2022-06-26,2022,WAS,TEX,4,6.0,23,99,4,2,0,0,0.99,TEX202206260
Jackson Tetreault,tetrj001,2022-07-02,2022,WAS,MIA,1,4.0,21,84,4,5,1,1,1.01,WAS202207020
Keegan Thompson,thomk002,2022-05-11,2022,CHN,SDN,1,4.0,18,61,5,2,1,0,1.08,SDN202205110
Keegan Thompson,thomk002,2022-05-17,2022,CHN,PIT,5,5.0,17,65,4,0,0,1,0.97,CHN202205170
Keegan Thompson,thomk002,2022-05-28,2022,CHN,CHA,4,5.0,20,77,5,1,1,0,0.99,CHA202205280
Keegan Thompson,thomk002,2022-06-02,2022,CHN,SLN,3,5.3,23,89,5,3,0,1,0.97,CHN202206020
Keegan Thompson,thomk002,2022-06-07,2022,CHN,BAL,1,3.0,16,50,5,1,3,0,1.0,BAL202206070
Keegan Thompson,thomk002,2022-06-12,2022,CHN,NYA,0,0.7,9,37,3,3,0,0,0.99,NYA202206120
Keegan Thompson,thomk002,2022-06-17,2022,CHN,ATL,9,6.0,22,92,2,2,0,1,0.97,CHN202206170
Keegan Thompson,thomk002,2022-06-22,2022,CHN,PIT,7,6.0,24,94,4,1,1,0,1.0,PIT202206220
Keegan Thompson,thomk002,2022-06-28,2022,CHN,CIN,8,6.3,26,86,8,0,0,1,0.97,CHN202206280
Keegan Thompson,thomk002,2022-07-03,2022,CHN,BOS,3,4.0,20,86,6,3,0,1,0.97,CHN202207030
Keegan Thompson,thomk002,2022-07-08,2022,CHN,LAN,8,5.7,22,96,2,1,0,0,1.03,LAN202207080
Keegan Thompson,thomk002,2022-07-14,2022,CHN,NYN,1,4.3,25,92,8,4,0,1,0.97,CHN202207140
Keegan Thompson,thomk002,2022-07-26,2022,CHN,PIT,7,7.0,26,97,4,0,1,1,0.97,CHN202207260
Keegan Thompson,thomk002,2022-08-02,2022,CHN,SLN,1,4.7,24,86,10,2,2,0,1.0,SLN202208020
Keegan Thompson,thomk002,2022-08-08,2022,CHN,WAS,3,6.0,23,85,5,0,1,1,0.97,CHN202208080
Keegan Thompson,thomk002,2022-08-14,2022,CHN,CIN,2,1.7,10,70,2,3,1,0,1.0,CIN202208140
Keegan Thompson,thomk002,2022-08-19,2022,CHN,MIL,3,3.7,20,71,6,3,3,1,0.97,CHN202208190
Zach Thompson,thomz001,2022-04-13,2022,PIT,CHN,3,4.0,18,67,5,1,1,1,1.0,PIT202204130
Zach Thompson,thomz001,2022-04-18,2022,PIT,MIL,5,4.0,22,89,6,4,1,0,1.05,MIL202204180
Zach Thompson,thomz001,2022-04-23,2022,PIT,CHN,1,2.0,19,57,9,2,1,0,0.97,CHN202204230
Zach Thompson,thomz001,2022-04-29,2022,PIT,SDN,3,4.3,18,80,3,2,1,1,1.0,PIT202204290
Zach Thompson,thomz001,2022-05-08,2022,PIT,CIN,6,5.0,19,79,2,0,0,0,1.0,CIN202205080
Zach Thompson,thomz001,2022-05-14,2022,PIT,CIN,3,6.0,21,76,1,3,0,1,1.0,PIT202205140
Zach Thompson,thomz001,2022-05-20,2022,PIT,SLN,2,5.0,20,80,5,1,0,1,1.0,PIT202205200
Zach Thompson,thomz001,2022-05-25,2022,PIT,COL,3,3.0,15,65,7,0,1,1,1.0,PIT202205250
Zach Thompson,thomz001,2022-05-30,2022,PIT,LAN,4,5.7,22,96,4,1,2,0,1.03,LAN202205300
Zach Thompson,thomz001,2022-06-05,2022,PIT,ARI,4,5.0,21,84,4,2,0,1,1.0,PIT202206050
Zach Thompson,thomz001,2022-06-11,2022,PIT,ATL,4,5.0,20,67,3,1,2,0,1.02,ATL202206110
Zach Thompson,thomz001,2022-06-17,2022,PIT,SFN,2,4.3,18,83,4,5,2,1,1.0,PIT202206170
Zach Thompson,thomz001,2022-07-03,2022,PIT,MIL,2,4.7,18,67,4,1,1,1,1.0,PIT202207030
Zach Thompson,thomz001,2022-07-09,2022,PIT,MIL,4,4.7,22,88,6,3,1,0,1.05,MIL202207090
Zach Thompson,thomz001,2022-07-14,2022,PIT,MIA,2,6.7,26,100,4,3,0,0,0.98,MIA202207140
Zach Thompson,thomz001,2022-07-22,2022,PIT,MIA,2,5.3,27,89,9,2,0,1,1.0,PIT202207220
Zach Thompson,thomz001,2022-07-28,2022,PIT,PHI,4,5.7,28,99,11,0,1,1,1.0,PIT202207280
Zach Thompson,thomz001,2022-08-04,2022,PIT,MIL,5,4.3,18,75,4,1,2,1,1.0,PIT202208040
Zach Thompson,thomz001,2022-08-09,2022,PIT,ARI,2,4.7,22,85,5,3,0,0,1.03,ARI202208090
Zach Thompson,thomz001,2022-08-14,2022,PIT,SFN,5,4.0,22,90,7,2,1,0,1.03,SFN202208140
Zach Thompson,thomz001,2022-08-21,2022,PIT,CIN,5,5.0,24,78,8,3,2,1,1.0,PIT202208210
Zach Thompson,thomz001,2022-08-31,2022,PIT,MIL,5,4.0,16,62,3,1,0,0,1.05,MIL202208310
Zack Thompson,thomz002,2022-06-13,2022,SLN,PIT,2,5.0,24,92,7,2,2,1,1.0,SLN202206130
Jesús Tinoco,tinoj001,2022-09-27,2022,TEX,SEA,2,2.0,7,36,0,1,0,0,1.04,SEA202209270
Jesús Tinoco,tinoj001,2022-10-04,2022,TEX,NYA,2,1.0,7,23,3,1,1,1,0.99,TEX202210042
Touki Toussaint,toust001,2022-08-10,2022,ANA,OAK,6,5.0,17,71,2,2,0,0,1.0,OAK202208100
Touki Toussaint,toust001,2022-08-17,2022,ANA,SEA,3,2.7,16,62,3,4,0,1,0.99,ANA202208170
Duane Underwood,unded001,2022-09-07,2022,PIT,NYN,1,1.0,5,18,2,0,0,1,1.0,PIT202209071
José Ureña,urenj001,2022-07-06,2022,COL,LAN,2,6.7,26,89,5,3,0,0,1.03,LAN202207060
José Ureña,urenj001,2022-07-11,2022,COL,SDN,3,6.0,27,90,7,3,1,1,0.92,COL202207110
José Ureña,urenj001,2022-07-16,2022,COL,PIT,4,6.0,24,94,5,2,0,1,0.92,COL202207160
José Ureña,urenj001,2022-07-23,2022,COL,MIL,5,5.3,23,87,6,2,1,0,1.05,MIL202207230
José Ureña,urenj001,2022-07-28,2022,COL,LAN,2,3.0,22,85,8,3,0,1,0.92,COL202207280
José Ureña,urenj001,2022-08-02,2022,COL,SDN,1,4.0,18,72,3,3,0,0,1.08,SDN202208022
José Ureña,urenj001,2022-08-07,2022,COL,ARI,2,6.0,25,88,7,3,2,0,1.03,ARI202208070
José Ureña,urenj001,2022-08-13,2022,COL,ARI,5,6.0,25,94,7,2,3,1,0.92,COL202208130
José Ureña,urenj001,2022-08-19,2022,COL,SFN,3,6.7,25,94,3,2,1,1,0.92,COL202208190
José Ureña,urenj001,2022-08-24,2022,COL,TEX,1,1.3,16,60,9,3,0,1,0.92,COL202208240
José Ureña,urenj001,2022-08-30,2022,COL,ATL,6,5.0,24,102,6,2,0,0,1.02,ATL202208300
José Ureña,urenj001,2022-09-04,2022,COL,CIN,1,5.3,25,84,8,1,0,0,1.0,CIN202209042
José Ureña,urenj001,2022-09-10,2022,COL,ARI,5,5.3,21,81,5,2,0,1,0.92,COL202209100
José Ureña,urenj001,2022-09-17,2022,COL,CHN,4,6.0,27,100,7,2,0,0,0.97,CHN202209170
José Ureña,urenj001,2022-09-22,2022,COL,SFN,6,5.7,23,94,7,1,1,1,0.92,COL202209220
José Ureña,urenj001,2022-09-28,2022,COL,SFN,6,5.0,23,95,4,4,0,0,1.03,SFN202209280
José Ureña,urenj001,2022-10-03,2022,COL,LAN,4,6.0,22,91,5,0,1,0,1.03,LAN202210030
Julio Urías,uriaj001,2022-04-10,2022,LAN,COL,0,2.0,16,57,6,2,1,0,0.92,COL202204100
Julio Urías,uriaj001,2022-04-16,2022,LAN,CIN,5,5.0,16,65,1,1,0,1,1.03,LAN202204160
Julio Urías,uriaj001,2022-04-22,2022,LAN,SDN,6,5.0,20,75,2,3,0,0,1.08,SDN202204220
Julio Urías,uriaj001,2022-04-27,2022,LAN,ARI,4,6.0,21,81,1,2,1,0,1.03,ARI202204270
Julio Urías,uriaj001,2022-05-03,2022,LAN,SFN,4,6.0,21,65,4,0,0,1,1.03,LAN202205030
Julio Urías,uriaj001,2022-05-09,2022,LAN,PIT,4,6.0,27,80,11,0,1,0,1.0,PIT202205090
Julio Urías,uriaj001,2022-05-14,2022,LAN,PHI,3,6.0,26,75,8,0,4,1,1.03,LAN202205140
Julio Urías,uriaj001,2022-05-20,2022,LAN,PHI,5,5.0,17,80,2,0,0,0,1.01,PHI202205200
Julio Urías,uriaj001,2022-05-25,2022,LAN,WAS,3,6.0,22,87,4,3,0,0,1.01,WAS202205250
Julio Urías,uriaj001,2022-05-31,2022,LAN,PIT,8,6.0,27,91,8,1,2,1,1.03,LAN202205310
Julio Urías,uriaj001,2022-06-05,2022,LAN,NYN,4,5.3,22,90,3,3,1,1,1.03,LAN202206050
Julio Urías,uriaj001,2022-06-12,2022,LAN,SFN,10,6.0,21,87,3,0,2,0,1.03,SFN202206120
Julio Urías,uriaj001,2022-06-18,2022,LAN,CLE,6,6.0,23,87,2,2,0,1,1.03,LAN202206180
Julio Urías,uriaj001,2022-06-24,2022,LAN,ATL,9,6.0,23,94,3,2,0,0,1.02,ATL202206240
Julio Urías,uriaj001,2022-06-29,2022,LAN,COL,5,5.3,22,89,6,1,0,0,0.92,COL202206290
Julio Urías,uriaj001,2022-07-04,2022,LAN,COL,7,6.0,24,99,5,1,1,1,1.03,LAN202207040
Julio Urías,uriaj001,2022-07-10,2022,LAN,CHN,3,2.0,12,59,3,1,1,1,1.03,LAN202207100
Julio Urías,uriaj001,2022-07-16,2022,LAN,ANA,8,7.0,27,91,5,0,1,0,0.99,ANA202207160
Julio Urías,uriaj001,2022-07-23,2022,LAN,SFN,5,6.0,22,91,2,2,0,1,1.03,LAN202207230
Julio Urías,uriaj001,2022-07-29,2022,LAN,COL,4,7.0,24,89,4,0,0,0,0.92,COL202207290
Julio Urías,uriaj001,2022-08-03,2022,LAN,SFN,6,6.0,25,96,7,0,0,0,1.03,SFN202208030
Julio Urías,uriaj001,2022-08-09,2022,LAN,MIN,8,7.0,26,90,5,0,0,1,1.03,LAN202208090
Julio Urías,uriaj001,2022-08-15,2022,LAN,MIL,6,5.0,20,94,4,2,0,0,1.05,MIL202208150
Julio Urías,uriaj001,2022-08-22,2022,LAN,MIL,7,6.0,22,84,2,1,1,1,1.03,LAN202208220
Julio Urías,uriaj001,2022-08-28,2022,LAN,MIA,7,6.0,23,101,1,4,1,0,0.98,MIA202208280
Julio Urías,uriaj001,2022-09-03,2022,LAN,SDN,2,6.0,23,78,2,3,1,1,1.03,LAN202209030
Julio Urías,uriaj001,2022-09-10,2022,LAN,SDN,5,7.0,26,83,5,2,2,0,1.08,SDN202209100
Julio Urías,uriaj001,2022-09-17,2022,LAN,SFN,8,6.0,25,98,5,1,1,0,1.03,SFN202209170
Julio Urías,uriaj001,2022-09-22,2022,LAN,ARI,5,5.3,21,89,3,1,0,1,1.03,LAN202209220
Julio Urías,uriaj001,2022-09-28,2022,LAN,SDN,5,6.0,24,92,6,2,0,0,1.08,SDN202209280
Julio Urías,uriaj001,2022-10-04,2022,LAN,COL,4,5.0,21,83,4,1,2,1,1.03,LAN202210040
José Urquidy,urquj001,2022-04-10,2022,HOU,ANA,2,5.0,18,72,4,0,1,0,0.99,ANA202204100
José Urquidy,urquj001,2022-04-17,2022,HOU,SEA,2,4.0,21,70,8,1,1,0,1.04,SEA202204170
José Urquidy,urquj001,2022-04-23,2022,HOU,TOR,3,5.7,23,86,6,1,1,1,1.02,HOU202204230
José Urquidy,urquj001,2022-04-29,2022,HOU,TOR,6,5.0,24,90,7,1,1,0,1.0,TOR202204290
José Urquidy,urquj001,2022-05-05,2022,HOU,DET,3,6.0,23,91,6,1,0,1,1.02,HOU202205050
José Urquidy,urquj001,2022-05-11,2022,HOU,MIN,3,3.0,12,44,3,0,0,0,1.0,MIN202205110
José Urquidy,urquj001,2022-05-17,2022,HOU,BOS,1,5.0,27,99,12,0,2,0,0.98,BOS202205170
José Urquidy,urquj001,2022-05-22,2022,HOU,TEX,10,6.7,27,98,6,1,1,1,1.02,HOU202205220
José Urquidy,urquj001,2022-05-28,2022,HOU,SEA,4,4.7,30,93,12,2,1,0,1.04,SEA202205280
José Urquidy,urquj001,2022-06-03,2022,HOU,KCA,6,6.0,24,91,5,1,1,0,0.96,KCA202206030
José Urquidy,urquj001,2022-06-08,2022,HOU,SEA,3,4.3,24,91,7,4,2,1,1.02,HOU202206080
José Urquidy,urquj001,2022-06-14,2022,HOU,TEX,4,6.0,23,84,5,0,1,0,0.99,TEX202206140
José Urquidy,urquj001,2022-06-21,2022,HOU,NYN,5,6.0,24,104,4,1,1,1,1.02,HOU202206210
José Urquidy,urquj001,2022-06-26,2022,HOU,NYA,3,7.0,24,100,1,3,1,0,0.99,NYA202206260
José Urquidy,urquj001,2022-07-02,2022,HOU,ANA,8,6.0,23,104,2,3,1,1,1.02,HOU202207020
José Urquidy,urquj001,2022-07-08,2022,HOU,OAK,2,8.0,29,98,4,1,1,0,1.0,OAK202207080
José Urquidy,urquj001,2022-07-15,2022,HOU,OAK,9,6.3,25,97,6,0,0,1,1.02,HOU202207150
José Urquidy,urquj001,2022-07-22,2022,HOU,SEA,3,6.0,23,105,4,2,1,0,1.04,SEA202207220
José Urquidy,urquj001,2022-07-28,2022,HOU,SEA,3,6.7,25,106,4,2,0,1,1.02,HOU202207280
José Urquidy,urquj001,2022-08-03,2022,HOU,BOS,10,7.0,24,94,2,0,0,1,1.02,HOU202208030
José Urquidy,urquj001,2022-08-09,2022,HOU,TEX,4,5.0,24,96,5,2,3,1,1.02,HOU202208090
José Urquidy,urquj001,2022-08-15,2022,HOU,CHA,4,7.7,28,94,6,0,0,0,0.99,CHA202208150
José Urquidy,urquj001,2022-08-21,2022,HOU,ATL,6,7.0,26,98,5,2,1,0,1.02,ATL202208210
José Urquidy,urquj001,2022-08-27,2022,HOU,BAL,5,5.0,22,102,4,3,2,1,1.02,HOU202208270
José Urquidy,urquj001,2022-09-04,2022,HOU,ANA,8,7.0,26,111,4,1,0,0,0.99,ANA202209040
José Urquidy,urquj001,2022-09-10,2022,HOU,ANA,4,5.0,25,88,10,1,1,1,1.02,HOU202209100
José Urquidy,urquj001,2022-09-17,2022,HOU,OAK,6,6.0,27,93,7,2,2,1,1.02,HOU202209170
José Urquidy,urquj001,2022-09-23,2022,HOU,BAL,6,5.3,20,94,3,1,1,0,1.0,BAL202209230
Framber Valdez,valdf001,2022-04-07,2022,HOU,ANA,6,6.7,22,84,2,1,0,0,0.99,ANA202204070
Framber Valdez,valdf001,2022-04-13,2022,HOU,ARI,3,3.0,17,75,2,5,0,0,1.03,ARI202204130
Framber Valdez,valdf001,2022-04-19,2022,HOU,ANA,3,4.3,23,80,8,4,0,1,1.02,HOU202204190
Framber Valdez,valdf001,2022-04-25,2022,HOU,TEX,5,6.0,25,97,4,2,0,0,0.99,TEX202204250
Framber Valdez,valdf001,2022-05-01,2022,HOU,TOR,2,6.3,24,101,2,2,1,0,1.0,TOR202205010
Framber Valdez,valdf001,2022-05-07,2022,HOU,DET,7,6.0,27,96,9,1,0,1,1.02,HOU202205070
Framber Valdez,valdf001,2022-05-13,2022,HOU,WAS,6,7.7,31,105,7,2,0,0,1.01,WAS202205130
Framber Valdez,valdf001,2022-05-19,2022,HOU,TEX,7,7.0,29,96,6,2,0,1,1.02,HOU202205190
Framber Valdez,valdf001,2022-05-24,2022,HOU,CLE,4,7.0,28,106,7,0,1,1,1.02,HOU202205240
Framber Valdez,valdf001,2022-05-30,2022,HOU,OAK,7,9.0,30,114,2,3,0,0,1.0,OAK202205300
Framber Valdez,valdf001,2022-06-05,2022,HOU,KCA,5,6.0,24,82,4,3,1,0,0.96,KCA202206050
Framber Valdez,valdf001,2022-06-11,2022,HOU,MIA,6,6.0,27,97,4,3,0,1,1.02,HOU202206110
Framber Valdez,valdf001,2022-06-17,2022,HOU,CHA,7,6.0,25,91,8,0,1,1,1.02,HOU202206170
Framber Valdez,valdf001,2022-06-23,2022,HOU,NYA,7,6.0,23,101,2,3,1,0,0.99,NYA202206230
Framber Valdez,valdf001,2022-06-28,2022,HOU,NYN,5,8.0,30,97,6,2,0,0,1.06,NYN202206280
Framber Valdez,valdf001,2022-07-03,2022,HOU,ANA,13,6.0,26,107,4,5,1,1,1.02,HOU202207030
Framber Valdez,valdf001,2022-07-09,2022,HOU,OAK,3,8.0,30,96,4,2,0,0,1.0,OAK202207090
Framber Valdez,valdf001,2022-07-14,2022,HOU,ANA,6,6.0,29,96,6,3,0,0,0.99,ANA202207140
Framber Valdez,valdf001,2022-07-24,2022,HOU,SEA,8,6.7,28,102,8,1,0,0,1.04,SEA202207240
Framber Valdez,valdf001,2022-07-30,2022,HOU,SEA,7,7.0,27,106,5,1,0,1,1.02,HOU202207300
Framber Valdez,valdf001,2022-08-05,2022,HOU,CLE,3,6.3,28,91,7,3,1,0,1.04,CLE202208050
Framber Valdez,valdf001,2022-08-11,2022,HOU,TEX,8,7.0,27,103,4,1,0,1,1.02,HOU202208110
Framber Valdez,valdf001,2022-08-17,2022,HOU,CHA,6,7.0,28,100,7,3,0,0,0.99,CHA202208170
Framber Valdez,valdf001,2022-08-24,2022,HOU,MIN,8,7.0,27,106,2,4,0,1,1.02,HOU202208240
Framber Valdez,valdf001,2022-08-30,2022,HOU,TEX,8,8.0,30,104,7,0,2,0,0.99,TEX202208300
Framber Valdez,valdf001,2022-09-06,2022,HOU,TEX,11,6.7,32,107,7,4,0,1,1.02,HOU202209060
Framber Valdez,valdf001,2022-09-12,2022,HOU,DET,8,9.0,32,107,6,1,0,0,1.0,DET202209120
Framber Valdez,valdf001,2022-09-18,2022,HOU,OAK,7,6.0,23,87,4,1,0,1,1.02,HOU202209180
Framber Valdez,valdf001,2022-09-24,2022,HOU,BAL,6,5.3,29,103,11,1,2,0,1.0,BAL202209240
Framber Valdez,valdf001,2022-09-30,2022,HOU,TBA,2,5.3,28,90,9,3,0,1,1.02,HOU202209300
Framber Valdez,valdf001,2022-10-05,2022,HOU,PHI,10,5.0,18,88,2,1,0,1,1.02,HOU202210050
Louis Varland,varll001,2022-09-07,2022,MIN,NYA,7,5.3,19,80,3,1,1,0,0.99,NYA202209071
Louis Varland,varll001,2022-09-17,2022,MIN,CLE,3,5.0,25,91,9,2,1,0,1.04,CLE202209171
Louis Varland,varll001,2022-09-23,2022,MIN,ANA,3,5.7,24,88,7,1,2,1,1.0,MIN202209230
Louis Varland,varll001,2022-09-29,2022,MIN,CHA,3,5.0,19,74,3,2,0,1,1.0,MIN202209290
Louis Varland,varll001,2022-10-05,2022,MIN,CHA,5,5.0,19,78,4,0,0,0,0.99,CHA202210050
Vince Velasquez,velav001,2022-04-12,2022,CHA,SEA,2,4.0,17,62,2,3,1,1,0.99,CHA202204120
Vince Velasquez,velav001,2022-04-17,2022,CHA,TBA,5,4.7,23,85,5,3,0,1,0.99,CHA202204170
Vince Velasquez,velav001,2022-04-23,2022,CHA,MIN,6,3.3,19,87,8,1,2,0,1.0,MIN202204230
Vince Velasquez,velav001,2022-04-30,2022,CHA,ANA,6,5.7,20,86,4,0,0,1,0.99,CHA202204300
Vince Velasquez,velav001,2022-05-06,2022,CHA,BOS,2,5.0,20,75,3,2,0,0,0.98,BOS202205060
Vince Velasquez,velav001,2022-05-13,2022,CHA,NYA,4,5.0,26,101,8,3,3,1,0.99,CHA202205130
Vince Velasquez,velav001,2022-05-19,2022,CHA,KCA,3,5.0,22,87,6,1,1,0,0.96,KCA202205190
Vince Velasquez,velav001,2022-06-15,2022,CHA,DET,3,2.7,10,41,1,0,0,0,1.0,DET202206150
Vince Velasquez,velav001,2022-09-18,2022,CHA,DET,4,4.0,16,62,3,2,1,0,1.0,DET202209180
Justin Verlander,verlj001,2022-04-09,2022,HOU,ANA,7,5.0,20,80,3,3,1,0,0.99,ANA202204090
Justin Verlander,verlj001,2022-04-16,2022,HOU,SEA,8,8.0,27,87,3,0,0,0,1.04,SEA202204160
Justin Verlander,verlj001,2022-04-22,2022,HOU,TOR,5,6.0,22,85,4,1,2,1,1.02,HOU202204220
Justin Verlander,verlj001,2022-04-28,2022,HOU,TEX,8,7.0,25,91,4,0,0,0,0.99,TEX202204280
Justin Verlander,verlj001,2022-05-04,2022,HOU,SEA,3,6.7,24,101,5,0,1,1,1.02,HOU202205040
Justin Verlander,verlj001,2022-05-10,2022,HOU,MIN,5,8.0,24,89,1,2,0,0,1.0,MIN202205100
Justin Verlander,verlj001,2022-05-15,2022,HOU,WAS,5,5.0,20,107,2,3,0,0,1.01,WAS202205150
Justin Verlander,verlj001,2022-05-21,2022,HOU,TEX,8,6.0,24,95,6,0,0,1,1.02,HOU202205210
Justin Verlander,verlj001,2022-05-27,2022,HOU,SEA,6,6.0,30,99,10,1,4,0,1.04,SEA202205270
Justin Verlander,verlj001,2022-06-01,2022,HOU,OAK,6,7.0,25,95,2,2,1,0,1.0,OAK202206010
Justin Verlander,verlj001,2022-06-07,2022,HOU,SEA,12,7.0,29,108,6,2,0,1,1.02,HOU202206070
Justin Verlander,verlj001,2022-06-12,2022,HOU,MIA,5,7.0,27,93,3,1,1,1,1.02,HOU202206120
Justin Verlander,verlj001,2022-06-18,2022,HOU,CHA,3,3.7,21,81,9,0,0,1,1.02,HOU202206180
Justin Verlander,verlj001,2022-06-24,2022,HOU,NYA,3,7.0,27,102,4,1,1,0,0.99,NYA202206240
Justin Verlander,verlj001,2022-06-29,2022,HOU,NYN,6,8.0,27,101,2,1,0,0,1.06,NYN202206290
Justin Verlander,verlj001,2022-07-07,2022,HOU,KCA,8,6.0,27,100,7,2,0,1,1.02,HOU202207070
Justin Verlander,verlj001,2022-07-16,2022,HOU,OAK,10,6.0,23,106,6,0,0,1,1.02,HOU202207160
Justin Verlander,verlj001,2022-07-23,2022,HOU,SEA,9,7.0,27,101,4,2,1,0,1.04,SEA202207230
Justin Verlander,verlj001,2022-07-29,2022,HOU,SEA,5,7.7,28,94,5,1,0,1,1.02,HOU202207290
Justin Verlander,verlj001,2022-08-04,2022,HOU,CLE,5,6.0,21,96,2,1,0,0,1.04,CLE202208040
Justin Verlander,verlj001,2022-08-10,2022,HOU,TEX,7,6.0,24,92,5,1,0,1,1.02,HOU202208100
Justin Verlander,verlj001,2022-08-16,2022,HOU,CHA,4,7.0,29,103,8,1,0,0,0.99,CHA202208160
Justin Verlander,verlj001,2022-08-23,2022,HOU,MIN,10,6.0,19,91,0,0,0,1,1.02,HOU202208230
Justin Verlander,verlj001,2022-08-28,2022,HOU,BAL,6,3.0,12,60,3,1,0,1,1.02,HOU202208280
Justin Verlander,verlj001,2022-09-16,2022,HOU,OAK,9,5.0,17,79,0,1,0,1,1.02,HOU202209160
Justin Verlander,verlj001,2022-09-22,2022,HOU,BAL,4,6.0,22,93,6,0,0,0,1.0,BAL202209220
Justin Verlander,verlj001,2022-09-28,2022,HOU,ARI,8,7.0,29,99,6,1,0,1,1.02,HOU202209280
Justin Verlander,verlj001,2022-10-04,2022,HOU,PHI,10,5.0,16,75,0,1,0,1,1.02,HOU202210040
Will Vest,vestw001,2022-10-04,2022,DET,SEA,2,0.7,6,28,1,2,0,0,1.04,SEA202210042
Austin Voth,votha001,2022-06-19,2022,BAL,TBA,4,2.7,11,41,3,1,0,1,1.0,BAL202206190
Austin Voth,votha001,2022-06-24,2022,BAL,CHA,3,3.0,12,47,1,2,0,0,0.99,CHA202206240
Austin Voth,votha001,2022-06-29,2022,BAL,SEA,2,3.0,15,62,4,1,0,0,1.04,SEA202206290
Austin Voth,votha001,2022-07-05,2022,BAL,TEX,3,4.3,18,65,4,1,0,1,1.0,BAL202207050
Austin Voth,votha001,2022-07-10,2022,BAL,ANA,6,5.0,19,76,4,0,1,1,1.0,BAL202207100
Austin Voth,votha001,2022-07-25,2022,BAL,TBA,2,3.0,16,70,4,3,1,1,1.0,BAL202207250
Austin Voth,votha001,2022-07-31,2022,BAL,CIN,6,5.0,18,77,4,0,0,0,1.0,CIN202207310
Austin Voth,votha001,2022-08-06,2022,BAL,PIT,5,5.0,22,75,6,1,1,1,1.0,BAL202208060
Austin Voth,votha001,2022-08-12,2022,BAL,TBA,5,5.3,21,80,3,1,1,0,1.05,TBA202208120
Austin Voth,votha001,2022-08-17,2022,BAL,TOR,3,6.0,21,86,2,1,0,0,1.0,TOR202208170
Austin Voth,votha001,2022-08-23,2022,BAL,CHA,3,5.7,27,93,7,3,1,1,1.0,BAL202208230
Austin Voth,votha001,2022-08-28,2022,BAL,HOU,4,6.0,21,94,1,3,0,0,1.02,HOU202208280
Austin Voth,votha001,2022-09-03,2022,BAL,OAK,4,3.3,17,70,6,0,0,1,1.0,BAL202209030
Austin Voth,votha001,2022-09-09,2022,BAL,BOS,5,4.0,19,88,5,2,1,1,1.0,BAL202209090
Austin Voth,votha001,2022-09-20,2022,BAL,DET,3,5.0,20,62,6,0,1,1,1.0,BAL202209200
Austin Voth,votha001,2022-09-25,2022,BAL,HOU,6,5.0,17,83,4,0,0,1,1.0,BAL202209250
Austin Voth,votha001,2022-10-01,2022,BAL,NYA,3,5.0,24,77,7,2,2,0,0.99,NYA202210010
Michael Wacha,wachm001,2022-04-11,2022,BOS,DET,4,4.3,18,72,2,3,0,0,1.0,DET202204110
Michael Wacha,wachm001,2022-04-17,2022,BOS,MIN,5,5.0,17,79,1,2,0,1,0.98,BOS202204170
Michael Wacha,wachm001,2022-04-22,2022,BOS,TBA,3,5.0,21,82,3,2,2,0,1.05,TBA202204220
Michael Wacha,wachm001,2022-04-27,2022,BOS,TOR,5,6.0,24,92,4,2,0,0,1.0,TOR202204270
Michael Wacha,wachm001,2022-05-03,2022,BOS,ANA,2,5.7,20,60,3,2,0,1,0.98,BOS202205030
Michael Wacha,wachm001,2022-05-20,2022,BOS,SEA,3,4.7,20,75,4,3,1,1,0.98,BOS202205200
Michael Wacha,wachm001,2022-05-26,2022,BOS,CHA,2,4.3,20,88,7,0,1,0,0.99,CHA202205260
Michael Wacha,wachm001,2022-05-31,2022,BOS,CIN,3,5.7,21,72,3,0,0,1,0.98,BOS202205310
Michael Wacha,wachm001,2022-06-06,2022,BOS,ANA,6,9.0,29,105,3,1,0,0,0.99,ANA202206060
Michael Wacha,wachm001,2022-06-11,2022,BOS,SEA,3,4.3,23,91,8,1,1,0,1.04,SEA202206110
Michael Wacha,wachm001,2022-06-17,2022,BOS,SLN,5,5.3,22,88,6,1,1,1,0.98,BOS202206170
Michael Wacha,wachm001,2022-06-22,2022,BOS,DET,7,6.0,25,98,5,2,1,1,0.98,BOS202206220
Michael Wacha,wachm001,2022-06-28,2022,BOS,TOR,2,5.0,24,90,7,3,0,0,1.0,TOR202206280
Michael Wacha,wachm001,2022-08-14,2022,BOS,NYA,9,7.0,24,89,2,1,0,1,0.98,BOS202208140
Michael Wacha,wachm001,2022-08-20,2022,BOS,BAL,4,5.7,21,79,4,1,0,0,1.0,BAL202208200
Michael Wacha,wachm001,2022-08-26,2022,BOS,TBA,6,6.0,25,93,5,1,2,1,0.98,BOS202208260
Michael Wacha,wachm001,2022-08-31,2022,BOS,MIN,7,6.0,24,98,4,1,1,0,1.0,MIN202208310
Michael Wacha,wachm001,2022-09-05,2022,BOS,TBA,7,6.0,25,97,7,0,0,0,1.05,TBA202209050
Michael Wacha,wachm001,2022-09-10,2022,BOS,BAL,5,6.0,24,82,6,0,1,0,1.0,BAL202209100
Michael Wacha,wachm001,2022-09-16,2022,BOS,KCA,4,7.0,26,88,7,0,0,1,0.98,BOS202209160
Michael Wacha,wachm001,2022-09-22,2022,BOS,NYA,5,6.0,26,90,6,4,1,0,0.99,NYA202209220
Michael Wacha,wachm001,2022-09-27,2022,BOS,BAL,3,3.3,18,70,8,0,3,1,0.98,BOS202209270
Michael Wacha,wachm001,2022-10-02,2022,BOS,TOR,4,4.0,18,69,6,1,3,0,1.0,TOR202210020
Adam Wainwright,waina001,2022-04-07,2022,SLN,PIT,6,6.0,21,81,5,0,0,1,1.0,SLN202204070
Adam Wainwright,waina001,2022-04-14,2022,SLN,MIL,7,4.3,23,86,8,2,1,0,1.05,MIL202204140
Adam Wainwright,waina001,2022-04-19,2022,SLN,MIA,6,5.7,24,92,5,2,1,0,0.98,MIA202204190
Adam Wainwright,waina001,2022-04-24,2022,SLN,CIN,3,5.0,23,94,8,3,0,0,1.0,CIN202204240
Adam Wainwright,waina001,2022-04-29,2022,SLN,ARI,4,6.0,25,100,4,5,0,1,1.0,SLN202204290
Adam Wainwright,waina001,2022-05-04,2022,SLN,KCA,2,7.0,24,89,1,1,0,0,0.96,KCA202205040
Adam Wainwright,waina001,2022-05-15,2022,SLN,SFN,5,6.0,23,96,3,2,1,1,1.0,SLN202205150
Adam Wainwright,waina001,2022-05-20,2022,SLN,PIT,3,7.0,26,98,4,3,1,0,1.0,PIT202205200
Adam Wainwright,waina001,2022-05-26,2022,SLN,MIL,2,5.0,26,100,10,1,1,1,1.0,SLN202205260
Adam Wainwright,waina001,2022-05-31,2022,SLN,SDN,10,7.0,24,115,2,1,0,1,1.0,SLN202205310
Adam Wainwright,waina001,2022-06-05,2022,SLN,CHN,0,7.0,30,102,9,2,0,0,0.97,CHN202206050
Adam Wainwright,waina001,2022-06-11,2022,SLN,CIN,7,7.0,30,101,8,1,0,1,1.0,SLN202206110
Adam Wainwright,waina001,2022-06-17,2022,SLN,BOS,5,6.3,26,96,7,1,0,0,0.98,BOS202206170
Adam Wainwright,waina001,2022-06-22,2022,SLN,MIL,7,4.7,22,101,7,1,2,0,1.05,MIL202206220
Adam Wainwright,waina001,2022-06-27,2022,SLN,MIA,9,7.0,27,101,7,1,0,1,1.0,SLN202206270
Adam Wainwright,waina001,2022-07-03,2022,SLN,PHI,5,5.7,25,103,8,1,2,0,1.01,PHI202207030
Adam Wainwright,waina001,2022-07-08,2022,SLN,PHI,3,9.0,31,103,5,0,2,1,1.0,SLN202207080
Adam Wainwright,waina001,2022-07-13,2022,SLN,LAN,5,5.3,25,114,4,4,0,1,1.0,SLN202207130
Adam Wainwright,waina001,2022-07-22,2022,SLN,CIN,2,5.3,24,101,5,3,2,0,1.0,CIN202207220
Adam Wainwright,waina001,2022-07-27,2022,SLN,TOR,8,7.0,25,99,5,0,0,0,1.0,TOR202207270
Adam Wainwright,waina001,2022-08-02,2022,SLN,CHN,4,7.0,27,106,6,0,0,1,1.0,SLN202208020
Adam Wainwright,waina001,2022-08-07,2022,SLN,NYA,5,4.0,25,111,8,4,0,1,1.0,SLN202208070
Adam Wainwright,waina001,2022-08-13,2022,SLN,MIL,8,9.0,31,109,3,1,1,1,1.0,SLN202208130
Adam Wainwright,waina001,2022-08-18,2022,SLN,COL,7,7.0,23,89,3,0,0,1,1.0,SLN202208180
Adam Wainwright,waina001,2022-08-23,2022,SLN,CHN,3,6.0,28,106,5,4,0,0,0.97,CHN202208231
Adam Wainwright,waina001,2022-08-28,2022,SLN,ATL,4,6.7,27,100,8,0,0,1,1.0,SLN202208280
Adam Wainwright,waina001,2022-09-03,2022,SLN,CHN,2,5.0,24,82,9,2,0,1,1.0,SLN202209030
Adam Wainwright,waina001,2022-09-08,2022,SLN,WAS,2,5.0,24,93,9,0,0,1,1.0,SLN202209080
Adam Wainwright,waina001,2022-09-14,2022,SLN,MIL,3,5.0,24,98,8,2,0,1,1.0,SLN202209140
Adam Wainwright,waina001,2022-09-20,2022,SLN,SDN,1,6.0,25,107,6,2,1,0,1.08,SDN202209200
Adam Wainwright,waina001,2022-09-25,2022,SLN,LAN,1,3.0,19,74,6,3,0,0,1.03,LAN202209250
Adam Wainwright,waina001,2022-10-02,2022,SLN,PIT,4,4.7,22,83,6,2,1,1,1.0,SLN202210020
Ken Waldichuk,waldk003,2022-09-01,2022,OAK,WAS,6,4.7,23,93,5,4,0,0,1.01,WAS202209010
Ken Waldichuk,waldk003,2022-09-07,2022,OAK,ATL,2,5.3,20,92,3,0,2,1,1.0,OAK202209070
Ken Waldichuk,waldk003,2022-09-13,2022,OAK,TEX,6,5.0,24,82,8,1,1,0,0.99,TEX202209130
Ken Waldichuk,waldk003,2022-09-18,2022,OAK,HOU,3,2.7,15,52,5,2,0,0,1.02,HOU202209180
Ken Waldichuk,waldk003,2022-09-24,2022,OAK,NYN,4,5.0,20,71,5,0,2,1,1.0,OAK202209240
Ken Waldichuk,waldk003,2022-09-30,2022,OAK,SEA,8,5.0,19,96,3,2,0,0,1.04,SEA202209300
Ken Waldichuk,waldk003,2022-10-05,2022,OAK,ANA,4,7.0,25,100,3,1,0,1,1.0,OAK202210050
Taijuan Walker,walkt004,2022-04-11,2022,NYN,PHI,4,2.0,6,30,0,0,0,0,1.01,PHI202204110
Taijuan Walker,walkt004,2022-04-30,2022,NYN,PHI,1,5.0,17,73,2,2,0,1,1.06,NYN202204300
Taijuan Walker,walkt004,2022-05-05,2022,NYN,PHI,2,4.0,24,80,9,2,2,0,1.01,PHI202205050
Taijuan Walker,walkt004,2022-05-12,2022,NYN,WAS,1,7.0,23,85,3,1,0,0,1.01,WAS202205120
Taijuan Walker,walkt004,2022-05-17,2022,NYN,SLN,4,5.0,24,94,7,2,0,1,1.06,NYN202205172
Taijuan Walker,walkt004,2022-05-22,2022,NYN,COL,6,7.0,27,97,5,2,0,0,0.92,COL202205220
Taijuan Walker,walkt004,2022-05-28,2022,NYN,PHI,1,5.0,23,88,6,3,0,1,1.06,NYN202205280
Taijuan Walker,walkt004,2022-06-02,2022,NYN,LAN,2,5.7,24,94,7,1,0,0,1.03,LAN202206020
Taijuan Walker,walkt004,2022-06-07,2022,NYN,SDN,4,6.0,26,103,5,2,1,0,1.08,SDN202206070
Taijuan Walker,walkt004,2022-06-12,2022,NYN,ANA,10,6.0,23,97,6,1,0,0,0.99,ANA202206120
Taijuan Walker,walkt004,2022-06-18,2022,NYN,MIA,9,6.7,23,97,2,1,0,1,1.06,NYN202206180
Taijuan Walker,walkt004,2022-06-24,2022,NYN,MIA,5,6.0,26,99,8,2,0,0,0.98,MIA202206240
Taijuan Walker,walkt004,2022-06-29,2022,NYN,HOU,3,7.3,27,93,4,2,0,1,1.06,NYN202206290
Taijuan Walker,walkt004,2022-07-04,2022,NYN,CIN,9,6.0,23,97,4,1,1,0,1.0,CIN202207040
Taijuan Walker,walkt004,2022-07-10,2022,NYN,MIA,7,7.0,24,99,3,1,0,1,1.06,NYN202207100
Taijuan Walker,walkt004,2022-07-16,2022,NYN,CHN,5,6.0,23,95,4,2,0,0,0.97,CHN202207161
Taijuan Walker,walkt004,2022-07-26,2022,NYN,NYA,3,6.0,27,101,7,1,2,1,1.06,NYN202207260
Taijuan Walker,walkt004,2022-07-31,2022,NYN,MIA,4,5.7,26,101,7,2,1,0,0.98,MIA202207310
Taijuan Walker,walkt004,2022-08-05,2022,NYN,ATL,0,1.0,12,50,7,0,2,1,1.06,NYN202208050
Taijuan Walker,walkt004,2022-08-10,2022,NYN,CIN,5,6.0,27,91,5,3,0,1,1.06,NYN202208100
Taijuan Walker,walkt004,2022-08-16,2022,NYN,ATL,0,2.0,7,32,1,2,0,0,1.02,ATL202208160
Taijuan Walker,walkt004,2022-08-23,2022,NYN,NYA,3,5.0,20,81,4,2,1,0,0.99,NYA202208230
Taijuan Walker,walkt004,2022-08-30,2022,NYN,LAN,5,5.3,25,92,5,3,0,1,1.06,NYN202208300
Taijuan Walker,walkt004,2022-09-06,2022,NYN,PIT,3,5.0,22,80,6,2,1,0,1.0,PIT202209060
Taijuan Walker,walkt004,2022-09-11,2022,NYN,MIA,10,7.0,26,87,5,0,1,0,0.98,MIA202209110
Taijuan Walker,walkt004,2022-09-16,2022,NYN,PIT,5,7.3,28,100,5,0,1,1,1.06,NYN202209160
Taijuan Walker,walkt004,2022-09-21,2022,NYN,MIL,3,6.0,26,88,6,3,1,0,1.05,MIL202209210
Taijuan Walker,walkt004,2022-09-28,2022,NYN,MIA,8,5.0,23,95,6,2,1,1,1.06,NYN202209280
Taijuan Walker,walkt004,2022-10-04,2022,NYN,WAS,10,4.3,17,81,4,0,0,1,1.06,NYN202210042
Andrew Wantz,wanta001,2022-06-26,2022,ANA,SEA,2,1.0,4,13,0,0,0,1,0.99,ANA202206260
Spenser Watkins,watks003,2022-04-12,2022,BAL,MIL,1,3.0,16,57,4,2,0,1,1.0,BAL202204120
Spenser Watkins,watks003,2022-04-18,2022,BAL,OAK,1,5.0,19,67,2,2,0,0,1.0,OAK202204180
Spenser Watkins,watks003,2022-04-23,2022,BAL,ANA,3,5.0,21,76,3,3,2,0,0.99,ANA202204230
Spenser Watkins,watks003,2022-04-30,2022,BAL,BOS,3,4.7,20,69,5,1,0,1,1.0,BAL202204300
Spenser Watkins,watks003,2022-05-05,2022,BAL,MIN,2,4.7,21,76,7,2,1,1,1.0,BAL202205050
Spenser Watkins,watks003,2022-05-11,2022,BAL,SLN,3,3.7,21,81,8,2,1,0,1.0,SLN202205110
Spenser Watkins,watks003,2022-05-17,2022,BAL,NYA,1,4.0,19,73,4,3,1,1,1.0,BAL202205170
Spenser Watkins,watks003,2022-05-22,2022,BAL,TBA,0,0.0,3,13,3,0,0,1,1.0,BAL202205220
Spenser Watkins,watks003,2022-06-25,2022,BAL,CHA,4,5.0,21,78,5,1,0,0,0.99,CHA202206250
Spenser Watkins,watks003,2022-07-01,2022,BAL,MIN,5,6.0,21,79,3,1,0,0,1.0,MIN202207010
Spenser Watkins,watks003,2022-07-06,2022,BAL,TEX,3,6.7,25,84,4,1,0,1,1.0,BAL202207060
Spenser Watkins,watks003,2022-07-13,2022,BAL,CHN,5,5.0,21,86,4,2,0,0,0.97,CHN202207130
Spenser Watkins,watks003,2022-07-26,2022,BAL,TBA,4,5.3,25,88,10,0,1,1,1.0,BAL202207260
Spenser Watkins,watks003,2022-08-01,2022,BAL,TEX,5,6.0,23,88,5,0,1,0,0.99,TEX202208010
Spenser Watkins,watks003,2022-08-07,2022,BAL,PIT,5,5.3,21,78,4,1,0,1,1.0,BAL202208070
Spenser Watkins,watks003,2022-08-18,2022,BAL,CHN,2,5.7,22,80,5,0,1,1,1.0,BAL202208180
Spenser Watkins,watks003,2022-08-24,2022,BAL,CHA,5,6.0,26,88,5,2,0,1,1.0,BAL202208240
Spenser Watkins,watks003,2022-08-30,2022,BAL,CLE,3,4.7,20,70,6,0,1,0,1.04,CLE202208300
Spenser Watkins,watks003,2022-09-04,2022,BAL,OAK,0,6.0,28,74,9,1,1,1,1.0,BAL202209040
Spenser Watkins,watks003,2022-10-05,2022,BAL,TOR,3,3.3,14,55,2,2,0,1,1.0,BAL202210052
Ryan Weathers,weatr001,2022-06-15,2022,SDN,CHN,3,3.7,21,89,6,4,0,0,0.97,CHN202206150
Luke Weaver,weavl001,2022-06-18,2022,ARI,MIN,5,3.7,22,74,10,1,1,1,1.03,ARI202206180
Logan Webb,webbl001,2022-04-08,2022,SFN,MIA,3,6.0,24,85,5,1,0,1,1.03,SFN202204080
Logan Webb,webbl001,2022-04-13,2022,SFN,SDN,7,8.0,28,96,4,0,0,1,1.03,SFN202204130
Logan Webb,webbl001,2022-04-19,2022,SFN,NYN,1,3.7,19,75,6,3,0,0,1.06,NYN202204192
Logan Webb,webbl001,2022-04-24,2022,SFN,WAS,6,6.7,28,98,7,1,1,0,1.01,WAS202204240
Logan Webb,webbl001,2022-04-30,2022,SFN,WAS,3,6.0,27,95,11,1,0,1,1.03,SFN202204300
Logan Webb,webbl001,2022-05-07,2022,SFN,SLN,7,5.0,24,84,8,2,0,1,1.03,SFN202205070
Logan Webb,webbl001,2022-05-13,2022,SFN,SLN,1,6.0,23,95,3,3,0,0,1.0,SLN202205130
Logan Webb,webbl001,2022-05-18,2022,SFN,COL,6,7.0,27,97,4,2,1,0,0.92,COL202205180
Logan Webb,webbl001,2022-05-24,2022,SFN,NYN,6,5.0,22,92,5,1,0,1,1.03,SFN202205240
Logan Webb,webbl001,2022-05-30,2022,SFN,PHI,10,8.0,28,100,4,0,3,0,1.01,PHI202205300
Logan Webb,webbl001,2022-06-04,2022,SFN,MIA,6,4.7,19,87,4,2,0,0,0.98,MIA202206040
Logan Webb,webbl001,2022-06-09,2022,SFN,COL,3,5.7,26,100,7,1,0,1,1.03,SFN202206090
Logan Webb,webbl001,2022-06-14,2022,SFN,KCA,9,7.0,26,112,5,3,0,1,1.03,SFN202206140
Logan Webb,webbl001,2022-06-20,2022,SFN,ATL,7,7.0,26,107,6,0,1,0,1.02,ATL202206200
Logan Webb,webbl001,2022-06-25,2022,SFN,CIN,6,6.0,23,97,2,2,0,1,1.03,SFN202206250
Logan Webb,webbl001,2022-07-02,2022,SFN,CHA,5,6.0,27,101,6,1,0,1,1.03,SFN202207020
Logan Webb,webbl001,2022-07-07,2022,SFN,SDN,2,8.0,29,103,6,1,1,0,1.08,SDN202207070
Logan Webb,webbl001,2022-07-12,2022,SFN,ARI,8,6.0,25,91,5,2,0,1,1.03,SFN202207120
Logan Webb,webbl001,2022-07-17,2022,SFN,MIL,5,6.0,22,88,4,2,1,1,1.03,SFN202207170
Logan Webb,webbl001,2022-07-22,2022,SFN,LAN,2,6.0,25,103,5,4,0,0,1.03,LAN202207220
Logan Webb,webbl001,2022-07-27,2022,SFN,ARI,5,6.3,27,94,7,1,1,0,1.03,ARI202207270
Logan Webb,webbl001,2022-08-01,2022,SFN,LAN,2,5.0,24,83,8,1,1,1,1.03,SFN202208010
Logan Webb,webbl001,2022-08-07,2022,SFN,OAK,5,7.0,29,97,4,3,0,0,1.0,OAK202208070
Logan Webb,webbl001,2022-08-13,2022,SFN,PIT,9,8.0,30,99,5,2,0,1,1.03,SFN202208130
Logan Webb,webbl001,2022-08-18,2022,SFN,ARI,0,4.7,24,92,9,3,0,1,1.03,SFN202208180
Logan Webb,webbl001,2022-08-24,2022,SFN,DET,6,4.7,22,89,4,3,0,0,1.0,DET202208240
Logan Webb,webbl001,2022-08-30,2022,SFN,SDN,7,5.7,22,109,4,1,0,1,1.03,SFN202208300
Logan Webb,webbl001,2022-09-05,2022,SFN,LAN,6,6.0,24,101,7,0,1,0,1.03,LAN202209050
Logan Webb,webbl001,2022-09-10,2022,SFN,CHN,6,7.0,27,102,6,0,0,0,0.97,CHN202209100
Logan Webb,webbl001,2022-09-16,2022,SFN,LAN,2,4.0,22,90,7,2,0,1,1.03,SFN202209160
Logan Webb,webbl001,2022-09-21,2022,SFN,COL,5,5.3,18,66,1,0,0,0,0.92,COL202209210
Logan Webb,webbl001,2022-09-27,2022,SFN,COL,7,5.0,20,78,5,1,0,1,1.03,SFN202209270
Tyler Wells,wellt003,2022-04-10,2022,BAL,TBA,2,1.7,10,54,3,2,1,0,1.05,TBA202204100
Tyler Wells,wellt003,2022-04-16,2022,BAL,NYA,3,4.0,17,64,3,2,0,1,1.0,BAL202204160
Tyler Wells,wellt003,2022-04-21,2022,BAL,OAK,1,2.3,12,54,5,0,1,0,1.0,OAK202204210
Tyler Wells,wellt003,2022-04-27,2022,BAL,NYA,4,5.0,18,72,3,0,1,0,0.99,NYA202204270
Tyler Wells,wellt003,2022-05-02,2022,BAL,MIN,4,5.0,18,62,4,0,0,1,1.0,BAL202205020
Tyler Wells,wellt003,2022-05-09,2022,BAL,KCA,3,6.0,23,75,5,0,0,1,1.0,BAL202205090
Tyler Wells,wellt003,2022-05-15,2022,BAL,DET,2,4.0,19,71,8,0,1,0,1.0,DET202205150
Tyler Wells,wellt003,2022-05-20,2022,BAL,TBA,4,4.7,18,79,2,2,1,1,1.0,BAL202205200
Tyler Wells,wellt003,2022-05-25,2022,BAL,NYA,2,5.0,20,77,5,0,0,0,0.99,NYA202205250
Tyler Wells,wellt003,2022-05-30,2022,BAL,BOS,3,6.0,21,88,2,1,0,0,0.98,BOS202205300
Tyler Wells,wellt003,2022-06-04,2022,BAL,CLE,1,4.0,14,62,2,2,2,1,1.0,BAL202206040
Tyler Wells,wellt003,2022-06-11,2022,BAL,KCA,4,6.0,25,84,5,2,0,0,0.96,KCA202206110
Tyler Wells,wellt003,2022-06-16,2022,BAL,TOR,3,6.0,24,86,5,1,1,0,1.0,TOR202206160
Tyler Wells,wellt003,2022-06-22,2022,BAL,WAS,4,5.0,22,95,3,4,0,1,1.0,BAL202206220
Tyler Wells,wellt003,2022-06-27,2022,BAL,SEA,3,5.0,17,63,1,0,1,0,1.04,SEA202206270
Tyler Wells,wellt003,2022-07-03,2022,BAL,MIN,7,6.0,22,90,3,1,0,0,1.0,MIN202207030
Tyler Wells,wellt003,2022-07-08,2022,BAL,ANA,3,4.0,19,81,6,2,1,1,1.0,BAL202207080
Tyler Wells,wellt003,2022-07-15,2022,BAL,TBA,6,5.7,25,92,6,2,0,0,1.05,TBA202207150
Tyler Wells,wellt003,2022-07-22,2022,BAL,NYA,4,5.0,21,81,5,2,2,1,1.0,BAL202207220
Tyler Wells,wellt003,2022-07-27,2022,BAL,TBA,5,4.3,18,69,6,0,2,1,1.0,BAL202207270
Tyler Wells,wellt003,2022-09-07,2022,BAL,TOR,1,2.0,10,34,2,2,0,1,1.0,BAL202209070
Tyler Wells,wellt003,2022-09-14,2022,BAL,WAS,4,4.0,14,50,2,0,2,0,1.01,WAS202209140
Tyler Wells,wellt003,2022-09-19,2022,BAL,DET,3,3.0,16,66,4,3,0,1,1.0,BAL202209190
Joey Wentz,wentj001,2022-05-11,2022,DET,OAK,1,2.7,16,73,7,2,0,1,1.0,DET202205110
Joey Wentz,wentj001,2022-05-31,2022,DET,MIN,4,4.0,13,55,1,0,0,1,1.0,DET202205312
Joey Wentz,wentj001,2022-09-09,2022,DET,KCA,5,6.7,23,87,2,1,0,0,0.96,KCA202209090
Joey Wentz,wentj001,2022-09-14,2022,DET,HOU,5,4.0,18,91,4,1,1,1,1.0,DET202209140
Joey Wentz,wentj001,2022-09-20,2022,DET,BAL,4,5.7,22,86,2,2,0,0,1.0,BAL202209200
Joey Wentz,wentj001,2022-09-27,2022,DET,KCA,4,5.0,22,70,5,3,1,1,1.0,DET202209270
Joey Wentz,wentj001,2022-10-02,2022,DET,MIN,4,4.7,21,93,2,4,0,1,1.0,DET202210020
Hayden Wesneski,wesnh001,2022-09-17,2022,CHN,COL,7,7.0,25,88,3,0,0,1,0.97,CHN202209170
Hayden Wesneski,wesnh001,2022-09-22,2022,CHN,PIT,6,6.3,25,87,5,2,1,0,1.0,PIT202209220
Hayden Wesneski,wesnh001,2022-09-28,2022,CHN,PHI,3,5.0,24,85,6,2,0,1,0.97,CHN202209280
Hayden Wesneski,wesnh001,2022-10-03,2022,CHN,CIN,6,6.0,24,86,4,1,0,0,1.0,CIN202210030
Zack Wheeler,wheez001,2022-04-12,2022,PHI,NYN,3,4.7,19,65,2,1,1,1,1.01,PHI202204120
Zack Wheeler,wheez001,2022-04-17,2022,PHI,MIA,3,3.0,21,66,8,3,0,0,0.98,MIA202204170
Zack Wheeler,wheez001,2022-04-23,2022,PHI,MIL,5,5.0,22,84,7,0,0,1,1.01,PHI202204230
Zack Wheeler,wheez001,2022-04-28,2022,PHI,COL,7,6.0,22,90,1,4,0,1,1.01,PHI202204280
Zack Wheeler,wheez001,2022-05-04,2022,PHI,TEX,7,7.7,27,78,6,1,0,1,1.01,PHI202205040
Zack Wheeler,wheez001,2022-05-12,2022,PHI,LAN,7,5.3,23,90,6,1,1,0,1.03,LAN202205120
Zack Wheeler,wheez001,2022-05-18,2022,PHI,SDN,9,7.0,24,97,4,0,0,1,1.01,PHI202205180
Zack Wheeler,wheez001,2022-05-23,2022,PHI,ATL,10,6.7,26,105,8,0,0,0,1.02,ATL202205230
Zack Wheeler,wheez001,2022-05-29,2022,PHI,NYN,7,6.0,27,101,4,3,0,0,1.06,NYN202205290
Zack Wheeler,wheez001,2022-06-04,2022,PHI,ANA,9,6.0,26,99,6,2,0,1,1.01,PHI202206040
Zack Wheeler,wheez001,2022-06-11,2022,PHI,ARI,8,6.0,20,98,2,0,0,1,1.01,PHI202206110
Zack Wheeler,wheez001,2022-06-16,2022,PHI,WAS,3,7.0,24,86,4,0,1,0,1.01,WAS202206160
Zack Wheeler,wheez001,2022-06-22,2022,PHI,TEX,8,4.3,23,99,7,3,0,0,0.99,TEX202206220
Zack Wheeler,wheez001,2022-06-28,2022,PHI,ATL,8,6.3,26,104,5,1,2,1,1.01,PHI202206280
Zack Wheeler,wheez001,2022-07-03,2022,PHI,SLN,5,7.0,25,108,4,1,0,1,1.01,PHI202207030
Zack Wheeler,wheez001,2022-07-08,2022,PHI,SLN,5,7.0,27,97,5,1,0,0,1.0,SLN202207080
Zack Wheeler,wheez001,2022-07-13,2022,PHI,TOR,4,4.7,22,91,7,1,2,0,1.0,TOR202207130
Zack Wheeler,wheez001,2022-07-23,2022,PHI,CHN,6,7.0,23,106,3,0,1,1,1.01,PHI202207230
Zack Wheeler,wheez001,2022-07-28,2022,PHI,PIT,8,7.0,26,97,3,3,1,0,1.0,PIT202207280
Zack Wheeler,wheez001,2022-08-03,2022,PHI,ATL,7,7.0,25,90,5,0,1,0,1.02,ATL202208030
Zack Wheeler,wheez001,2022-08-09,2022,PHI,MIA,8,6.0,26,109,5,3,1,1,1.01,PHI202208090
Zack Wheeler,wheez001,2022-08-14,2022,PHI,NYN,5,6.0,27,95,9,1,1,0,1.06,NYN202208140
Zack Wheeler,wheez001,2022-08-20,2022,PHI,NYN,6,5.3,24,106,5,4,0,1,1.01,PHI202208201
Zack Wheeler,wheez001,2022-09-21,2022,PHI,TOR,3,4.0,14,58,2,0,0,1,1.01,PHI202209210
Zack Wheeler,wheez001,2022-09-27,2022,PHI,CHN,5,6.0,21,60,5,1,1,0,0.97,CHN202209270
Zack Wheeler,wheez001,2022-10-02,2022,PHI,WAS,7,5.0,17,77,2,0,0,0,1.01,WAS202210020
Garrett Whitlock,whitg002,2022-04-23,2022,BOS,TBA,7,4.0,13,48,1,0,0,0,1.05,TBA202204230
Garrett Whitlock,whitg002,2022-04-28,2022,BOS,TOR,2,3.0,16,61,4,2,0,0,1.0,TOR202204280
Garrett Whitlock,whitg002,2022-05-04,2022,BOS,ANA,9,5.0,17,78,2,0,1,1,0.98,BOS202205040
Garrett Whitlock,whitg002,2022-05-10,2022,BOS,ATL,5,3.0,17,82,4,4,1,0,1.02,ATL202205100
Garrett Whitlock,whitg002,2022-05-16,2022,BOS,HOU,3,5.0,21,80,3,2,1,1,0.98,BOS202205160
Garrett Whitlock,whitg002,2022-05-21,2022,BOS,SEA,3,3.0,19,71,10,0,0,1,0.98,BOS202205210
Garrett Whitlock,whitg002,2022-05-27,2022,BOS,BAL,4,6.0,23,84,5,1,1,1,0.98,BOS202205270
Garrett Whitlock,whitg002,2022-06-01,2022,BOS,CIN,0,6.0,20,70,5,0,0,1,0.98,BOS202206010
Garrett Whitlock,whitg002,2022-06-07,2022,BOS,ANA,5,4.0,18,71,6,0,1,0,0.99,ANA202206070
Mitch White,whitm004,2022-05-21,2022,LAN,PHI,2,2.3,11,49,3,1,1,0,1.01,PHI202205210
Mitch White,whitm004,2022-05-26,2022,LAN,ARI,2,4.0,16,61,2,2,0,0,1.03,ARI202205260
Mitch White,whitm004,2022-06-01,2022,LAN,PIT,7,5.0,21,78,4,2,1,1,1.03,LAN202206010
Mitch White,whitm004,2022-06-07,2022,LAN,CHA,5,5.0,18,69,2,0,0,0,0.99,CHA202206070
Mitch White,whitm004,2022-06-25,2022,LAN,ATL,3,4.0,20,75,5,2,1,0,1.02,ATL202206250
Mitch White,whitm004,2022-06-30,2022,LAN,SDN,3,4.7,20,80,6,1,0,1,1.03,LAN202206300
Mitch White,whitm004,2022-07-06,2022,LAN,COL,6,5.7,22,102,1,4,0,1,1.03,LAN202207060
Mitch White,whitm004,2022-07-12,2022,LAN,SLN,3,5.0,26,90,10,2,2,0,1.0,SLN202207120
Mitch White,whitm004,2022-07-21,2022,LAN,SFN,1,5.0,18,82,1,2,0,1,1.03,LAN202207210
Mitch White,whitm004,2022-07-26,2022,LAN,WAS,4,6.0,26,98,9,0,0,1,1.03,LAN202207260
Mitch White,whitm004,2022-08-06,2022,TOR,MIN,2,4.7,21,85,6,1,0,0,1.0,MIN202208060
Mitch White,whitm004,2022-08-13,2022,TOR,CLE,3,4.7,20,82,3,3,0,1,1.0,TOR202208130
Mitch White,whitm004,2022-08-20,2022,TOR,NYA,5,4.0,20,73,7,0,0,0,0.99,NYA202208200
Mitch White,whitm004,2022-08-26,2022,TOR,ANA,5,5.0,27,91,8,3,1,1,1.0,TOR202208260
Mitch White,whitm004,2022-08-31,2022,TOR,CHN,5,4.7,21,92,8,1,1,1,1.0,TOR202208310
Mitch White,whitm004,2022-09-06,2022,TOR,BAL,2,2.3,14,63,3,3,0,0,1.0,BAL202209060
Mitch White,whitm004,2022-09-23,2022,TOR,TBA,2,4.0,18,64,5,1,0,0,1.05,TBA202209230
Mitch White,whitm004,2022-09-28,2022,TOR,NYA,1,3.7,19,69,5,3,0,1,1.0,TOR202209280
Trevor Williams,willt002,2022-04-23,2022,NYN,ARI,0,2.0,13,62,7,0,0,0,1.03,ARI202204230
Trevor Williams,willt002,2022-05-17,2022,NYN,SLN,6,4.0,16,65,4,0,0,1,1.06,NYN202205171
Trevor Williams,willt002,2022-05-21,2022,NYN,COL,2,4.0,16,52,3,0,2,0,0.92,COL202205212
Trevor Williams,willt002,2022-05-31,2022,NYN,WAS,1,5.0,20,80,4,2,0,1,1.06,NYN202205310
Trevor Williams,willt002,2022-06-05,2022,NYN,LAN,5,5.0,21,86,6,0,1,0,1.03,LAN202206050
Trevor Williams,willt002,2022-06-21,2022,NYN,HOU,2,4.0,17,72,4,3,2,0,1.02,HOU202206210
Trevor Williams,willt002,2022-07-02,2022,NYN,TEX,3,3.7,17,59,5,1,3,1,1.06,NYN202207020
Trevor Williams,willt002,2022-07-07,2022,NYN,MIA,7,7.0,22,83,2,0,0,1,1.06,NYN202207070
Trevor Williams,willt002,2022-08-20,2022,NYN,PHI,3,4.0,17,71,4,2,0,0,1.01,PHI202208201
Bryse Wilson,wilsb003,2022-04-10,2022,PIT,SLN,2,4.0,17,64,5,1,1,0,1.0,SLN202204100
Bryse Wilson,wilsb003,2022-04-16,2022,PIT,WAS,2,4.3,21,77,4,3,1,1,1.0,PIT202204160
Bryse Wilson,wilsb003,2022-04-21,2022,PIT,CHN,2,3.0,15,60,3,4,0,0,0.97,CHN202204210
Bryse Wilson,wilsb003,2022-05-10,2022,PIT,LAN,4,2.7,16,70,8,1,0,1,1.0,PIT202205100
Bryse Wilson,wilsb003,2022-05-22,2022,PIT,SLN,2,1.7,13,53,6,2,0,1,1.0,PIT202205220
Bryse Wilson,wilsb003,2022-06-14,2022,PIT,SLN,3,5.0,26,96,10,1,3,0,1.0,SLN202206142
Bryse Wilson,wilsb003,2022-07-02,2022,PIT,MIL,4,6.0,26,85,8,1,1,1,1.0,PIT202207020
Bryse Wilson,wilsb003,2022-07-07,2022,PIT,CIN,4,6.7,28,94,7,0,1,0,1.0,CIN202207072
Bryse Wilson,wilsb003,2022-07-17,2022,PIT,COL,3,3.3,14,48,4,0,0,0,0.92,COL202207170
Bryse Wilson,wilsb003,2022-07-26,2022,PIT,CHN,2,6.0,25,80,6,1,0,0,0.97,CHN202207260
Bryse Wilson,wilsb003,2022-08-02,2022,PIT,MIL,2,5.3,23,80,6,1,3,1,1.0,PIT202208020
Bryse Wilson,wilsb003,2022-08-07,2022,PIT,BAL,5,5.0,18,69,4,0,1,0,1.0,BAL202208070
Bryse Wilson,wilsb003,2022-08-12,2022,PIT,SFN,1,5.3,24,85,6,2,1,0,1.03,SFN202208120
Bryse Wilson,wilsb003,2022-08-19,2022,PIT,CIN,4,7.0,25,84,5,0,2,1,1.0,PIT202208190
Bryse Wilson,wilsb003,2022-08-26,2022,PIT,PHI,1,1.0,9,43,5,0,0,0,1.01,PHI202208260
Bryse Wilson,wilsb003,2022-08-29,2022,PIT,MIL,2,3.0,15,56,5,2,0,0,1.05,MIL202208290
Bryse Wilson,wilsb003,2022-09-12,2022,PIT,CIN,4,5.7,24,82,7,2,1,0,1.0,CIN202209120
Bryse Wilson,wilsb003,2022-09-17,2022,PIT,NYN,5,5.3,24,88,4,2,1,0,1.06,NYN202209170
Bryse Wilson,wilsb003,2022-09-23,2022,PIT,CHN,5,5.0,22,87,5,3,1,1,1.0,PIT202209230
Bryse Wilson,wilsb003,2022-09-28,2022,PIT,CIN,6,8.0,28,90,3,1,0,1,1.0,PIT202209280
Steven Wilson,wilss002,2022-09-29,2022,SDN,LAN,2,1.0,3,12,0,0,0,1,1.08,SDN202209290
Josh Winckowski,wincj001,2022-05-28,2022,BOS,BAL,4,3.0,18,62,6,3,1,1,0.98,BOS202205282
Josh Winckowski,wincj001,2022-06-15,2022,BOS,OAK,3,5.0,20,79,4,1,0,1,0.98,BOS202206150
Josh Winckowski,wincj001,2022-06-20,2022,BOS,DET,2,6.7,26,92,7,1,0,1,0.98,BOS202206200
Josh Winckowski,wincj001,2022-06-25,2022,BOS,CLE,4,5.3,22,77,6,1,0,0,1.04,CLE202206250
Josh Winckowski,wincj001,2022-07-02,2022,BOS,CHN,6,6.0,24,94,6,1,0,0,0.97,CHN202207020
Josh Winckowski,wincj001,2022-07-07,2022,BOS,NYA,2,5.0,26,98,6,5,2,1,0.98,BOS202207070
Josh Winckowski,wincj001,2022-07-13,2022,BOS,TBA,5,6.0,24,92,4,2,1,0,1.05,TBA202207130
Josh Winckowski,wincj001,2022-07-26,2022,BOS,CLE,1,3.0,17,73,6,1,2,1,0.98,BOS202207260
Josh Winckowski,wincj001,2022-07-31,2022,BOS,MIL,1,5.0,21,65,7,1,1,1,0.98,BOS202207310
Josh Winckowski,wincj001,2022-08-05,2022,BOS,KCA,4,5.0,22,87,5,2,1,0,0.96,KCA202208050
Josh Winckowski,wincj001,2022-08-11,2022,BOS,BAL,2,5.7,24,93,6,2,0,1,0.98,BOS202208110
Josh Winckowski,wincj001,2022-08-18,2022,BOS,PIT,2,5.0,23,83,7,1,2,0,1.0,PIT202208180
Josh Winckowski,wincj001,2022-08-23,2022,BOS,TOR,2,2.7,16,61,6,2,0,1,0.98,BOS202208230
Josh Winckowski,wincj001,2022-09-04,2022,BOS,TEX,3,4.0,18,82,3,3,0,1,0.98,BOS202209040
Josh Winder,windj002,2022-05-01,2022,MIN,TBA,7,6.0,20,83,2,1,0,0,1.05,TBA202205010
Josh Winder,windj002,2022-05-06,2022,MIN,OAK,8,6.0,20,80,3,0,0,1,1.0,MIN202205060
Josh Winder,windj002,2022-05-12,2022,MIN,HOU,2,3.3,19,77,6,3,1,1,1.0,MIN202205120
Josh Winder,windj002,2022-06-28,2022,MIN,CLE,1,6.0,24,81,4,1,0,0,1.04,CLE202206282
Josh Winder,windj002,2022-07-05,2022,MIN,CHA,3,5.0,22,77,7,2,0,0,0.99,CHA202207050
Josh Winder,windj002,2022-07-12,2022,MIN,MIL,2,5.0,21,85,4,2,2,1,1.0,MIN202207120
Josh Winder,windj002,2022-09-11,2022,MIN,CLE,4,4.0,17,67,4,1,2,1,1.0,MIN202209110
Josh Winder,windj002,2022-09-17,2022,MIN,CLE,2,4.7,21,80,6,1,1,0,1.04,CLE202209172
Josh Winder,windj002,2022-09-22,2022,MIN,KCA,4,6.0,25,89,6,1,2,0,0.96,KCA202209220
Josh Winder,windj002,2022-09-28,2022,MIN,CHA,6,4.7,21,91,6,0,0,1,1.0,MIN202209280
Josh Winder,windj002,2022-10-04,2022,MIN,CHA,2,2.3,14,69,5,1,0,0,0.99,CHA202210040
Matt Wisler,wislm001,2022-04-19,2022,TBA,CHN,0,1.7,6,18,0,1,0,0,0.97,CHN202204190
Matt Wisler,wislm001,2022-04-26,2022,TBA,SEA,2,2.0,8,27,2,0,0,1,1.05,TBA202204260
Matt Wisler,wislm001,2022-05-06,2022,TBA,SEA,2,2.0,8,33,2,0,1,0,1.04,SEA202205060
Matt Wisler,wislm001,2022-06-30,2022,TBA,TOR,1,1.0,3,14,0,1,0,0,1.0,TOR202206300
Matt Wisler,wislm001,2022-07-11,2022,TBA,BOS,1,1.0,3,17,0,0,0,1,1.05,TBA202207110
Alex Wood,wooda002,2022-04-11,2022,SFN,SDN,6,4.3,20,86,5,1,1,1,1.03,SFN202204110
Alex Wood,wooda002,2022-04-17,2022,SFN,CLE,5,5.0,20,87,4,2,0,0,1.04,CLE202204170
Alex Wood,wooda002,2022-04-23,2022,SFN,WAS,5,5.0,20,77,4,1,1,0,1.01,WAS202204230
Alex Wood,wooda002,2022-04-29,2022,SFN,WAS,3,5.0,24,86,8,1,1,1,1.03,SFN202204290
Alex Wood,wooda002,2022-05-04,2022,SFN,LAN,7,5.3,20,89,4,2,1,0,1.03,LAN202205040
Alex Wood,wooda002,2022-05-10,2022,SFN,COL,4,5.3,24,104,7,2,0,1,1.03,SFN202205100
Alex Wood,wooda002,2022-05-16,2022,SFN,COL,5,4.3,21,88,6,1,0,0,0.92,COL202205160
Alex Wood,wooda002,2022-05-22,2022,SFN,SDN,4,3.0,19,73,8,2,0,1,1.03,SFN202205220
Alex Wood,wooda002,2022-05-28,2022,SFN,CIN,6,5.7,22,96,4,1,1,0,1.0,CIN202205280
Alex Wood,wooda002,2022-06-02,2022,SFN,MIA,5,5.3,21,90,4,2,0,0,0.98,MIA202206020
Alex Wood,wooda002,2022-06-08,2022,SFN,COL,5,7.0,25,101,5,0,0,1,1.03,SFN202206080
Alex Wood,wooda002,2022-06-13,2022,SFN,KCA,5,6.0,22,80,4,1,0,1,1.03,SFN202206130
Alex Wood,wooda002,2022-06-18,2022,SFN,PIT,4,5.3,23,91,6,2,1,0,1.0,PIT202206180
Alex Wood,wooda002,2022-06-23,2022,SFN,ATL,1,1.0,11,42,4,2,1,0,1.02,ATL202206230
Alex Wood,wooda002,2022-06-29,2022,SFN,DET,6,5.7,23,93,7,0,1,1,1.03,SFN202206290
Alex Wood,wooda002,2022-07-05,2022,SFN,ARI,4,5.0,18,71,4,0,0,0,1.03,ARI202207050
Alex Wood,wooda002,2022-07-10,2022,SFN,SDN,8,7.0,25,83,3,1,0,0,1.08,SDN202207100
Alex Wood,wooda002,2022-07-15,2022,SFN,MIL,7,4.7,19,84,4,0,0,1,1.03,SFN202207150
Alex Wood,wooda002,2022-07-23,2022,SFN,LAN,6,4.0,18,97,4,2,2,0,1.03,LAN202207230
Alex Wood,wooda002,2022-07-28,2022,SFN,CHN,3,6.7,24,92,2,2,1,1,1.03,SFN202207280
Alex Wood,wooda002,2022-08-02,2022,SFN,LAN,6,5.3,27,99,9,1,1,1,1.03,SFN202208020
Alex Wood,wooda002,2022-08-08,2022,SFN,SDN,5,6.3,23,89,3,0,0,0,1.08,SDN202208080
Alex Wood,wooda002,2022-08-14,2022,SFN,PIT,9,6.0,26,101,5,1,0,1,1.03,SFN202208140
Alex Wood,wooda002,2022-08-19,2022,SFN,COL,3,4.7,23,89,7,2,3,0,0.92,COL202208190
Alex Wood,wooda002,2022-08-26,2022,SFN,MIN,4,3.0,17,60,6,0,2,0,1.0,MIN202208260
Alex Wood,wooda002,2022-08-31,2022,SFN,SDN,5,4.7,20,87,5,1,0,1,1.03,SFN202208310
Brandon Woodruff,woodb005,2022-04-09,2022,MIL,CHN,2,3.7,22,89,6,3,0,0,0.97,CHN202204090
Brandon Woodruff,woodb005,2022-04-14,2022,MIL,SLN,2,5.0,19,89,3,1,0,1,1.05,MIL202204140
Brandon Woodruff,woodb005,2022-04-20,2022,MIL,PIT,9,6.0,21,95,1,2,0,1,1.05,MIL202204200
Brandon Woodruff,woodb005,2022-04-26,2022,MIL,PIT,6,4.0,21,95,7,2,0,0,1.0,PIT202204260
Brandon Woodruff,woodb005,2022-05-03,2022,MIL,CIN,12,5.7,21,95,4,0,2,1,1.05,MIL202205030
Brandon Woodruff,woodb005,2022-05-09,2022,MIL,CIN,6,4.3,22,92,8,2,2,0,1.0,CIN202205090
Brandon Woodruff,woodb005,2022-05-15,2022,MIL,MIA,6,5.0,23,94,5,2,1,0,0.98,MIA202205150
Brandon Woodruff,woodb005,2022-05-21,2022,MIL,WAS,6,6.0,22,100,5,0,1,1,1.05,MIL202205210
Brandon Woodruff,woodb005,2022-05-27,2022,MIL,SLN,4,4.0,15,61,2,1,1,0,1.0,SLN202205270
Brandon Woodruff,woodb005,2022-06-28,2022,MIL,TBA,10,5.0,17,76,2,0,0,0,1.05,TBA202206280
Brandon Woodruff,woodb005,2022-07-03,2022,MIL,PIT,8,6.0,23,94,6,0,0,0,1.0,PIT202207030
Brandon Woodruff,woodb005,2022-07-09,2022,MIL,PIT,9,6.0,25,92,4,3,0,1,1.05,MIL202207090
Brandon Woodruff,woodb005,2022-07-15,2022,MIL,SFN,4,5.7,27,112,5,5,0,0,1.03,SFN202207150
Brandon Woodruff,woodb005,2022-07-23,2022,MIL,COL,8,6.0,23,100,4,1,0,1,1.05,MIL202207230
Brandon Woodruff,woodb005,2022-07-29,2022,MIL,BOS,9,6.3,25,101,4,2,0,0,0.98,BOS202207290
Brandon Woodruff,woodb005,2022-08-04,2022,MIL,PIT,3,6.3,28,95,8,3,0,0,1.0,PIT202208040
Brandon Woodruff,woodb005,2022-08-10,2022,MIL,TBA,5,7.0,25,85,4,0,2,1,1.05,MIL202208100
Brandon Woodruff,woodb005,2022-08-16,2022,MIL,LAN,8,5.0,22,93,5,2,2,1,1.05,MIL202208160
Brandon Woodruff,woodb005,2022-08-21,2022,MIL,CHN,5,5.7,22,105,4,2,2,0,0.97,CHN202208210
Brandon Woodruff,woodb005,2022-08-27,2022,MIL,CHN,10,6.0,23,96,4,1,0,1,1.05,MIL202208270
Brandon Woodruff,woodb005,2022-09-01,2022,MIL,ARI,4,5.7,28,97,8,2,1,0,1.03,ARI202209010
Brandon Woodruff,woodb005,2022-09-06,2022,MIL,COL,5,7.0,25,91,2,2,1,0,0.92,COL202209060
Brandon Woodruff,woodb005,2022-09-11,2022,MIL,CIN,11,6.0,23,95,5,1,0,1,1.05,MIL202209110
Brandon Woodruff,woodb005,2022-09-17,2022,MIL,NYA,10,8.0,30,100,5,1,1,1,1.05,MIL202209170
Brandon Woodruff,woodb005,2022-09-22,2022,MIL,CIN,11,6.0,22,96,3,2,1,0,1.0,CIN202209220
Brandon Woodruff,woodb005,2022-09-28,2022,MIL,SLN,10,6.0,25,98,6,1,0,1,1.05,MIL202209280
Brandon Woodruff,woodb005,2022-10-03,2022,MIL,ARI,7,6.0,21,100,2,1,1,1,1.05,MIL202210030
Jake Woodford,woodj003,2022-08-23,2022,SLN,CHN,1,5.3,21,76,4,1,0,0,0.97,CHN202208232
Simeon Woods Richardson,woods002,2022-10-02,2022,MIN,DET,3,5.0,20,91,3,2,1,0,1.0,DET202210020
Kyle Wright,wrigk001,2022-04-09,2022,ATL,CIN,6,6.0,21,76,2,1,0,1,1.02,ATL202204090
Kyle Wright,wrigk001,2022-04-15,2022,ATL,SDN,9,5.0,21,92,5,0,0,0,1.08,SDN202204150
Kyle Wright,wrigk001,2022-04-22,2022,ATL,MIA,11,6.0,24,95,4,1,0,1,1.02,ATL202204220
Kyle Wright,wrigk001,2022-04-28,2022,ATL,CHN,8,7.0,26,97,3,4,0,1,1.02,ATL202204280
Kyle Wright,wrigk001,2022-05-03,2022,ATL,NYN,3,7.0,29,94,9,1,1,0,1.06,NYN202205032
Kyle Wright,wrigk001,2022-05-10,2022,ATL,BOS,4,4.7,25,85,7,4,1,1,1.02,ATL202205100
Kyle Wright,wrigk001,2022-05-15,2022,ATL,SDN,9,6.3,25,86,3,2,0,1,1.02,ATL202205150
Kyle Wright,wrigk001,2022-05-21,2022,ATL,MIA,6,5.0,19,91,2,3,0,0,0.98,MIA202205210
Kyle Wright,wrigk001,2022-05-26,2022,ATL,PHI,5,6.7,25,92,3,2,1,1,1.02,ATL202205260
Kyle Wright,wrigk001,2022-06-01,2022,ATL,ARI,5,6.0,25,101,3,5,0,0,1.03,ARI202206010
Kyle Wright,wrigk001,2022-06-07,2022,ATL,OAK,7,8.0,28,105,5,0,0,1,1.02,ATL202206070
Kyle Wright,wrigk001,2022-06-12,2022,ATL,PIT,7,6.0,24,79,5,2,1,1,1.02,ATL202206120
Kyle Wright,wrigk001,2022-06-18,2022,ATL,CHN,8,6.0,29,95,11,1,0,0,0.97,CHN202206180
Kyle Wright,wrigk001,2022-06-23,2022,ATL,SFN,4,5.3,25,91,10,1,1,1,1.02,ATL202206230
Kyle Wright,wrigk001,2022-06-29,2022,ATL,PHI,4,7.0,27,98,3,3,1,0,1.01,PHI202206290
Kyle Wright,wrigk001,2022-07-04,2022,ATL,SLN,2,4.0,18,71,3,1,0,1,1.02,ATL202207040
Kyle Wright,wrigk001,2022-07-09,2022,ATL,WAS,5,7.0,29,84,8,2,2,1,1.02,ATL202207090
Kyle Wright,wrigk001,2022-07-14,2022,ATL,WAS,4,7.0,28,103,7,1,1,0,1.01,WAS202207140
Kyle Wright,wrigk001,2022-07-23,2022,ATL,ANA,8,6.0,25,89,7,0,1,1,1.02,ATL202207230
Kyle Wright,wrigk001,2022-07-29,2022,ATL,ARI,5,6.7,28,96,5,2,1,1,1.02,ATL202207290
Kyle Wright,wrigk001,2022-08-04,2022,ATL,NYN,4,6.0,26,97,7,2,4,0,1.06,NYN202208040
Kyle Wright,wrigk001,2022-08-10,2022,ATL,BOS,5,6.0,24,77,6,1,0,0,0.98,BOS202208100
Kyle Wright,wrigk001,2022-08-19,2022,ATL,HOU,7,6.0,24,84,6,1,1,1,1.02,ATL202208190
Kyle Wright,wrigk001,2022-08-24,2022,ATL,PIT,8,7.0,24,73,2,1,0,0,1.0,PIT202208240
Kyle Wright,wrigk001,2022-08-31,2022,ATL,COL,6,7.0,27,94,5,2,0,1,1.02,ATL202208310
Kyle Wright,wrigk001,2022-09-06,2022,ATL,OAK,4,4.0,21,75,5,3,2,0,1.0,OAK202209060
Kyle Wright,wrigk001,2022-09-13,2022,ATL,SFN,4,5.3,21,98,3,3,0,0,1.03,SFN202209130
Kyle Wright,wrigk001,2022-09-19,2022,ATL,WAS,7,6.0,26,88,8,1,0,1,1.02,ATL202209190
Kyle Wright,wrigk001,2022-09-24,2022,ATL,PHI,6,5.3,21,97,2,2,1,0,1.01,PHI202209240
Kyle Wright,wrigk001,2022-10-01,2022,ATL,NYN,3,5.0,23,87,7,1,0,1,1.02,ATL202210010
Jimmy Yacabonis,yacaj001,2022-08-09,2022,TBA,MIL,0,1.0,5,21,1,1,0,0,1.05,MIL202208090
Miguel Yajure,yajum001,2022-06-27,2022,PIT,WAS,0,4.0,18,65,4,3,0,0,1.01,WAS202206270
Ryan Yarbrough,yarbr001,2022-05-03,2022,TBA,OAK,2,2.3,16,56,6,3,1,0,1.0,OAK202205030
Ryan Yarbrough,yarbr001,2022-05-08,2022,TBA,SEA,4,5.0,19,68,4,1,0,0,1.04,SEA202205080
Ryan Yarbrough,yarbr001,2022-05-14,2022,TBA,TOR,2,3.7,18,80,2,3,0,1,1.05,TBA202205140
Ryan Yarbrough,yarbr001,2022-05-26,2022,TBA,NYA,5,5.3,20,80,2,1,0,1,1.05,TBA202205260
Ryan Yarbrough,yarbr001,2022-05-31,2022,TBA,TEX,3,6.7,27,87,6,0,2,0,0.99,TEX202205310
Ryan Yarbrough,yarbr001,2022-06-05,2022,TBA,CHA,0,1.7,15,68,8,2,0,1,1.05,TBA202206050
Ryan Yarbrough,yarbr001,2022-07-16,2022,TBA,BAL,4,5.3,19,65,5,0,0,1,1.05,TBA202207160
Ryan Yarbrough,yarbr001,2022-07-28,2022,TBA,BAL,8,6.0,23,83,4,0,0,0,1.0,BAL202207280
Ryan Yarbrough,yarbr001,2022-08-21,2022,TBA,KCA,5,4.3,19,82,3,1,0,1,1.05,TBA202208210
Huascar Ynoa,ynoah001,2022-04-11,2022,ATL,WAS,4,3.0,18,72,7,2,1,1,1.02,ATL202204110
Huascar Ynoa,ynoah001,2022-04-18,2022,ATL,LAN,4,3.7,19,75,4,4,1,0,1.03,LAN202204180
Alex Young,youna002,2022-09-08,2022,SFN,MIL,0,0.7,6,24,1,2,0,0,1.05,MIL202209082
Angel Zerpa,zerpa001,2022-07-14,2022,KCA,TOR,2,5.0,20,73,4,2,1,0,1.0,TOR202207140
Angel Zerpa,zerpa001,2022-07-26,2022,KCA,ANA,1,4.0,17,59,4,1,1,1,0.96,KCA202207260
T. J. Zeuch,zeuct001,2022-08-10,2022,CIN,NYN,4,4.0,21,91,6,2,1,0,1.06,NYN202208100
T. J. Zeuch,zeuct001,2022-08-16,2022,CIN,PHI,1,4.0,24,78,11,1,3,1,1.0,CIN202208160
T. J. Zeuch,zeuct001,2022-08-24,2022,CIN,PHI,0,2.7,19,81,7,4,1,0,1.01,PHI202208240
Bruce Zimmermann,zimmb002,2022-04-11,2022,BAL,MIL,4,4.0,17,66,3,2,0,1,1.0,BAL202204110
Bruce Zimmermann,zimmb002,2022-04-17,2022,BAL,NYA,6,5.0,21,75,4,2,0,1,1.0,BAL202204170
Bruce Zimmermann,zimmb002,2022-04-22,2022,BAL,ANA,6,6.0,21,76,5,1,1,0,0.99,ANA202204220
Bruce Zimmermann,zimmb002,2022-04-28,2022,BAL,NYA,5,4.3,21,76,7,1,0,0,0.99,NYA202204280
Bruce Zimmermann,zimmb002,2022-05-03,2022,BAL,MIN,4,5.0,22,81,4,2,0,1,1.0,BAL202205030
Bruce Zimmermann,zimmb002,2022-05-08,2022,BAL,KCA,5,6.0,23,85,5,0,0,1,1.0,BAL202205082
Bruce Zimmermann,zimmb002,2022-05-14,2022,BAL,DET,2,6.0,24,80,7,1,2,0,1.0,DET202205140
Bruce Zimmermann,zimmb002,2022-05-19,2022,BAL,NYA,2,5.0,21,78,7,1,1,1,1.0,BAL202205190
Bruce Zimmermann,zimmb002,2022-05-24,2022,BAL,NYA,5,6.3,23,85,6,0,4,0,0.99,NYA202205240
Bruce Zimmermann,zimmb002,2022-05-29,2022,BAL,BOS,2,4.0,20,82,8,1,5,0,0.98,BOS202205290
Bruce Zimmermann,zimmb002,2022-06-03,2022,BAL,CLE,1,5.7,27,87,10,0,0,1,1.0,BAL202206030
Bruce Zimmermann,zimmb002,2022-06-10,2022,BAL,KCA,2,4.7,25,76,10,0,2,0,0.96,KCA202206100
Bruce Zimmermann,zimmb002,2022-06-15,2022,BAL,TOR,2,4.7,24,80,11,0,3,0,1.0,TOR202206150
