pitcher_name,pitcher_id,game_date,season,team,opponent,strikeouts,innings_pitched,batters_faced,pitches_thrown,hits,walks,home_runs,is_home,park_k_factor,game_id
Andrew Abbott,abboa001,2023-06-05,2023,CIN,MIL,6,6.0,23,98,1,4,0,1,1.0,CIN202306050
Andrew Abbott,abboa001,2023-06-10,2023,CIN,SLN,4,5.7,24,86,5,3,0,0,1.0,SLN202306100
Andrew Abbott,abboa001,2023-06-16,2023,CIN,HOU,2,6.0,24,72,4,2,0,0,1.02,HOU202306160
Andrew Abbott,abboa001,2023-06-21,2023,CIN,COL,10,6.0,21,73,4,0,3,1,1.0,CIN202306210
Andrew Abbott,abboa001,2023-06-27,2023,CIN,BAL,8,6.0,23,75,2,3,0,0,1.0,BAL202306270
Andrew Abbott,abboa001,2023-07-02,2023,CIN,SDN,12,7.7,28,72,4,1,1,1,1.0,CIN202307020
Andrew Abbott,abboa001,2023-07-07,2023,CIN,MIL,6,4.3,23,79,9,1,2,0,1.05,MIL202307070
Andrew Abbott,abboa001,2023-07-15,2023,CIN,MIL,3,6.0,21,87,3,2,2,1,1.0,CIN202307150
Andrew Abbott,abboa001,2023-07-20,2023,CIN,SFN,6,8.0,26,73,1,2,0,1,1.0,CIN202307200
Andrew Abbott,abboa001,2023-07-25,2023,CIN,MIL,9,6.0,24,94,7,1,0,0,1.05,MIL202307250
Andrew Abbott,abboa001,2023-07-31,2023,CIN,CHN,5,3.3,18,60,5,3,1,0,0.97,CHN202307310
Andrew Abbott,abboa001,2023-08-05,2023,CIN,WAS,3,5.7,31,93,9,5,0,1,1.0,CIN202308050
Andrew Abbott,abboa001,2023-08-11,2023,CIN,PIT,9,5.7,21,88,4,0,1,0,1.0,PIT202308110
Andrew Abbott,abboa001,2023-08-16,2023,CIN,CLE,5,5.0,20,81,6,0,1,1,1.0,CIN202308160
Andrew Abbott,abboa001,2023-08-23,2023,CIN,ANA,5,4.0,20,65,5,4,1,0,0.99,ANA202308231
Andrew Abbott,abboa001,2023-08-28,2023,CIN,SFN,6,3.3,18,71,5,3,0,0,1.03,SFN202308280
Andrew Abbott,abboa001,2023-09-02,2023,CIN,CHN,5,6.3,25,87,4,2,1,1,1.0,CIN202309020
Andrew Abbott,abboa001,2023-09-08,2023,CIN,SLN,3,4.0,19,56,4,3,1,1,1.0,CIN202309080
Andrew Abbott,abboa001,2023-09-16,2023,CIN,NYN,5,3.7,20,72,6,3,0,0,1.06,NYN202309160
Andrew Abbott,abboa001,2023-09-22,2023,CIN,PIT,7,4.3,18,74,4,2,2,1,1.0,CIN202309220
Andrew Abbott,abboa001,2023-09-27,2023,CIN,CLE,1,2.3,12,45,8,0,0,0,1.04,CLE202309270
Joan Adon,adonj001,2023-08-05,2023,WAS,CIN,7,6.0,21,69,3,0,1,0,1.0,CIN202308050
Joan Adon,adonj001,2023-08-11,2023,WAS,OAK,3,3.0,13,59,2,2,0,1,1.01,WAS202308110
Joan Adon,adonj001,2023-08-18,2023,WAS,PHI,3,4.0,20,71,6,2,1,1,1.01,WAS202308180
Joan Adon,adonj001,2023-08-25,2023,WAS,MIA,3,6.0,22,88,3,0,0,0,0.98,MIA202308250
Joan Adon,adonj001,2023-08-31,2023,WAS,MIA,3,5.0,25,79,9,1,1,1,1.01,WAS202308310
Joan Adon,adonj001,2023-09-06,2023,WAS,NYN,6,5.0,25,68,6,3,0,1,1.01,WAS202309060
Joan Adon,adonj001,2023-09-12,2023,WAS,PIT,4,4.0,26,79,8,6,1,0,1.0,PIT202309120
Joan Adon,adonj001,2023-09-18,2023,WAS,CHA,5,5.0,25,80,9,2,1,1,1.01,WAS202309180
Joan Adon,adonj001,2023-09-24,2023,WAS,ATL,5,4.7,23,85,5,4,1,1,1.01,WAS202309242
Joan Adon,adonj001,2023-09-30,2023,WAS,ATL,5,4.0,20,84,6,2,0,0,1.02,ATL202309300
Keegan Akin,akink001,2023-05-31,2023,BAL,CLE,1,1.0,5,22,2,0,0,1,1.0,BAL202305310
Sandy Alcántara,alcas001,2023-03-30,2023,MIA,NYN,2,5.7,23,91,3,4,0,1,0.98,MIA202303300
Sandy Alcántara,alcas001,2023-04-04,2023,MIA,MIN,5,9.0,30,100,3,1,0,1,0.98,MIA202304040
Sandy Alcántara,alcas001,2023-04-10,2023,MIA,PHI,4,4.0,23,75,10,1,1,0,1.01,PHI202304100
Sandy Alcántara,alcas001,2023-04-16,2023,MIA,ARI,9,6.0,25,74,6,0,1,1,0.98,MIA202304160
Sandy Alcántara,alcas001,2023-04-26,2023,MIA,ATL,6,5.7,24,79,4,3,1,0,1.02,ATL202304260
Sandy Alcántara,alcas001,2023-05-02,2023,MIA,ATL,5,5.0,25,103,6,3,1,1,0.98,MIA202305020
Sandy Alcántara,alcas001,2023-05-07,2023,MIA,CHN,9,8.3,32,92,9,0,0,0,0.97,CHN202305070
Sandy Alcántara,alcas001,2023-05-13,2023,MIA,CIN,9,7.7,32,100,7,2,1,1,0.98,MIA202305130
Sandy Alcántara,alcas001,2023-05-19,2023,MIA,SFN,5,5.7,25,80,5,3,0,0,1.03,SFN202305190
Sandy Alcántara,alcas001,2023-05-24,2023,MIA,COL,3,6.0,25,75,4,3,1,0,0.92,COL202305240
Sandy Alcántara,alcas001,2023-05-30,2023,MIA,SDN,3,6.3,29,81,5,5,0,1,0.98,MIA202305300
Sandy Alcántara,alcas001,2023-06-04,2023,MIA,OAK,7,7.0,26,73,6,0,0,1,0.98,MIA202306040
Sandy Alcántara,alcas001,2023-06-10,2023,MIA,CHA,4,7.0,26,73,3,2,1,0,0.99,CHA202306100
Sandy Alcántara,alcas001,2023-06-16,2023,MIA,WAS,1,5.3,26,91,10,0,1,0,1.01,WAS202306160
Sandy Alcántara,alcas001,2023-06-21,2023,MIA,TOR,6,7.0,31,84,10,2,0,1,0.98,MIA202306210
Sandy Alcántara,alcas001,2023-06-27,2023,MIA,BOS,5,7.0,27,81,6,2,0,0,0.98,BOS202306270
Sandy Alcántara,alcas001,2023-07-02,2023,MIA,ATL,6,5.0,22,82,5,2,2,0,1.02,ATL202307020
Sandy Alcántara,alcas001,2023-07-07,2023,MIA,PHI,5,6.7,27,82,8,0,1,1,0.98,MIA202307070
Sandy Alcántara,alcas001,2023-07-14,2023,MIA,BAL,5,6.0,27,91,8,1,2,0,1.0,BAL202307140
Sandy Alcántara,alcas001,2023-07-19,2023,MIA,SLN,7,6.0,27,82,8,2,1,0,1.0,SLN202307190
Sandy Alcántara,alcas001,2023-07-26,2023,MIA,TBA,7,9.0,32,93,5,1,0,0,1.05,TBA202307260
Sandy Alcántara,alcas001,2023-08-01,2023,MIA,PHI,5,8.0,27,101,4,1,0,1,0.98,MIA202308010
Sandy Alcántara,alcas001,2023-08-06,2023,MIA,TEX,7,6.0,26,88,6,0,3,0,0.99,TEX202308060
Sandy Alcántara,alcas001,2023-08-12,2023,MIA,NYA,10,9.0,33,98,5,2,0,1,0.98,MIA202308120
Sandy Alcántara,alcas001,2023-08-18,2023,MIA,LAN,6,6.0,25,85,7,1,3,0,1.03,LAN202308180
Sandy Alcántara,alcas001,2023-08-23,2023,MIA,SDN,3,6.7,29,92,7,3,1,0,1.08,SDN202308230
Sandy Alcántara,alcas001,2023-08-29,2023,MIA,TBA,4,5.7,25,96,7,2,0,1,0.98,MIA202308290
Sandy Alcántara,alcas001,2023-09-03,2023,MIA,WAS,3,8.0,33,89,9,2,1,0,1.01,WAS202309030
Scott Alexander,alexs001,2023-05-25,2023,SFN,MIL,1,1.0,3,8,0,0,0,0,1.05,MIL202305250
Scott Alexander,alexs001,2023-07-23,2023,SFN,WAS,0,0.7,4,13,2,0,0,0,1.01,WAS202307230
Scott Alexander,alexs001,2023-07-30,2023,SFN,BOS,1,1.7,5,16,0,0,0,1,1.03,SFN202307300
Scott Alexander,alexs001,2023-08-03,2023,SFN,ARI,0,1.0,3,7,1,0,0,1,1.03,SFN202308030
Scott Alexander,alexs001,2023-08-08,2023,SFN,ANA,0,0.0,3,11,3,0,0,0,0.99,ANA202308080
Scott Alexander,alexs001,2023-08-11,2023,SFN,TEX,2,1.0,4,13,0,1,0,1,1.03,SFN202308110
Scott Alexander,alexs001,2023-08-21,2023,SFN,PHI,2,0.7,5,14,3,0,0,0,1.01,PHI202308210
Scott Alexander,alexs001,2023-09-16,2023,SFN,COL,0,0.7,4,16,1,0,0,0,0.92,COL202309162
Tyler Alexander,alext001,2023-06-06,2023,DET,PHI,3,3.0,10,31,1,0,1,0,1.01,PHI202306060
Kolby Allard,allak001,2023-06-28,2023,ATL,MIN,8,4.7,18,67,3,1,0,1,1.02,ATL202306280
Kolby Allard,allak001,2023-07-04,2023,ATL,CLE,3,5.0,20,66,4,1,1,0,1.04,CLE202307040
Kolby Allard,allak001,2023-07-16,2023,ATL,CHA,1,1.7,12,37,7,1,1,1,1.02,ATL202307160
Logan Allen,allel003,2023-04-23,2023,CLE,MIA,8,6.0,23,63,5,1,1,1,1.04,CLE202304230
Logan Allen,allel003,2023-04-30,2023,CLE,BOS,8,5.0,22,99,4,2,0,0,0.98,BOS202304300
Logan Allen,allel003,2023-05-06,2023,CLE,MIN,3,5.7,26,79,7,2,1,1,1.04,CLE202305060
Logan Allen,allel003,2023-05-12,2023,CLE,ANA,5,4.3,24,84,8,2,0,1,1.04,CLE202305120
Logan Allen,allel003,2023-05-18,2023,CLE,CHA,5,5.7,24,97,7,1,0,0,0.99,CHA202305180
Logan Allen,allel003,2023-05-23,2023,CLE,CHA,4,6.0,27,73,7,1,1,1,1.04,CLE202305230
Logan Allen,allel003,2023-05-29,2023,CLE,BAL,10,7.0,26,81,3,2,0,0,1.0,BAL202305290
Logan Allen,allel003,2023-06-03,2023,CLE,MIN,4,6.0,25,77,7,2,1,0,1.0,MIN202306030
Logan Allen,allel003,2023-06-09,2023,CLE,HOU,4,6.0,27,79,9,2,1,1,1.04,CLE202306090
Logan Allen,allel003,2023-06-15,2023,CLE,SDN,2,3.0,17,53,4,4,1,0,1.08,SDN202306150
Logan Allen,allel003,2023-06-22,2023,CLE,OAK,5,4.0,17,79,2,3,0,1,1.04,CLE202306220
Logan Allen,allel003,2023-06-28,2023,CLE,KCA,5,3.7,17,72,3,2,0,0,0.96,KCA202306280
Logan Allen,allel003,2023-07-18,2023,CLE,PIT,8,5.0,17,77,1,1,0,0,1.0,PIT202307180
Logan Allen,allel003,2023-07-24,2023,CLE,KCA,5,7.0,29,70,7,0,2,1,1.04,CLE202307240
Logan Allen,allel003,2023-07-29,2023,CLE,CHA,4,6.0,26,79,8,3,2,0,0.99,CHA202307290
Logan Allen,allel003,2023-08-04,2023,CLE,CHA,5,6.0,24,91,4,4,0,1,1.04,CLE202308040
Logan Allen,allel003,2023-08-09,2023,CLE,TOR,3,5.0,21,78,4,3,1,1,1.04,CLE202308090
Logan Allen,allel003,2023-08-15,2023,CLE,CIN,7,6.0,23,70,4,3,0,0,1.0,CIN202308150
Logan Allen,allel003,2023-08-20,2023,CLE,DET,5,6.0,23,68,4,2,1,1,1.04,CLE202308200
Logan Allen,allel003,2023-08-26,2023,CLE,TOR,2,4.0,19,62,6,1,1,0,1.0,TOR202308260
Logan Allen,allel003,2023-09-02,2023,CLE,TBA,5,5.0,21,82,7,0,2,1,1.04,CLE202309020
Logan Allen,allel003,2023-09-08,2023,CLE,ANA,6,5.0,20,68,3,2,0,0,0.99,ANA202309080
Logan Allen,allel003,2023-09-13,2023,CLE,SFN,5,5.0,23,76,5,3,0,0,1.03,SFN202309130
Logan Allen,allel003,2023-09-19,2023,CLE,KCA,1,3.0,16,54,8,2,1,0,0.96,KCA202309190
Chase Anderson,andec001,2023-05-16,2023,COL,CIN,3,5.0,17,47,1,1,0,1,0.92,COL202305160
Chase Anderson,andec001,2023-05-22,2023,COL,MIA,1,5.7,25,65,8,2,0,1,0.92,COL202305220
Chase Anderson,andec001,2023-05-27,2023,COL,NYN,4,5.0,20,82,4,1,1,1,0.92,COL202305270
Chase Anderson,andec001,2023-06-02,2023,COL,KCA,2,6.0,21,68,4,1,2,0,0.96,KCA202306020
Chase Anderson,andec001,2023-06-08,2023,COL,SFN,7,5.3,23,70,6,1,2,1,0.92,COL202306080
Chase Anderson,andec001,2023-06-13,2023,COL,BOS,6,4.3,20,72,5,1,1,0,0.98,BOS202306130
Chase Anderson,andec001,2023-06-18,2023,COL,ATL,2,3.0,20,92,7,4,2,0,1.02,ATL202306180
Chase Anderson,andec001,2023-06-24,2023,COL,ANA,1,2.7,20,53,10,2,3,1,0.92,COL202306240
Chase Anderson,andec001,2023-06-29,2023,COL,LAN,6,3.7,20,80,6,2,0,1,0.92,COL202306290
Chase Anderson,andec001,2023-07-05,2023,COL,HOU,3,4.0,18,54,7,1,3,0,1.02,HOU202307050
Chase Anderson,andec001,2023-07-16,2023,COL,NYA,1,5.0,20,70,3,2,0,1,0.92,COL202307160
Chase Anderson,andec001,2023-07-22,2023,COL,MIA,6,6.0,26,89,7,1,0,0,0.98,MIA202307220
Chase Anderson,andec001,2023-09-03,2023,COL,TOR,3,4.0,17,61,4,2,2,1,0.92,COL202309030
Chase Anderson,andec001,2023-09-09,2023,COL,SFN,3,3.3,18,61,6,2,1,0,1.03,SFN202309090
Chase Anderson,andec001,2023-09-15,2023,COL,SFN,7,7.0,26,82,0,5,0,1,0.92,COL202309150
Chase Anderson,andec001,2023-09-20,2023,COL,SDN,3,6.3,23,77,5,2,0,0,1.08,SDN202309200
Chase Anderson,andec001,2023-09-26,2023,COL,LAN,4,5.0,20,83,5,2,0,1,0.92,COL202309261
Tyler Anderson,andet002,2023-04-02,2023,ANA,OAK,4,6.0,24,88,4,2,0,0,1.0,OAK202304020
Tyler Anderson,andet002,2023-04-08,2023,ANA,TOR,4,4.7,23,84,7,2,3,1,0.99,ANA202304080
Tyler Anderson,andet002,2023-04-15,2023,ANA,BOS,2,4.0,21,65,8,4,2,0,0.98,BOS202304150
Tyler Anderson,andet002,2023-04-22,2023,ANA,KCA,1,5.3,24,64,7,0,0,1,0.99,ANA202304220
Tyler Anderson,andet002,2023-04-28,2023,ANA,MIL,7,6.7,28,95,5,3,1,0,1.05,MIL202304280
Tyler Anderson,andet002,2023-05-05,2023,ANA,TEX,6,5.0,27,88,5,5,0,1,0.99,ANA202305050
Tyler Anderson,andet002,2023-05-12,2023,ANA,CLE,1,6.0,27,93,6,3,0,0,1.04,CLE202305120
Tyler Anderson,andet002,2023-05-18,2023,ANA,BAL,2,5.0,23,70,6,2,1,0,1.0,BAL202305180
Tyler Anderson,andet002,2023-05-24,2023,ANA,BOS,3,6.0,23,95,5,2,0,1,0.99,ANA202305240
Tyler Anderson,andet002,2023-05-30,2023,ANA,CHA,3,4.0,19,74,6,2,0,0,0.99,CHA202305300
Tyler Anderson,andet002,2023-06-06,2023,ANA,CHN,5,5.0,23,86,5,3,0,1,0.99,ANA202306060
Tyler Anderson,andet002,2023-06-12,2023,ANA,TEX,7,6.0,28,89,8,2,1,0,0.99,TEX202306120
Tyler Anderson,andet002,2023-06-18,2023,ANA,KCA,6,5.0,21,73,6,1,0,0,0.96,KCA202306180
Tyler Anderson,andet002,2023-06-25,2023,ANA,COL,9,6.0,24,82,4,2,1,0,0.92,COL202306250
Tyler Anderson,andet002,2023-07-01,2023,ANA,ARI,3,5.0,22,77,5,2,0,1,0.99,ANA202307010
Tyler Anderson,andet002,2023-07-16,2023,ANA,HOU,5,3.0,17,70,5,2,0,1,0.99,ANA202307160
Tyler Anderson,andet002,2023-07-23,2023,ANA,PIT,5,6.0,27,94,8,1,1,1,0.99,ANA202307230
Tyler Anderson,andet002,2023-07-30,2023,ANA,TOR,2,6.3,27,99,7,1,0,0,1.0,TOR202307300
Tyler Anderson,andet002,2023-08-05,2023,ANA,SEA,6,5.0,19,72,2,3,0,1,0.99,ANA202308050
Tyler Anderson,andet002,2023-08-12,2023,ANA,HOU,6,4.7,22,81,6,3,1,0,1.02,HOU202308120
Tyler Anderson,andet002,2023-08-18,2023,ANA,TBA,3,4.0,20,79,6,2,0,1,0.99,ANA202308180
Tyler Anderson,andet002,2023-08-29,2023,ANA,PHI,3,5.0,24,69,7,3,3,0,1.01,PHI202308290
Tyler Anderson,andet002,2023-09-03,2023,ANA,OAK,5,5.3,23,56,3,3,1,0,1.0,OAK202309030
Tyler Anderson,andet002,2023-09-09,2023,ANA,CLE,4,8.0,30,71,4,1,2,1,0.99,ANA202309090
Tyler Anderson,andet002,2023-09-16,2023,ANA,DET,7,5.0,24,85,4,5,1,1,0.99,ANA202309160
Tejay Antone,antot001,2023-09-04,2023,CIN,SEA,3,2.0,6,20,0,0,0,1,1.0,CIN202309040
Shawn Armstrong,armss001,2023-06-07,2023,TBA,MIN,1,2.0,7,24,1,0,0,1,1.05,TBA202306070
Shawn Armstrong,armss001,2023-07-06,2023,TBA,PHI,5,3.0,11,35,3,0,0,1,1.05,TBA202307060
Shawn Armstrong,armss001,2023-07-15,2023,TBA,KCA,2,2.0,7,20,1,0,0,0,0.96,KCA202307152
Shawn Armstrong,armss001,2023-08-12,2023,TBA,CLE,3,2.0,9,30,2,1,0,1,1.05,TBA202308120
Shawn Armstrong,armss001,2023-08-24,2023,TBA,COL,2,2.0,8,22,2,0,0,1,1.05,TBA202308240
Shawn Armstrong,armss001,2023-09-30,2023,TBA,TOR,0,1.0,5,18,0,2,0,0,1.0,TOR202309300
Graham Ashcraft,ashcg001,2023-04-02,2023,CIN,PIT,6,7.0,26,92,4,1,1,1,1.0,CIN202304020
Graham Ashcraft,ashcg001,2023-04-10,2023,CIN,ATL,7,6.0,25,97,6,3,0,0,1.02,ATL202304100
Graham Ashcraft,ashcg001,2023-04-15,2023,CIN,PHI,4,6.0,25,86,4,4,0,1,1.0,CIN202304150
Graham Ashcraft,ashcg001,2023-04-21,2023,CIN,PIT,4,5.0,21,82,3,3,0,0,1.0,PIT202304210
Graham Ashcraft,ashcg001,2023-04-26,2023,CIN,TEX,3,6.0,26,93,3,4,0,1,1.0,CIN202304260
Graham Ashcraft,ashcg001,2023-05-02,2023,CIN,SDN,3,6.0,25,87,6,1,0,0,1.08,SDN202305020
Graham Ashcraft,ashcg001,2023-05-07,2023,CIN,CHA,3,1.7,13,50,6,2,1,1,1.0,CIN202305070
Graham Ashcraft,ashcg001,2023-05-12,2023,CIN,MIA,3,5.7,26,77,6,2,2,0,0.98,MIA202305120
Graham Ashcraft,ashcg001,2023-05-17,2023,CIN,COL,3,5.0,25,76,10,1,0,0,0.92,COL202305170
Graham Ashcraft,ashcg001,2023-05-23,2023,CIN,SLN,5,5.0,24,89,10,0,2,1,1.0,CIN202305230
Graham Ashcraft,ashcg001,2023-05-28,2023,CIN,CHN,6,5.0,22,87,5,3,1,0,0.97,CHN202305280
Graham Ashcraft,ashcg001,2023-06-03,2023,CIN,MIL,2,4.0,25,80,9,4,2,1,1.0,CIN202306030
Graham Ashcraft,ashcg001,2023-06-08,2023,CIN,LAN,1,2.7,14,46,3,2,0,1,1.0,CIN202306080
Graham Ashcraft,ashcg001,2023-06-24,2023,CIN,ATL,2,4.0,24,87,10,0,3,1,1.0,CIN202306240
Graham Ashcraft,ashcg001,2023-06-30,2023,CIN,SDN,7,6.7,25,81,3,2,1,1,1.0,CIN202306300
Graham Ashcraft,ashcg001,2023-07-05,2023,CIN,WAS,2,6.0,27,95,7,3,0,0,1.01,WAS202307050
Graham Ashcraft,ashcg001,2023-07-14,2023,CIN,MIL,2,6.0,22,68,5,2,0,1,1.0,CIN202307140
Graham Ashcraft,ashcg001,2023-07-19,2023,CIN,SFN,3,6.0,24,89,5,2,1,1,1.0,CIN202307190
Graham Ashcraft,ashcg001,2023-07-24,2023,CIN,MIL,8,5.3,23,95,5,4,1,0,1.05,MIL202307240
Graham Ashcraft,ashcg001,2023-07-30,2023,CIN,LAN,2,6.0,22,85,5,0,0,0,1.03,LAN202307300
Graham Ashcraft,ashcg001,2023-08-04,2023,CIN,WAS,5,8.0,31,101,5,2,2,1,1.0,CIN202308040
Graham Ashcraft,ashcg001,2023-08-09,2023,CIN,MIA,7,7.0,25,89,3,1,1,1,1.0,CIN202308090
Graham Ashcraft,ashcg001,2023-08-15,2023,CIN,CLE,2,7.0,30,99,7,2,0,1,1.0,CIN202308150
Graham Ashcraft,ashcg001,2023-08-22,2023,CIN,ANA,10,7.0,27,84,5,2,3,0,0.99,ANA202308220
Graham Ashcraft,ashcg001,2023-08-27,2023,CIN,ARI,5,6.7,26,84,7,1,1,0,1.03,ARI202308270
Graham Ashcraft,ashcg001,2023-09-01,2023,CIN,CHN,6,5.0,21,62,6,1,1,1,1.0,CIN202309011
Javier Assad,assaj001,2023-04-20,2023,CHN,LAN,3,3.0,14,60,3,2,2,1,0.97,CHN202304200
Javier Assad,assaj001,2023-08-05,2023,CHN,ATL,3,3.7,17,78,5,2,1,1,0.97,CHN202308050
Javier Assad,assaj001,2023-08-11,2023,CHN,TOR,2,7.0,26,83,4,1,0,0,1.0,TOR202308110
Javier Assad,assaj001,2023-08-16,2023,CHN,CHA,4,6.0,23,74,4,2,1,1,0.97,CHN202308160
Javier Assad,assaj001,2023-08-21,2023,CHN,DET,4,5.3,24,83,5,2,2,0,1.0,DET202308210
Javier Assad,assaj001,2023-08-27,2023,CHN,PIT,7,7.0,26,88,3,2,0,0,1.0,PIT202308270
Javier Assad,assaj001,2023-09-02,2023,CHN,CIN,7,8.0,27,89,7,1,0,0,1.0,CIN202309020
Javier Assad,assaj001,2023-09-07,2023,CHN,ARI,0,5.3,23,83,7,1,2,1,0.97,CHN202309070
Javier Assad,assaj001,2023-09-12,2023,CHN,COL,4,3.3,20,75,5,4,0,0,0.92,COL202309120
Javier Assad,assaj001,2023-09-19,2023,CHN,PIT,8,5.0,21,84,5,1,1,1,0.97,CHN202309190
Pedro Avila,avilp001,2023-08-01,2023,SDN,COL,7,4.0,20,79,5,3,0,0,0.92,COL202308010
Pedro Avila,avilp001,2023-08-26,2023,SDN,MIL,4,4.3,20,65,5,2,0,0,1.05,MIL202308260
Pedro Avila,avilp001,2023-08-31,2023,SDN,SFN,5,3.0,19,69,6,2,0,1,1.08,SDN202308310
Pedro Avila,avilp001,2023-09-05,2023,SDN,PHI,1,6.7,24,78,2,6,0,1,1.08,SDN202309050
Pedro Avila,avilp001,2023-09-11,2023,SDN,LAN,2,2.7,18,70,6,3,2,0,1.03,LAN202309110
Pedro Avila,avilp001,2023-10-01,2023,SDN,CHA,7,5.0,20,73,3,0,0,0,0.99,CHA202310010
Tanner Banks,bankt001,2023-06-19,2023,CHA,TEX,3,3.7,16,57,5,0,1,1,0.99,CHA202306190
Tanner Banks,bankt001,2023-06-25,2023,CHA,BOS,4,2.7,14,60,3,2,0,1,0.99,CHA202306250
Tanner Banks,bankt001,2023-06-30,2023,CHA,OAK,3,4.0,18,63,5,1,0,0,1.0,OAK202306300
Matt Barnes,barnm001,2023-05-06,2023,MIA,CHN,2,1.0,5,24,2,0,0,0,0.97,CHN202305060
Jaime Barría,barrj003,2023-05-22,2023,ANA,BOS,6,5.0,17,49,2,0,0,1,0.99,ANA202305220
Jaime Barría,barrj003,2023-05-31,2023,ANA,CHA,6,5.0,22,86,4,3,0,0,0.99,CHA202305310
Jaime Barría,barrj003,2023-06-07,2023,ANA,CHN,3,5.0,18,63,3,1,0,1,0.99,ANA202306070
Jaime Barría,barrj003,2023-06-13,2023,ANA,TEX,2,4.3,22,69,7,1,2,0,0.99,TEX202306130
Jaime Barría,barrj003,2023-06-28,2023,ANA,CHA,0,3.0,18,50,7,2,3,1,0.99,ANA202306280
Jaime Barría,barrj003,2023-07-03,2023,ANA,SDN,5,5.0,19,80,5,0,1,0,1.08,SDN202307030
Chris Bassitt,bassc001,2023-04-02,2023,TOR,SLN,0,3.3,19,53,10,0,4,0,1.0,SLN202304020
Chris Bassitt,bassc001,2023-04-07,2023,TOR,ANA,5,6.0,26,99,3,5,1,0,0.99,ANA202304070
Chris Bassitt,bassc001,2023-04-13,2023,TOR,DET,7,6.0,25,101,4,3,0,1,1.0,TOR202304130
Chris Bassitt,bassc001,2023-04-18,2023,TOR,HOU,5,6.3,24,89,3,1,0,0,1.02,HOU202304180
Chris Bassitt,bassc001,2023-04-24,2023,TOR,CHA,4,6.3,27,95,3,3,0,1,1.0,TOR202304240
Chris Bassitt,bassc001,2023-04-30,2023,TOR,SEA,7,5.0,21,81,2,4,1,1,1.0,TOR202304300
Chris Bassitt,bassc001,2023-05-05,2023,TOR,PIT,5,7.0,26,94,4,4,0,0,1.0,PIT202305050
Chris Bassitt,bassc001,2023-05-12,2023,TOR,ATL,8,9.0,31,93,2,2,0,1,1.0,TOR202305120
Chris Bassitt,bassc001,2023-05-17,2023,TOR,NYA,7,7.0,26,91,3,1,0,1,1.0,TOR202305170
Chris Bassitt,bassc001,2023-05-22,2023,TOR,TBA,4,6.3,27,88,7,1,3,0,1.05,TBA202305220
Chris Bassitt,bassc001,2023-05-27,2023,TOR,MIN,5,4.0,24,87,9,2,2,0,1.0,MIN202305270
Chris Bassitt,bassc001,2023-06-02,2023,TOR,NYN,8,7.7,27,85,4,0,0,0,1.06,NYN202306020
Chris Bassitt,bassc001,2023-06-07,2023,TOR,HOU,5,8.0,27,73,4,0,1,1,1.0,TOR202306070
Chris Bassitt,bassc001,2023-06-13,2023,TOR,BAL,5,3.0,21,71,11,1,3,0,1.0,BAL202306130
Chris Bassitt,bassc001,2023-06-18,2023,TOR,TEX,2,3.7,22,61,7,3,0,0,0.99,TEX202306180
Chris Bassitt,bassc001,2023-06-23,2023,TOR,OAK,4,5.0,22,59,5,2,1,1,1.0,TOR202306230
Chris Bassitt,bassc001,2023-06-29,2023,TOR,SFN,12,6.0,25,100,3,3,0,1,1.0,TOR202306290
Chris Bassitt,bassc001,2023-07-04,2023,TOR,CHA,5,6.0,24,76,6,1,1,0,0.99,CHA202307040
Chris Bassitt,bassc001,2023-07-09,2023,TOR,DET,4,4.0,21,85,9,0,1,0,1.0,DET202307090
Chris Bassitt,bassc001,2023-07-15,2023,TOR,ARI,5,6.0,24,81,7,0,0,1,1.0,TOR202307150
Chris Bassitt,bassc001,2023-07-20,2023,TOR,SDN,5,6.0,24,80,4,1,0,1,1.0,TOR202307200
Chris Bassitt,bassc001,2023-07-25,2023,TOR,LAN,6,5.0,23,105,4,4,1,0,1.03,LAN202307250
Chris Bassitt,bassc001,2023-07-31,2023,TOR,BAL,7,6.0,26,99,7,2,1,1,1.0,TOR202307310
Chris Bassitt,bassc001,2023-08-06,2023,TOR,BOS,6,7.0,30,80,7,3,1,0,0.98,BOS202308060
Chris Bassitt,bassc001,2023-08-12,2023,TOR,CHN,6,6.0,23,96,4,2,1,1,1.0,TOR202308120
Chris Bassitt,bassc001,2023-08-19,2023,TOR,CIN,6,6.0,22,72,3,1,1,0,1.0,CIN202308190
Chris Bassitt,bassc001,2023-08-25,2023,TOR,CLE,5,5.7,25,95,7,2,2,1,1.0,TOR202308250
Chris Bassitt,bassc001,2023-08-30,2023,TOR,WAS,3,8.0,28,102,3,1,0,1,1.0,TOR202308300
Chris Bassitt,bassc001,2023-09-05,2023,TOR,OAK,7,8.0,29,82,7,0,0,0,1.0,OAK202309050
Chris Bassitt,bassc001,2023-09-11,2023,TOR,TEX,3,5.3,25,89,9,3,1,1,1.0,TOR202309110
Chris Bassitt,bassc001,2023-09-16,2023,TOR,BOS,5,7.0,27,90,4,3,1,1,1.0,TOR202309160
Chris Bassitt,bassc001,2023-09-22,2023,TOR,TBA,8,6.7,26,78,6,0,1,0,1.05,TBA202309220
Chris Bassitt,bassc001,2023-09-28,2023,TOR,NYA,12,7.7,29,93,5,1,0,1,1.0,TOR202309280
Peyton Battenfield,battp001,2023-04-12,2023,CLE,NYA,3,4.7,18,59,4,0,0,1,1.04,CLE202304120
Peyton Battenfield,battp001,2023-04-18,2023,CLE,DET,5,6.0,23,87,3,3,1,0,1.0,DET202304182
Peyton Battenfield,battp001,2023-04-25,2023,CLE,COL,4,4.7,23,86,6,4,1,1,1.04,CLE202304250
Peyton Battenfield,battp001,2023-05-05,2023,CLE,MIN,7,7.0,23,75,2,0,1,1,1.04,CLE202305050
Peyton Battenfield,battp001,2023-05-10,2023,CLE,DET,4,6.0,25,88,7,0,0,1,1.04,CLE202305100
Peyton Battenfield,battp001,2023-05-17,2023,CLE,CHA,2,4.3,22,69,9,1,3,0,0.99,CHA202305170
Tristan Beck,beckt002,2023-08-27,2023,SFN,ATL,5,4.3,17,61,3,1,0,1,1.03,SFN202308270
Tristan Beck,beckt002,2023-09-01,2023,SFN,SDN,0,2.7,17,49,9,0,2,0,1.08,SDN202309010
Tristan Beck,beckt002,2023-09-30,2023,SFN,LAN,3,5.0,21,67,6,1,0,1,1.03,SFN202309300
Jalen Beeks,beekj001,2023-04-10,2023,TBA,BOS,2,2.0,7,27,1,0,0,1,1.05,TBA202304100
Jalen Beeks,beekj001,2023-04-17,2023,TBA,CIN,1,3.0,13,41,1,2,1,0,1.0,CIN202304170
Jalen Beeks,beekj001,2023-05-10,2023,TBA,BAL,2,2.0,7,22,1,0,0,0,1.0,BAL202305100
Jalen Beeks,beekj001,2023-05-16,2023,TBA,NYN,2,2.0,7,26,1,0,0,0,1.06,NYN202305160
Jalen Beeks,beekj001,2023-05-21,2023,TBA,MIL,3,2.0,9,32,1,2,1,1,1.05,TBA202305210
Jalen Beeks,beekj001,2023-05-26,2023,TBA,LAN,2,1.7,9,31,3,1,0,1,1.05,TBA202305260
Jalen Beeks,beekj001,2023-06-13,2023,TBA,OAK,3,1.7,8,30,2,1,0,0,1.0,OAK202306130
Jalen Beeks,beekj001,2023-08-09,2023,TBA,SLN,1,2.0,10,27,3,1,0,1,1.05,TBA202308090
Brayan Bello,bellb002,2023-04-17,2023,BOS,ANA,5,2.7,18,68,8,1,1,1,0.98,BOS202304170
Brayan Bello,bellb002,2023-04-23,2023,BOS,MIL,3,4.7,21,63,5,2,1,0,1.05,MIL202304230
Brayan Bello,bellb002,2023-04-29,2023,BOS,CLE,6,5.0,20,84,5,2,1,1,0.98,BOS202304290
Brayan Bello,bellb002,2023-05-04,2023,BOS,TOR,5,5.0,23,87,6,1,1,1,0.98,BOS202305040
Brayan Bello,bellb002,2023-05-10,2023,BOS,ATL,5,6.0,23,93,6,1,1,0,1.02,ATL202305100
Brayan Bello,bellb002,2023-05-17,2023,BOS,SEA,7,5.0,25,93,3,5,0,1,0.98,BOS202305170
Brayan Bello,bellb002,2023-05-23,2023,BOS,ANA,6,7.0,27,91,6,0,2,0,0.99,ANA202305230
Brayan Bello,bellb002,2023-05-30,2023,BOS,CIN,4,4.0,20,92,5,2,0,1,0.98,BOS202305300
Brayan Bello,bellb002,2023-06-05,2023,BOS,TBA,5,6.0,26,88,6,1,0,1,0.98,BOS202306050
Brayan Bello,bellb002,2023-06-11,2023,BOS,NYA,3,7.0,26,85,3,2,0,0,0.99,NYA202306110
Brayan Bello,bellb002,2023-06-18,2023,BOS,NYA,8,7.0,28,93,4,3,0,1,0.98,BOS202306182
Brayan Bello,bellb002,2023-06-23,2023,BOS,CHA,5,6.7,27,99,6,1,0,0,0.99,CHA202306230
Brayan Bello,bellb002,2023-06-29,2023,BOS,MIA,5,7.0,24,82,2,1,0,1,0.98,BOS202306290
Brayan Bello,bellb002,2023-07-05,2023,BOS,TEX,3,7.0,28,84,8,0,1,1,0.98,BOS202307050
Brayan Bello,bellb002,2023-07-14,2023,BOS,CHN,5,6.0,25,87,8,0,2,0,0.97,CHN202307140
Brayan Bello,bellb002,2023-07-19,2023,BOS,OAK,3,4.0,19,63,5,2,3,0,1.0,OAK202307190
Brayan Bello,bellb002,2023-07-26,2023,BOS,ATL,4,6.0,24,87,4,2,1,1,0.98,BOS202307260
Brayan Bello,bellb002,2023-08-01,2023,BOS,SEA,7,6.0,27,70,8,2,1,0,1.04,SEA202308010
Brayan Bello,bellb002,2023-08-07,2023,BOS,KCA,2,6.7,27,99,6,2,0,1,0.98,BOS202308070
Brayan Bello,bellb002,2023-08-12,2023,BOS,DET,5,4.7,21,75,9,0,2,1,0.98,BOS202308120
Brayan Bello,bellb002,2023-08-18,2023,BOS,NYA,4,6.0,23,89,6,1,0,0,0.99,NYA202308180
Brayan Bello,bellb002,2023-08-24,2023,BOS,HOU,4,7.0,32,99,9,3,0,0,1.02,HOU202308240
Brayan Bello,bellb002,2023-08-29,2023,BOS,HOU,2,4.7,20,73,4,2,2,1,0.98,BOS202308290
Brayan Bello,bellb002,2023-09-04,2023,BOS,TBA,7,6.0,23,91,5,2,0,0,1.05,TBA202309040
Brayan Bello,bellb002,2023-09-10,2023,BOS,BAL,4,5.0,20,70,7,0,0,1,0.98,BOS202309100
Brayan Bello,bellb002,2023-09-15,2023,BOS,TOR,10,6.0,24,82,4,1,1,0,1.0,TOR202309150
Brayan Bello,bellb002,2023-09-20,2023,BOS,TEX,2,3.0,20,67,8,4,2,0,0.99,TEX202309200
Brayan Bello,bellb002,2023-09-27,2023,BOS,TBA,3,6.0,27,92,9,2,2,1,0.98,BOS202309270
Brennan Bernardino,bernb001,2023-07-04,2023,BOS,TEX,2,1.3,5,18,1,0,0,1,0.98,BOS202307040
Brennan Bernardino,bernb001,2023-07-07,2023,BOS,OAK,3,2.0,8,26,1,1,0,1,0.98,BOS202307070
Brennan Bernardino,bernb001,2023-07-17,2023,BOS,OAK,2,2.0,7,11,1,0,0,0,1.0,OAK202307170
Brennan Bernardino,bernb001,2023-07-23,2023,BOS,NYN,3,1.7,6,17,1,0,0,1,0.98,BOS202307230
Brennan Bernardino,bernb001,2023-07-30,2023,BOS,SFN,2,1.0,7,24,1,1,0,0,1.03,SFN202307300
Brennan Bernardino,bernb001,2023-08-06,2023,BOS,TOR,2,1.0,5,24,2,0,0,1,0.98,BOS202308060
José Berríos,berrj001,2023-04-03,2023,TOR,KCA,7,5.7,27,84,9,2,0,0,0.96,KCA202304030
José Berríos,berrj001,2023-04-08,2023,TOR,ANA,5,4.0,19,61,6,1,1,0,0.99,ANA202304080
José Berríos,berrj001,2023-04-14,2023,TOR,TBA,6,5.0,19,77,4,0,0,1,1.0,TOR202304140
José Berríos,berrj001,2023-04-19,2023,TOR,HOU,3,7.0,25,72,3,1,0,0,1.02,HOU202304190
José Berríos,berrj001,2023-04-25,2023,TOR,CHA,9,7.0,25,86,4,1,0,1,1.0,TOR202304250
José Berríos,berrj001,2023-05-01,2023,TOR,BOS,4,5.3,27,81,11,2,2,0,0.98,BOS202305010
José Berríos,berrj001,2023-05-06,2023,TOR,PIT,7,6.3,25,88,5,1,1,0,1.0,PIT202305060
José Berríos,berrj001,2023-05-13,2023,TOR,ATL,3,5.7,26,97,6,3,1,1,1.0,TOR202305130
José Berríos,berrj001,2023-05-18,2023,TOR,NYA,8,6.7,27,90,6,1,1,1,1.0,TOR202305180
José Berríos,berrj001,2023-05-23,2023,TOR,TBA,5,7.0,27,91,5,2,1,0,1.05,TBA202305230
José Berríos,berrj001,2023-05-28,2023,TOR,MIN,5,5.7,23,76,4,5,0,0,1.0,MIN202305280
José Berríos,berrj001,2023-06-03,2023,TOR,NYN,6,6.0,25,80,4,3,0,0,1.06,NYN202306030
José Berríos,berrj001,2023-06-08,2023,TOR,HOU,2,6.0,23,72,4,2,1,1,1.0,TOR202306080
José Berríos,berrj001,2023-06-14,2023,TOR,BAL,5,7.7,27,80,3,1,0,0,1.0,BAL202306140
José Berríos,berrj001,2023-06-19,2023,TOR,MIA,4,4.0,23,93,8,1,1,0,0.98,MIA202306190
José Berríos,berrj001,2023-06-24,2023,TOR,OAK,8,6.0,27,77,6,2,1,1,1.0,TOR202306240
José Berríos,berrj001,2023-06-30,2023,TOR,BOS,8,6.0,23,88,5,0,3,1,1.0,TOR202306300
José Berríos,berrj001,2023-07-06,2023,TOR,CHA,6,7.0,22,85,1,1,0,0,0.99,CHA202307061
José Berríos,berrj001,2023-07-14,2023,TOR,ARI,4,5.3,21,86,7,1,0,1,1.0,TOR202307140
José Berríos,berrj001,2023-07-19,2023,TOR,SDN,9,6.0,27,97,4,4,0,1,1.0,TOR202307190
José Berríos,berrj001,2023-07-24,2023,TOR,LAN,3,5.0,23,92,5,4,1,0,1.03,LAN202307240
José Berríos,berrj001,2023-07-30,2023,TOR,ANA,6,6.0,27,93,6,2,0,1,1.0,TOR202307300
José Berríos,berrj001,2023-08-05,2023,TOR,BOS,6,5.7,23,74,6,0,1,0,0.98,BOS202308050
José Berríos,berrj001,2023-08-11,2023,TOR,CHN,3,4.3,23,84,9,0,2,1,1.0,TOR202308110
José Berríos,berrj001,2023-08-18,2023,TOR,CIN,8,5.7,22,86,1,4,0,0,1.0,CIN202308180
José Berríos,berrj001,2023-08-24,2023,TOR,BAL,4,6.0,26,66,9,0,2,0,1.0,BAL202308240
José Berríos,berrj001,2023-08-29,2023,TOR,WAS,2,6.0,26,90,6,2,2,1,1.0,TOR202308290
José Berríos,berrj001,2023-09-04,2023,TOR,OAK,7,6.0,22,64,4,1,2,0,1.0,OAK202309040
José Berríos,berrj001,2023-09-10,2023,TOR,KCA,7,7.0,27,100,5,2,0,1,1.0,TOR202309100
José Berríos,berrj001,2023-09-15,2023,TOR,BOS,8,7.0,26,73,5,0,0,1,1.0,TOR202309150
José Berríos,berrj001,2023-09-21,2023,TOR,NYA,6,5.7,24,93,7,0,1,0,0.99,NYA202309210
José Berríos,berrj001,2023-09-27,2023,TOR,NYA,10,6.0,25,79,5,3,1,1,1.0,TOR202309270
Tanner Bibee,bibet001,2023-04-26,2023,CLE,COL,8,5.7,23,78,6,0,0,1,1.04,CLE202304260
Tanner Bibee,bibet001,2023-05-02,2023,CLE,NYA,5,5.3,20,83,4,0,1,0,0.99,NYA202305020
Tanner Bibee,bibet001,2023-05-08,2023,CLE,DET,2,3.7,20,67,7,4,0,1,1.04,CLE202305080
Tanner Bibee,bibet001,2023-05-14,2023,CLE,ANA,7,7.7,25,87,2,0,0,1,1.04,CLE202305140
Tanner Bibee,bibet001,2023-05-21,2023,CLE,NYN,3,6.0,27,86,7,4,0,0,1.06,NYN202305211
Tanner Bibee,bibet001,2023-05-27,2023,CLE,SLN,9,6.0,21,89,2,1,1,1,1.04,CLE202305270
Tanner Bibee,bibet001,2023-06-01,2023,CLE,MIN,6,5.0,23,81,6,1,1,0,1.0,MIN202306010
Tanner Bibee,bibet001,2023-06-07,2023,CLE,BOS,2,5.0,22,90,4,2,0,1,1.04,CLE202306070
Tanner Bibee,bibet001,2023-06-13,2023,CLE,SDN,3,4.0,22,64,8,2,2,0,1.08,SDN202306130
Tanner Bibee,bibet001,2023-06-18,2023,CLE,ARI,6,5.0,25,92,7,3,1,0,1.03,ARI202306180
Tanner Bibee,bibet001,2023-06-24,2023,CLE,MIL,7,6.0,25,91,3,4,0,1,1.04,CLE202306240
Tanner Bibee,bibet001,2023-07-01,2023,CLE,CHN,9,5.7,22,89,3,2,0,0,0.97,CHN202307010
Tanner Bibee,bibet001,2023-07-06,2023,CLE,KCA,4,5.0,24,86,4,4,0,1,1.04,CLE202307060
Tanner Bibee,bibet001,2023-07-16,2023,CLE,TEX,6,6.0,23,84,5,1,1,0,0.99,TEX202307160
Tanner Bibee,bibet001,2023-07-22,2023,CLE,PHI,8,7.0,24,87,2,1,0,1,1.04,CLE202307220
Tanner Bibee,bibet001,2023-07-27,2023,CLE,CHA,6,6.7,27,92,6,2,2,0,0.99,CHA202307270
Tanner Bibee,bibet001,2023-08-02,2023,CLE,HOU,4,5.0,24,82,7,4,1,0,1.02,HOU202308020
Tanner Bibee,bibet001,2023-08-08,2023,CLE,TOR,6,7.0,27,92,6,0,0,1,1.04,CLE202308080
Tanner Bibee,bibet001,2023-08-13,2023,CLE,TBA,5,7.0,27,94,7,0,0,0,1.05,TBA202308130
Tanner Bibee,bibet001,2023-08-19,2023,CLE,DET,6,5.0,21,75,5,1,1,1,1.04,CLE202308190
Tanner Bibee,bibet001,2023-08-25,2023,CLE,TOR,5,6.0,24,97,6,1,2,0,1.0,TOR202308250
Tanner Bibee,bibet001,2023-08-30,2023,CLE,MIN,8,5.0,21,74,4,3,0,0,1.0,MIN202308300
Tanner Bibee,bibet001,2023-09-05,2023,CLE,MIN,4,5.0,24,78,4,5,0,1,1.04,CLE202309050
Tanner Bibee,bibet001,2023-09-10,2023,CLE,ANA,8,7.0,23,72,2,0,0,0,0.99,ANA202309100
Tanner Bibee,bibet001,2023-09-16,2023,CLE,TEX,4,5.3,21,76,5,0,0,1,1.04,CLE202309160
Osvaldo Bido,bidoo001,2023-06-14,2023,PIT,CHN,6,4.0,19,77,4,3,0,0,0.97,CHN202306140
Osvaldo Bido,bidoo001,2023-06-19,2023,PIT,CHN,7,6.0,26,87,5,2,0,1,1.0,PIT202306190
Osvaldo Bido,bidoo001,2023-06-24,2023,PIT,MIA,5,5.7,26,72,9,0,1,0,0.98,MIA202306240
Osvaldo Bido,bidoo001,2023-06-30,2023,PIT,MIL,0,3.3,18,58,4,1,0,1,1.0,PIT202306300
Osvaldo Bido,bidoo001,2023-07-05,2023,PIT,LAN,4,4.0,19,74,2,4,0,0,1.03,LAN202307050
Osvaldo Bido,bidoo001,2023-07-16,2023,PIT,SFN,3,2.7,15,48,4,2,0,1,1.0,PIT202307160
Osvaldo Bido,bidoo001,2023-08-02,2023,PIT,DET,3,3.0,15,50,3,1,1,1,1.0,PIT202308020
Osvaldo Bido,bidoo001,2023-08-07,2023,PIT,ATL,3,4.0,17,51,4,0,1,1,1.0,PIT202308070
Osvaldo Bido,bidoo001,2023-09-29,2023,PIT,MIA,2,2.0,8,25,2,1,0,1,1.0,PIT202309290
Shane Bieber,biebs001,2023-03-30,2023,CLE,SEA,3,6.0,23,82,6,0,0,0,1.04,SEA202303300
Shane Bieber,biebs001,2023-04-04,2023,CLE,OAK,7,6.0,23,82,3,1,0,0,1.0,OAK202304040
Shane Bieber,biebs001,2023-04-10,2023,CLE,NYA,4,7.0,27,92,5,3,0,1,1.04,CLE202304100
Shane Bieber,biebs001,2023-04-16,2023,CLE,WAS,4,6.0,28,87,9,1,1,0,1.01,WAS202304160
Shane Bieber,biebs001,2023-04-22,2023,CLE,MIA,4,5.7,24,88,4,4,1,1,1.04,CLE202304221
Shane Bieber,biebs001,2023-04-28,2023,CLE,BOS,4,7.0,27,90,5,2,0,0,0.98,BOS202304280
Shane Bieber,biebs001,2023-05-03,2023,CLE,NYA,4,8.0,29,92,5,1,2,0,0.99,NYA202305030
Shane Bieber,biebs001,2023-05-09,2023,CLE,DET,9,6.0,26,93,7,1,0,1,1.04,CLE202305090
Shane Bieber,biebs001,2023-05-16,2023,CLE,CHA,4,4.7,26,83,12,0,2,0,0.99,CHA202305160
Shane Bieber,biebs001,2023-05-21,2023,CLE,NYN,4,8.0,31,98,7,2,1,0,1.06,NYN202305212
Shane Bieber,biebs001,2023-05-26,2023,CLE,SLN,2,6.7,28,97,5,4,0,1,1.04,CLE202305260
Shane Bieber,biebs001,2023-05-31,2023,CLE,BAL,4,4.0,22,67,8,2,1,0,1.0,BAL202305310
Shane Bieber,biebs001,2023-06-06,2023,CLE,BOS,2,5.7,24,90,5,1,0,1,1.04,CLE202306060
Shane Bieber,biebs001,2023-06-11,2023,CLE,HOU,9,7.0,26,93,3,1,0,1,1.04,CLE202306110
Shane Bieber,biebs001,2023-06-17,2023,CLE,ARI,5,7.3,30,92,7,2,3,0,1.03,ARI202306170
Shane Bieber,biebs001,2023-06-23,2023,CLE,MIL,8,5.0,22,72,5,2,1,1,1.04,CLE202306230
Shane Bieber,biebs001,2023-06-29,2023,CLE,KCA,8,6.0,20,70,2,1,0,0,0.96,KCA202306290
Shane Bieber,biebs001,2023-07-04,2023,CLE,ATL,4,4.7,25,88,6,5,1,1,1.04,CLE202307040
Shane Bieber,biebs001,2023-07-09,2023,CLE,KCA,6,6.3,28,88,9,0,1,1,1.04,CLE202307090
Shane Bieber,biebs001,2023-09-22,2023,CLE,BAL,5,5.0,22,72,6,1,0,1,1.04,CLE202309220
Shane Bieber,biebs001,2023-09-27,2023,CLE,CIN,7,6.0,22,70,5,0,0,1,1.04,CLE202309270
Brandon Bielak,bielb001,2023-05-07,2023,HOU,SEA,0,4.7,24,74,10,2,1,0,1.04,SEA202305070
Brandon Bielak,bielb001,2023-05-13,2023,HOU,CHA,4,5.0,21,69,8,0,1,0,0.99,CHA202305130
Brandon Bielak,bielb001,2023-05-19,2023,HOU,OAK,9,5.0,22,80,5,3,0,1,1.02,HOU202305190
Brandon Bielak,bielb001,2023-05-24,2023,HOU,MIL,3,6.7,25,72,5,1,3,0,1.05,MIL202305240
Brandon Bielak,bielb001,2023-05-30,2023,HOU,MIN,6,5.7,23,81,4,3,0,1,1.02,HOU202305300
Brandon Bielak,bielb001,2023-06-05,2023,HOU,TOR,2,6.7,30,100,10,1,1,0,1.0,TOR202306050
Brandon Bielak,bielb001,2023-06-11,2023,HOU,CLE,4,5.0,24,82,9,2,2,0,1.04,CLE202306110
Brandon Bielak,bielb001,2023-06-17,2023,HOU,CIN,3,4.7,24,90,5,3,1,1,1.02,HOU202306170
Brandon Bielak,bielb001,2023-07-04,2023,HOU,COL,4,7.0,24,90,2,4,0,1,1.02,HOU202307040
Brandon Bielak,bielb001,2023-07-09,2023,HOU,SEA,5,5.0,23,85,4,1,0,1,1.02,HOU202307090
Brandon Bielak,bielb001,2023-07-19,2023,HOU,COL,4,5.7,21,88,1,3,0,0,0.92,COL202307190
Brandon Bielak,bielb001,2023-07-24,2023,HOU,TEX,5,4.7,24,85,6,4,2,1,1.02,HOU202307240
Brandon Bielak,bielb001,2023-07-30,2023,HOU,TBA,4,5.0,26,88,8,3,0,1,1.02,HOU202307300
Jake Bird,birdj001,2023-06-21,2023,COL,CIN,1,2.0,8,28,2,0,0,0,1.0,CIN202306210
Jake Bird,birdj001,2023-07-18,2023,COL,HOU,2,1.0,7,24,3,0,0,1,0.92,COL202307180
Jake Bird,birdj001,2023-07-24,2023,COL,WAS,0,2.0,7,21,1,0,0,0,1.01,WAS202307240
Paul Blackburn,blacp001,2023-05-29,2023,OAK,ATL,6,4.0,18,78,4,2,0,1,1.0,OAK202305290
Paul Blackburn,blacp001,2023-06-04,2023,OAK,MIA,3,5.0,24,75,7,2,1,0,0.98,MIA202306040
Paul Blackburn,blacp001,2023-06-10,2023,OAK,MIL,5,6.0,22,91,4,1,0,0,1.05,MIL202306100
Paul Blackburn,blacp001,2023-06-15,2023,OAK,TBA,9,5.7,27,97,7,1,1,1,1.0,OAK202306150
Paul Blackburn,blacp001,2023-06-21,2023,OAK,CLE,7,5.0,26,72,9,1,0,0,1.04,CLE202306210
Paul Blackburn,blacp001,2023-06-27,2023,OAK,NYA,5,5.3,21,72,4,1,1,1,1.0,OAK202306270
Paul Blackburn,blacp001,2023-07-02,2023,OAK,CHA,5,5.0,25,90,6,4,0,1,1.0,OAK202307020
Paul Blackburn,blacp001,2023-07-17,2023,OAK,BOS,3,5.7,27,83,9,2,0,1,1.0,OAK202307170
Paul Blackburn,blacp001,2023-07-22,2023,OAK,HOU,5,5.3,24,85,5,3,1,1,1.0,OAK202307220
Paul Blackburn,blacp001,2023-07-29,2023,OAK,COL,7,6.0,25,94,9,0,0,0,0.92,COL202307290
Paul Blackburn,blacp001,2023-08-05,2023,OAK,SFN,7,6.0,24,100,2,3,0,1,1.0,OAK202308050
Paul Blackburn,blacp001,2023-08-11,2023,OAK,WAS,3,5.7,27,79,8,4,1,0,1.01,WAS202308110
Paul Blackburn,blacp001,2023-08-16,2023,OAK,SLN,8,7.0,26,73,6,1,0,0,1.0,SLN202308160
Paul Blackburn,blacp001,2023-08-21,2023,OAK,KCA,6,6.0,22,78,4,1,1,1,1.0,OAK202308210
Paul Blackburn,blacp001,2023-08-27,2023,OAK,CHA,6,6.0,27,83,8,2,0,0,0.99,CHA202308270
Paul Blackburn,blacp001,2023-09-02,2023,OAK,ANA,4,5.0,21,74,4,3,0,1,1.0,OAK202309020
Paul Blackburn,blacp001,2023-09-08,2023,OAK,TEX,5,3.0,18,85,6,3,1,0,0.99,TEX202309080
Paul Blackburn,blacp001,2023-09-13,2023,OAK,HOU,2,3.0,16,55,4,3,2,0,1.02,HOU202309130
Paul Blackburn,blacp001,2023-09-19,2023,OAK,SEA,4,5.0,20,71,4,1,0,1,1.0,OAK202309190
Paul Blackburn,blacp001,2023-09-26,2023,OAK,MIN,3,3.0,17,52,4,4,1,0,1.0,MIN202309260
Ty Blach,blact002,2023-07-23,2023,COL,MIA,2,3.0,10,36,2,0,0,0,0.98,MIA202307230
Ty Blach,blact002,2023-07-30,2023,COL,OAK,2,5.0,18,42,3,1,0,1,0.92,COL202307300
Ty Blach,blact002,2023-08-05,2023,COL,SLN,2,4.7,23,68,8,1,1,0,1.0,SLN202308050
Ty Blach,blact002,2023-08-10,2023,COL,LAN,2,6.0,22,79,3,2,1,0,1.03,LAN202308100
Ty Blach,blact002,2023-08-15,2023,COL,ARI,2,5.0,23,73,6,2,1,1,0.92,COL202308150
Ty Blach,blact002,2023-08-22,2023,COL,TBA,4,4.0,22,76,7,3,0,0,1.05,TBA202308220
Ty Blach,blact002,2023-08-27,2023,COL,BAL,7,7.0,24,73,3,1,1,0,1.0,BAL202308270
Ty Blach,blact002,2023-09-02,2023,COL,TOR,2,6.0,27,89,9,3,1,1,0.92,COL202309020
Ty Blach,blact002,2023-09-08,2023,COL,SFN,6,5.0,22,56,8,1,3,0,1.03,SFN202309080
Ty Blach,blact002,2023-09-13,2023,COL,CHN,4,5.0,24,78,9,1,0,1,0.92,COL202309130
Ty Blach,blact002,2023-09-18,2023,COL,SDN,3,3.7,21,75,9,2,3,0,1.08,SDN202309180
Ty Blach,blact002,2023-09-24,2023,COL,CHN,5,5.3,26,70,6,3,1,0,0.97,CHN202309240
Ty Blach,blact002,2023-09-29,2023,COL,MIN,4,5.0,24,82,7,2,1,1,0.92,COL202309290
Ronel Blanco,blanr001,2023-06-01,2023,HOU,ANA,5,5.3,26,80,7,3,1,1,1.02,HOU202306010
Ronel Blanco,blanr001,2023-06-07,2023,HOU,TOR,5,6.0,23,85,3,4,2,0,1.0,TOR202306070
Ronel Blanco,blanr001,2023-06-18,2023,HOU,CIN,5,5.7,24,94,7,2,2,1,1.02,HOU202306180
Ronel Blanco,blanr001,2023-06-24,2023,HOU,LAN,6,6.0,22,81,2,2,2,0,1.03,LAN202306240
Ronel Blanco,blanr001,2023-06-30,2023,HOU,TEX,2,5.0,22,75,4,4,2,0,0.99,TEX202306300
Ronel Blanco,blanr001,2023-07-06,2023,HOU,SEA,9,6.0,23,74,3,2,2,1,1.02,HOU202307060
Ronel Blanco,blanr001,2023-08-02,2023,HOU,CLE,3,4.0,19,69,5,4,0,1,1.02,HOU202308020
Ryan Borucki,borur001,2023-07-22,2023,PIT,ANA,3,1.7,6,15,0,0,0,0,0.99,ANA202307220
Ryan Borucki,borur001,2023-08-20,2023,PIT,MIN,3,2.0,6,19,0,0,0,0,1.0,MIN202308200
Jonathan Bowlan,bowlj001,2023-09-27,2023,KCA,DET,2,2.0,9,22,3,0,1,0,1.0,DET202309270
Matt Boyd,boydm001,2023-04-03,2023,DET,HOU,3,4.3,19,60,2,3,0,0,1.02,HOU202304030
Matt Boyd,boydm001,2023-04-09,2023,DET,BOS,4,4.7,22,63,5,4,0,1,1.0,DET202304090
Matt Boyd,boydm001,2023-04-18,2023,DET,CLE,4,5.0,22,82,5,2,1,1,1.0,DET202304181
Matt Boyd,boydm001,2023-04-24,2023,DET,MIL,8,5.0,21,69,5,1,2,0,1.05,MIL202304240
Matt Boyd,boydm001,2023-04-29,2023,DET,BAL,3,5.7,26,87,8,1,1,1,1.0,DET202304292
Matt Boyd,boydm001,2023-05-05,2023,DET,SLN,6,6.0,24,76,4,0,1,0,1.0,SLN202305050
Matt Boyd,boydm001,2023-05-12,2023,DET,SEA,1,1.3,12,55,5,4,0,1,1.0,DET202305120
Matt Boyd,boydm001,2023-05-19,2023,DET,WAS,4,5.7,21,85,4,1,1,0,1.01,WAS202305190
Matt Boyd,boydm001,2023-05-24,2023,DET,KCA,6,4.7,20,74,3,2,0,0,0.96,KCA202305240
Matt Boyd,boydm001,2023-05-29,2023,DET,TEX,5,6.0,26,78,5,4,1,1,1.0,DET202305290
Matt Boyd,boydm001,2023-06-04,2023,DET,CHA,9,5.0,18,66,3,0,0,0,0.99,CHA202306040
Matt Boyd,boydm001,2023-06-10,2023,DET,ARI,3,5.0,22,72,6,2,2,1,1.0,DET202306100
Matt Boyd,boydm001,2023-06-15,2023,DET,MIN,8,6.0,24,61,7,1,1,0,1.0,MIN202306150
Matt Boyd,boydm001,2023-06-21,2023,DET,KCA,7,6.0,23,69,6,0,0,1,1.0,DET202306210
Matt Boyd,boydm001,2023-06-26,2023,DET,TEX,2,0.7,3,15,1,0,1,0,0.99,TEX202306260
Joe Boyle,boylj001,2023-09-17,2023,OAK,SDN,4,3.0,12,51,1,2,0,1,1.0,OAK202309170
Joe Boyle,boylj001,2023-09-23,2023,OAK,DET,5,6.0,24,80,5,1,0,1,1.0,OAK202309230
Joe Boyle,boylj001,2023-09-30,2023,OAK,ANA,6,7.0,24,71,2,2,1,0,0.99,ANA202309300
Cody Bradford,bradc003,2023-05-15,2023,TEX,ATL,3,5.0,23,90,7,2,2,1,0.99,TEX202305150
Cody Bradford,bradc003,2023-05-28,2023,TEX,BAL,5,5.0,20,60,5,1,0,0,1.0,BAL202305280
Cody Bradford,bradc003,2023-06-13,2023,TEX,ANA,3,4.3,16,62,2,1,0,1,0.99,TEX202306130
Cody Bradford,bradc003,2023-06-29,2023,TEX,DET,8,4.3,20,80,4,3,1,1,0.99,TEX202306290
Cody Bradford,bradc003,2023-07-07,2023,TEX,WAS,1,5.0,20,79,5,1,1,0,1.01,WAS202307070
Cody Bradford,bradc003,2023-07-30,2023,TEX,SDN,5,3.0,16,63,4,3,0,0,1.08,SDN202307300
Cody Bradford,bradc003,2023-09-17,2023,TEX,CLE,2,3.0,16,50,7,0,1,0,1.04,CLE202309170
Cody Bradford,bradc003,2023-09-26,2023,TEX,ANA,3,4.0,19,52,7,0,1,0,0.99,ANA202309260
Kyle Bradish,bradk001,2023-04-03,2023,BAL,TEX,2,1.7,7,28,1,1,0,0,0.99,TEX202304030
Kyle Bradish,bradk001,2023-04-19,2023,BAL,WAS,6,6.0,24,79,5,1,0,0,1.01,WAS202304190
Kyle Bradish,bradk001,2023-04-25,2023,BAL,BOS,1,2.3,18,67,8,4,1,1,1.0,BAL202304250
Kyle Bradish,bradk001,2023-04-30,2023,BAL,DET,5,4.7,22,75,6,1,1,0,1.0,DET202304300
Kyle Bradish,bradk001,2023-05-06,2023,BAL,ATL,4,5.0,22,77,5,2,1,0,1.02,ATL202305060
Kyle Bradish,bradk001,2023-05-12,2023,BAL,PIT,6,6.0,22,84,3,1,0,1,1.0,BAL202305120
Kyle Bradish,bradk001,2023-05-17,2023,BAL,ANA,5,6.7,23,85,4,0,1,1,1.0,BAL202305170
Kyle Bradish,bradk001,2023-05-23,2023,BAL,NYA,3,5.0,24,85,7,3,1,0,0.99,NYA202305230
Kyle Bradish,bradk001,2023-05-28,2023,BAL,TEX,4,6.7,23,74,4,1,0,1,1.0,BAL202305280
Kyle Bradish,bradk001,2023-06-03,2023,BAL,SFN,5,4.0,20,70,7,1,0,0,1.03,SFN202306030
Kyle Bradish,bradk001,2023-06-08,2023,BAL,MIL,10,5.0,22,78,6,1,0,0,1.05,MIL202306080
Kyle Bradish,bradk001,2023-06-14,2023,BAL,TOR,1,7.0,24,86,4,0,1,1,1.0,BAL202306140
Kyle Bradish,bradk001,2023-06-20,2023,BAL,TBA,8,5.0,22,89,4,2,0,0,1.05,TBA202306200
Kyle Bradish,bradk001,2023-06-25,2023,BAL,SEA,7,7.0,24,81,2,2,1,1,1.0,BAL202306250
Kyle Bradish,bradk001,2023-07-01,2023,BAL,MIN,7,6.0,25,75,7,1,1,1,1.0,BAL202307010
Kyle Bradish,bradk001,2023-07-06,2023,BAL,NYA,5,6.0,23,92,3,2,0,0,0.99,NYA202307060
Kyle Bradish,bradk001,2023-07-16,2023,BAL,MIA,8,7.3,27,97,3,1,0,1,1.0,BAL202307160
Kyle Bradish,bradk001,2023-07-21,2023,BAL,TBA,5,6.0,25,85,6,1,1,0,1.05,TBA202307210
Kyle Bradish,bradk001,2023-07-26,2023,BAL,PHI,3,6.7,27,81,7,2,1,0,1.01,PHI202307260
Kyle Bradish,bradk001,2023-08-01,2023,BAL,TOR,7,7.0,26,90,4,1,2,0,1.0,TOR202308010
Kyle Bradish,bradk001,2023-08-06,2023,BAL,NYN,5,4.7,21,67,3,5,0,1,1.0,BAL202308060
Kyle Bradish,bradk001,2023-08-13,2023,BAL,SEA,7,6.0,24,79,5,1,0,0,1.04,SEA202308130
Kyle Bradish,bradk001,2023-08-20,2023,BAL,OAK,8,6.0,21,80,2,1,0,0,1.0,OAK202308200
Kyle Bradish,bradk001,2023-08-26,2023,BAL,COL,8,6.0,25,73,6,1,0,1,1.0,BAL202308260
Kyle Bradish,bradk001,2023-09-02,2023,BAL,ARI,6,6.0,25,89,4,3,0,0,1.03,ARI202309020
Kyle Bradish,bradk001,2023-09-08,2023,BAL,BOS,9,6.0,22,59,4,0,1,0,0.98,BOS202309080
Kyle Bradish,bradk001,2023-09-14,2023,BAL,TBA,5,7.0,27,88,7,0,1,1,1.0,BAL202309140
Kyle Bradish,bradk001,2023-09-20,2023,BAL,HOU,9,6.0,21,88,2,2,0,0,1.02,HOU202309200
Kyle Bradish,bradk001,2023-09-26,2023,BAL,WAS,4,8.0,28,99,3,2,0,1,1.0,BAL202309260
Kyle Bradish,bradk001,2023-10-01,2023,BAL,BOS,5,2.0,7,20,0,1,0,1,1.0,BAL202310010
Taj Bradley,bradt002,2023-04-12,2023,TBA,BOS,8,5.0,20,78,5,1,0,1,1.05,TBA202304120
Taj Bradley,bradt002,2023-04-18,2023,TBA,CIN,9,5.3,20,84,3,1,0,0,1.0,CIN202304180
Taj Bradley,bradt002,2023-04-24,2023,TBA,HOU,6,5.0,20,75,4,0,2,1,1.05,TBA202304240
Taj Bradley,bradt002,2023-05-18,2023,TBA,NYN,4,5.0,20,71,3,2,1,0,1.06,NYN202305180
Taj Bradley,bradt002,2023-05-23,2023,TBA,TOR,7,4.0,21,75,9,0,1,1,1.05,TBA202305230
Taj Bradley,bradt002,2023-05-29,2023,TBA,CHN,8,5.7,21,84,3,1,0,0,0.97,CHN202305290
Taj Bradley,bradt002,2023-06-04,2023,TBA,BOS,6,5.0,23,85,6,3,0,0,0.98,BOS202306040
Taj Bradley,bradt002,2023-06-10,2023,TBA,TEX,4,3.7,19,67,4,4,0,1,1.05,TBA202306100
Taj Bradley,bradt002,2023-06-15,2023,TBA,OAK,11,4.3,21,70,4,3,0,0,1.0,OAK202306150
Taj Bradley,bradt002,2023-06-21,2023,TBA,BAL,8,6.0,21,79,3,0,1,1,1.05,TBA202306210
Taj Bradley,bradt002,2023-06-27,2023,TBA,ARI,2,4.0,21,66,8,1,4,0,1.03,ARI202306270
Taj Bradley,bradt002,2023-07-02,2023,TBA,SEA,3,3.3,20,56,9,1,1,0,1.04,SEA202307020
Taj Bradley,bradt002,2023-07-08,2023,TBA,ATL,4,5.0,22,89,5,2,1,1,1.05,TBA202307080
Taj Bradley,bradt002,2023-07-18,2023,TBA,TEX,9,5.0,22,75,5,2,1,0,0.99,TEX202307180
Taj Bradley,bradt002,2023-07-23,2023,TBA,BAL,6,5.0,21,61,5,1,1,1,1.05,TBA202307230
Taj Bradley,bradt002,2023-07-29,2023,TBA,HOU,4,3.3,18,71,3,4,1,0,1.02,HOU202307290
Taj Bradley,bradt002,2023-09-03,2023,TBA,CLE,7,5.0,23,83,3,5,0,0,1.04,CLE202309030
Taj Bradley,bradt002,2023-09-08,2023,TBA,SEA,5,6.3,27,73,6,2,3,1,1.05,TBA202309080
Taj Bradley,bradt002,2023-09-13,2023,TBA,MIN,7,4.7,21,66,4,3,2,0,1.0,MIN202309130
Taj Bradley,bradt002,2023-09-19,2023,TBA,ANA,6,5.0,19,59,3,1,1,1,1.05,TBA202309190
Taj Bradley,bradt002,2023-09-24,2023,TBA,TOR,4,7.0,30,86,7,2,2,1,1.05,TBA202309240
John Brebbia,brebj001,2023-04-25,2023,SFN,SLN,2,1.3,5,24,1,0,0,1,1.03,SFN202304250
John Brebbia,brebj001,2023-05-12,2023,SFN,ARI,2,1.0,5,21,1,1,0,0,1.03,ARI202305120
John Brebbia,brebj001,2023-05-22,2023,SFN,MIN,2,1.0,3,13,0,0,0,0,1.0,MIN202305220
John Brebbia,brebj001,2023-05-30,2023,SFN,PIT,1,0.7,3,11,1,0,1,1,1.03,SFN202305300
John Brebbia,brebj001,2023-06-06,2023,SFN,COL,0,1.0,6,23,2,1,0,0,0.92,COL202306060
John Brebbia,brebj001,2023-06-10,2023,SFN,CHN,1,2.0,6,19,0,0,0,1,1.03,SFN202306100
John Brebbia,brebj001,2023-06-11,2023,SFN,CHN,1,1.0,5,19,1,1,0,1,1.03,SFN202306110
John Brebbia,brebj001,2023-06-16,2023,SFN,LAN,1,1.0,4,12,0,1,0,0,1.03,LAN202306160
John Brebbia,brebj001,2023-09-23,2023,SFN,LAN,1,1.3,6,20,1,1,1,0,1.03,LAN202309230
John Brebbia,brebj001,2023-09-26,2023,SFN,SDN,2,1.3,5,18,1,0,1,1,1.03,SFN202309260
Beau Brieske,brieb001,2023-07-29,2023,DET,MIA,2,2.0,9,31,3,0,0,0,0.98,MIA202307290
Jhony Brito,britj003,2023-04-02,2023,NYA,SFN,6,5.0,17,76,2,1,0,1,0.99,NYA202304020
Jhony Brito,britj003,2023-04-08,2023,NYA,BAL,2,5.0,20,71,3,2,0,0,1.0,BAL202304080
Jhony Brito,britj003,2023-04-13,2023,NYA,MIN,0,0.7,9,34,6,1,1,1,0.99,NYA202304130
Jhony Brito,britj003,2023-04-19,2023,NYA,ANA,3,4.3,18,77,3,3,0,1,0.99,NYA202304190
Jhony Brito,britj003,2023-04-24,2023,NYA,MIN,1,2.7,14,66,3,3,0,0,1.0,MIN202304240
Jhony Brito,britj003,2023-04-29,2023,NYA,TEX,5,5.0,20,53,4,1,1,0,0.99,TEX202304290
Jhony Brito,britj003,2023-05-05,2023,NYA,TBA,2,4.0,19,56,6,1,2,0,1.05,TBA202305050
Jhony Brito,britj003,2023-05-10,2023,NYA,OAK,3,4.3,21,63,5,2,2,1,0.99,NYA202305100
Jhony Brito,britj003,2023-05-20,2023,NYA,CIN,6,4.0,19,75,4,4,1,0,1.0,CIN202305200
Jhony Brito,britj003,2023-06-21,2023,NYA,SEA,3,5.7,20,69,2,1,0,1,0.99,NYA202306210
Jhony Brito,britj003,2023-06-27,2023,NYA,OAK,2,5.7,21,71,4,2,1,0,1.0,OAK202306270
Jhony Brito,britj003,2023-07-31,2023,NYA,TBA,4,4.0,17,58,6,0,4,1,0.99,NYA202307310
Jhony Brito,britj003,2023-08-18,2023,NYA,BOS,1,2.3,17,42,9,0,1,1,0.99,NYA202308180
Connor Brogdon,brogc001,2023-05-15,2023,PHI,SFN,1,0.7,5,19,2,1,0,0,1.03,SFN202305150
Hunter Brown,browh001,2023-04-03,2023,HOU,DET,5,4.7,22,82,6,3,0,1,1.02,HOU202304030
Hunter Brown,browh001,2023-04-09,2023,HOU,MIN,7,7.0,24,97,2,2,0,0,1.0,MIN202304090
Hunter Brown,browh001,2023-04-15,2023,HOU,TEX,5,7.0,27,92,5,1,0,1,1.02,HOU202304150
Hunter Brown,browh001,2023-04-21,2023,HOU,ATL,7,4.7,24,91,7,2,0,0,1.02,ATL202304210
Hunter Brown,browh001,2023-04-26,2023,HOU,TBA,8,7.0,23,92,2,2,0,0,1.05,TBA202304260
Hunter Brown,browh001,2023-05-02,2023,HOU,SFN,4,4.3,20,75,4,5,0,1,1.02,HOU202305020
Hunter Brown,browh001,2023-05-08,2023,HOU,ANA,3,4.3,22,84,9,1,1,0,0.99,ANA202305080
Hunter Brown,browh001,2023-05-14,2023,HOU,CHA,8,5.7,25,95,7,1,2,0,0.99,CHA202305140
Hunter Brown,browh001,2023-05-20,2023,HOU,OAK,9,6.0,22,77,5,0,0,1,1.02,HOU202305200
Hunter Brown,browh001,2023-05-26,2023,HOU,OAK,10,7.0,26,74,4,1,1,0,1.0,OAK202305260
Hunter Brown,browh001,2023-05-31,2023,HOU,MIN,8,4.7,22,92,6,2,0,1,1.02,HOU202305310
Hunter Brown,browh001,2023-06-06,2023,HOU,TOR,5,6.0,24,84,3,3,2,0,1.0,TOR202306060
Hunter Brown,browh001,2023-06-13,2023,HOU,WAS,4,7.0,25,91,4,3,0,1,1.02,HOU202306130
Hunter Brown,browh001,2023-06-19,2023,HOU,NYN,7,5.7,26,96,7,2,2,1,1.02,HOU202306190
Hunter Brown,browh001,2023-06-25,2023,HOU,LAN,7,6.0,22,91,3,2,1,0,1.03,LAN202306250
Hunter Brown,browh001,2023-07-01,2023,HOU,TEX,6,4.0,21,80,10,0,0,0,0.99,TEX202307010
Hunter Brown,browh001,2023-07-07,2023,HOU,SEA,8,3.0,20,86,8,3,0,1,1.02,HOU202307070
Hunter Brown,browh001,2023-07-18,2023,HOU,COL,7,5.3,23,87,6,0,2,0,0.92,COL202307180
Hunter Brown,browh001,2023-07-23,2023,HOU,OAK,4,6.0,25,81,6,2,1,0,1.0,OAK202307230
Hunter Brown,browh001,2023-07-29,2023,HOU,TBA,4,6.0,24,86,4,2,1,1,1.02,HOU202307290
Hunter Brown,browh001,2023-08-04,2023,HOU,NYA,4,6.0,23,84,5,1,2,0,0.99,NYA202308040
Hunter Brown,browh001,2023-08-10,2023,HOU,BAL,7,6.0,24,85,8,0,2,0,1.0,BAL202308100
Hunter Brown,browh001,2023-08-20,2023,HOU,SEA,5,2.7,18,78,8,2,1,1,1.02,HOU202308200
Hunter Brown,browh001,2023-08-26,2023,HOU,DET,9,5.0,21,85,4,2,0,0,1.0,DET202308260
Hunter Brown,browh001,2023-09-02,2023,HOU,NYA,5,4.0,21,73,5,4,1,1,1.02,HOU202309020
Hunter Brown,browh001,2023-09-08,2023,HOU,SDN,5,4.3,21,71,6,2,1,1,1.02,HOU202309080
Hunter Brown,browh001,2023-09-13,2023,HOU,OAK,7,5.0,18,70,0,2,0,1,1.02,HOU202309130
Hunter Brown,browh001,2023-09-19,2023,HOU,BAL,5,5.3,25,82,6,2,2,1,1.02,HOU202309190
Hunter Brown,browh001,2023-09-24,2023,HOU,KCA,4,3.0,16,51,6,1,4,1,1.02,HOU202309240
Kris Bubic,bubik001,2023-04-04,2023,KCA,TOR,4,5.0,22,88,7,1,0,1,0.96,KCA202304040
Kris Bubic,bubik001,2023-04-09,2023,KCA,SFN,9,6.0,21,76,2,0,0,0,1.03,SFN202304090
Kris Bubic,bubik001,2023-04-15,2023,KCA,ATL,3,5.0,25,96,10,1,1,1,0.96,KCA202304150
Madison Bumgarner,bumgm001,2023-04-01,2023,ARI,LAN,2,4.0,20,85,4,4,1,0,1.03,LAN202304010
Madison Bumgarner,bumgm001,2023-04-07,2023,ARI,LAN,5,4.7,25,101,5,6,2,1,1.03,ARI202304070
Madison Bumgarner,bumgm001,2023-04-14,2023,ARI,MIA,1,5.0,25,82,9,1,0,0,0.98,MIA202304140
Madison Bumgarner,bumgm001,2023-04-19,2023,ARI,SLN,2,3.0,20,74,7,4,1,0,1.0,SLN202304190
Corbin Burnes,burnc002,2023-03-30,2023,MIL,CHN,3,5.0,23,84,4,3,0,0,0.97,CHN202303300
Corbin Burnes,burnc002,2023-04-05,2023,MIL,NYN,3,4.3,23,89,7,2,2,1,1.05,MIL202304050
Corbin Burnes,burnc002,2023-04-11,2023,MIL,ARI,8,8.0,26,78,3,0,0,0,1.03,ARI202304110
Corbin Burnes,burnc002,2023-04-17,2023,MIL,SEA,3,5.3,19,75,3,2,1,0,1.04,SEA202304170
Corbin Burnes,burnc002,2023-04-23,2023,MIL,BOS,5,5.0,22,79,5,3,0,1,1.05,MIL202304230
Corbin Burnes,burnc002,2023-04-29,2023,MIL,ANA,5,6.0,24,88,5,1,0,1,1.05,MIL202304290
Corbin Burnes,burnc002,2023-05-05,2023,MIL,SFN,5,6.0,25,79,4,3,1,0,1.03,SFN202305050
Corbin Burnes,burnc002,2023-05-12,2023,MIL,KCA,7,6.0,24,94,2,4,0,1,1.05,MIL202305120
Corbin Burnes,burnc002,2023-05-17,2023,MIL,SLN,7,6.0,27,79,8,1,1,0,1.0,SLN202305170
Corbin Burnes,burnc002,2023-05-22,2023,MIL,HOU,5,5.0,24,82,7,2,4,1,1.05,MIL202305220
Corbin Burnes,burnc002,2023-05-27,2023,MIL,SFN,8,7.0,28,96,4,3,0,1,1.05,MIL202305270
Corbin Burnes,burnc002,2023-06-02,2023,MIL,CIN,7,6.0,25,95,2,4,1,0,1.0,CIN202306020
Corbin Burnes,burnc002,2023-06-07,2023,MIL,BAL,9,8.0,26,83,2,0,0,1,1.05,MIL202306070
Corbin Burnes,burnc002,2023-06-13,2023,MIL,MIN,8,6.0,25,86,7,1,1,0,1.0,MIN202306130
Corbin Burnes,burnc002,2023-06-19,2023,MIL,ARI,3,5.0,25,84,8,2,1,1,1.05,MIL202306190
Corbin Burnes,burnc002,2023-06-25,2023,MIL,CLE,3,5.7,27,92,8,2,1,0,1.04,CLE202306250
Corbin Burnes,burnc002,2023-07-01,2023,MIL,PIT,7,7.0,25,95,1,2,0,0,1.0,PIT202307010
Corbin Burnes,burnc002,2023-07-07,2023,MIL,CIN,6,6.0,23,78,3,4,1,1,1.05,MIL202307070
Corbin Burnes,burnc002,2023-07-14,2023,MIL,CIN,13,6.0,23,98,2,2,0,0,1.0,CIN202307140
Corbin Burnes,burnc002,2023-07-20,2023,MIL,PHI,10,8.0,28,90,2,1,0,0,1.01,PHI202307200
Corbin Burnes,burnc002,2023-07-25,2023,MIL,CIN,6,6.0,23,87,3,1,0,1,1.05,MIL202307250
Corbin Burnes,burnc002,2023-07-31,2023,MIL,WAS,5,6.0,25,86,4,3,1,0,1.01,WAS202307310
Corbin Burnes,burnc002,2023-08-05,2023,MIL,PIT,5,6.0,24,98,2,4,0,1,1.05,MIL202308050
Corbin Burnes,burnc002,2023-08-11,2023,MIL,CHA,5,5.7,27,104,8,3,1,0,0.99,CHA202308110
Corbin Burnes,burnc002,2023-08-17,2023,MIL,LAN,9,7.0,25,94,2,2,0,0,1.03,LAN202308170
Corbin Burnes,burnc002,2023-08-23,2023,MIL,MIN,5,6.0,26,82,8,1,3,1,1.05,MIL202308230
Corbin Burnes,burnc002,2023-08-29,2023,MIL,CHN,7,7.0,30,98,8,2,0,0,0.97,CHN202308290
Corbin Burnes,burnc002,2023-09-04,2023,MIL,PIT,7,6.0,25,79,7,0,2,0,1.0,PIT202309040
Corbin Burnes,burnc002,2023-09-10,2023,MIL,NYA,7,8.0,26,103,0,2,0,0,0.99,NYA202309100
Corbin Burnes,burnc002,2023-09-16,2023,MIL,WAS,9,5.7,25,88,5,3,1,1,1.05,MIL202309160
Corbin Burnes,burnc002,2023-09-22,2023,MIL,MIA,6,5.0,18,82,2,2,0,0,0.98,MIA202309220
Corbin Burnes,burnc002,2023-09-28,2023,MIL,SLN,4,4.0,18,62,5,1,0,1,1.05,MIL202309280
José Buttó,buttj001,2023-04-16,2023,NYN,OAK,2,5.0,23,65,5,4,0,0,1.0,OAK202304160
José Buttó,buttj001,2023-04-25,2023,NYN,WAS,1,4.7,24,92,4,6,1,1,1.06,NYN202304250
José Buttó,buttj001,2023-09-06,2023,NYN,WAS,6,6.3,25,77,6,1,0,0,1.01,WAS202309060
José Buttó,buttj001,2023-09-12,2023,NYN,ARI,7,5.0,20,72,2,3,0,1,1.06,NYN202309120
José Buttó,buttj001,2023-09-18,2023,NYN,MIA,6,6.0,22,81,4,1,0,0,0.98,MIA202309180
José Buttó,buttj001,2023-09-24,2023,NYN,PHI,5,4.0,18,78,4,2,1,0,1.01,PHI202309240
José Buttó,buttj001,2023-10-01,2023,NYN,PHI,4,6.0,25,94,5,2,1,1,1.06,NYN202310010
Edward Cabrera,cabre003,2023-04-01,2023,MIA,NYN,2,4.0,20,81,2,6,0,1,0.98,MIA202304010
Edward Cabrera,cabre003,2023-04-07,2023,MIA,NYN,4,2.7,15,78,0,7,0,0,1.06,NYN202304070
Edward Cabrera,cabre003,2023-04-12,2023,MIA,PHI,4,5.0,22,79,7,1,0,0,1.01,PHI202304120
Edward Cabrera,cabre003,2023-04-18,2023,MIA,SFN,8,6.0,25,80,6,2,1,1,0.98,MIA202304180
Edward Cabrera,cabre003,2023-04-24,2023,MIA,ATL,6,4.3,22,96,4,4,2,0,1.02,ATL202304240
Edward Cabrera,cabre003,2023-04-29,2023,MIA,CHN,12,5.0,22,99,3,5,1,1,0.98,MIA202304290
Edward Cabrera,cabre003,2023-05-05,2023,MIA,CHN,8,5.0,22,91,5,1,1,0,0.97,CHN202305050
Edward Cabrera,cabre003,2023-05-10,2023,MIA,ARI,5,3.3,16,55,2,4,0,0,1.03,ARI202305100
Edward Cabrera,cabre003,2023-05-17,2023,MIA,WAS,6,5.0,19,65,5,0,1,1,0.98,MIA202305170
Edward Cabrera,cabre003,2023-05-22,2023,MIA,COL,6,6.0,24,86,5,1,1,0,0.92,COL202305220
Edward Cabrera,cabre003,2023-05-27,2023,MIA,ANA,5,5.7,25,77,4,4,0,0,0.99,ANA202305270
Edward Cabrera,cabre003,2023-06-02,2023,MIA,OAK,10,6.0,22,89,4,1,0,1,0.98,MIA202306020
Edward Cabrera,cabre003,2023-06-07,2023,MIA,KCA,4,5.0,18,60,2,2,0,1,0.98,MIA202306070
Edward Cabrera,cabre003,2023-06-13,2023,MIA,SEA,4,4.0,19,64,4,3,2,0,1.04,SEA202306130
Edward Cabrera,cabre003,2023-07-18,2023,MIA,SLN,6,5.0,19,66,2,3,1,0,1.0,SLN202307180
Edward Cabrera,cabre003,2023-07-25,2023,MIA,TBA,0,2.0,11,53,4,2,0,0,1.05,TBA202307250
Edward Cabrera,cabre003,2023-07-31,2023,MIA,PHI,3,3.0,16,74,2,6,0,1,0.98,MIA202307310
Edward Cabrera,cabre003,2023-09-18,2023,MIA,NYN,4,5.3,20,65,4,1,0,1,0.98,MIA202309180
Edward Cabrera,cabre003,2023-09-24,2023,MIA,MIL,5,5.0,22,69,5,2,0,1,0.98,MIA202309240
Edward Cabrera,cabre003,2023-09-29,2023,MIA,PIT,3,3.7,19,62,6,3,0,0,1.0,PIT202309290
Griffin Canning,canng001,2023-04-12,2023,ANA,WAS,4,5.0,20,62,5,0,0,1,0.99,ANA202304120
Griffin Canning,canng001,2023-04-19,2023,ANA,NYA,4,5.3,21,85,4,3,1,0,0.99,NYA202304190
Griffin Canning,canng001,2023-04-25,2023,ANA,OAK,7,5.0,21,77,4,2,1,1,0.99,ANA202304250
Griffin Canning,canng001,2023-05-04,2023,ANA,SLN,3,5.0,24,86,6,3,1,0,1.0,SLN202305040
Griffin Canning,canng001,2023-05-10,2023,ANA,HOU,3,3.7,18,64,5,1,1,1,0.99,ANA202305100
Griffin Canning,canng001,2023-05-17,2023,ANA,BAL,4,5.3,27,80,9,2,1,0,1.0,BAL202305170
Griffin Canning,canng001,2023-05-23,2023,ANA,BOS,5,7.0,26,82,2,3,0,1,0.99,ANA202305230
Griffin Canning,canng001,2023-05-29,2023,ANA,CHA,9,6.0,23,80,6,0,2,0,0.99,CHA202305290
Griffin Canning,canng001,2023-06-04,2023,ANA,HOU,4,6.0,24,81,4,1,1,0,1.02,HOU202306040
Griffin Canning,canng001,2023-06-11,2023,ANA,SEA,7,5.0,22,79,7,0,2,1,0.99,ANA202306110
Griffin Canning,canng001,2023-06-17,2023,ANA,KCA,5,6.0,23,80,3,2,1,0,0.96,KCA202306170
Griffin Canning,canng001,2023-06-24,2023,ANA,COL,7,6.0,22,94,4,0,0,0,0.92,COL202306240
Griffin Canning,canng001,2023-06-30,2023,ANA,ARI,9,6.0,25,90,3,4,1,1,0.99,ANA202306300
Griffin Canning,canng001,2023-07-07,2023,ANA,LAN,0,2.7,14,51,5,1,3,0,1.03,LAN202307070
Griffin Canning,canng001,2023-07-17,2023,ANA,NYA,12,5.7,25,108,6,3,0,1,0.99,ANA202307170
Griffin Canning,canng001,2023-07-25,2023,ANA,DET,8,5.0,22,91,7,0,1,0,1.0,DET202307250
Griffin Canning,canng001,2023-08-27,2023,ANA,NYN,9,7.0,27,76,5,1,0,0,1.06,NYN202308270
Griffin Canning,canng001,2023-09-02,2023,ANA,OAK,7,6.0,22,71,4,0,1,0,1.0,OAK202309020
Griffin Canning,canng001,2023-09-08,2023,ANA,CLE,3,5.3,25,83,8,2,0,1,0.99,ANA202309080
Griffin Canning,canng001,2023-09-15,2023,ANA,DET,7,6.0,27,93,8,1,2,1,0.99,ANA202309150
Griffin Canning,canng001,2023-09-21,2023,ANA,TBA,7,5.0,22,103,3,3,0,0,1.05,TBA202309210
Griffin Canning,canng001,2023-09-27,2023,ANA,TEX,5,6.0,25,90,5,2,1,1,0.99,ANA202309270
Carlos Carrasco,carrc003,2023-04-03,2023,NYN,MIL,4,4.0,20,92,4,4,1,0,1.05,MIL202304030
Carlos Carrasco,carrc003,2023-04-09,2023,NYN,MIA,1,4.7,22,77,6,3,2,1,1.06,NYN202304090
Carlos Carrasco,carrc003,2023-04-15,2023,NYN,OAK,3,5.0,23,84,4,1,0,0,1.0,OAK202304150
Carlos Carrasco,carrc003,2023-05-19,2023,NYN,CLE,3,5.0,21,76,5,2,1,1,1.06,NYN202305190
Carlos Carrasco,carrc003,2023-05-25,2023,NYN,CHN,4,6.7,27,97,5,2,1,0,0.97,CHN202305250
Carlos Carrasco,carrc003,2023-05-31,2023,NYN,PHI,4,6.0,24,79,6,1,1,1,1.06,NYN202305310
Carlos Carrasco,carrc003,2023-06-06,2023,NYN,ATL,4,5.0,22,84,6,2,1,0,1.02,ATL202306060
Carlos Carrasco,carrc003,2023-06-11,2023,NYN,PIT,1,4.7,22,74,6,3,1,0,1.0,PIT202306110
Carlos Carrasco,carrc003,2023-06-18,2023,NYN,SLN,4,3.0,18,48,5,3,2,1,1.06,NYN202306180
Carlos Carrasco,carrc003,2023-06-25,2023,NYN,PHI,5,4.0,19,70,5,2,1,0,1.01,PHI202306250
Carlos Carrasco,carrc003,2023-06-30,2023,NYN,SFN,6,5.0,22,73,5,3,1,1,1.06,NYN202306300
Carlos Carrasco,carrc003,2023-07-06,2023,NYN,ARI,4,8.0,26,84,3,1,0,0,1.03,ARI202307060
Carlos Carrasco,carrc003,2023-07-18,2023,NYN,CHA,5,4.7,23,79,6,2,1,1,1.06,NYN202307180
Carlos Carrasco,carrc003,2023-07-23,2023,NYN,BOS,2,2.3,17,56,10,2,0,0,0.98,BOS202307230
Carlos Carrasco,carrc003,2023-07-29,2023,NYN,WAS,2,2.3,17,54,8,1,0,1,1.06,NYN202307290
Carlos Carrasco,carrc003,2023-08-03,2023,NYN,KCA,0,6.0,26,70,8,1,2,0,0.96,KCA202308030
Carlos Carrasco,carrc003,2023-08-08,2023,NYN,CHN,5,5.0,19,64,3,2,1,1,1.06,NYN202308080
Carlos Carrasco,carrc003,2023-08-14,2023,NYN,PIT,5,3.0,16,79,4,3,0,1,1.06,NYN202308140
Carlos Carrasco,carrc003,2023-08-20,2023,NYN,SLN,3,4.0,21,67,9,0,1,0,1.0,SLN202308200
Carlos Carrasco,carrc003,2023-08-26,2023,NYN,ANA,1,1.7,12,40,7,0,1,1,1.06,NYN202308260
Luis Castillo,castl003,2023-03-30,2023,SEA,CLE,6,6.0,19,70,1,0,0,1,1.04,SEA202303300
Luis Castillo,castl003,2023-04-04,2023,SEA,ANA,6,5.7,21,99,2,2,0,1,1.04,SEA202304040
Luis Castillo,castl003,2023-04-10,2023,SEA,CHN,5,6.0,25,86,6,2,0,0,0.97,CHN202304100
Luis Castillo,castl003,2023-04-16,2023,SEA,COL,9,7.0,23,74,2,0,0,1,1.04,SEA202304160
Luis Castillo,castl003,2023-04-22,2023,SEA,SLN,8,5.0,24,93,7,2,0,1,1.04,SEA202304220
Luis Castillo,castl003,2023-04-28,2023,SEA,TOR,4,5.0,23,95,6,2,1,0,1.0,TOR202304280
Luis Castillo,castl003,2023-05-05,2023,SEA,HOU,5,7.0,26,85,5,1,1,1,1.04,SEA202305050
Luis Castillo,castl003,2023-05-10,2023,SEA,TEX,9,5.0,24,98,8,0,1,1,1.04,SEA202305100
Luis Castillo,castl003,2023-05-16,2023,SEA,BOS,6,5.0,24,76,6,2,3,0,0.98,BOS202305160
Luis Castillo,castl003,2023-05-22,2023,SEA,OAK,8,6.0,24,82,4,2,0,1,1.04,SEA202305220
Luis Castillo,castl003,2023-05-27,2023,SEA,PIT,10,6.0,22,83,1,2,0,1,1.04,SEA202305270
Luis Castillo,castl003,2023-06-02,2023,SEA,TEX,6,7.0,26,87,5,1,0,0,0.99,TEX202306020
Luis Castillo,castl003,2023-06-09,2023,SEA,ANA,10,6.0,26,88,6,1,2,0,0.99,ANA202306090
Luis Castillo,castl003,2023-06-14,2023,SEA,MIA,6,5.7,24,84,2,6,1,1,1.04,SEA202306140
Luis Castillo,castl003,2023-06-21,2023,SEA,NYA,3,5.0,22,85,4,4,2,0,0.99,NYA202306210
Luis Castillo,castl003,2023-06-26,2023,SEA,WAS,7,7.0,28,88,7,1,2,1,1.04,SEA202306260
Luis Castillo,castl003,2023-07-02,2023,SEA,TBA,6,6.0,27,93,7,0,2,1,1.04,SEA202307020
Luis Castillo,castl003,2023-07-07,2023,SEA,HOU,3,7.0,27,84,5,0,0,0,1.02,HOU202307070
Luis Castillo,castl003,2023-07-14,2023,SEA,DET,5,5.0,19,82,4,0,2,1,1.04,SEA202307140
Luis Castillo,castl003,2023-07-19,2023,SEA,MIN,11,6.0,26,84,6,2,2,1,1.04,SEA202307190
Luis Castillo,castl003,2023-07-24,2023,SEA,MIN,9,7.0,25,83,4,2,0,0,1.0,MIN202307240
Luis Castillo,castl003,2023-07-30,2023,SEA,ARI,7,6.0,21,74,2,1,0,0,1.03,ARI202307300
Luis Castillo,castl003,2023-08-04,2023,SEA,ANA,6,6.0,29,91,10,1,3,0,0.99,ANA202308040
Luis Castillo,castl003,2023-08-11,2023,SEA,BAL,8,6.0,22,79,2,2,1,1,1.04,SEA202308110
Luis Castillo,castl003,2023-08-16,2023,SEA,KCA,3,7.0,30,86,9,1,0,0,0.96,KCA202308160
Luis Castillo,castl003,2023-08-21,2023,SEA,CHA,9,7.0,26,86,5,0,0,0,0.99,CHA202308210
Luis Castillo,castl003,2023-08-27,2023,SEA,KCA,6,7.0,23,85,1,1,0,1,1.04,SEA202308270
Luis Castillo,castl003,2023-09-02,2023,SEA,NYN,2,5.0,26,79,8,2,2,0,1.06,NYN202309020
Luis Castillo,castl003,2023-09-07,2023,SEA,TBA,8,6.0,25,93,4,4,0,0,1.05,TBA202309070
Luis Castillo,castl003,2023-09-13,2023,SEA,ANA,8,6.0,24,83,3,3,1,1,1.04,SEA202309130
Luis Castillo,castl003,2023-09-19,2023,SEA,OAK,8,7.0,27,84,5,3,0,0,1.0,OAK202309190
Luis Castillo,castl003,2023-09-25,2023,SEA,HOU,8,6.0,26,72,8,1,2,1,1.04,SEA202309250
Luis Castillo,castl003,2023-09-30,2023,SEA,TEX,4,2.7,18,70,5,5,0,1,1.04,SEA202309300
Dylan Cease,ceasd001,2023-03-30,2023,CHA,HOU,10,6.3,22,76,2,0,0,0,1.02,HOU202303300
Dylan Cease,ceasd001,2023-04-05,2023,CHA,SFN,8,5.0,22,90,1,5,1,1,0.99,CHA202304050
Dylan Cease,ceasd001,2023-04-10,2023,CHA,MIN,6,5.0,25,90,3,2,0,0,1.0,MIN202304100
Dylan Cease,ceasd001,2023-04-16,2023,CHA,BAL,5,6.0,30,95,6,5,0,1,0.99,CHA202304160
Dylan Cease,ceasd001,2023-04-22,2023,CHA,TBA,5,4.0,20,101,6,1,1,0,1.05,TBA202304220
Dylan Cease,ceasd001,2023-04-27,2023,CHA,TBA,3,4.0,22,92,9,2,1,1,0.99,CHA202304270
Dylan Cease,ceasd001,2023-05-03,2023,CHA,MIN,6,5.0,23,95,5,4,1,1,0.99,CHA202305030
Dylan Cease,ceasd001,2023-05-08,2023,CHA,KCA,6,5.0,25,92,9,1,1,0,0.96,KCA202305080
Dylan Cease,ceasd001,2023-05-13,2023,CHA,HOU,5,6.0,23,83,4,2,0,1,0.99,CHA202305130
Dylan Cease,ceasd001,2023-05-18,2023,CHA,CLE,3,6.3,25,84,5,1,1,1,0.99,CHA202305180
Dylan Cease,ceasd001,2023-05-23,2023,CHA,CLE,3,6.0,24,83,5,2,1,0,1.04,CLE202305230
Dylan Cease,ceasd001,2023-05-28,2023,CHA,DET,8,4.0,20,91,4,4,1,0,1.0,DET202305280
Dylan Cease,ceasd001,2023-06-03,2023,CHA,DET,6,5.3,20,95,2,3,0,1,0.99,CHA202306030
Dylan Cease,ceasd001,2023-06-09,2023,CHA,MIA,7,6.0,23,78,4,2,1,1,0.99,CHA202306090
Dylan Cease,ceasd001,2023-06-15,2023,CHA,LAN,10,5.3,23,86,4,3,0,0,1.03,LAN202306150
Dylan Cease,ceasd001,2023-06-20,2023,CHA,TEX,9,6.0,25,84,5,2,1,1,0.99,CHA202306200
Dylan Cease,ceasd001,2023-06-26,2023,CHA,ANA,10,6.0,23,86,5,0,1,0,0.99,ANA202306260
Dylan Cease,ceasd001,2023-07-01,2023,CHA,OAK,5,5.3,24,85,6,3,0,0,1.0,OAK202307010
Dylan Cease,ceasd001,2023-07-07,2023,CHA,SLN,8,6.0,29,92,11,0,1,1,0.99,CHA202307070
Dylan Cease,ceasd001,2023-07-16,2023,CHA,ATL,6,5.0,22,97,3,3,0,0,1.02,ATL202307160
Dylan Cease,ceasd001,2023-07-22,2023,CHA,MIN,9,6.0,22,70,3,2,0,0,1.0,MIN202307220
Dylan Cease,ceasd001,2023-07-27,2023,CHA,CLE,5,5.7,27,93,9,2,0,1,0.99,CHA202307270
Dylan Cease,ceasd001,2023-08-02,2023,CHA,TEX,1,1.7,16,67,7,3,1,0,0.99,TEX202308020
Dylan Cease,ceasd001,2023-08-07,2023,CHA,NYA,6,5.3,24,93,1,7,0,1,0.99,CHA202308070
Dylan Cease,ceasd001,2023-08-13,2023,CHA,MIL,7,7.0,27,86,5,2,0,1,0.99,CHA202308130
Dylan Cease,ceasd001,2023-08-20,2023,CHA,COL,6,4.7,24,98,7,2,1,0,0.92,COL202308200
Dylan Cease,ceasd001,2023-08-25,2023,CHA,OAK,6,4.3,27,88,9,5,0,1,0.99,CHA202308250
Dylan Cease,ceasd001,2023-08-30,2023,CHA,BAL,7,6.0,26,85,6,3,1,0,1.0,BAL202308300
Dylan Cease,ceasd001,2023-09-05,2023,CHA,KCA,7,5.3,26,84,8,2,3,0,0.96,KCA202309050
Dylan Cease,ceasd001,2023-09-12,2023,CHA,KCA,8,5.3,21,92,4,1,0,1,0.99,CHA202309121
Dylan Cease,ceasd001,2023-09-17,2023,CHA,MIN,5,6.0,25,88,4,3,1,1,0.99,CHA202309170
Dylan Cease,ceasd001,2023-09-23,2023,CHA,BOS,11,7.0,27,88,6,0,0,0,0.98,BOS202309230
Dylan Cease,ceasd001,2023-09-29,2023,CHA,SDN,7,5.0,22,102,4,2,0,1,0.99,CHA202309290
Slade Cecconi,ceccs001,2023-08-02,2023,ARI,SFN,2,4.7,18,54,4,1,0,0,1.03,SFN202308020
Slade Cecconi,ceccs001,2023-08-16,2023,ARI,COL,4,4.0,19,67,4,3,1,0,0.92,COL202308160
Slade Cecconi,ceccs001,2023-08-27,2023,ARI,CIN,5,5.7,20,77,3,0,0,1,1.03,ARI202308270
Slade Cecconi,ceccs001,2023-09-02,2023,ARI,BAL,4,3.3,19,52,9,0,1,1,1.03,ARI202309020
Luis Cessa,cessl001,2023-04-04,2023,CIN,CHN,2,5.3,24,83,4,3,0,1,1.0,CIN202304040
Luis Cessa,cessl001,2023-04-11,2023,CIN,ATL,1,3.7,19,71,7,2,2,0,1.02,ATL202304110
Luis Cessa,cessl001,2023-04-16,2023,CIN,PHI,0,3.0,27,79,14,3,1,1,1.0,CIN202304160
Luis Cessa,cessl001,2023-04-22,2023,CIN,PIT,4,4.7,19,59,6,0,0,0,1.0,PIT202304220
Luis Cessa,cessl001,2023-04-28,2023,CIN,OAK,2,5.0,22,65,8,1,0,0,1.0,OAK202304280
Luis Cessa,cessl001,2023-05-03,2023,CIN,SDN,2,3.3,16,62,4,3,0,0,1.08,SDN202305030
J. T. Chargois,charj001,2023-08-27,2023,MIA,WAS,1,1.0,4,12,1,0,0,1,0.98,MIA202308270
J. T. Chargois,charj001,2023-09-06,2023,MIA,LAN,2,1.0,4,19,0,1,0,1,0.98,MIA202309060
J. T. Chargois,charj001,2023-09-12,2023,MIA,MIL,0,1.0,3,16,1,0,0,0,1.05,MIL202309120
J. T. Chargois,charj001,2023-09-22,2023,MIA,MIL,0,0.7,4,13,0,2,0,1,0.98,MIA202309220
J. T. Chargois,charj001,2023-09-30,2023,MIA,PIT,0,0.7,3,8,1,0,0,0,1.0,PIT202309300
Jesse Chavez,chavj001,2023-05-20,2023,ATL,SEA,3,2.3,9,37,1,1,0,1,1.02,ATL202305200
Yonny Chirinos,chiry001,2023-05-05,2023,TBA,NYA,0,5.3,22,69,3,4,0,1,1.05,TBA202305050
Yonny Chirinos,chiry001,2023-06-08,2023,TBA,MIN,4,5.7,22,54,5,0,1,1,1.05,TBA202306080
Yonny Chirinos,chiry001,2023-06-18,2023,TBA,SDN,3,4.7,22,90,6,2,0,0,1.08,SDN202306180
Yonny Chirinos,chiry001,2023-06-24,2023,TBA,KCA,3,5.3,27,77,9,2,2,1,1.05,TBA202306240
Yonny Chirinos,chiry001,2023-07-28,2023,ATL,MIL,3,3.7,18,54,6,1,0,1,1.02,ATL202307280
Yonny Chirinos,chiry001,2023-08-02,2023,ATL,ANA,5,5.0,20,71,6,1,0,1,1.02,ATL202308020
Yonny Chirinos,chiry001,2023-08-08,2023,ATL,PIT,5,5.0,24,87,7,2,4,0,1.0,PIT202308080
Yonny Chirinos,chiry001,2023-08-13,2023,ATL,NYN,5,4.7,24,87,7,2,0,0,1.06,NYN202308130
Yonny Chirinos,chiry001,2023-08-19,2023,ATL,SFN,4,4.0,19,68,7,1,1,1,1.02,ATL202308190
Aaron Civale,civaa001,2023-04-01,2023,CLE,SEA,3,7.0,23,75,2,1,0,0,1.04,SEA202304010
Aaron Civale,civaa001,2023-04-07,2023,CLE,SEA,5,5.7,27,94,9,1,0,1,1.04,CLE202304070
Aaron Civale,civaa001,2023-06-02,2023,CLE,MIN,4,5.0,20,68,4,2,0,0,1.0,MIN202306020
Aaron Civale,civaa001,2023-06-08,2023,CLE,BOS,3,5.7,23,86,4,2,1,1,1.04,CLE202306080
Aaron Civale,civaa001,2023-06-14,2023,CLE,SDN,7,3.7,20,70,5,4,2,0,1.08,SDN202306140
Aaron Civale,civaa001,2023-06-20,2023,CLE,OAK,6,6.7,28,83,5,3,1,1,1.04,CLE202306200
Aaron Civale,civaa001,2023-06-25,2023,CLE,MIL,5,6.0,25,82,6,2,0,1,1.04,CLE202306250
Aaron Civale,civaa001,2023-07-02,2023,CLE,CHN,2,6.0,24,87,3,1,0,0,0.97,CHN202307020
Aaron Civale,civaa001,2023-07-07,2023,CLE,KCA,9,7.0,23,87,2,0,0,1,1.04,CLE202307070
Aaron Civale,civaa001,2023-07-14,2023,CLE,TEX,2,5.0,20,66,5,1,1,0,0.99,TEX202307140
Aaron Civale,civaa001,2023-07-19,2023,CLE,PIT,3,5.3,22,78,5,1,0,0,1.0,PIT202307190
Aaron Civale,civaa001,2023-07-25,2023,CLE,KCA,5,8.0,29,88,5,2,0,1,1.04,CLE202307250
Aaron Civale,civaa001,2023-07-30,2023,CLE,CHA,4,6.0,22,71,3,2,0,0,0.99,CHA202307300
Aaron Civale,civaa001,2023-08-05,2023,TBA,DET,4,4.3,22,88,9,0,0,0,1.0,DET202308050
Aaron Civale,civaa001,2023-08-11,2023,TBA,CLE,2,5.0,24,89,7,1,0,1,1.05,TBA202308110
Aaron Civale,civaa001,2023-08-16,2023,TBA,SFN,5,6.0,22,74,5,1,0,0,1.03,SFN202308160
Aaron Civale,civaa001,2023-08-23,2023,TBA,COL,9,5.0,20,72,4,0,1,1,1.05,TBA202308230
Aaron Civale,civaa001,2023-08-29,2023,TBA,MIA,5,5.0,22,82,7,0,1,0,0.98,MIA202308290
Aaron Civale,civaa001,2023-09-04,2023,TBA,BOS,12,5.3,21,73,2,3,0,1,1.05,TBA202309040
Aaron Civale,civaa001,2023-09-09,2023,TBA,SEA,3,5.0,22,77,4,3,1,1,1.05,TBA202309090
Aaron Civale,civaa001,2023-09-14,2023,TBA,BAL,8,5.0,19,68,4,1,2,0,1.0,BAL202309140
Aaron Civale,civaa001,2023-09-20,2023,TBA,ANA,7,3.0,17,67,7,0,1,1,1.05,TBA202309200
Aaron Civale,civaa001,2023-09-29,2023,TBA,TOR,3,1.7,9,35,2,2,1,0,1.0,TOR202309290
Taylor Clarke,clart003,2023-04-21,2023,KCA,ANA,1,2.0,6,19,0,0,0,0,0.99,ANA202304210
Taylor Clarke,clart003,2023-09-03,2023,KCA,BOS,1,1.0,3,12,0,0,0,1,0.96,KCA202309030
Mike Clevinger,clevm001,2023-04-02,2023,CHA,HOU,8,5.0,23,93,3,3,0,0,1.02,HOU202304020
Mike Clevinger,clevm001,2023-04-08,2023,CHA,PIT,1,5.3,26,80,8,2,0,0,1.0,PIT202304080
Mike Clevinger,clevm001,2023-04-14,2023,CHA,BAL,5,6.0,22,92,1,5,0,1,0.99,CHA202304140
Mike Clevinger,clevm001,2023-04-19,2023,CHA,PHI,1,3.0,16,67,6,1,2,1,0.99,CHA202304190
Mike Clevinger,clevm001,2023-04-25,2023,CHA,TOR,3,5.0,25,97,7,3,1,0,1.0,TOR202304250
Mike Clevinger,clevm001,2023-04-30,2023,CHA,TBA,8,5.0,23,87,7,1,2,1,0.99,CHA202304300
Mike Clevinger,clevm001,2023-05-06,2023,CHA,CIN,7,6.0,25,94,6,1,1,0,1.0,CIN202305060
Mike Clevinger,clevm001,2023-05-11,2023,CHA,KCA,2,6.0,23,88,3,2,1,0,0.96,KCA202305110
Mike Clevinger,clevm001,2023-05-17,2023,CHA,CLE,5,6.0,28,87,6,4,0,1,0.99,CHA202305170
Mike Clevinger,clevm001,2023-06-02,2023,CHA,DET,6,5.0,19,66,3,1,0,1,0.99,CHA202306020
Mike Clevinger,clevm001,2023-06-08,2023,CHA,NYA,2,5.7,24,83,6,1,2,0,0.99,NYA202306082
Mike Clevinger,clevm001,2023-06-14,2023,CHA,LAN,5,4.7,20,75,3,2,0,0,1.03,LAN202306140
Mike Clevinger,clevm001,2023-07-29,2023,CHA,CLE,3,5.0,16,61,2,0,0,1,0.99,CHA202307290
Mike Clevinger,clevm001,2023-08-04,2023,CHA,CLE,2,5.0,23,77,8,1,1,0,1.04,CLE202308040
Mike Clevinger,clevm001,2023-08-09,2023,CHA,NYA,6,6.0,21,75,3,3,0,1,0.99,CHA202308090
Mike Clevinger,clevm001,2023-08-16,2023,CHA,CHN,7,7.0,26,93,3,2,0,0,0.97,CHN202308160
Mike Clevinger,clevm001,2023-08-22,2023,CHA,SEA,4,5.0,25,85,6,4,1,1,0.99,CHA202308220
Mike Clevinger,clevm001,2023-08-27,2023,CHA,OAK,10,7.0,24,84,1,2,0,1,0.99,CHA202308270
Mike Clevinger,clevm001,2023-09-02,2023,CHA,DET,2,4.0,23,66,12,0,1,1,0.99,CHA202309020
Mike Clevinger,clevm001,2023-09-08,2023,CHA,DET,7,7.0,23,86,3,0,0,0,1.0,DET202309080
Mike Clevinger,clevm001,2023-09-13,2023,CHA,KCA,7,6.0,23,72,6,0,1,1,0.99,CHA202309130
Mike Clevinger,clevm001,2023-09-18,2023,CHA,WAS,7,9.0,33,93,6,0,1,0,1.01,WAS202309180
Mike Clevinger,clevm001,2023-09-24,2023,CHA,BOS,0,6.0,24,81,5,0,2,0,0.98,BOS202309240
Mike Clevinger,clevm001,2023-09-30,2023,CHA,SDN,2,1.7,14,42,7,2,0,1,0.99,CHA202309300
Alex Cobb,cobba001,2023-04-01,2023,SFN,NYA,6,3.7,17,71,4,1,1,0,0.99,NYA202304010
Alex Cobb,cobba001,2023-04-07,2023,SFN,KCA,6,7.0,27,94,7,0,1,1,1.03,SFN202304070
Alex Cobb,cobba001,2023-04-12,2023,SFN,LAN,2,3.7,19,77,8,1,0,1,1.03,SFN202304120
Alex Cobb,cobba001,2023-04-19,2023,SFN,MIA,8,5.0,23,73,7,1,0,0,0.98,MIA202304190
Alex Cobb,cobba001,2023-04-24,2023,SFN,SLN,4,9.0,33,95,6,1,0,1,1.03,SFN202304240
Alex Cobb,cobba001,2023-04-30,2023,SFN,SDN,7,5.0,22,78,7,0,1,0,1.08,SDN202304300
Alex Cobb,cobba001,2023-05-06,2023,SFN,MIL,5,7.0,27,81,5,2,0,1,1.03,SFN202305060
Alex Cobb,cobba001,2023-05-11,2023,SFN,ARI,3,7.3,28,89,7,2,0,0,1.03,ARI202305110
Alex Cobb,cobba001,2023-05-16,2023,SFN,PHI,3,3.3,20,76,5,5,0,1,1.03,SFN202305160
Alex Cobb,cobba001,2023-05-23,2023,SFN,MIN,8,7.0,27,91,6,1,2,0,1.0,MIN202305230
Alex Cobb,cobba001,2023-05-28,2023,SFN,MIL,5,4.0,24,85,7,4,1,0,1.05,MIL202305280
Alex Cobb,cobba001,2023-06-03,2023,SFN,BAL,7,7.7,27,81,5,0,0,1,1.03,SFN202306030
Alex Cobb,cobba001,2023-06-08,2023,SFN,COL,7,5.0,25,74,8,1,0,0,0.92,COL202306080
Alex Cobb,cobba001,2023-06-13,2023,SFN,SLN,5,4.0,19,64,5,2,0,0,1.0,SLN202306130
Alex Cobb,cobba001,2023-06-30,2023,SFN,NYN,3,5.0,22,71,6,0,0,0,1.06,NYN202306300
Alex Cobb,cobba001,2023-07-05,2023,SFN,SEA,7,6.0,23,83,6,0,0,1,1.03,SFN202307050
Alex Cobb,cobba001,2023-07-15,2023,SFN,PIT,5,6.0,24,84,4,2,1,0,1.0,PIT202307150
Alex Cobb,cobba001,2023-07-20,2023,SFN,CIN,0,4.3,24,75,9,4,1,0,1.0,CIN202307200
Alex Cobb,cobba001,2023-07-25,2023,SFN,OAK,9,6.0,23,72,3,1,0,1,1.03,SFN202307250
Alex Cobb,cobba001,2023-08-01,2023,SFN,ARI,4,6.0,21,77,4,1,3,1,1.03,SFN202308010
Alex Cobb,cobba001,2023-08-06,2023,SFN,OAK,3,5.3,22,69,7,1,2,0,1.0,OAK202308060
Alex Cobb,cobba001,2023-08-12,2023,SFN,TEX,3,4.3,23,83,9,2,1,1,1.03,SFN202308120
Alex Cobb,cobba001,2023-08-18,2023,SFN,ATL,3,5.7,28,93,8,2,0,0,1.02,ATL202308180
Alex Cobb,cobba001,2023-08-23,2023,SFN,PHI,4,5.0,20,88,5,0,2,0,1.01,PHI202308230
Alex Cobb,cobba001,2023-08-29,2023,SFN,CIN,8,9.0,30,86,1,1,0,1,1.03,SFN202308290
Alex Cobb,cobba001,2023-09-03,2023,SFN,SDN,3,3.0,15,47,6,0,2,0,1.08,SDN202309030
Alex Cobb,cobba001,2023-09-11,2023,SFN,CLE,2,5.0,20,67,3,1,1,1,1.03,SFN202309110
Alex Cobb,cobba001,2023-09-19,2023,SFN,ARI,1,2.0,13,52,5,1,0,0,1.03,ARI202309190
Dylan Coleman,coled003,2023-08-11,2023,KCA,SLN,0,1.0,6,22,0,3,0,1,0.96,KCA202308110
Gerrit Cole,coleg001,2023-03-30,2023,NYA,SFN,11,6.0,22,80,3,2,0,1,0.99,NYA202303300
Gerrit Cole,coleg001,2023-04-05,2023,NYA,PHI,8,6.3,23,102,3,3,0,1,0.99,NYA202304050
Gerrit Cole,coleg001,2023-04-11,2023,NYA,CLE,3,7.0,26,95,5,2,0,0,1.04,CLE202304110
Gerrit Cole,coleg001,2023-04-16,2023,NYA,MIN,10,9.0,29,82,2,1,0,1,0.99,NYA202304160
Gerrit Cole,coleg001,2023-04-22,2023,NYA,TOR,4,5.7,23,94,4,2,0,1,0.99,NYA202304220
Gerrit Cole,coleg001,2023-04-27,2023,NYA,TEX,8,6.7,27,92,6,1,0,0,0.99,TEX202304270
Gerrit Cole,coleg001,2023-05-02,2023,NYA,CLE,8,6.0,27,100,5,3,0,1,0.99,NYA202305020
Gerrit Cole,coleg001,2023-05-07,2023,NYA,TBA,6,5.0,26,92,8,2,2,0,1.05,TBA202305070
Gerrit Cole,coleg001,2023-05-12,2023,NYA,TBA,4,5.0,23,87,5,2,2,1,0.99,NYA202305120
Gerrit Cole,coleg001,2023-05-17,2023,NYA,TOR,6,6.0,28,98,7,2,0,0,1.0,TOR202305170
Gerrit Cole,coleg001,2023-05-23,2023,NYA,BAL,2,5.0,23,77,6,3,2,1,0.99,NYA202305230
Gerrit Cole,coleg001,2023-05-28,2023,NYA,SDN,9,6.0,24,93,4,3,2,1,0.99,NYA202305280
Gerrit Cole,coleg001,2023-06-03,2023,NYA,LAN,5,6.0,23,73,4,2,0,0,1.03,LAN202306030
Gerrit Cole,coleg001,2023-06-09,2023,NYA,BOS,6,6.0,25,83,7,1,1,1,0.99,NYA202306090
Gerrit Cole,coleg001,2023-06-14,2023,NYA,NYN,8,6.0,22,83,4,0,0,0,1.06,NYN202306140
Gerrit Cole,coleg001,2023-06-20,2023,NYA,SEA,8,7.3,28,89,4,1,0,1,0.99,NYA202306200
Gerrit Cole,coleg001,2023-06-25,2023,NYA,TEX,7,4.7,23,88,9,1,1,1,0.99,NYA202306250
Gerrit Cole,coleg001,2023-07-02,2023,NYA,SLN,5,6.0,26,85,6,2,0,0,1.0,SLN202307020
Gerrit Cole,coleg001,2023-07-08,2023,NYA,CHN,5,7.3,28,94,5,1,1,1,0.99,NYA202307080
Gerrit Cole,coleg001,2023-07-16,2023,NYA,COL,11,6.0,22,83,2,1,1,0,0.92,COL202307160
Gerrit Cole,coleg001,2023-07-22,2023,NYA,KCA,10,6.3,24,82,5,1,1,1,0.99,NYA202307220
Gerrit Cole,coleg001,2023-07-28,2023,NYA,BAL,5,7.0,24,81,3,0,0,0,1.0,BAL202307280
Gerrit Cole,coleg001,2023-08-02,2023,NYA,TBA,8,7.0,25,89,4,2,1,1,0.99,NYA202308020
Gerrit Cole,coleg001,2023-08-07,2023,NYA,CHA,3,7.0,27,99,5,2,1,0,0.99,CHA202308070
Gerrit Cole,coleg001,2023-08-13,2023,NYA,MIA,6,6.0,25,84,6,2,0,0,0.98,MIA202308130
Gerrit Cole,coleg001,2023-08-19,2023,NYA,BOS,4,4.0,20,75,7,1,2,1,0.99,NYA202308190
Gerrit Cole,coleg001,2023-08-25,2023,NYA,TBA,11,7.7,27,98,3,0,1,0,1.05,TBA202308250
Gerrit Cole,coleg001,2023-08-30,2023,NYA,DET,7,6.0,23,91,4,2,2,0,1.0,DET202308300
Gerrit Cole,coleg001,2023-09-05,2023,NYA,DET,7,6.0,26,98,8,0,0,1,0.99,NYA202309050
Gerrit Cole,coleg001,2023-09-10,2023,NYA,MIL,9,7.0,24,89,3,0,0,1,0.99,NYA202309100
Gerrit Cole,coleg001,2023-09-15,2023,NYA,PIT,4,5.0,23,86,6,3,0,0,1.0,PIT202309150
Gerrit Cole,coleg001,2023-09-21,2023,NYA,TOR,9,8.0,26,102,2,0,0,1,0.99,NYA202309210
Gerrit Cole,coleg001,2023-09-27,2023,NYA,TOR,5,9.0,29,93,2,0,0,0,1.0,TOR202309270
Roansy Contreras,contr001,2023-04-04,2023,PIT,BOS,2,5.7,22,78,3,1,0,0,0.98,BOS202304040
Roansy Contreras,contr001,2023-04-10,2023,PIT,HOU,3,3.3,23,76,9,4,0,1,1.0,PIT202304100
Roansy Contreras,contr001,2023-04-15,2023,PIT,SLN,6,6.0,24,83,6,3,0,0,1.0,SLN202304150
Roansy Contreras,contr001,2023-04-20,2023,PIT,CIN,8,6.7,25,84,5,2,0,1,1.0,PIT202304200
Roansy Contreras,contr001,2023-04-26,2023,PIT,LAN,5,6.0,22,80,2,2,0,1,1.0,PIT202304260
Roansy Contreras,contr001,2023-05-02,2023,PIT,TBA,3,5.3,24,93,6,4,1,0,1.05,TBA202305020
Roansy Contreras,contr001,2023-05-07,2023,PIT,TOR,4,5.0,26,94,9,3,1,1,1.0,PIT202305070
Roansy Contreras,contr001,2023-05-13,2023,PIT,BAL,1,7.0,27,70,5,1,2,0,1.0,BAL202305130
Roansy Contreras,contr001,2023-05-21,2023,PIT,ARI,3,5.0,20,79,3,3,1,1,1.0,PIT202305210
Roansy Contreras,contr001,2023-06-02,2023,PIT,SLN,6,4.0,18,75,7,0,2,1,1.0,PIT202306020
Roansy Contreras,contr001,2023-06-07,2023,PIT,OAK,1,0.3,9,32,6,2,0,1,1.0,PIT202306070
Patrick Corbin,corbp001,2023-03-30,2023,WAS,ATL,3,3.0,20,85,7,3,0,1,1.01,WAS202303300
Patrick Corbin,corbp001,2023-04-05,2023,WAS,TBA,3,6.0,26,92,10,0,2,1,1.01,WAS202304050
Patrick Corbin,corbp001,2023-04-10,2023,WAS,ANA,3,5.0,25,83,7,3,1,0,0.99,ANA202304100
Patrick Corbin,corbp001,2023-04-16,2023,WAS,CLE,4,6.0,25,91,5,0,0,1,1.01,WAS202304160
Patrick Corbin,corbp001,2023-04-23,2023,WAS,MIN,6,6.0,28,88,7,2,2,0,1.0,MIN202304230
Patrick Corbin,corbp001,2023-04-29,2023,WAS,PIT,2,5.3,22,84,7,1,1,1,1.01,WAS202304291
Patrick Corbin,corbp001,2023-05-04,2023,WAS,CHN,6,7.0,24,65,3,0,0,1,1.01,WAS202305040
Patrick Corbin,corbp001,2023-05-09,2023,WAS,SFN,3,6.0,27,85,8,0,1,0,1.03,SFN202305090
Patrick Corbin,corbp001,2023-05-15,2023,WAS,NYN,1,6.0,25,84,8,1,0,1,1.01,WAS202305150
Patrick Corbin,corbp001,2023-05-20,2023,WAS,DET,3,6.0,24,74,6,0,1,1,1.01,WAS202305200
Patrick Corbin,corbp001,2023-05-26,2023,WAS,KCA,6,6.3,29,92,7,4,1,0,0.96,KCA202305260
Patrick Corbin,corbp001,2023-05-31,2023,WAS,LAN,2,5.0,25,82,7,4,2,0,1.03,LAN202305310
Patrick Corbin,corbp001,2023-06-07,2023,WAS,ARI,4,6.0,28,88,11,1,0,1,1.01,WAS202306070
Patrick Corbin,corbp001,2023-06-13,2023,WAS,HOU,5,5.0,23,82,4,5,2,0,1.02,HOU202306130
Patrick Corbin,corbp001,2023-06-18,2023,WAS,MIA,3,6.0,31,102,11,2,0,1,1.01,WAS202306180
Patrick Corbin,corbp001,2023-06-23,2023,WAS,SDN,3,5.0,24,77,7,3,2,0,1.08,SDN202306230
Patrick Corbin,corbp001,2023-06-28,2023,WAS,SEA,9,7.0,26,96,5,0,0,0,1.04,SEA202306280
Patrick Corbin,corbp001,2023-07-04,2023,WAS,CIN,2,5.0,29,91,10,3,2,1,1.01,WAS202307040
Patrick Corbin,corbp001,2023-07-09,2023,WAS,TEX,6,7.0,27,81,5,1,0,1,1.01,WAS202307090
Patrick Corbin,corbp001,2023-07-18,2023,WAS,CHN,6,5.3,22,94,6,1,1,0,0.97,CHN202307180
Patrick Corbin,corbp001,2023-07-24,2023,WAS,COL,5,6.3,27,88,10,2,1,1,1.01,WAS202307240
Patrick Corbin,corbp001,2023-07-29,2023,WAS,NYN,2,5.7,24,90,6,0,2,0,1.06,NYN202307290
Patrick Corbin,corbp001,2023-08-04,2023,WAS,CIN,2,6.3,24,76,4,1,3,0,1.0,CIN202308040
Patrick Corbin,corbp001,2023-08-10,2023,WAS,PHI,2,5.0,23,76,1,7,0,0,1.01,PHI202308100
Patrick Corbin,corbp001,2023-08-17,2023,WAS,BOS,6,6.0,21,80,4,0,1,1,1.01,WAS202308170
Patrick Corbin,corbp001,2023-08-24,2023,WAS,NYA,7,6.0,26,88,7,3,2,0,0.99,NYA202308240
Patrick Corbin,corbp001,2023-08-30,2023,WAS,TOR,5,5.0,25,96,10,1,0,0,1.0,TOR202308300
Patrick Corbin,corbp001,2023-09-05,2023,WAS,NYN,2,4.0,21,73,7,1,3,1,1.01,WAS202309050
Patrick Corbin,corbp001,2023-09-11,2023,WAS,PIT,8,6.7,25,85,5,1,0,0,1.0,PIT202309110
Patrick Corbin,corbp001,2023-09-17,2023,WAS,MIL,2,6.0,22,85,4,2,0,0,1.05,MIL202309170
Patrick Corbin,corbp001,2023-09-22,2023,WAS,ATL,1,4.3,18,62,5,1,2,1,1.01,WAS202309220
Patrick Corbin,corbp001,2023-09-27,2023,WAS,BAL,2,4.7,24,90,6,4,1,0,1.0,BAL202309270
Jimmy Cordero,cordj001,2023-05-15,2023,NYA,TOR,0,2.0,6,22,0,0,0,0,1.0,TOR202305150
Néstor Cortés,cortn001,2023-04-03,2023,NYA,PHI,3,5.0,21,77,7,0,0,1,0.99,NYA202304030
Néstor Cortés,cortn001,2023-04-09,2023,NYA,BAL,5,5.3,21,85,4,2,0,0,1.0,BAL202304090
Néstor Cortés,cortn001,2023-04-14,2023,NYA,MIN,7,7.0,26,78,5,0,2,1,0.99,NYA202304140
Néstor Cortés,cortn001,2023-04-20,2023,NYA,ANA,7,6.0,25,94,4,2,0,1,0.99,NYA202304200
Néstor Cortés,cortn001,2023-04-25,2023,NYA,MIN,6,5.0,22,87,5,1,1,0,1.0,MIN202304250
Néstor Cortés,cortn001,2023-04-30,2023,NYA,TEX,7,4.7,23,77,5,4,3,0,0.99,TEX202304300
Néstor Cortés,cortn001,2023-05-08,2023,NYA,OAK,4,5.0,23,73,6,2,0,1,0.99,NYA202305080
Néstor Cortés,cortn001,2023-05-13,2023,NYA,TBA,3,4.3,20,68,7,2,1,1,0.99,NYA202305130
Néstor Cortés,cortn001,2023-05-18,2023,NYA,TOR,6,6.0,23,88,5,1,1,0,1.0,TOR202305180
Néstor Cortés,cortn001,2023-05-24,2023,NYA,BAL,5,6.0,24,77,5,2,2,1,0.99,NYA202305240
Néstor Cortés,cortn001,2023-05-30,2023,NYA,SEA,6,5.0,24,93,5,3,0,0,1.04,SEA202305300
Néstor Cortés,cortn001,2023-08-05,2023,NYA,HOU,8,4.0,14,57,1,1,1,1,0.99,NYA202308050
Dylan Covey,coved001,2023-05-28,2023,PHI,ATL,0,0.7,9,30,6,0,2,0,1.02,ATL202305280
Austin Cox,cox-a001,2023-06-28,2023,KCA,CLE,2,3.7,19,65,4,4,1,1,0.96,KCA202306280
Austin Cox,cox-a001,2023-07-03,2023,KCA,MIN,4,4.7,21,62,7,2,0,0,1.0,MIN202307030
Austin Cox,cox-a001,2023-08-10,2023,KCA,BOS,2,2.0,7,29,1,0,0,0,0.98,BOS202308100
Kutter Crawford,crawk001,2023-04-03,2023,BOS,PIT,6,4.0,22,91,8,2,3,1,0.98,BOS202304030
Kutter Crawford,crawk001,2023-04-09,2023,BOS,DET,6,5.0,20,57,5,0,0,0,1.0,DET202304090
Kutter Crawford,crawk001,2023-06-03,2023,BOS,TBA,3,3.0,11,38,2,0,0,1,0.98,BOS202306032
Kutter Crawford,crawk001,2023-06-07,2023,BOS,CLE,3,3.0,13,58,6,0,0,0,1.04,CLE202306070
Kutter Crawford,crawk001,2023-06-13,2023,BOS,COL,5,4.0,20,76,5,3,0,1,0.98,BOS202306130
Kutter Crawford,crawk001,2023-06-20,2023,BOS,MIN,5,5.0,20,59,6,0,0,0,1.0,MIN202306200
Kutter Crawford,crawk001,2023-06-25,2023,BOS,CHA,4,6.0,24,85,5,1,2,0,0.99,CHA202306250
Kutter Crawford,crawk001,2023-07-01,2023,BOS,TOR,5,5.7,21,66,3,2,2,0,1.0,TOR202307010
Kutter Crawford,crawk001,2023-07-06,2023,BOS,TEX,3,4.0,19,62,7,1,0,1,0.98,BOS202307060
Kutter Crawford,crawk001,2023-07-16,2023,BOS,CHN,9,6.0,22,78,1,4,0,0,0.97,CHN202307160
Kutter Crawford,crawk001,2023-07-21,2023,BOS,NYN,2,4.0,16,57,4,0,2,1,0.98,BOS202307210
Kutter Crawford,crawk001,2023-07-28,2023,BOS,SFN,7,5.7,21,62,3,1,0,0,1.03,SFN202307280
Kutter Crawford,crawk001,2023-08-02,2023,BOS,SEA,5,5.0,19,69,4,1,0,0,1.04,SEA202308020
Kutter Crawford,crawk001,2023-08-08,2023,BOS,KCA,6,3.3,20,71,7,2,1,1,0.98,BOS202308080
Kutter Crawford,crawk001,2023-08-13,2023,BOS,DET,2,4.7,19,65,3,1,1,1,0.98,BOS202308130
Kutter Crawford,crawk001,2023-08-19,2023,BOS,NYA,5,6.0,22,82,1,2,1,0,0.99,NYA202308190
Kutter Crawford,crawk001,2023-08-25,2023,BOS,LAN,7,5.0,20,84,4,1,0,1,0.98,BOS202308250
Kutter Crawford,crawk001,2023-08-30,2023,BOS,HOU,1,2.7,15,46,7,1,0,1,0.98,BOS202308300
Kutter Crawford,crawk001,2023-09-05,2023,BOS,TBA,5,3.7,19,90,3,4,1,0,1.05,TBA202309050
Kutter Crawford,crawk001,2023-09-12,2023,BOS,NYA,7,4.7,19,93,3,3,0,1,0.98,BOS202309122
Kutter Crawford,crawk001,2023-09-18,2023,BOS,TEX,7,6.0,22,74,4,0,1,0,0.99,TEX202309180
Kutter Crawford,crawk001,2023-09-24,2023,BOS,CHA,7,5.3,23,85,4,3,0,1,0.98,BOS202309240
Kutter Crawford,crawk001,2023-09-30,2023,BOS,BAL,7,6.0,19,61,1,0,0,0,1.0,BAL202309300
Fernando Cruz,cruzf002,2023-08-26,2023,CIN,ARI,4,1.3,5,19,1,0,0,0,1.03,ARI202308260
Fernando Cruz,cruzf002,2023-09-19,2023,CIN,MIN,4,1.7,6,20,0,1,0,1,1.0,CIN202309190
Steven Cruz,cruzs001,2023-09-13,2023,KCA,CHA,4,2.0,8,31,2,0,0,0,0.99,CHA202309130
Steven Cruz,cruzs001,2023-09-19,2023,KCA,CLE,2,1.7,10,32,1,4,0,1,0.96,KCA202309190
Steven Cruz,cruzs001,2023-09-24,2023,KCA,HOU,0,1.0,6,24,3,0,0,0,1.02,HOU202309240
Steven Cruz,cruzs001,2023-09-30,2023,KCA,NYA,1,1.0,4,15,1,0,0,1,0.96,KCA202309300
José Cuas,cuasj001,2023-06-22,2023,KCA,TBA,1,1.3,7,22,2,1,0,0,1.05,TBA202306220
José Cuas,cuasj001,2023-09-01,2023,CHN,CIN,1,0.7,3,13,1,0,0,0,1.0,CIN202309012
Johnny Cueto,cuetj001,2023-04-03,2023,MIA,MIN,0,1.0,7,27,3,1,2,1,0.98,MIA202304030
Johnny Cueto,cuetj001,2023-07-22,2023,MIA,COL,8,6.0,21,65,2,1,0,1,0.98,MIA202307220
Johnny Cueto,cuetj001,2023-07-29,2023,MIA,DET,5,6.0,23,75,4,1,2,1,0.98,MIA202307290
Johnny Cueto,cuetj001,2023-08-03,2023,MIA,PHI,4,6.0,23,92,5,2,1,1,0.98,MIA202308030
Johnny Cueto,cuetj001,2023-08-09,2023,MIA,CIN,5,5.0,20,69,5,1,2,0,1.0,CIN202308090
Johnny Cueto,cuetj001,2023-08-15,2023,MIA,HOU,3,5.3,25,94,7,2,2,1,0.98,MIA202308150
Johnny Cueto,cuetj001,2023-09-02,2023,MIA,WAS,4,5.0,20,73,5,2,2,0,1.01,WAS202309020
Johnny Cueto,cuetj001,2023-09-09,2023,MIA,PHI,3,3.7,18,77,5,3,1,0,1.01,PHI202309090
Johnny Cueto,cuetj001,2023-09-15,2023,MIA,ATL,2,4.0,20,70,7,0,1,1,0.98,MIA202309150
Johnny Cueto,cuetj001,2023-09-27,2023,MIA,NYN,4,4.3,18,59,4,1,2,0,1.06,NYN202309272
Xzavion Curry,currx001,2023-07-17,2023,CLE,PIT,2,3.0,11,39,1,1,0,0,1.0,PIT202307170
Xzavion Curry,currx001,2023-07-23,2023,CLE,PHI,3,3.0,12,42,1,3,0,1,1.04,CLE202307230
Xzavion Curry,currx001,2023-07-28,2023,CLE,CHA,0,3.0,13,42,2,3,1,0,0.99,CHA202307280
Xzavion Curry,currx001,2023-08-06,2023,CLE,CHA,4,5.0,19,63,4,0,0,1,1.04,CLE202308060
Xzavion Curry,currx001,2023-08-11,2023,CLE,TBA,1,5.0,23,67,6,2,1,0,1.05,TBA202308110
Xzavion Curry,currx001,2023-08-18,2023,CLE,DET,6,6.0,23,76,5,2,0,1,1.04,CLE202308182
Xzavion Curry,currx001,2023-08-23,2023,CLE,LAN,1,2.0,11,38,5,0,0,1,1.04,CLE202308230
Xzavion Curry,currx001,2023-08-28,2023,CLE,MIN,2,2.0,13,43,6,1,1,0,1.0,MIN202308280
Xzavion Curry,currx001,2023-09-03,2023,CLE,TBA,6,5.3,22,68,6,1,1,1,1.04,CLE202309030
Yu Darvish,darvy001,2023-04-04,2023,SDN,ARI,3,5.0,21,91,3,4,0,1,1.08,SDN202304040
Yu Darvish,darvy001,2023-04-10,2023,SDN,NYN,5,6.3,27,88,6,1,0,0,1.06,NYN202304100
Yu Darvish,darvy001,2023-04-16,2023,SDN,MIL,12,7.0,27,95,4,2,0,1,1.08,SDN202304160
Yu Darvish,darvy001,2023-04-23,2023,SDN,ARI,5,5.7,23,84,2,5,0,0,1.03,ARI202304230
Yu Darvish,darvy001,2023-04-30,2023,SDN,SFN,9,6.0,26,87,9,0,3,1,1.08,SDN202304300
Yu Darvish,darvy001,2023-05-05,2023,SDN,LAN,6,6.7,24,94,4,1,0,1,1.08,SDN202305050
Yu Darvish,darvy001,2023-05-11,2023,SDN,MIN,7,6.0,24,77,4,1,1,0,1.0,MIN202305110
Yu Darvish,darvy001,2023-05-17,2023,SDN,KCA,6,5.3,23,80,6,2,1,1,1.08,SDN202305170
Yu Darvish,darvy001,2023-05-23,2023,SDN,WAS,4,6.0,24,85,6,1,2,0,1.01,WAS202305230
Yu Darvish,darvy001,2023-05-28,2023,SDN,NYA,2,2.7,15,49,7,0,1,0,0.99,NYA202305280
Yu Darvish,darvy001,2023-06-03,2023,SDN,CHN,9,7.0,24,113,2,1,0,1,1.08,SDN202306030
Yu Darvish,darvy001,2023-06-09,2023,SDN,COL,6,5.3,24,83,5,4,0,0,0.92,COL202306090
Yu Darvish,darvy001,2023-06-16,2023,SDN,TBA,5,5.0,23,79,8,1,2,1,1.08,SDN202306160
Yu Darvish,darvy001,2023-06-21,2023,SDN,SFN,6,6.0,26,88,7,2,0,0,1.03,SFN202306210
Yu Darvish,darvy001,2023-07-07,2023,SDN,NYN,4,5.0,25,92,7,3,1,1,1.08,SDN202307070
Yu Darvish,darvy001,2023-07-14,2023,SDN,PHI,9,6.0,24,81,5,2,0,0,1.01,PHI202307140
Yu Darvish,darvy001,2023-07-19,2023,SDN,TOR,7,6.0,25,90,4,3,0,0,1.0,TOR202307190
Yu Darvish,darvy001,2023-07-24,2023,SDN,PIT,3,4.3,23,82,8,3,4,1,1.08,SDN202307240
Yu Darvish,darvy001,2023-07-29,2023,SDN,TEX,9,6.0,23,81,3,2,0,1,1.08,SDN202307290
Yu Darvish,darvy001,2023-08-04,2023,SDN,LAN,4,7.0,26,74,5,0,1,1,1.08,SDN202308040
Yu Darvish,darvy001,2023-08-09,2023,SDN,SEA,4,6.0,25,80,6,2,0,0,1.04,SEA202308090
Yu Darvish,darvy001,2023-08-14,2023,SDN,BAL,6,7.0,28,77,8,1,1,1,1.08,SDN202308140
Yu Darvish,darvy001,2023-08-19,2023,SDN,ARI,7,5.0,25,99,9,1,0,1,1.08,SDN202308192
Yu Darvish,darvy001,2023-08-25,2023,SDN,MIL,3,4.0,19,76,6,1,1,0,1.05,MIL202308250
Noah Davis,davin001,2023-04-16,2023,COL,SEA,5,5.0,19,89,3,3,0,0,1.04,SEA202304160
Noah Davis,davin001,2023-04-21,2023,COL,PHI,5,4.7,22,88,6,0,0,0,1.01,PHI202304210
Noah Davis,davin001,2023-04-29,2023,COL,ARI,2,2.0,14,51,7,2,1,1,0.92,COL202304290
Noah Davis,davin001,2023-06-20,2023,COL,CIN,2,4.0,20,76,5,4,2,0,1.0,CIN202306200
Noah Davis,davin001,2023-09-22,2023,COL,CHN,4,5.0,22,70,4,3,1,0,0.97,CHN202309220
Noah Davis,davin001,2023-09-27,2023,COL,LAN,4,4.3,22,86,7,2,1,1,0.92,COL202309270
Tucker Davidson,davit005,2023-08-21,2023,KCA,OAK,0,1.0,5,14,0,1,0,0,1.0,OAK202308210
Zach Davies,daviz001,2023-04-02,2023,ARI,LAN,4,5.0,21,81,4,2,1,0,1.03,LAN202304020
Zach Davies,daviz001,2023-04-08,2023,ARI,LAN,3,4.3,21,86,5,4,1,1,1.03,ARI202304080
Zach Davies,daviz001,2023-05-27,2023,ARI,BOS,3,3.3,16,73,5,2,0,1,1.03,ARI202305270
Zach Davies,daviz001,2023-06-01,2023,ARI,COL,4,5.7,24,89,7,1,0,1,1.03,ARI202306010
Zach Davies,daviz001,2023-06-07,2023,ARI,WAS,8,6.7,26,88,5,1,0,0,1.01,WAS202306070
Zach Davies,daviz001,2023-06-13,2023,ARI,PHI,4,3.0,19,85,6,3,1,1,1.03,ARI202306130
Zach Davies,daviz001,2023-06-18,2023,ARI,CLE,2,3.7,22,59,9,1,0,1,1.03,ARI202306180
Zach Davies,daviz001,2023-06-23,2023,ARI,SFN,2,4.0,21,64,6,4,0,0,1.03,SFN202306230
Zach Davies,daviz001,2023-06-28,2023,ARI,TBA,3,7.0,24,81,2,2,0,1,1.03,ARI202306280
Zach Davies,daviz001,2023-07-04,2023,ARI,NYN,6,5.7,22,76,5,2,2,1,1.03,ARI202307040
Zach Davies,daviz001,2023-07-09,2023,ARI,PIT,6,5.3,22,82,4,2,1,1,1.03,ARI202307090
Zach Davies,daviz001,2023-07-18,2023,ARI,ATL,1,3.7,21,78,8,3,1,0,1.02,ATL202307180
Zach Davies,daviz001,2023-08-26,2023,ARI,CIN,5,5.0,21,77,5,2,1,1,1.03,ARI202308260
Zach Davies,daviz001,2023-09-01,2023,ARI,BAL,6,6.0,23,77,4,1,0,1,1.03,ARI202309010
Zach Davies,daviz001,2023-09-06,2023,ARI,COL,2,3.0,19,58,6,3,0,1,1.03,ARI202309060
Zach Davies,daviz001,2023-09-11,2023,ARI,NYN,5,4.0,18,65,4,3,1,0,1.06,NYN202309110
Zach Davies,daviz001,2023-09-16,2023,ARI,CHN,5,4.0,19,77,5,2,0,1,1.03,ARI202309160
Zach Davies,daviz001,2023-09-26,2023,ARI,CHA,3,3.0,18,69,8,1,1,0,0.99,CHA202309260
Jacob deGrom,degrj001,2023-03-30,2023,TEX,PHI,7,3.7,17,72,6,0,1,1,0.99,TEX202303300
Jacob deGrom,degrj001,2023-04-05,2023,TEX,BAL,11,6.0,22,73,2,2,0,1,0.99,TEX202304050
Jacob deGrom,degrj001,2023-04-11,2023,TEX,KCA,9,7.0,27,93,7,0,0,1,0.99,TEX202304110
Jacob deGrom,degrj001,2023-04-17,2023,TEX,KCA,5,4.0,14,50,0,1,0,0,0.96,KCA202304170
Jacob deGrom,degrj001,2023-04-23,2023,TEX,OAK,11,6.0,22,67,3,0,1,1,0.99,TEX202304230
Jacob deGrom,degrj001,2023-04-28,2023,TEX,NYA,2,3.7,13,39,1,1,0,1,0.99,TEX202304280
José De León,delej003,2023-06-17,2023,MIN,DET,2,2.0,6,21,0,0,0,1,1.0,MIN202306170
Matt Dermody,dermm001,2023-06-08,2023,BOS,CLE,1,4.0,17,62,4,1,2,0,1.04,CLE202306080
Anthony DeSclafani,desca001,2023-04-03,2023,SFN,CHA,4,6.0,20,73,3,0,0,0,0.99,CHA202304030
Anthony DeSclafani,desca001,2023-04-09,2023,SFN,KCA,7,6.3,22,88,3,0,0,1,1.03,SFN202304090
Anthony DeSclafani,desca001,2023-04-15,2023,SFN,DET,5,6.7,26,101,6,0,1,0,1.0,DET202304150
Anthony DeSclafani,desca001,2023-04-21,2023,SFN,NYN,5,5.0,24,76,7,2,1,1,1.03,SFN202304210
Anthony DeSclafani,desca001,2023-04-26,2023,SFN,SLN,6,6.0,25,92,6,1,2,1,1.03,SFN202304260
Anthony DeSclafani,desca001,2023-05-02,2023,SFN,HOU,3,8.0,27,101,3,0,0,0,1.02,HOU202305020
Anthony DeSclafani,desca001,2023-05-08,2023,SFN,WAS,3,7.0,32,84,10,1,0,1,1.03,SFN202305080
Anthony DeSclafani,desca001,2023-05-13,2023,SFN,ARI,2,5.0,20,65,5,1,0,0,1.03,ARI202305130
Anthony DeSclafani,desca001,2023-05-19,2023,SFN,MIA,6,5.3,23,70,5,2,0,1,1.03,SFN202305190
Anthony DeSclafani,desca001,2023-05-24,2023,SFN,MIN,6,5.0,26,71,6,2,2,0,1.0,MIN202305240
Anthony DeSclafani,desca001,2023-05-29,2023,SFN,PIT,2,7.0,27,70,8,0,1,1,1.03,SFN202305290
Anthony DeSclafani,desca001,2023-06-04,2023,SFN,BAL,2,3.0,18,64,5,3,0,1,1.03,SFN202306040
Anthony DeSclafani,desca001,2023-06-09,2023,SFN,CHN,2,6.0,22,80,3,4,0,1,1.03,SFN202306090
Anthony DeSclafani,desca001,2023-06-14,2023,SFN,SLN,7,3.0,17,55,7,1,1,0,1.0,SLN202306140
Anthony DeSclafani,desca001,2023-06-20,2023,SFN,SDN,6,5.0,24,76,8,1,1,1,1.03,SFN202306200
Anthony DeSclafani,desca001,2023-06-25,2023,SFN,ARI,3,6.0,21,71,5,0,0,1,1.03,SFN202306250
Anthony DeSclafani,desca001,2023-07-01,2023,SFN,NYN,3,3.0,12,49,3,0,3,0,1.06,NYN202307010
Anthony DeSclafani,desca001,2023-07-18,2023,SFN,CIN,5,2.0,10,33,4,0,2,0,1.0,CIN202307180
Reid Detmers,detmr001,2023-04-03,2023,ANA,SEA,7,4.7,22,89,4,3,0,0,1.04,SEA202304030
Reid Detmers,detmr001,2023-04-09,2023,ANA,TOR,5,5.0,23,89,5,2,1,1,0.99,ANA202304090
Reid Detmers,detmr001,2023-04-16,2023,ANA,BOS,7,6.3,25,89,6,1,1,0,0.98,BOS202304160
Reid Detmers,detmr001,2023-04-23,2023,ANA,KCA,6,5.7,24,76,7,1,2,1,0.99,ANA202304230
Reid Detmers,detmr001,2023-04-29,2023,ANA,MIL,6,4.3,21,73,4,3,0,0,1.05,MIL202304290
Reid Detmers,detmr001,2023-05-06,2023,ANA,TEX,7,4.0,21,92,7,2,0,1,0.99,ANA202305060
Reid Detmers,detmr001,2023-05-13,2023,ANA,CLE,3,5.0,20,83,6,2,0,0,1.04,CLE202305130
Reid Detmers,detmr001,2023-05-19,2023,ANA,MIN,12,5.7,22,76,2,3,0,1,0.99,ANA202305190
Reid Detmers,detmr001,2023-05-26,2023,ANA,MIA,5,5.0,26,84,10,2,1,1,0.99,ANA202305260
Reid Detmers,detmr001,2023-06-01,2023,ANA,HOU,2,5.0,23,75,6,2,0,0,1.02,HOU202306010
Reid Detmers,detmr001,2023-06-08,2023,ANA,CHN,8,5.7,23,91,5,2,0,1,0.99,ANA202306080
Reid Detmers,detmr001,2023-06-14,2023,ANA,TEX,8,6.0,24,68,3,3,1,0,0.99,TEX202306140
Reid Detmers,detmr001,2023-06-20,2023,ANA,LAN,8,7.0,24,97,2,1,0,1,0.99,ANA202306200
Reid Detmers,detmr001,2023-06-26,2023,ANA,CHA,10,7.0,25,89,2,2,1,1,0.99,ANA202306260
Reid Detmers,detmr001,2023-07-02,2023,ANA,ARI,9,6.0,23,72,3,2,1,1,0.99,ANA202307020
Reid Detmers,detmr001,2023-07-08,2023,ANA,LAN,4,3.3,20,68,6,1,3,0,1.03,LAN202307080
Reid Detmers,detmr001,2023-07-15,2023,ANA,HOU,6,6.0,25,84,5,3,0,1,0.99,ANA202307150
Reid Detmers,detmr001,2023-07-22,2023,ANA,PIT,9,5.0,24,98,6,2,0,1,0.99,ANA202307220
Reid Detmers,detmr001,2023-07-29,2023,ANA,TOR,5,4.7,19,86,3,2,1,0,1.0,TOR202307290
Reid Detmers,detmr001,2023-08-04,2023,ANA,SEA,4,4.0,21,74,9,2,3,1,0.99,ANA202308040
Reid Detmers,detmr001,2023-08-11,2023,ANA,HOU,0,2.3,16,43,7,3,2,0,1.02,HOU202308110
Reid Detmers,detmr001,2023-08-16,2023,ANA,TEX,5,7.3,28,94,1,4,0,0,0.99,TEX202308160
Reid Detmers,detmr001,2023-08-23,2023,ANA,CIN,3,5.0,25,90,7,2,1,1,0.99,ANA202308232
Reid Detmers,detmr001,2023-08-30,2023,ANA,PHI,3,4.0,19,72,4,3,0,0,1.01,PHI202308300
Reid Detmers,detmr001,2023-09-05,2023,ANA,BAL,5,6.7,27,76,9,1,0,1,0.99,ANA202309050
Reid Detmers,detmr001,2023-09-11,2023,ANA,SEA,7,7.0,26,100,5,0,1,0,1.04,SEA202309110
Reid Detmers,detmr001,2023-09-20,2023,ANA,TBA,7,4.0,19,90,3,2,0,0,1.05,TBA202309200
Reid Detmers,detmr001,2023-09-26,2023,ANA,TEX,7,7.0,29,89,4,4,0,1,0.99,ANA202309260
Jhonathan Díaz,diazj007,2023-09-07,2023,ANA,CLE,0,1.7,7,25,2,1,0,1,0.99,ANA202309070
Miguel Díaz,diazm004,2023-09-17,2023,DET,ANA,1,1.0,5,13,1,1,0,0,0.99,ANA202309170
Miguel Díaz,diazm004,2023-09-19,2023,DET,LAN,1,0.7,5,27,2,1,0,0,1.03,LAN202309190
Miguel Díaz,diazm004,2023-09-23,2023,DET,OAK,1,1.3,5,17,0,1,0,0,1.0,OAK202309230
Dylan Dodd,doddd001,2023-04-04,2023,ATL,SLN,3,5.0,19,73,6,0,0,0,1.0,SLN202304040
Dylan Dodd,doddd001,2023-04-09,2023,ATL,SDN,3,4.3,23,80,10,1,2,1,1.02,ATL202304090
Dylan Dodd,doddd001,2023-05-04,2023,ATL,MIA,1,6.0,28,78,8,3,1,0,0.98,MIA202305040
Dylan Dodd,doddd001,2023-05-25,2023,ATL,PHI,3,5.0,23,73,7,1,2,1,1.02,ATL202305250
Dylan Dodd,doddd001,2023-06-14,2023,ATL,DET,2,4.0,21,75,6,3,3,0,1.0,DET202306142
Dylan Dodd,doddd001,2023-09-09,2023,ATL,PIT,2,4.0,22,75,7,3,1,1,1.02,ATL202309090
Dylan Dodd,doddd001,2023-10-01,2023,ATL,WAS,1,6.0,28,88,9,1,0,1,1.02,ATL202310010
Shawn Dubin,dubis001,2023-07-02,2023,HOU,TEX,3,4.0,17,59,3,2,0,0,0.99,TEX202307020
Dane Dunning,dunnd001,2023-05-05,2023,TEX,ANA,3,5.0,18,60,2,1,0,0,0.99,ANA202305050
Dane Dunning,dunnd001,2023-05-10,2023,TEX,SEA,5,6.0,23,64,6,1,0,0,1.04,SEA202305100
Dane Dunning,dunnd001,2023-05-16,2023,TEX,ATL,4,6.0,24,92,6,0,0,1,0.99,TEX202305160
Dane Dunning,dunnd001,2023-05-22,2023,TEX,PIT,3,5.7,25,91,6,3,0,0,1.0,PIT202305220
Dane Dunning,dunnd001,2023-05-31,2023,TEX,DET,6,5.0,24,88,7,1,0,0,1.0,DET202305310
Dane Dunning,dunnd001,2023-06-06,2023,TEX,SLN,1,5.7,27,86,7,2,3,1,0.99,TEX202306060
Dane Dunning,dunnd001,2023-06-12,2023,TEX,ANA,3,5.0,24,81,6,5,0,1,0.99,TEX202306120
Dane Dunning,dunnd001,2023-06-17,2023,TEX,TOR,3,6.0,23,74,6,1,1,1,0.99,TEX202306170
Dane Dunning,dunnd001,2023-06-23,2023,TEX,NYA,2,7.0,25,71,5,2,0,0,0.99,NYA202306230
Dane Dunning,dunnd001,2023-06-28,2023,TEX,DET,10,8.7,30,89,4,0,1,1,0.99,TEX202306280
Dane Dunning,dunnd001,2023-07-04,2023,TEX,BOS,4,6.0,24,78,6,1,0,0,0.98,BOS202307040
Dane Dunning,dunnd001,2023-07-09,2023,TEX,WAS,4,5.7,25,71,7,2,1,0,1.01,WAS202307090
Dane Dunning,dunnd001,2023-07-17,2023,TEX,TBA,4,7.0,28,84,5,1,1,1,0.99,TEX202307170
Dane Dunning,dunnd001,2023-07-22,2023,TEX,LAN,1,3.0,16,75,7,2,2,1,0.99,TEX202307220
Dane Dunning,dunnd001,2023-07-28,2023,TEX,SDN,4,5.0,23,88,5,3,1,0,1.08,SDN202307280
Dane Dunning,dunnd001,2023-08-02,2023,TEX,CHA,11,7.7,27,94,3,1,1,1,0.99,TEX202308020
Dane Dunning,dunnd001,2023-08-07,2023,TEX,OAK,6,6.0,25,89,5,3,0,0,1.0,OAK202308070
Dane Dunning,dunnd001,2023-08-13,2023,TEX,SFN,12,7.0,28,96,7,0,1,0,1.03,SFN202308130
Dane Dunning,dunnd001,2023-08-19,2023,TEX,MIL,4,5.0,23,86,7,1,2,1,0.99,TEX202308190
Dane Dunning,dunnd001,2023-08-25,2023,TEX,MIN,6,4.0,23,69,5,6,0,0,1.0,MIN202308250
Dane Dunning,dunnd001,2023-08-30,2023,TEX,NYN,4,4.0,18,64,5,2,2,0,1.06,NYN202308300
Dane Dunning,dunnd001,2023-09-11,2023,TEX,TOR,7,6.0,26,97,6,3,0,0,1.0,TOR202309110
Dane Dunning,dunnd001,2023-09-16,2023,TEX,CLE,5,5.0,23,75,6,3,0,0,1.04,CLE202309160
Dane Dunning,dunnd001,2023-09-22,2023,TEX,SEA,2,5.3,23,73,4,2,1,1,0.99,TEX202309220
Dane Dunning,dunnd001,2023-09-27,2023,TEX,ANA,7,7.0,25,76,3,1,0,0,0.99,ANA202309270
Dane Dunning,dunnd001,2023-10-01,2023,TEX,SEA,4,3.3,15,52,4,1,0,0,1.04,SEA202310010
Zach Eflin,efliz001,2023-04-01,2023,TBA,DET,5,5.0,20,69,3,1,0,1,1.05,TBA202304010
Zach Eflin,efliz001,2023-04-07,2023,TBA,OAK,7,6.0,25,72,9,0,1,1,1.05,TBA202304070
Zach Eflin,efliz001,2023-04-23,2023,TBA,CHA,4,5.0,18,62,3,0,0,1,1.05,TBA202304230
Zach Eflin,efliz001,2023-04-28,2023,TBA,CHA,5,5.0,23,71,6,2,2,0,0.99,CHA202304280
Zach Eflin,efliz001,2023-05-04,2023,TBA,PIT,10,7.0,23,70,3,0,0,1,1.05,TBA202305040
Zach Eflin,efliz001,2023-05-09,2023,TBA,BAL,4,6.0,26,69,7,1,1,0,1.0,BAL202305090
Zach Eflin,efliz001,2023-05-14,2023,TBA,NYA,9,6.0,24,92,7,1,2,0,0.99,NYA202305140
Zach Eflin,efliz001,2023-05-20,2023,TBA,MIL,8,7.0,24,75,4,0,2,1,1.05,TBA202305200
Zach Eflin,efliz001,2023-05-25,2023,TBA,TOR,0,7.0,28,90,6,2,0,1,1.05,TBA202305250
Zach Eflin,efliz001,2023-05-31,2023,TBA,CHN,5,6.0,22,86,4,1,0,0,0.97,CHN202305310
Zach Eflin,efliz001,2023-06-06,2023,TBA,MIN,9,6.7,24,96,3,1,0,1,1.05,TBA202306060
Zach Eflin,efliz001,2023-06-12,2023,TBA,OAK,6,4.7,20,82,5,2,0,0,1.0,OAK202306120
Zach Eflin,efliz001,2023-06-17,2023,TBA,SDN,5,6.0,25,72,4,2,0,0,1.08,SDN202306170
Zach Eflin,efliz001,2023-06-23,2023,TBA,KCA,7,6.0,26,89,7,2,2,1,1.05,TBA202306230
Zach Eflin,efliz001,2023-06-28,2023,TBA,ARI,7,7.0,28,79,7,0,0,0,1.03,ARI202306280
Zach Eflin,efliz001,2023-07-04,2023,TBA,PHI,9,7.0,27,96,4,0,0,1,1.05,TBA202307040
Zach Eflin,efliz001,2023-07-09,2023,TBA,ATL,5,5.0,18,68,4,0,1,1,1.05,TBA202307090
Zach Eflin,efliz001,2023-07-16,2023,TBA,KCA,0,3.0,15,46,7,0,0,0,0.96,KCA202307160
Zach Eflin,efliz001,2023-07-21,2023,TBA,BAL,8,7.0,24,76,2,1,0,1,1.05,TBA202307210
Zach Eflin,efliz001,2023-07-26,2023,TBA,MIA,3,4.0,20,46,7,1,0,1,1.05,TBA202307260
Zach Eflin,efliz001,2023-08-01,2023,TBA,NYA,5,6.0,20,62,3,0,0,0,0.99,NYA202308010
Zach Eflin,efliz001,2023-08-08,2023,TBA,SLN,8,7.0,26,90,5,0,1,1,1.05,TBA202308080
Zach Eflin,efliz001,2023-08-13,2023,TBA,CLE,3,3.0,18,70,9,1,2,1,1.05,TBA202308130
Zach Eflin,efliz001,2023-08-19,2023,TBA,ANA,4,6.0,23,68,4,1,1,0,0.99,ANA202308192
Zach Eflin,efliz001,2023-08-25,2023,TBA,NYA,11,6.0,26,93,7,1,1,1,1.05,TBA202308250
Zach Eflin,efliz001,2023-08-30,2023,TBA,MIA,4,6.3,21,64,4,0,0,0,0.98,MIA202308300
Zach Eflin,efliz001,2023-09-05,2023,TBA,BOS,7,5.0,21,78,5,1,1,1,1.05,TBA202309050
Zach Eflin,efliz001,2023-09-10,2023,TBA,SEA,6,5.0,24,75,7,2,0,1,1.05,TBA202309100
Zach Eflin,efliz001,2023-09-15,2023,TBA,BAL,8,7.0,22,73,1,0,1,0,1.0,BAL202309150
Zach Eflin,efliz001,2023-09-21,2023,TBA,ANA,10,5.0,22,78,6,1,0,1,1.05,TBA202309210
Zach Eflin,efliz001,2023-09-26,2023,TBA,BOS,4,5.0,20,63,5,0,1,0,0.98,BOS202309260
Bryce Elder,eldeb001,2023-04-05,2023,ATL,SLN,6,6.0,22,79,2,3,0,0,1.0,SLN202304050
Bryce Elder,eldeb001,2023-04-10,2023,ATL,CIN,7,6.3,24,100,6,1,0,1,1.02,ATL202304100
Bryce Elder,eldeb001,2023-04-15,2023,ATL,KCA,4,5.3,26,86,8,2,0,0,0.96,KCA202304150
Bryce Elder,eldeb001,2023-04-21,2023,ATL,HOU,6,6.0,24,93,5,1,0,1,1.02,ATL202304210
Bryce Elder,eldeb001,2023-04-26,2023,ATL,MIA,3,5.3,23,91,5,2,3,1,1.02,ATL202304260
Bryce Elder,eldeb001,2023-05-02,2023,ATL,MIA,6,7.0,23,91,3,0,0,0,0.98,MIA202305020
Bryce Elder,eldeb001,2023-05-07,2023,ATL,BAL,4,5.3,25,84,4,4,0,1,1.02,ATL202305070
Bryce Elder,eldeb001,2023-05-13,2023,ATL,TOR,3,5.0,21,93,5,1,0,0,1.0,TOR202305130
Bryce Elder,eldeb001,2023-05-19,2023,ATL,SEA,6,6.0,23,80,7,1,0,1,1.02,ATL202305190
Bryce Elder,eldeb001,2023-05-24,2023,ATL,LAN,6,6.0,26,95,7,1,1,1,1.02,ATL202305240
Bryce Elder,eldeb001,2023-05-30,2023,ATL,OAK,5,7.3,28,73,5,3,0,0,1.0,OAK202305300
Bryce Elder,eldeb001,2023-06-06,2023,ATL,NYN,8,6.0,23,92,4,2,2,1,1.02,ATL202306060
Bryce Elder,eldeb001,2023-06-11,2023,ATL,WAS,1,5.3,24,85,8,1,1,1,1.02,ATL202306110
Bryce Elder,eldeb001,2023-06-17,2023,ATL,COL,4,6.0,22,73,4,0,1,1,1.02,ATL202306170
Bryce Elder,eldeb001,2023-06-22,2023,ATL,PHI,6,7.0,26,81,3,2,0,0,1.01,PHI202306220
Bryce Elder,eldeb001,2023-06-27,2023,ATL,MIN,4,6.0,26,76,4,4,0,1,1.02,ATL202306270
Bryce Elder,eldeb001,2023-07-03,2023,ATL,CLE,1,6.7,29,85,7,2,0,0,1.04,CLE202307030
Bryce Elder,eldeb001,2023-07-09,2023,ATL,TBA,0,3.3,19,59,6,4,2,0,1.05,TBA202307090
Bryce Elder,eldeb001,2023-07-18,2023,ATL,ARI,4,2.7,18,76,7,1,1,1,1.02,ATL202307180
Bryce Elder,eldeb001,2023-07-23,2023,ATL,MIL,2,6.0,23,75,4,2,1,0,1.05,MIL202307230
Bryce Elder,eldeb001,2023-07-29,2023,ATL,MIL,3,7.0,24,76,4,0,0,1,1.02,ATL202307290
Bryce Elder,eldeb001,2023-08-05,2023,ATL,CHN,3,4.3,24,80,7,3,2,0,0.97,CHN202308050
Bryce Elder,eldeb001,2023-08-10,2023,ATL,PIT,5,5.0,24,87,6,2,0,0,1.0,PIT202308100
Bryce Elder,eldeb001,2023-08-15,2023,ATL,NYA,3,7.0,22,85,1,3,0,1,1.02,ATL202308150
Bryce Elder,eldeb001,2023-08-22,2023,ATL,NYN,3,5.3,21,56,2,3,0,1,1.02,ATL202308220
Bryce Elder,eldeb001,2023-08-28,2023,ATL,COL,4,6.0,26,87,8,1,1,0,0.92,COL202308280
Bryce Elder,eldeb001,2023-09-02,2023,ATL,LAN,4,6.0,26,86,5,4,0,0,1.03,LAN202309020
Bryce Elder,eldeb001,2023-09-08,2023,ATL,PIT,9,7.0,26,92,4,1,1,1,1.02,ATL202309080
Bryce Elder,eldeb001,2023-09-15,2023,ATL,MIA,6,5.0,24,74,9,0,1,0,0.98,MIA202309150
Bryce Elder,eldeb001,2023-09-20,2023,ATL,PHI,0,3.7,18,59,3,5,2,1,1.02,ATL202309200
Bryce Elder,eldeb001,2023-09-26,2023,ATL,CHN,2,3.7,22,77,7,4,0,1,1.02,ATL202309260
Mason Englert,englm001,2023-06-12,2023,DET,ATL,1,2.7,12,45,3,1,0,1,1.0,DET202306120
Nathan Eovaldi,eovan001,2023-04-01,2023,TEX,PHI,6,5.0,22,82,6,2,0,1,0.99,TEX202304010
Nathan Eovaldi,eovan001,2023-04-07,2023,TEX,CHN,6,5.7,21,85,5,1,0,0,0.97,CHN202304070
Nathan Eovaldi,eovan001,2023-04-12,2023,TEX,KCA,7,5.0,25,78,10,0,1,1,0.99,TEX202304120
Nathan Eovaldi,eovan001,2023-04-18,2023,TEX,KCA,5,6.0,25,95,7,1,0,0,0.96,KCA202304180
Nathan Eovaldi,eovan001,2023-04-24,2023,TEX,CIN,7,6.0,25,87,6,1,0,0,1.0,CIN202304240
Nathan Eovaldi,eovan001,2023-04-29,2023,TEX,NYA,8,9.0,29,99,3,0,0,1,0.99,TEX202304290
Nathan Eovaldi,eovan001,2023-05-06,2023,TEX,ANA,5,8.0,30,85,5,2,0,0,0.99,ANA202305060
Nathan Eovaldi,eovan001,2023-05-11,2023,TEX,OAK,12,8.7,29,93,3,1,0,0,1.0,OAK202305110
Nathan Eovaldi,eovan001,2023-05-17,2023,TEX,ATL,5,7.0,27,89,5,2,2,1,0.99,TEX202305170
Nathan Eovaldi,eovan001,2023-05-23,2023,TEX,PIT,5,9.0,31,91,6,1,0,0,1.0,PIT202305230
Nathan Eovaldi,eovan001,2023-05-29,2023,TEX,DET,4,5.0,21,86,4,3,0,0,1.0,DET202305290
Nathan Eovaldi,eovan001,2023-06-04,2023,TEX,SEA,7,6.0,20,65,1,0,0,1,0.99,TEX202306040
Nathan Eovaldi,eovan001,2023-06-10,2023,TEX,TBA,6,6.3,29,95,7,3,1,0,1.05,TBA202306100
Nathan Eovaldi,eovan001,2023-06-15,2023,TEX,ANA,9,7.0,27,89,5,2,2,1,0.99,TEX202306150
Nathan Eovaldi,eovan001,2023-06-20,2023,TEX,CHA,4,6.0,25,80,5,2,2,0,0.99,CHA202306200
Nathan Eovaldi,eovan001,2023-06-25,2023,TEX,NYA,5,5.7,21,84,4,2,0,0,0.99,NYA202306250
Nathan Eovaldi,eovan001,2023-07-01,2023,TEX,HOU,5,7.0,23,89,2,4,0,1,0.99,TEX202307010
Nathan Eovaldi,eovan001,2023-07-06,2023,TEX,BOS,3,5.3,25,90,5,4,0,0,0.98,BOS202307060
Nathan Eovaldi,eovan001,2023-07-18,2023,TEX,TBA,2,6.0,24,80,2,3,0,1,0.99,TEX202307180
Nathan Eovaldi,eovan001,2023-09-05,2023,TEX,HOU,1,1.3,10,31,5,1,2,1,0.99,TEX202309050
Nathan Eovaldi,eovan001,2023-09-09,2023,TEX,OAK,3,2.3,11,43,3,2,0,1,0.99,TEX202309090
Nathan Eovaldi,eovan001,2023-09-14,2023,TEX,TOR,3,3.3,16,73,3,3,1,0,1.0,TOR202309140
Nathan Eovaldi,eovan001,2023-09-19,2023,TEX,BOS,3,5.0,21,69,4,3,0,1,0.99,TEX202309190
Nathan Eovaldi,eovan001,2023-09-24,2023,TEX,SEA,6,5.0,22,72,6,2,2,1,0.99,TEX202309240
Nathan Eovaldi,eovan001,2023-09-29,2023,TEX,SEA,5,3.3,18,70,5,2,2,0,1.04,SEA202309290
Joey Estes,estej001,2023-09-20,2023,OAK,SEA,2,4.7,25,65,6,1,3,1,1.0,OAK202309200
Joey Estes,estej001,2023-09-27,2023,OAK,MIN,5,5.3,22,61,6,1,1,0,1.0,MIN202309270
Alex Faedo,faeda001,2023-05-07,2023,DET,SLN,1,4.7,18,64,3,0,2,0,1.0,SLN202305070
Alex Faedo,faeda001,2023-05-13,2023,DET,SEA,7,6.0,23,68,4,1,2,1,1.0,DET202305130
Alex Faedo,faeda001,2023-05-20,2023,DET,WAS,4,5.0,20,60,5,0,1,0,1.01,WAS202305200
Alex Faedo,faeda001,2023-05-25,2023,DET,CHA,10,6.0,21,86,3,0,1,1,1.0,DET202305250
Alex Faedo,faeda001,2023-05-30,2023,DET,TEX,4,4.3,21,69,7,1,0,1,1.0,DET202305300
Alex Faedo,faeda001,2023-07-07,2023,DET,TOR,2,3.7,19,72,6,2,1,1,1.0,DET202307070
Alex Faedo,faeda001,2023-07-23,2023,DET,SDN,2,6.0,21,80,1,4,0,1,1.0,DET202307230
Alex Faedo,faeda001,2023-08-09,2023,DET,MIN,5,4.7,20,63,4,2,2,1,1.0,DET202308090
Alex Faedo,faeda001,2023-08-15,2023,DET,MIN,6,5.0,18,71,1,1,0,0,1.0,MIN202308150
Alex Faedo,faeda001,2023-08-21,2023,DET,CHN,4,6.0,24,83,3,2,1,1,1.0,DET202308210
Alex Faedo,faeda001,2023-08-27,2023,DET,HOU,2,4.7,25,85,7,4,1,1,1.0,DET202308270
Alex Faedo,faeda001,2023-09-05,2023,DET,NYA,4,2.7,12,37,3,1,1,0,0.99,NYA202309050
Bailey Falter,faltb001,2023-04-02,2023,PHI,TEX,3,5.3,21,67,7,0,1,0,0.99,TEX202304020
Bailey Falter,faltb001,2023-04-08,2023,PHI,CIN,2,5.0,19,86,4,0,1,1,1.01,PHI202304080
Bailey Falter,faltb001,2023-04-13,2023,PHI,CIN,4,4.7,22,94,8,1,0,0,1.0,CIN202304130
Bailey Falter,faltb001,2023-04-18,2023,PHI,CHA,3,7.0,26,98,3,3,1,0,0.99,CHA202304182
Bailey Falter,faltb001,2023-04-25,2023,PHI,SEA,7,6.0,24,88,6,0,2,1,1.01,PHI202304250
Bailey Falter,faltb001,2023-04-30,2023,PHI,HOU,3,4.3,23,75,8,3,1,0,1.02,HOU202304300
Bailey Falter,faltb001,2023-05-06,2023,PHI,BOS,4,3.7,18,57,6,1,0,1,1.01,PHI202305060
Bailey Falter,faltb001,2023-08-05,2023,PIT,MIL,2,4.0,17,56,6,1,0,0,1.05,MIL202308050
Bailey Falter,faltb001,2023-08-10,2023,PIT,ATL,3,4.0,22,86,8,2,2,1,1.0,PIT202308100
Bailey Falter,faltb001,2023-08-15,2023,PIT,NYN,5,5.3,20,74,4,1,1,0,1.06,NYN202308150
Bailey Falter,faltb001,2023-08-27,2023,PIT,CHN,3,4.7,22,79,7,1,1,1,1.0,PIT202308270
Bailey Falter,faltb001,2023-09-12,2023,PIT,WAS,4,6.0,21,59,4,1,0,1,1.0,PIT202309120
Bailey Falter,faltb001,2023-09-19,2023,PIT,CHN,1,1.0,6,24,1,2,1,0,0.97,CHN202309190
Bailey Falter,faltb001,2023-09-23,2023,PIT,CIN,1,2.0,16,54,9,1,3,0,1.0,CIN202309230
Calvin Faucher,faucc001,2023-04-15,2023,TBA,TOR,2,2.7,11,35,2,1,0,0,1.0,TOR202304150
Calvin Faucher,faucc001,2023-04-21,2023,TBA,CHA,3,2.0,11,41,5,0,0,1,1.05,TBA202304210
Calvin Faucher,faucc001,2023-04-26,2023,TBA,HOU,1,2.0,9,43,1,2,0,1,1.05,TBA202304260
Calvin Faucher,faucc001,2023-04-29,2023,TBA,CHA,1,1.3,8,33,1,2,0,0,0.99,CHA202304290
Ryan Feltner,feltr001,2023-04-03,2023,COL,LAN,7,4.7,22,80,4,5,1,0,1.03,LAN202304030
Ryan Feltner,feltr001,2023-04-09,2023,COL,WAS,3,5.0,24,90,6,3,0,1,0.92,COL202304090
Ryan Feltner,feltr001,2023-04-15,2023,COL,SEA,5,3.7,19,70,5,3,1,0,1.04,SEA202304150
Ryan Feltner,feltr001,2023-04-20,2023,COL,PHI,6,5.7,23,84,3,3,0,0,1.01,PHI202304200
Ryan Feltner,feltr001,2023-04-25,2023,COL,CLE,6,6.0,22,80,5,0,0,0,1.04,CLE202304250
Ryan Feltner,feltr001,2023-05-02,2023,COL,MIL,3,5.3,22,60,6,1,0,1,0.92,COL202305020
Ryan Feltner,feltr001,2023-05-07,2023,COL,NYN,3,3.3,20,83,4,6,0,0,1.06,NYN202305070
Ryan Feltner,feltr001,2023-05-13,2023,COL,PHI,0,1.7,13,53,4,4,0,1,0.92,COL202305130
Ryan Feltner,feltr001,2023-09-19,2023,COL,SDN,5,5.0,20,80,2,2,0,0,1.08,SDN202309190
Ryan Feltner,feltr001,2023-09-26,2023,COL,LAN,0,3.0,16,57,6,1,0,1,0.92,COL202309262
Caleb Ferguson,fergc001,2023-06-11,2023,LAN,PHI,2,1.0,6,22,3,0,0,0,1.01,PHI202306110
Caleb Ferguson,fergc001,2023-08-19,2023,LAN,MIA,0,1.0,5,22,2,0,0,1,1.03,LAN202308191
Caleb Ferguson,fergc001,2023-08-24,2023,LAN,CLE,0,1.0,5,19,1,0,0,0,1.04,CLE202308240
Caleb Ferguson,fergc001,2023-08-27,2023,LAN,BOS,0,1.0,5,14,1,1,0,0,0.98,BOS202308270
Caleb Ferguson,fergc001,2023-09-19,2023,LAN,DET,3,1.0,4,14,1,0,1,1,1.03,LAN202309190
Caleb Ferguson,fergc001,2023-09-22,2023,LAN,SFN,0,1.0,3,12,0,1,0,1,1.03,LAN202309220
Caleb Ferguson,fergc001,2023-09-26,2023,LAN,COL,0,0.7,6,15,3,1,0,0,0.92,COL202309261
Jack Flaherty,flahj002,2023-04-01,2023,SLN,TOR,4,5.0,22,95,0,7,0,1,1.0,SLN202304010
Jack Flaherty,flahj002,2023-04-07,2023,SLN,MIL,3,5.0,23,94,4,6,0,0,1.05,MIL202304070
Jack Flaherty,flahj002,2023-04-12,2023,SLN,COL,6,5.3,20,85,5,1,1,0,0.92,COL202304120
Jack Flaherty,flahj002,2023-04-17,2023,SLN,ARI,4,6.0,22,82,4,3,1,1,1.0,SLN202304170
Jack Flaherty,flahj002,2023-04-23,2023,SLN,SEA,9,6.0,25,98,5,2,1,0,1.04,SEA202304230
Jack Flaherty,flahj002,2023-04-28,2023,SLN,LAN,7,4.7,25,105,7,2,1,0,1.03,LAN202304280
Jack Flaherty,flahj002,2023-05-04,2023,SLN,ANA,3,2.3,17,70,9,1,1,1,1.0,SLN202305040
Jack Flaherty,flahj002,2023-05-09,2023,SLN,CHN,3,5.0,23,73,7,5,1,0,0.97,CHN202305090
Jack Flaherty,flahj002,2023-05-15,2023,SLN,MIL,10,7.0,25,86,3,2,0,1,1.0,SLN202305150
Jack Flaherty,flahj002,2023-05-21,2023,SLN,LAN,5,4.7,21,103,4,4,0,1,1.0,SLN202305210
Jack Flaherty,flahj002,2023-05-27,2023,SLN,CLE,4,7.0,29,101,7,1,0,0,1.04,CLE202305270
Jack Flaherty,flahj002,2023-06-02,2023,SLN,PIT,6,5.3,25,90,6,1,0,0,1.0,PIT202306020
Jack Flaherty,flahj002,2023-06-07,2023,SLN,TEX,8,6.0,26,96,3,5,0,0,0.99,TEX202306070
Jack Flaherty,flahj002,2023-06-13,2023,SLN,SFN,3,4.3,26,94,10,3,0,1,1.0,SLN202306130
Jack Flaherty,flahj002,2023-06-19,2023,SLN,WAS,5,6.3,28,88,10,1,0,0,1.01,WAS202306190
Jack Flaherty,flahj002,2023-07-01,2023,SLN,NYA,4,6.0,22,91,4,2,0,1,1.0,SLN202307011
Jack Flaherty,flahj002,2023-07-06,2023,SLN,MIA,5,6.7,30,91,9,2,0,0,0.98,MIA202307060
Jack Flaherty,flahj002,2023-07-16,2023,SLN,WAS,7,6.0,24,85,3,3,1,1,1.0,SLN202307160
Jack Flaherty,flahj002,2023-07-21,2023,SLN,CHN,6,6.0,27,91,8,1,2,0,0.97,CHN202307210
Jack Flaherty,flahj002,2023-07-26,2023,SLN,ARI,4,5.0,25,79,8,2,1,0,1.03,ARI202307260
Jack Flaherty,flahj002,2023-08-03,2023,BAL,TOR,8,6.0,24,80,4,2,0,0,1.0,TOR202308030
Jack Flaherty,flahj002,2023-08-09,2023,BAL,HOU,8,5.0,25,90,6,2,1,1,1.0,BAL202308090
Jack Flaherty,flahj002,2023-08-15,2023,BAL,SDN,3,3.0,17,75,4,4,1,0,1.08,SDN202308150
Jack Flaherty,flahj002,2023-08-27,2023,BAL,COL,3,5.7,24,73,7,1,1,1,1.0,BAL202308270
Jack Flaherty,flahj002,2023-09-03,2023,BAL,ARI,7,4.7,22,71,6,1,2,0,1.03,ARI202309030
Jack Flaherty,flahj002,2023-09-09,2023,BAL,BOS,3,3.3,19,75,8,1,1,0,0.98,BOS202309090
Jack Flaherty,flahj002,2023-09-15,2023,BAL,TBA,6,4.0,19,74,6,1,1,1,1.0,BAL202309150
Josh Fleming,flemj001,2023-04-04,2023,TBA,WAS,2,3.0,19,71,10,1,0,0,1.01,WAS202304040
Josh Fleming,flemj001,2023-05-17,2023,TBA,NYN,2,5.0,19,63,3,2,0,0,1.06,NYN202305170
Josh Fleming,flemj001,2023-05-28,2023,TBA,LAN,3,6.0,32,83,12,2,5,1,1.05,TBA202305280
Chris Flexen,flexc001,2023-04-05,2023,SEA,ANA,4,5.0,19,85,2,2,1,1,1.04,SEA202304050
Chris Flexen,flexc001,2023-04-11,2023,SEA,CHN,1,2.3,18,70,10,2,2,0,0.97,CHN202304110
Chris Flexen,flexc001,2023-04-17,2023,SEA,MIL,5,6.0,25,67,6,1,0,1,1.04,SEA202304170
Chris Flexen,flexc001,2023-04-23,2023,SEA,SLN,3,4.0,22,65,9,3,2,1,1.04,SEA202304230
Chris Flexen,flexc001,2023-07-29,2023,COL,OAK,4,3.7,23,75,4,6,2,1,0.92,COL202307290
Chris Flexen,flexc001,2023-08-04,2023,COL,SLN,2,5.0,23,64,10,0,2,0,1.0,SLN202308040
Chris Flexen,flexc001,2023-08-09,2023,COL,MIL,4,5.0,25,96,8,2,2,0,1.05,MIL202308090
Chris Flexen,flexc001,2023-08-14,2023,COL,ARI,6,6.0,24,76,5,1,1,1,0.92,COL202308140
Chris Flexen,flexc001,2023-08-20,2023,COL,CHA,5,6.0,23,76,7,0,1,1,0.92,COL202308200
Chris Flexen,flexc001,2023-08-26,2023,COL,BAL,7,5.0,21,74,4,1,0,0,1.0,BAL202308260
Chris Flexen,flexc001,2023-09-01,2023,COL,TOR,0,5.7,25,84,7,1,3,1,0.92,COL202309010
Chris Flexen,flexc001,2023-09-06,2023,COL,ARI,3,2.3,14,47,4,2,1,0,1.03,ARI202309060
Chris Flexen,flexc001,2023-09-12,2023,COL,CHN,5,5.3,23,82,9,2,0,1,0.92,COL202309120
Chris Flexen,flexc001,2023-09-17,2023,COL,SFN,5,5.3,22,78,5,0,0,1,0.92,COL202309170
Chris Flexen,flexc001,2023-09-23,2023,COL,CHN,1,5.0,22,79,5,2,0,0,0.97,CHN202309230
Chris Flexen,flexc001,2023-09-28,2023,COL,LAN,3,6.0,25,84,6,2,2,1,0.92,COL202309280
J. P. France,franj006,2023-05-06,2023,HOU,SEA,5,5.0,20,77,3,1,0,0,1.04,SEA202305060
J. P. France,franj006,2023-05-12,2023,HOU,CHA,3,6.7,24,88,3,1,1,0,0.99,CHA202305120
J. P. France,franj006,2023-05-17,2023,HOU,CHN,2,3.7,22,61,9,2,3,1,1.02,HOU202305170
J. P. France,franj006,2023-05-23,2023,HOU,MIL,8,5.7,23,94,5,1,1,0,1.05,MIL202305230
J. P. France,franj006,2023-05-29,2023,HOU,MIN,8,6.0,28,94,7,3,1,1,1.02,HOU202305290
J. P. France,franj006,2023-06-04,2023,HOU,ANA,3,7.0,24,82,3,1,1,1,1.02,HOU202306040
J. P. France,franj006,2023-06-10,2023,HOU,CLE,6,6.7,30,103,7,6,0,0,1.04,CLE202306100
J. P. France,franj006,2023-06-16,2023,HOU,CIN,3,6.7,26,81,4,1,1,1,1.02,HOU202306160
J. P. France,franj006,2023-06-23,2023,HOU,LAN,4,6.0,27,86,8,2,1,0,1.03,LAN202306230
J. P. France,franj006,2023-06-29,2023,HOU,SLN,2,7.0,25,92,4,2,0,0,1.0,SLN202306290
J. P. France,franj006,2023-07-05,2023,HOU,COL,4,6.0,24,96,6,1,1,1,1.02,HOU202307050
J. P. France,franj006,2023-07-14,2023,HOU,ANA,2,4.3,23,89,9,0,0,0,0.99,ANA202307140
J. P. France,franj006,2023-07-20,2023,HOU,OAK,5,7.0,26,77,6,1,0,0,1.0,OAK202307200
J. P. France,franj006,2023-07-25,2023,HOU,TEX,3,7.0,26,72,5,2,0,1,1.02,HOU202307250
J. P. France,franj006,2023-07-31,2023,HOU,CLE,6,7.0,28,95,7,2,0,1,1.02,HOU202307310
J. P. France,franj006,2023-08-12,2023,HOU,ANA,5,7.0,26,83,4,1,0,1,1.02,HOU202308120
J. P. France,franj006,2023-08-18,2023,HOU,SEA,7,6.0,27,105,7,1,2,1,1.02,HOU202308180
J. P. France,franj006,2023-08-24,2023,HOU,BOS,3,2.3,20,75,11,2,2,1,1.02,HOU202308240
J. P. France,franj006,2023-08-29,2023,HOU,BOS,3,5.7,23,73,5,1,1,0,0.98,BOS202308290
J. P. France,franj006,2023-09-04,2023,HOU,TEX,5,5.0,24,79,6,3,3,0,0.99,TEX202309040
J. P. France,franj006,2023-09-10,2023,HOU,SDN,5,6.0,25,89,4,5,1,1,1.02,HOU202309100
J. P. France,franj006,2023-09-16,2023,HOU,KCA,0,4.3,22,65,5,4,0,0,0.96,KCA202309160
J. P. France,franj006,2023-09-23,2023,HOU,KCA,5,5.0,21,87,7,1,0,1,1.02,HOU202309230
Kyle Freeland,freek001,2023-03-31,2023,COL,SDN,1,6.0,21,74,3,1,0,0,1.08,SDN202303310
Kyle Freeland,freek001,2023-04-06,2023,COL,WAS,5,6.7,25,80,4,2,0,1,0.92,COL202304060
Kyle Freeland,freek001,2023-04-11,2023,COL,SLN,5,6.0,24,73,6,2,2,1,0.92,COL202304110
Kyle Freeland,freek001,2023-04-17,2023,COL,PIT,1,2.7,19,61,8,1,1,1,0.92,COL202304170
Kyle Freeland,freek001,2023-04-22,2023,COL,PHI,6,6.0,24,80,5,1,3,0,1.01,PHI202304220
Kyle Freeland,freek001,2023-04-28,2023,COL,ARI,3,6.0,22,80,5,1,1,1,0.92,COL202304280
Kyle Freeland,freek001,2023-05-03,2023,COL,MIL,5,5.0,16,56,3,0,0,1,0.92,COL202305030
Kyle Freeland,freek001,2023-05-08,2023,COL,PIT,4,7.0,27,93,7,3,1,0,1.0,PIT202305080
Kyle Freeland,freek001,2023-05-14,2023,COL,PHI,8,6.0,24,84,4,1,0,1,0.92,COL202305140
Kyle Freeland,freek001,2023-05-20,2023,COL,TEX,0,2.0,16,49,9,0,0,0,0.99,TEX202305200
Kyle Freeland,freek001,2023-05-25,2023,COL,MIA,4,5.0,24,87,7,2,0,1,0.92,COL202305250
Kyle Freeland,freek001,2023-05-30,2023,COL,ARI,1,5.7,25,84,6,3,3,0,1.03,ARI202305300
Kyle Freeland,freek001,2023-06-04,2023,COL,KCA,1,7.0,24,82,4,0,1,0,0.96,KCA202306040
Kyle Freeland,freek001,2023-06-10,2023,COL,SDN,5,5.0,22,76,6,2,0,1,0.92,COL202306100
Kyle Freeland,freek001,2023-06-15,2023,COL,ATL,1,4.3,23,82,9,3,0,0,1.02,ATL202306150
Kyle Freeland,freek001,2023-06-23,2023,COL,ANA,3,5.0,26,81,9,2,2,1,0.92,COL202306230
Kyle Freeland,freek001,2023-06-28,2023,COL,LAN,7,5.0,24,83,4,5,1,1,0.92,COL202306280
Kyle Freeland,freek001,2023-07-04,2023,COL,HOU,3,6.3,30,88,9,2,1,0,1.02,HOU202307040
Kyle Freeland,freek001,2023-07-09,2023,COL,SFN,0,6.3,27,72,7,3,1,0,1.03,SFN202307090
Kyle Freeland,freek001,2023-07-28,2023,COL,OAK,3,4.0,25,68,9,0,0,1,0.92,COL202307280
Kyle Freeland,freek001,2023-08-02,2023,COL,SDN,6,6.0,26,91,7,1,3,1,0.92,COL202308020
Kyle Freeland,freek001,2023-08-08,2023,COL,MIL,4,6.0,24,79,8,0,2,0,1.05,MIL202308080
Kyle Freeland,freek001,2023-08-13,2023,COL,LAN,1,5.0,22,89,6,1,1,0,1.03,LAN202308130
Kyle Freeland,freek001,2023-08-19,2023,COL,CHA,6,5.0,22,90,8,1,0,1,0.92,COL202308190
Kyle Freeland,freek001,2023-08-25,2023,COL,BAL,3,6.0,25,72,8,0,2,0,1.0,BAL202308250
Kyle Freeland,freek001,2023-08-30,2023,COL,ATL,3,5.7,26,91,8,1,3,1,0.92,COL202308300
Kyle Freeland,freek001,2023-09-05,2023,COL,ARI,2,6.0,26,79,6,3,0,0,1.03,ARI202309050
Kyle Freeland,freek001,2023-09-11,2023,COL,CHN,2,6.0,25,69,8,0,1,1,0.92,COL202309110
Kyle Freeland,freek001,2023-09-16,2023,COL,SFN,1,3.0,13,41,4,1,0,1,0.92,COL202309162
Max Fried,friem001,2023-03-30,2023,ATL,WAS,2,3.3,13,34,4,0,0,0,1.01,WAS202303300
Max Fried,friem001,2023-04-17,2023,ATL,SDN,4,5.0,19,77,4,0,0,0,1.08,SDN202304170
Max Fried,friem001,2023-04-23,2023,ATL,HOU,5,6.7,23,78,3,3,0,1,1.02,ATL202304230
Max Fried,friem001,2023-04-28,2023,ATL,NYN,7,5.0,19,80,3,1,0,0,1.06,NYN202304280
Max Fried,friem001,2023-05-05,2023,ATL,BAL,7,6.0,29,76,8,2,2,1,1.02,ATL202305050
Max Fried,friem001,2023-08-04,2023,ATL,CHN,8,6.0,20,65,3,0,0,0,0.97,CHN202308040
Max Fried,friem001,2023-08-09,2023,ATL,PIT,4,4.0,20,77,6,1,0,0,1.0,PIT202308090
Max Fried,friem001,2023-08-14,2023,ATL,NYA,2,6.0,24,80,8,1,0,1,1.02,ATL202308140
Max Fried,friem001,2023-08-20,2023,ATL,SFN,6,5.7,27,89,9,1,2,1,1.02,ATL202308200
Max Fried,friem001,2023-08-26,2023,ATL,SFN,8,6.0,26,93,6,2,1,0,1.03,SFN202308260
Max Fried,friem001,2023-09-01,2023,ATL,LAN,10,7.0,24,100,3,2,0,0,1.03,LAN202309010
Max Fried,friem001,2023-09-07,2023,ATL,SLN,4,6.0,25,93,6,2,0,1,1.02,ATL202309070
Max Fried,friem001,2023-09-12,2023,ATL,PHI,6,5.0,20,75,4,2,1,0,1.01,PHI202309120
Max Fried,friem001,2023-09-21,2023,ATL,WAS,7,6.0,22,87,3,1,1,0,1.01,WAS202309210
Shintaro Fujinami,fujis001,2023-04-01,2023,OAK,ANA,4,2.3,15,55,5,3,0,1,1.0,OAK202304010
Shintaro Fujinami,fujis001,2023-04-08,2023,OAK,TBA,1,4.3,21,79,3,4,0,0,1.05,TBA202304080
Shintaro Fujinami,fujis001,2023-04-15,2023,OAK,NYN,5,6.0,25,88,4,2,2,1,1.0,OAK202304150
Shintaro Fujinami,fujis001,2023-04-22,2023,OAK,TEX,2,2.3,18,72,7,3,1,0,0.99,TEX202304220
Shintaro Fujinami,fujis001,2023-06-02,2023,OAK,MIA,1,1.0,5,19,2,0,1,0,0.98,MIA202306020
Shintaro Fujinami,fujis001,2023-06-13,2023,OAK,TBA,1,1.0,4,16,1,0,0,1,1.0,OAK202306130
Shintaro Fujinami,fujis001,2023-06-24,2023,OAK,TOR,0,0.7,6,22,4,0,0,0,1.0,TOR202306240
Carson Fulmer,fulmc001,2023-10-01,2023,ANA,OAK,3,5.0,18,71,2,3,0,1,0.99,ANA202310010
Michael Fulmer,fulmm001,2023-07-22,2023,CHN,SLN,2,2.0,9,25,3,1,1,1,0.97,CHN202307220
Hunter Gaddis,gaddh001,2023-03-31,2023,CLE,SEA,4,3.7,18,70,5,1,0,0,1.04,SEA202303310
Hunter Gaddis,gaddh001,2023-04-05,2023,CLE,OAK,4,6.0,21,59,1,2,0,0,1.0,OAK202304050
Hunter Gaddis,gaddh001,2023-04-11,2023,CLE,NYA,3,3.0,20,56,8,2,1,1,1.04,CLE202304110
Hunter Gaddis,gaddh001,2023-04-18,2023,CLE,DET,1,5.0,24,82,8,1,0,0,1.0,DET202304181
Hunter Gaddis,gaddh001,2023-05-22,2023,CLE,CHA,4,6.0,21,85,2,1,0,1,1.04,CLE202305220
Hunter Gaddis,gaddh001,2023-05-28,2023,CLE,SLN,3,4.7,21,74,5,2,3,1,1.04,CLE202305280
Hunter Gaddis,gaddh001,2023-09-21,2023,CLE,BAL,1,3.0,12,44,1,2,0,1,1.04,CLE202309210
Zac Gallen,gallz001,2023-03-30,2023,ARI,LAN,7,4.7,23,89,6,3,0,0,1.03,LAN202303300
Zac Gallen,gallz001,2023-04-04,2023,ARI,SDN,3,6.0,26,86,7,1,2,0,1.08,SDN202304040
Zac Gallen,gallz001,2023-04-10,2023,ARI,MIL,11,7.0,23,91,3,1,0,1,1.03,ARI202304100
Zac Gallen,gallz001,2023-04-16,2023,ARI,MIA,7,6.7,23,94,2,0,0,0,0.98,MIA202304160
Zac Gallen,gallz001,2023-04-21,2023,ARI,SDN,11,7.0,23,84,2,0,0,1,1.03,ARI202304210
Zac Gallen,gallz001,2023-04-26,2023,ARI,KCA,12,6.3,23,82,4,0,0,1,1.03,ARI202304260
Zac Gallen,gallz001,2023-05-02,2023,ARI,TEX,6,5.0,21,80,7,0,0,0,0.99,TEX202305020
Zac Gallen,gallz001,2023-05-08,2023,ARI,MIA,7,7.0,27,81,5,1,0,1,1.03,ARI202305080
Zac Gallen,gallz001,2023-05-13,2023,ARI,SFN,6,7.7,29,86,5,2,0,1,1.03,ARI202305130
Zac Gallen,gallz001,2023-05-19,2023,ARI,PIT,2,3.7,23,78,8,4,0,0,1.0,PIT202305190
Zac Gallen,gallz001,2023-05-24,2023,ARI,PHI,3,5.7,24,87,5,2,0,0,1.01,PHI202305240
Zac Gallen,gallz001,2023-05-30,2023,ARI,COL,7,6.0,24,81,5,2,0,1,1.03,ARI202305300
Zac Gallen,gallz001,2023-06-04,2023,ARI,ATL,6,6.0,26,108,9,1,1,1,1.03,ARI202306040
Zac Gallen,gallz001,2023-06-11,2023,ARI,DET,5,5.7,29,85,10,2,1,0,1.0,DET202306110
Zac Gallen,gallz001,2023-06-16,2023,ARI,CLE,7,7.0,26,95,6,0,1,1,1.03,ARI202306160
Zac Gallen,gallz001,2023-06-21,2023,ARI,MIL,4,7.0,24,73,3,1,1,0,1.05,MIL202306210
Zac Gallen,gallz001,2023-06-27,2023,ARI,TBA,4,6.0,26,93,5,2,1,1,1.03,ARI202306270
Zac Gallen,gallz001,2023-07-02,2023,ARI,ANA,12,7.0,27,86,5,1,2,0,0.99,ANA202307020
Zac Gallen,gallz001,2023-07-07,2023,ARI,PIT,5,7.0,25,88,4,0,0,1,1.03,ARI202307070
Zac Gallen,gallz001,2023-07-15,2023,ARI,TOR,5,5.0,22,92,6,3,1,0,1.0,TOR202307150
Zac Gallen,gallz001,2023-07-20,2023,ARI,ATL,5,7.0,25,99,5,0,2,0,1.02,ATL202307200
Zac Gallen,gallz001,2023-07-26,2023,ARI,SLN,8,6.3,27,99,7,2,2,1,1.03,ARI202307260
Zac Gallen,gallz001,2023-08-01,2023,ARI,SFN,6,6.0,26,80,7,1,1,0,1.03,SFN202308010
Zac Gallen,gallz001,2023-08-06,2023,ARI,MIN,8,7.0,25,84,4,2,0,0,1.0,MIN202308060
Zac Gallen,gallz001,2023-08-12,2023,ARI,SDN,8,6.0,23,87,4,1,0,1,1.03,ARI202308120
Zac Gallen,gallz001,2023-08-17,2023,ARI,SDN,3,6.3,23,86,3,1,0,0,1.08,SDN202308170
Zac Gallen,gallz001,2023-08-22,2023,ARI,TEX,11,6.0,25,84,7,1,1,1,1.03,ARI202308220
Zac Gallen,gallz001,2023-08-28,2023,ARI,LAN,3,5.3,27,90,9,3,4,0,1.03,LAN202308280
Zac Gallen,gallz001,2023-09-03,2023,ARI,BAL,4,5.3,24,84,8,1,0,1,1.03,ARI202309030
Zac Gallen,gallz001,2023-09-08,2023,ARI,CHN,9,9.0,30,89,3,1,0,0,0.97,CHN202309080
Zac Gallen,gallz001,2023-09-13,2023,ARI,NYN,4,5.0,26,78,8,2,1,0,1.06,NYN202309130
Zac Gallen,gallz001,2023-09-19,2023,ARI,SFN,6,5.0,22,79,6,3,1,1,1.03,ARI202309190
Zac Gallen,gallz001,2023-09-24,2023,ARI,NYA,8,6.0,23,82,3,2,0,0,0.99,NYA202309240
Zac Gallen,gallz001,2023-09-29,2023,ARI,HOU,7,6.3,26,98,7,1,0,1,1.03,ARI202309290
Luis García,garcl007,2023-04-02,2023,HOU,CHA,4,5.0,25,90,7,2,1,1,1.02,HOU202304020
Luis García,garcl007,2023-04-08,2023,HOU,MIN,4,4.0,20,82,6,3,1,0,1.0,MIN202304080
Luis García,garcl007,2023-04-14,2023,HOU,TEX,7,5.0,23,87,6,2,1,1,1.02,HOU202304140
Luis García,garcl007,2023-04-19,2023,HOU,TOR,9,7.0,23,82,2,1,0,1,1.02,HOU202304190
Luis García,garcl007,2023-04-25,2023,HOU,TBA,7,6.0,23,95,3,2,0,0,1.05,TBA202304250
Luis García,garcl007,2023-05-01,2023,HOU,SFN,0,0.0,1,8,1,0,0,1,1.02,HOU202305010
Braxton Garrett,garrb001,2023-04-09,2023,MIA,NYN,7,4.7,23,79,9,1,0,0,1.06,NYN202304090
Braxton Garrett,garrb001,2023-04-15,2023,MIA,ARI,5,5.7,22,74,4,1,0,1,0.98,MIA202304150
Braxton Garrett,garrb001,2023-04-22,2023,MIA,CLE,3,5.7,23,80,5,1,0,0,1.04,CLE202304222
Braxton Garrett,garrb001,2023-04-27,2023,MIA,ATL,3,3.0,10,39,1,0,0,0,1.02,ATL202304270
Braxton Garrett,garrb001,2023-05-03,2023,MIA,ATL,3,4.3,28,84,14,2,4,1,0.98,MIA202305030
Braxton Garrett,garrb001,2023-05-08,2023,MIA,ARI,6,5.3,24,82,7,1,1,0,1.03,ARI202305080
Braxton Garrett,garrb001,2023-05-14,2023,MIA,CIN,8,5.0,20,73,3,1,0,1,0.98,MIA202305140
Braxton Garrett,garrb001,2023-05-20,2023,MIA,SFN,8,6.3,21,62,1,1,0,0,1.03,SFN202305200
Braxton Garrett,garrb001,2023-05-25,2023,MIA,COL,3,5.0,22,79,6,3,1,0,0.92,COL202305250
Braxton Garrett,garrb001,2023-05-31,2023,MIA,SDN,7,5.3,19,60,2,1,1,1,0.98,MIA202305310
Braxton Garrett,garrb001,2023-06-05,2023,MIA,KCA,6,5.0,21,75,6,0,1,1,0.98,MIA202306050
Braxton Garrett,garrb001,2023-06-11,2023,MIA,CHA,9,5.3,20,65,3,1,0,0,0.99,CHA202306110
Braxton Garrett,garrb001,2023-06-17,2023,MIA,WAS,8,6.0,22,86,4,1,0,0,1.01,WAS202306170
Braxton Garrett,garrb001,2023-06-22,2023,MIA,PIT,13,7.0,24,73,3,0,0,1,0.98,MIA202306220
Braxton Garrett,garrb001,2023-06-28,2023,MIA,BOS,2,5.0,18,49,3,1,1,0,0.98,BOS202306280
Braxton Garrett,garrb001,2023-07-03,2023,MIA,SLN,6,5.7,24,78,7,0,1,1,0.98,MIA202307030
Braxton Garrett,garrb001,2023-07-08,2023,MIA,PHI,3,5.0,22,63,6,0,1,1,0.98,MIA202307080
Braxton Garrett,garrb001,2023-07-15,2023,MIA,BAL,5,4.7,21,65,6,1,0,0,1.0,BAL202307150
Braxton Garrett,garrb001,2023-07-21,2023,MIA,COL,5,3.0,17,57,7,0,3,1,0.98,MIA202307210
Braxton Garrett,garrb001,2023-07-28,2023,MIA,DET,6,6.0,25,87,5,1,0,1,0.98,MIA202307280
Braxton Garrett,garrb001,2023-08-02,2023,MIA,PHI,5,5.0,23,86,6,2,0,1,0.98,MIA202308020
Braxton Garrett,garrb001,2023-08-08,2023,MIA,CIN,3,6.0,23,66,6,0,0,0,1.0,CIN202308080
Braxton Garrett,garrb001,2023-08-14,2023,MIA,HOU,1,5.0,20,70,4,2,0,1,0.98,MIA202308140
Braxton Garrett,garrb001,2023-08-19,2023,MIA,LAN,6,6.0,23,81,5,0,2,0,1.03,LAN202308192
Braxton Garrett,garrb001,2023-08-25,2023,MIA,WAS,3,6.0,25,77,7,0,1,1,0.98,MIA202308250
Braxton Garrett,garrb001,2023-08-31,2023,MIA,WAS,1,6.0,23,60,3,1,0,0,1.01,WAS202308310
Braxton Garrett,garrb001,2023-09-07,2023,MIA,LAN,4,3.7,18,85,3,3,0,1,0.98,MIA202309070
Braxton Garrett,garrb001,2023-09-13,2023,MIA,MIL,7,6.0,23,91,4,2,0,0,1.05,MIL202309130
Braxton Garrett,garrb001,2023-09-19,2023,MIA,NYN,7,6.0,23,76,5,0,0,1,0.98,MIA202309190
Braxton Garrett,garrb001,2023-09-27,2023,MIA,NYN,2,4.0,17,69,3,2,2,0,1.06,NYN202309271
Justin Garza,garzj001,2023-06-22,2023,BOS,MIN,2,1.0,7,24,4,0,2,0,1.0,MIN202306220
Kevin Gausman,gausk001,2023-04-01,2023,TOR,SLN,7,6.0,27,83,8,1,0,0,1.0,SLN202304010
Kevin Gausman,gausk001,2023-04-06,2023,TOR,KCA,7,6.0,24,86,4,2,0,0,0.96,KCA202304060
Kevin Gausman,gausk001,2023-04-12,2023,TOR,DET,11,8.0,28,90,5,0,2,1,1.0,TOR202304120
Kevin Gausman,gausk001,2023-04-17,2023,TOR,HOU,5,4.7,24,83,7,2,2,0,1.02,HOU202304170
Kevin Gausman,gausk001,2023-04-23,2023,TOR,NYA,11,7.0,24,93,3,0,0,0,0.99,NYA202304230
Kevin Gausman,gausk001,2023-04-29,2023,TOR,SEA,13,7.0,27,94,6,1,0,1,1.0,TOR202304290
Kevin Gausman,gausk001,2023-05-04,2023,TOR,BOS,4,3.3,21,75,10,1,1,0,0.98,BOS202305040
Kevin Gausman,gausk001,2023-05-10,2023,TOR,PHI,9,6.0,21,90,3,0,0,0,1.01,PHI202305100
Kevin Gausman,gausk001,2023-05-16,2023,TOR,NYA,10,7.0,26,91,5,2,1,1,1.0,TOR202305160
Kevin Gausman,gausk001,2023-05-21,2023,TOR,BAL,4,8.0,32,102,6,2,0,1,1.0,TOR202305210
Kevin Gausman,gausk001,2023-05-26,2023,TOR,MIN,8,5.3,25,90,4,5,0,0,1.0,MIN202305260
Kevin Gausman,gausk001,2023-06-01,2023,TOR,MIL,11,6.7,25,106,5,2,0,1,1.0,TOR202306010
Kevin Gausman,gausk001,2023-06-06,2023,TOR,HOU,13,7.0,25,94,4,0,1,1,1.0,TOR202306060
Kevin Gausman,gausk001,2023-06-11,2023,TOR,MIN,4,4.7,23,91,7,4,1,1,1.0,TOR202306110
Kevin Gausman,gausk001,2023-06-16,2023,TOR,TEX,4,6.0,24,86,4,2,1,0,0.99,TEX202306160
Kevin Gausman,gausk001,2023-06-21,2023,TOR,MIA,6,6.0,27,93,8,1,0,0,0.98,MIA202306210
Kevin Gausman,gausk001,2023-06-27,2023,TOR,SFN,12,6.0,22,82,3,1,0,1,1.0,TOR202306270
Kevin Gausman,gausk001,2023-07-02,2023,TOR,BOS,7,5.0,21,89,5,1,0,1,1.0,TOR202307020
Kevin Gausman,gausk001,2023-07-08,2023,TOR,DET,7,6.0,24,92,5,2,0,0,1.0,DET202307080
Kevin Gausman,gausk001,2023-07-22,2023,TOR,SEA,9,6.0,23,75,5,0,4,0,1.04,SEA202307220
Kevin Gausman,gausk001,2023-07-28,2023,TOR,ANA,9,6.0,25,77,5,3,1,1,1.0,TOR202307280
Kevin Gausman,gausk001,2023-08-03,2023,TOR,BAL,6,4.3,22,78,8,2,0,1,1.0,TOR202308030
Kevin Gausman,gausk001,2023-08-09,2023,TOR,CLE,6,7.0,23,84,4,0,0,0,1.04,CLE202308090
Kevin Gausman,gausk001,2023-08-16,2023,TOR,PHI,4,5.3,27,80,7,3,1,1,1.0,TOR202308160
Kevin Gausman,gausk001,2023-08-23,2023,TOR,BAL,8,6.0,26,99,5,1,1,0,1.0,BAL202308230
Kevin Gausman,gausk001,2023-08-28,2023,TOR,WAS,7,5.0,24,93,7,2,0,1,1.0,TOR202308280
Kevin Gausman,gausk001,2023-09-03,2023,TOR,COL,5,4.0,20,59,6,3,0,0,0.92,COL202309030
Kevin Gausman,gausk001,2023-09-09,2023,TOR,KCA,10,8.0,28,89,2,1,1,1,1.0,TOR202309090
Kevin Gausman,gausk001,2023-09-14,2023,TOR,TEX,5,4.7,26,98,6,6,2,1,1.0,TOR202309140
Kevin Gausman,gausk001,2023-09-20,2023,TOR,NYA,10,6.0,24,88,3,3,0,0,0.99,NYA202309200
Kevin Gausman,gausk001,2023-09-26,2023,TOR,NYA,5,7.0,25,86,3,2,0,1,1.0,TOR202309260
Domingo Germán,germd001,2023-04-04,2023,NYA,PHI,8,4.7,18,75,4,0,2,1,0.99,NYA202304040
Domingo Germán,germd001,2023-04-10,2023,NYA,CLE,0,3.0,17,82,2,5,0,0,1.04,CLE202304100
Domingo Germán,germd001,2023-04-15,2023,NYA,MIN,11,6.3,22,63,3,0,0,1,0.99,NYA202304150
Domingo Germán,germd001,2023-04-21,2023,NYA,TOR,6,6.0,25,87,5,2,2,1,0.99,NYA202304210
Domingo Germán,germd001,2023-04-26,2023,NYA,MIN,8,6.0,25,73,5,2,3,0,1.0,MIN202304260
Domingo Germán,germd001,2023-05-01,2023,NYA,CLE,6,8.3,28,84,2,1,0,1,0.99,NYA202305010
Domingo Germán,germd001,2023-05-06,2023,NYA,TBA,5,5.0,21,80,4,2,0,0,1.05,TBA202305060
Domingo Germán,germd001,2023-05-11,2023,NYA,TBA,3,5.7,23,77,3,3,0,1,0.99,NYA202305110
Domingo Germán,germd001,2023-05-16,2023,NYA,TOR,2,3.0,9,32,0,0,0,0,1.0,TOR202305160
Domingo Germán,germd001,2023-05-29,2023,NYA,SEA,4,6.3,29,67,7,3,1,0,1.04,SEA202305290
Domingo Germán,germd001,2023-06-04,2023,NYA,LAN,6,6.7,24,88,4,1,1,0,1.03,LAN202306040
Domingo Germán,germd001,2023-06-10,2023,NYA,BOS,5,6.0,26,72,6,2,1,1,0.99,NYA202306100
Domingo Germán,germd001,2023-06-16,2023,NYA,BOS,1,2.0,15,53,7,2,1,0,0.98,BOS202306160
Domingo Germán,germd001,2023-06-22,2023,NYA,SEA,4,3.3,23,81,8,2,4,1,0.99,NYA202306220
Domingo Germán,germd001,2023-06-28,2023,NYA,OAK,9,9.0,27,73,0,0,0,0,1.0,OAK202306280
Domingo Germán,germd001,2023-07-03,2023,NYA,BAL,5,4.3,21,69,9,0,0,1,0.99,NYA202307030
Domingo Germán,germd001,2023-07-09,2023,NYA,CHN,9,6.0,21,69,1,3,1,1,0.99,NYA202307090
Domingo Germán,germd001,2023-07-18,2023,NYA,ANA,9,6.0,26,89,4,3,1,0,0.99,ANA202307180
Domingo Germán,germd001,2023-07-25,2023,NYA,NYN,9,6.0,26,81,7,1,3,1,0.99,NYA202307250
Kyle Gibson,gibsk002,2023-03-30,2023,BAL,BOS,3,5.0,21,69,6,1,0,0,0.98,BOS202303300
Kyle Gibson,gibsk002,2023-04-04,2023,BAL,TEX,5,7.0,25,88,6,0,2,0,0.99,TEX202304040
Kyle Gibson,gibsk002,2023-04-10,2023,BAL,OAK,4,6.3,24,92,5,3,0,1,1.0,BAL202304100
Kyle Gibson,gibsk002,2023-04-15,2023,BAL,CHA,1,5.3,24,91,7,2,1,0,0.99,CHA202304150
Kyle Gibson,gibsk002,2023-04-22,2023,BAL,DET,11,6.3,24,94,2,3,1,1,1.0,BAL202304220
Kyle Gibson,gibsk002,2023-04-27,2023,BAL,DET,3,4.3,23,95,8,2,0,0,1.0,DET202304270
Kyle Gibson,gibsk002,2023-05-03,2023,BAL,KCA,0,6.7,28,72,10,0,1,0,0.96,KCA202305030
Kyle Gibson,gibsk002,2023-05-08,2023,BAL,TBA,4,6.0,26,83,6,2,1,1,1.0,BAL202305080
Kyle Gibson,gibsk002,2023-05-14,2023,BAL,PIT,5,5.0,25,85,7,3,0,1,1.0,BAL202305140
Kyle Gibson,gibsk002,2023-05-19,2023,BAL,TOR,5,7.0,26,88,5,2,0,0,1.0,TOR202305190
Kyle Gibson,gibsk002,2023-05-25,2023,BAL,NYA,3,7.0,25,87,2,4,0,0,0.99,NYA202305250
Kyle Gibson,gibsk002,2023-05-30,2023,BAL,CLE,3,5.7,24,86,7,1,0,1,1.0,BAL202305300
Kyle Gibson,gibsk002,2023-06-06,2023,BAL,MIL,7,5.0,23,80,5,2,0,0,1.05,MIL202306060
Kyle Gibson,gibsk002,2023-06-11,2023,BAL,KCA,4,6.3,26,84,7,0,1,1,1.0,BAL202306110
Kyle Gibson,gibsk002,2023-06-17,2023,BAL,CHN,7,6.0,24,84,3,2,0,0,0.97,CHN202306170
Kyle Gibson,gibsk002,2023-06-23,2023,BAL,SEA,4,3.0,19,77,7,3,1,1,1.0,BAL202306230
Kyle Gibson,gibsk002,2023-06-28,2023,BAL,CIN,5,4.7,25,78,9,1,0,1,1.0,BAL202306280
Kyle Gibson,gibsk002,2023-07-04,2023,BAL,NYA,4,6.0,25,101,3,4,1,0,0.99,NYA202307040
Kyle Gibson,gibsk002,2023-07-09,2023,BAL,MIN,11,7.0,25,80,3,1,1,0,1.0,MIN202307090
Kyle Gibson,gibsk002,2023-07-15,2023,BAL,MIA,1,5.3,28,75,9,2,0,1,1.0,BAL202307150
Kyle Gibson,gibsk002,2023-07-20,2023,BAL,TBA,8,6.0,27,82,7,2,0,0,1.05,TBA202307200
Kyle Gibson,gibsk002,2023-07-25,2023,BAL,PHI,5,6.0,22,92,4,0,1,0,1.01,PHI202307250
Kyle Gibson,gibsk002,2023-07-31,2023,BAL,TOR,5,6.0,23,84,4,2,0,0,1.0,TOR202307310
Kyle Gibson,gibsk002,2023-08-05,2023,BAL,NYN,9,7.0,26,88,4,1,1,1,1.0,BAL202308050
Kyle Gibson,gibsk002,2023-08-11,2023,BAL,SEA,4,5.3,28,78,12,2,3,0,1.04,SEA202308110
Kyle Gibson,gibsk002,2023-08-18,2023,BAL,OAK,6,5.0,24,87,9,0,0,0,1.0,OAK202308180
Kyle Gibson,gibsk002,2023-08-24,2023,BAL,TOR,8,8.0,30,87,6,1,1,1,1.0,BAL202308240
Kyle Gibson,gibsk002,2023-08-30,2023,BAL,CHA,2,4.3,22,72,9,0,3,1,1.0,BAL202308300
Kyle Gibson,gibsk002,2023-09-06,2023,BAL,ANA,3,6.0,23,71,6,2,1,0,0.99,ANA202309060
Kyle Gibson,gibsk002,2023-09-13,2023,BAL,SLN,4,6.7,25,95,3,3,1,1,1.0,BAL202309130
Kyle Gibson,gibsk002,2023-09-19,2023,BAL,HOU,5,4.7,20,74,5,2,2,0,1.02,HOU202309190
Kyle Gibson,gibsk002,2023-09-24,2023,BAL,CLE,4,7.0,26,87,5,1,0,0,1.04,CLE202309240
Kyle Gibson,gibsk002,2023-09-30,2023,BAL,BOS,4,5.0,21,67,7,1,0,1,1.0,BAL202309300
Logan Gilbert,gilbl002,2023-04-01,2023,SEA,CLE,7,6.0,23,79,4,1,1,1,1.04,SEA202304010
Logan Gilbert,gilbl002,2023-04-07,2023,SEA,CLE,6,4.0,19,70,6,2,0,0,1.04,CLE202304070
Logan Gilbert,gilbl002,2023-04-12,2023,SEA,CHN,7,6.7,25,94,4,1,0,0,0.97,CHN202304120
Logan Gilbert,gilbl002,2023-04-18,2023,SEA,MIL,8,6.0,23,80,5,0,2,1,1.04,SEA202304180
Logan Gilbert,gilbl002,2023-04-26,2023,SEA,PHI,6,5.0,23,84,7,1,1,0,1.01,PHI202304260
Logan Gilbert,gilbl002,2023-05-03,2023,SEA,OAK,6,6.0,22,74,3,2,0,0,1.0,OAK202305030
Logan Gilbert,gilbl002,2023-05-08,2023,SEA,TEX,10,6.7,24,64,3,1,0,1,1.04,SEA202305080
Logan Gilbert,gilbl002,2023-05-14,2023,SEA,DET,4,5.7,24,84,6,1,0,0,1.0,DET202305140
Logan Gilbert,gilbl002,2023-05-20,2023,SEA,ATL,9,6.0,23,79,4,1,1,0,1.02,ATL202305200
Logan Gilbert,gilbl002,2023-05-25,2023,SEA,OAK,6,8.0,27,66,3,0,1,1,1.04,SEA202305250
Logan Gilbert,gilbl002,2023-05-30,2023,SEA,NYA,4,4.0,21,82,7,1,2,1,1.04,SEA202305300
Logan Gilbert,gilbl002,2023-06-06,2023,SEA,SDN,6,7.0,26,76,3,2,0,0,1.08,SDN202306060
Logan Gilbert,gilbl002,2023-06-11,2023,SEA,ANA,2,3.0,19,50,8,0,2,0,0.99,ANA202306110
Logan Gilbert,gilbl002,2023-06-17,2023,SEA,CHA,3,5.3,24,77,6,3,1,1,1.04,SEA202306170
Logan Gilbert,gilbl002,2023-06-23,2023,SEA,BAL,5,7.0,23,84,2,1,1,0,1.0,BAL202306230
Logan Gilbert,gilbl002,2023-06-28,2023,SEA,WAS,4,6.0,26,91,8,2,0,1,1.04,SEA202306280
Logan Gilbert,gilbl002,2023-07-04,2023,SEA,SFN,7,9.0,32,83,5,0,0,0,1.03,SFN202307040
Logan Gilbert,gilbl002,2023-07-09,2023,SEA,HOU,6,7.0,24,81,3,0,1,0,1.02,HOU202307090
Logan Gilbert,gilbl002,2023-07-17,2023,SEA,MIN,5,5.0,23,79,7,1,0,1,1.04,SEA202307170
Logan Gilbert,gilbl002,2023-07-22,2023,SEA,TOR,5,5.0,24,86,8,1,3,1,1.04,SEA202307220
Logan Gilbert,gilbl002,2023-07-28,2023,SEA,ARI,5,6.3,28,77,9,0,0,0,1.03,ARI202307280
Logan Gilbert,gilbl002,2023-08-02,2023,SEA,BOS,5,6.0,25,78,5,3,1,1,1.04,SEA202308020
Logan Gilbert,gilbl002,2023-08-08,2023,SEA,SDN,12,7.0,22,88,1,0,0,1,1.04,SEA202308080
Logan Gilbert,gilbl002,2023-08-14,2023,SEA,KCA,5,4.3,21,89,7,2,2,0,0.96,KCA202308140
Logan Gilbert,gilbl002,2023-08-19,2023,SEA,HOU,3,6.0,25,83,8,1,2,0,1.02,HOU202308190
Logan Gilbert,gilbl002,2023-08-26,2023,SEA,KCA,7,7.0,24,68,2,1,1,1,1.04,SEA202308260
Logan Gilbert,gilbl002,2023-09-01,2023,SEA,NYN,9,6.7,27,69,7,0,1,0,1.06,NYN202309010
Logan Gilbert,gilbl002,2023-09-06,2023,SEA,CIN,9,5.3,25,85,7,2,0,0,1.0,CIN202309060
Logan Gilbert,gilbl002,2023-09-11,2023,SEA,ANA,5,7.0,27,74,6,1,2,1,1.04,SEA202309110
Logan Gilbert,gilbl002,2023-09-17,2023,SEA,LAN,6,5.0,24,83,7,1,2,1,1.04,SEA202309170
Logan Gilbert,gilbl002,2023-09-23,2023,SEA,TEX,2,5.7,26,79,5,4,0,0,0.99,TEX202309230
Logan Gilbert,gilbl002,2023-09-28,2023,SEA,TEX,5,6.0,21,82,3,0,2,1,1.04,SEA202309280
Lucas Giolito,gioll001,2023-04-01,2023,CHA,HOU,6,5.0,23,87,5,1,0,0,1.02,HOU202304010
Lucas Giolito,gioll001,2023-04-07,2023,CHA,PIT,3,4.0,23,77,12,0,2,0,1.0,PIT202304070
Lucas Giolito,gioll001,2023-04-12,2023,CHA,MIN,7,6.0,26,89,5,2,0,0,1.0,MIN202304120
Lucas Giolito,gioll001,2023-04-18,2023,CHA,PHI,7,6.0,19,102,0,1,0,1,0.99,CHA202304182
Lucas Giolito,gioll001,2023-04-23,2023,CHA,TBA,5,7.0,28,100,5,2,2,0,1.05,TBA202304230
Lucas Giolito,gioll001,2023-04-28,2023,CHA,TBA,6,6.7,28,95,8,0,0,1,0.99,CHA202304280
Lucas Giolito,gioll001,2023-05-04,2023,CHA,MIN,7,7.0,27,93,2,3,1,1,0.99,CHA202305040
Lucas Giolito,gioll001,2023-05-09,2023,CHA,KCA,9,6.0,25,76,5,2,1,0,0.96,KCA202305090
Lucas Giolito,gioll001,2023-05-14,2023,CHA,HOU,6,6.0,24,79,7,0,1,1,0.99,CHA202305140
Lucas Giolito,gioll001,2023-05-20,2023,CHA,KCA,4,6.0,23,75,6,1,1,1,0.99,CHA202305200
Lucas Giolito,gioll001,2023-05-25,2023,CHA,DET,4,3.7,22,84,6,7,1,0,1.0,DET202305250
Lucas Giolito,gioll001,2023-05-30,2023,CHA,ANA,5,5.0,21,84,4,2,2,1,0.99,CHA202305300
Lucas Giolito,gioll001,2023-06-06,2023,CHA,NYA,7,6.0,21,83,0,3,0,0,0.99,NYA202306060
Lucas Giolito,gioll001,2023-06-11,2023,CHA,MIA,8,7.0,28,88,6,1,1,1,0.99,CHA202306110
Lucas Giolito,gioll001,2023-06-17,2023,CHA,SEA,5,5.0,25,96,8,3,1,0,1.04,SEA202306170
Lucas Giolito,gioll001,2023-06-23,2023,CHA,BOS,10,6.0,24,101,3,1,1,1,0.99,CHA202306230
Lucas Giolito,gioll001,2023-06-28,2023,CHA,ANA,9,7.0,27,82,6,0,2,0,0.99,ANA202306280
Lucas Giolito,gioll001,2023-07-04,2023,CHA,TOR,4,6.0,24,93,4,2,0,1,0.99,CHA202307040
Lucas Giolito,gioll001,2023-07-09,2023,CHA,SLN,5,7.0,24,73,2,3,1,1,0.99,CHA202307090
Lucas Giolito,gioll001,2023-07-18,2023,CHA,NYN,5,3.7,22,94,6,5,3,0,1.06,NYN202307180
Lucas Giolito,gioll001,2023-07-23,2023,CHA,MIN,9,5.0,23,81,6,3,0,0,1.0,MIN202307230
Lucas Giolito,gioll001,2023-07-28,2023,ANA,TOR,5,5.3,23,69,6,1,2,0,1.0,TOR202307280
Lucas Giolito,gioll001,2023-08-02,2023,ANA,ATL,2,3.7,22,75,8,3,3,0,1.02,ATL202308020
Lucas Giolito,gioll001,2023-08-08,2023,ANA,SFN,7,6.0,25,89,3,3,0,1,0.99,ANA202308080
Lucas Giolito,gioll001,2023-08-15,2023,ANA,TEX,5,6.0,27,95,7,2,1,0,0.99,TEX202308150
Lucas Giolito,gioll001,2023-08-22,2023,ANA,CIN,9,6.0,27,85,5,2,1,1,0.99,ANA202308220
Lucas Giolito,gioll001,2023-08-28,2023,ANA,PHI,6,5.7,25,103,4,4,3,0,1.01,PHI202308280
Lucas Giolito,gioll001,2023-09-04,2023,CLE,MIN,3,3.0,19,70,7,3,3,1,1.04,CLE202309040
Lucas Giolito,gioll001,2023-09-09,2023,CLE,ANA,9,7.0,25,79,3,0,3,0,0.99,ANA202309090
Lucas Giolito,gioll001,2023-09-15,2023,CLE,TEX,12,7.0,23,86,2,1,0,1,1.04,CLE202309150
Lucas Giolito,gioll001,2023-09-20,2023,CLE,KCA,6,5.3,26,99,7,3,1,0,0.96,KCA202309200
Lucas Giolito,gioll001,2023-09-26,2023,CLE,CIN,5,3.3,19,84,4,5,3,1,1.04,CLE202309260
Lucas Giolito,gioll001,2023-10-01,2023,CLE,DET,4,5.0,26,86,7,4,1,0,1.0,DET202310010
Sawyer Gipson-Long,gipss001,2023-09-10,2023,DET,CHA,5,5.0,19,72,4,0,0,1,1.0,DET202309100
Sawyer Gipson-Long,gipss001,2023-09-16,2023,DET,ANA,11,5.0,20,73,2,3,1,0,0.99,ANA202309160
Sawyer Gipson-Long,gipss001,2023-09-22,2023,DET,OAK,4,5.0,21,80,4,3,0,0,1.0,OAK202309220
Sawyer Gipson-Long,gipss001,2023-09-28,2023,DET,KCA,6,5.0,22,79,4,2,1,1,1.0,DET202309280
Tyler Glasnow,glast001,2023-05-27,2023,TBA,LAN,8,4.3,19,83,5,1,1,1,1.05,TBA202305270
Tyler Glasnow,glast001,2023-06-03,2023,TBA,BOS,6,5.3,23,76,4,3,0,0,0.98,BOS202306032
Tyler Glasnow,glast001,2023-06-09,2023,TBA,TEX,6,6.0,22,74,1,3,1,1,1.05,TBA202306090
Tyler Glasnow,glast001,2023-06-14,2023,TBA,OAK,6,5.3,24,89,6,4,1,0,1.0,OAK202306140
Tyler Glasnow,glast001,2023-06-20,2023,TBA,BAL,7,4.3,21,70,6,2,2,1,1.05,TBA202306200
Tyler Glasnow,glast001,2023-06-25,2023,TBA,KCA,12,5.0,19,73,4,1,0,1,1.05,TBA202306250
Tyler Glasnow,glast001,2023-07-01,2023,TBA,SEA,11,5.7,26,88,7,1,1,0,1.04,SEA202307010
Tyler Glasnow,glast001,2023-07-07,2023,TBA,ATL,8,5.7,22,85,2,1,1,1,1.05,TBA202307070
Tyler Glasnow,glast001,2023-07-15,2023,TBA,KCA,7,6.0,26,89,6,2,1,0,0.96,KCA202307151
Tyler Glasnow,glast001,2023-07-20,2023,TBA,BAL,9,7.0,27,80,6,0,0,1,1.05,TBA202307200
Tyler Glasnow,glast001,2023-07-25,2023,TBA,MIA,8,7.0,24,85,2,2,0,1,1.05,TBA202307250
Tyler Glasnow,glast001,2023-07-31,2023,TBA,NYA,8,7.0,25,88,3,2,1,0,0.99,NYA202307310
Tyler Glasnow,glast001,2023-08-14,2023,TBA,SFN,7,6.0,23,80,3,3,0,0,1.03,SFN202308140
Tyler Glasnow,glast001,2023-08-19,2023,TBA,ANA,7,6.0,28,74,8,0,1,0,0.99,ANA202308191
Tyler Glasnow,glast001,2023-08-26,2023,TBA,NYA,4,6.0,21,78,1,2,0,1,1.05,TBA202308260
Tyler Glasnow,glast001,2023-09-01,2023,TBA,CLE,6,7.0,28,83,7,0,0,0,1.04,CLE202309010
Tyler Glasnow,glast001,2023-09-06,2023,TBA,BOS,14,6.0,22,74,3,1,0,1,1.05,TBA202309060
Tyler Glasnow,glast001,2023-09-11,2023,TBA,MIN,8,6.0,24,79,6,2,2,0,1.0,MIN202309110
Tyler Glasnow,glast001,2023-09-16,2023,TBA,BAL,4,4.0,21,72,8,2,1,0,1.0,BAL202309160
Tyler Glasnow,glast001,2023-09-22,2023,TBA,TOR,7,5.3,23,87,3,4,0,1,1.05,TBA202309220
Tyler Glasnow,glast001,2023-09-27,2023,TBA,BOS,9,5.0,17,58,2,1,0,0,0.98,BOS202309270
Austin Gomber,gomba001,2023-04-02,2023,COL,SDN,4,6.0,23,71,4,1,2,0,1.08,SDN202304020
Austin Gomber,gomba001,2023-04-08,2023,COL,WAS,5,4.7,22,72,7,1,1,1,0.92,COL202304080
Austin Gomber,gomba001,2023-04-14,2023,COL,SEA,2,3.7,21,84,6,4,1,0,1.04,SEA202304140
Austin Gomber,gomba001,2023-04-19,2023,COL,PIT,1,2.0,18,54,9,3,1,1,0.92,COL202304190
Austin Gomber,gomba001,2023-04-24,2023,COL,CLE,3,5.0,20,78,3,3,0,0,1.04,CLE202304240
Austin Gomber,gomba001,2023-04-30,2023,COL,ARI,4,6.0,22,69,3,2,1,1,0.92,COL202304300
Austin Gomber,gomba001,2023-05-06,2023,COL,NYN,3,6.0,24,79,5,2,0,0,1.06,NYN202305060
Austin Gomber,gomba001,2023-05-12,2023,COL,PHI,6,6.7,24,72,5,0,2,1,0.92,COL202305120
Austin Gomber,gomba001,2023-05-17,2023,COL,CIN,1,4.3,21,78,8,2,1,1,0.92,COL202305170
Austin Gomber,gomba001,2023-05-23,2023,COL,MIA,2,5.7,22,67,4,1,2,1,0.92,COL202305230
Austin Gomber,gomba001,2023-05-28,2023,COL,NYN,3,4.0,21,56,8,3,1,1,0.92,COL202305280
Austin Gomber,gomba001,2023-06-03,2023,COL,KCA,4,2.7,15,56,6,3,1,0,0.96,KCA202306030
Austin Gomber,gomba001,2023-06-09,2023,COL,SDN,1,4.0,25,80,11,2,3,1,0.92,COL202306090
Austin Gomber,gomba001,2023-06-14,2023,COL,BOS,5,6.0,25,82,6,1,0,0,0.98,BOS202306140
Austin Gomber,gomba001,2023-06-19,2023,COL,CIN,6,5.3,22,68,5,0,3,0,1.0,CIN202306190
Austin Gomber,gomba001,2023-06-25,2023,COL,ANA,3,5.0,21,66,5,1,0,1,0.92,COL202306250
Austin Gomber,gomba001,2023-06-30,2023,COL,DET,7,7.0,28,78,6,1,0,1,0.92,COL202306300
Austin Gomber,gomba001,2023-07-07,2023,COL,SFN,1,6.0,22,73,5,0,1,0,1.03,SFN202307070
Austin Gomber,gomba001,2023-07-14,2023,COL,NYA,2,6.0,23,66,6,0,1,1,0.92,COL202307140
Austin Gomber,gomba001,2023-07-19,2023,COL,HOU,5,6.0,26,89,8,0,1,1,0.92,COL202307190
Austin Gomber,gomba001,2023-07-25,2023,COL,WAS,4,6.0,22,77,6,0,0,0,1.01,WAS202307250
Austin Gomber,gomba001,2023-07-31,2023,COL,SDN,5,6.0,24,76,6,2,0,1,0.92,COL202307310
Austin Gomber,gomba001,2023-08-06,2023,COL,SLN,2,6.0,27,79,6,3,0,0,1.0,SLN202308060
Austin Gomber,gomba001,2023-08-11,2023,COL,LAN,2,5.0,22,78,8,1,0,0,1.03,LAN202308110
Austin Gomber,gomba001,2023-08-16,2023,COL,ARI,1,5.3,24,77,7,3,1,1,0.92,COL202308160
Austin Gomber,gomba001,2023-08-23,2023,COL,TBA,4,6.0,26,71,7,2,2,0,1.05,TBA202308230
Austin Gomber,gomba001,2023-08-28,2023,COL,ATL,1,2.7,13,42,4,2,1,1,0.92,COL202308280
Tony Gonsolin,gonst001,2023-04-26,2023,LAN,PIT,1,3.3,14,58,2,3,0,0,1.0,PIT202304260
Tony Gonsolin,gonst001,2023-05-01,2023,LAN,PHI,3,4.7,21,78,5,2,1,1,1.03,LAN202305010
Tony Gonsolin,gonst001,2023-05-08,2023,LAN,MIL,6,6.0,23,75,3,0,1,0,1.05,MIL202305080
Tony Gonsolin,gonst001,2023-05-14,2023,LAN,SDN,6,5.0,18,80,2,1,0,1,1.03,LAN202305140
Tony Gonsolin,gonst001,2023-05-19,2023,LAN,SLN,3,5.0,19,71,1,3,0,0,1.0,SLN202305190
Tony Gonsolin,gonst001,2023-05-24,2023,LAN,ATL,4,5.7,22,85,3,2,2,0,1.02,ATL202305240
Tony Gonsolin,gonst001,2023-05-30,2023,LAN,WAS,2,6.0,24,65,3,2,0,1,1.03,LAN202305300
Tony Gonsolin,gonst001,2023-06-06,2023,LAN,CIN,5,5.0,25,91,5,3,0,0,1.0,CIN202306060
Tony Gonsolin,gonst001,2023-06-13,2023,LAN,CHA,6,6.0,24,80,2,2,0,1,1.03,LAN202306130
Tony Gonsolin,gonst001,2023-06-18,2023,LAN,SFN,7,5.7,27,83,6,3,0,1,1.03,LAN202306180
Tony Gonsolin,gonst001,2023-06-25,2023,LAN,HOU,3,5.0,20,58,5,1,2,1,1.03,LAN202306250
Tony Gonsolin,gonst001,2023-07-02,2023,LAN,KCA,3,3.7,21,77,6,3,0,0,0.96,KCA202307020
Tony Gonsolin,gonst001,2023-07-07,2023,LAN,ANA,5,6.7,27,66,7,1,2,1,1.03,LAN202307070
Tony Gonsolin,gonst001,2023-07-15,2023,LAN,NYN,3,5.0,16,52,2,1,1,0,1.06,NYN202307150
Tony Gonsolin,gonst001,2023-07-21,2023,LAN,TEX,6,5.0,19,75,2,3,1,0,0.99,TEX202307210
Tony Gonsolin,gonst001,2023-07-26,2023,LAN,TOR,5,5.0,25,92,7,3,1,1,1.03,LAN202307260
Tony Gonsolin,gonst001,2023-08-02,2023,LAN,OAK,3,5.0,21,68,5,2,1,1,1.03,LAN202308020
Tony Gonsolin,gonst001,2023-08-07,2023,LAN,SDN,3,6.0,26,76,9,1,1,0,1.08,SDN202308070
Tony Gonsolin,gonst001,2023-08-12,2023,LAN,COL,6,6.0,21,79,3,0,1,1,1.03,LAN202308120
Tony Gonsolin,gonst001,2023-08-18,2023,LAN,MIA,2,3.3,22,84,8,4,5,1,1.03,LAN202308180
Marco Gonzales,gonzm005,2023-04-02,2023,SEA,CLE,1,5.0,21,69,6,2,1,1,1.04,SEA202304020
Marco Gonzales,gonzm005,2023-04-08,2023,SEA,CLE,5,5.7,25,91,6,3,0,0,1.04,CLE202304080
Marco Gonzales,gonzm005,2023-04-19,2023,SEA,MIL,9,6.0,22,77,4,1,0,1,1.04,SEA202304190
Marco Gonzales,gonzm005,2023-04-25,2023,SEA,PHI,2,5.0,19,67,4,1,1,0,1.01,PHI202304250
Marco Gonzales,gonzm005,2023-04-30,2023,SEA,TOR,2,3.0,19,67,8,1,1,0,1.0,TOR202304300
Marco Gonzales,gonzm005,2023-05-06,2023,SEA,HOU,4,6.0,25,78,6,3,0,1,1.04,SEA202305060
Marco Gonzales,gonzm005,2023-05-12,2023,SEA,DET,2,6.0,24,79,5,1,1,0,1.0,DET202305120
Marco Gonzales,gonzm005,2023-05-17,2023,SEA,BOS,1,1.7,15,53,8,2,1,0,0.98,BOS202305170
Marco Gonzales,gonzm005,2023-05-23,2023,SEA,OAK,4,6.0,22,82,5,1,0,1,1.04,SEA202305230
Marco Gonzales,gonzm005,2023-05-28,2023,SEA,PIT,4,5.7,23,78,3,3,0,1,1.04,SEA202305280
Victor González,gonzv001,2023-06-09,2023,LAN,PHI,0,0.7,3,14,0,1,0,0,1.01,PHI202306090
MacKenzie Gore,gorem001,2023-04-02,2023,WAS,ATL,6,5.3,21,93,3,4,0,1,1.01,WAS202304020
MacKenzie Gore,gorem001,2023-04-07,2023,WAS,COL,6,6.0,24,86,5,2,1,0,0.92,COL202304070
MacKenzie Gore,gorem001,2023-04-12,2023,WAS,ANA,6,3.7,18,84,4,4,0,0,0.99,ANA202304120
MacKenzie Gore,gorem001,2023-04-19,2023,WAS,BAL,7,6.0,23,77,3,4,1,1,1.01,WAS202304190
MacKenzie Gore,gorem001,2023-04-26,2023,WAS,NYN,10,6.0,25,95,4,2,0,0,1.06,NYN202304260
MacKenzie Gore,gorem001,2023-05-01,2023,WAS,CHN,4,4.0,21,93,7,2,1,1,1.01,WAS202305010
MacKenzie Gore,gorem001,2023-05-06,2023,WAS,ARI,9,6.0,26,82,8,1,1,0,1.03,ARI202305060
MacKenzie Gore,gorem001,2023-05-12,2023,WAS,NYN,3,4.0,19,84,5,2,0,1,1.01,WAS202305120
MacKenzie Gore,gorem001,2023-05-17,2023,WAS,MIA,7,5.3,23,80,5,2,1,0,0.98,MIA202305170
MacKenzie Gore,gorem001,2023-05-23,2023,WAS,SDN,5,4.7,23,92,7,4,2,1,1.01,WAS202305230
MacKenzie Gore,gorem001,2023-05-28,2023,WAS,KCA,11,7.0,25,93,3,1,1,0,0.96,KCA202305280
MacKenzie Gore,gorem001,2023-06-03,2023,WAS,PHI,6,6.0,26,90,9,0,1,1,1.01,WAS202306030
MacKenzie Gore,gorem001,2023-06-10,2023,WAS,ATL,3,5.0,20,80,4,1,2,0,1.02,ATL202306100
MacKenzie Gore,gorem001,2023-06-15,2023,WAS,HOU,4,5.7,22,84,4,3,0,0,1.02,HOU202306150
MacKenzie Gore,gorem001,2023-06-20,2023,WAS,SLN,8,6.0,28,89,9,2,2,1,1.01,WAS202306200
MacKenzie Gore,gorem001,2023-06-25,2023,WAS,SDN,9,5.0,21,83,5,2,0,0,1.08,SDN202306250
MacKenzie Gore,gorem001,2023-07-01,2023,WAS,PHI,3,2.7,18,64,6,3,1,0,1.01,PHI202307010
MacKenzie Gore,gorem001,2023-07-06,2023,WAS,CIN,1,1.3,5,14,1,0,0,1,1.01,WAS202307060
MacKenzie Gore,gorem001,2023-07-17,2023,WAS,CHN,6,6.3,27,97,6,2,2,0,0.97,CHN202307170
MacKenzie Gore,gorem001,2023-07-23,2023,WAS,SFN,8,5.0,20,70,4,2,0,1,1.01,WAS202307230
MacKenzie Gore,gorem001,2023-07-28,2023,WAS,NYN,2,5.0,23,86,5,4,1,0,1.06,NYN202307280
MacKenzie Gore,gorem001,2023-08-02,2023,WAS,MIL,5,6.0,22,82,3,2,1,1,1.01,WAS202308020
MacKenzie Gore,gorem001,2023-08-09,2023,WAS,PHI,5,5.0,21,75,7,1,3,0,1.01,PHI202308090
MacKenzie Gore,gorem001,2023-08-16,2023,WAS,BOS,7,6.3,21,66,1,2,0,1,1.01,WAS202308160
MacKenzie Gore,gorem001,2023-08-23,2023,WAS,NYA,4,4.0,20,76,4,1,2,0,0.99,NYA202308230
MacKenzie Gore,gorem001,2023-08-29,2023,WAS,TOR,2,5.0,22,95,6,2,1,0,1.0,TOR202308290
MacKenzie Gore,gorem001,2023-09-08,2023,WAS,LAN,4,4.0,18,75,6,2,3,1,1.01,WAS202309080
Brusdar Graterol,gratb002,2023-06-21,2023,LAN,ANA,3,2.0,7,29,0,1,0,0,0.99,ANA202306210
Jon Gray,grayj003,2023-04-03,2023,TEX,BAL,7,6.3,24,97,4,2,2,1,0.99,TEX202304030
Jon Gray,grayj003,2023-04-09,2023,TEX,CHN,4,5.7,24,100,6,3,1,0,0.97,CHN202304090
Jon Gray,grayj003,2023-04-15,2023,TEX,HOU,2,2.0,8,29,1,1,0,0,1.02,HOU202304150
Jon Gray,grayj003,2023-04-21,2023,TEX,OAK,2,5.3,26,88,6,5,1,1,0.99,TEX202304210
Jon Gray,grayj003,2023-04-26,2023,TEX,CIN,2,6.0,24,84,4,2,0,0,1.0,CIN202304260
Jon Gray,grayj003,2023-05-02,2023,TEX,ARI,2,5.3,25,81,8,1,2,1,0.99,TEX202305020
Jon Gray,grayj003,2023-05-08,2023,TEX,SEA,8,7.0,25,74,4,0,1,0,1.04,SEA202305080
Jon Gray,grayj003,2023-05-13,2023,TEX,OAK,5,8.0,28,79,3,2,0,0,1.0,OAK202305130
Jon Gray,grayj003,2023-05-20,2023,TEX,COL,6,5.0,22,83,5,2,0,1,0.99,TEX202305200
Jon Gray,grayj003,2023-05-26,2023,TEX,BAL,8,7.0,25,85,4,1,1,0,1.0,BAL202305260
Jon Gray,grayj003,2023-06-02,2023,TEX,SEA,5,7.0,23,64,2,1,0,1,0.99,TEX202306020
Jon Gray,grayj003,2023-06-07,2023,TEX,SLN,12,9.0,29,94,4,0,1,1,0.99,TEX202306070
Jon Gray,grayj003,2023-06-18,2023,TEX,TOR,2,2.3,16,54,6,3,0,1,0.99,TEX202306180
Jon Gray,grayj003,2023-06-24,2023,TEX,NYA,4,5.0,20,75,3,2,1,0,0.99,NYA202306240
Jon Gray,grayj003,2023-06-30,2023,TEX,HOU,4,6.0,27,82,7,2,1,1,0.99,TEX202306300
Jon Gray,grayj003,2023-07-05,2023,TEX,BOS,2,6.0,28,87,9,3,0,0,0.98,BOS202307050
Jon Gray,grayj003,2023-07-14,2023,TEX,CLE,4,6.0,26,79,5,3,2,1,0.99,TEX202307140
Jon Gray,grayj003,2023-07-19,2023,TEX,TBA,4,4.3,19,60,8,1,0,1,0.99,TEX202307190
Jon Gray,grayj003,2023-07-24,2023,TEX,HOU,6,5.0,25,77,7,3,0,0,1.02,HOU202307240
Jon Gray,grayj003,2023-08-05,2023,TEX,MIA,6,5.3,24,63,7,2,0,1,0.99,TEX202308050
Jon Gray,grayj003,2023-08-11,2023,TEX,SFN,7,7.0,23,79,2,0,0,0,1.03,SFN202308110
Jon Gray,grayj003,2023-08-16,2023,TEX,ANA,4,7.0,27,86,6,2,1,1,0.99,TEX202308160
Jon Gray,grayj003,2023-08-22,2023,TEX,ARI,5,4.0,20,69,7,3,0,0,1.03,ARI202308220
Jon Gray,grayj003,2023-08-28,2023,TEX,NYN,9,6.0,23,78,4,1,2,0,1.06,NYN202308280
Jon Gray,grayj003,2023-09-03,2023,TEX,MIN,8,5.0,26,76,7,4,1,1,0.99,TEX202309030
Jon Gray,grayj003,2023-09-10,2023,TEX,OAK,3,2.7,14,52,4,2,1,1,0.99,TEX202309100
Jon Gray,grayj003,2023-09-15,2023,TEX,CLE,3,3.7,21,72,7,2,1,0,1.04,CLE202309150
Jon Gray,grayj003,2023-09-20,2023,TEX,BOS,1,2.3,12,39,4,1,2,1,0.99,TEX202309200
Jon Gray,grayj003,2023-09-25,2023,TEX,ANA,7,6.0,22,75,5,0,1,0,0.99,ANA202309250
Josiah Gray,grayj004,2023-04-01,2023,WAS,ATL,4,5.0,22,78,7,2,3,1,1.01,WAS202304010
Josiah Gray,grayj004,2023-04-06,2023,WAS,COL,6,6.0,27,85,8,1,0,0,0.92,COL202304060
Josiah Gray,grayj004,2023-04-11,2023,WAS,ANA,3,5.7,23,96,4,2,1,0,0.99,ANA202304110
Josiah Gray,grayj004,2023-04-18,2023,WAS,BAL,3,5.0,22,82,4,4,0,1,1.01,WAS202304180
Josiah Gray,grayj004,2023-04-25,2023,WAS,NYN,9,6.0,23,86,4,1,0,0,1.06,NYN202304250
Josiah Gray,grayj004,2023-04-30,2023,WAS,PIT,6,6.0,24,97,3,3,0,1,1.01,WAS202304300
Josiah Gray,grayj004,2023-05-05,2023,WAS,ARI,6,5.0,24,85,7,2,1,0,1.03,ARI202305050
Josiah Gray,grayj004,2023-05-10,2023,WAS,SFN,3,7.0,29,84,5,4,0,0,1.03,SFN202305100
Josiah Gray,grayj004,2023-05-16,2023,WAS,MIA,5,7.0,31,95,7,3,0,0,0.98,MIA202305160
Josiah Gray,grayj004,2023-05-21,2023,WAS,DET,2,5.0,23,75,3,6,0,1,1.01,WAS202305210
Josiah Gray,grayj004,2023-05-27,2023,WAS,KCA,4,4.0,19,86,4,3,1,0,0.96,KCA202305270
Josiah Gray,grayj004,2023-06-02,2023,WAS,PHI,4,5.3,23,89,6,2,2,1,1.01,WAS202306020
Josiah Gray,grayj004,2023-06-09,2023,WAS,ATL,6,5.0,21,76,2,4,0,0,1.02,ATL202306090
Josiah Gray,grayj004,2023-06-14,2023,WAS,HOU,5,7.0,27,81,6,0,2,0,1.02,HOU202306140
Josiah Gray,grayj004,2023-06-19,2023,WAS,SLN,6,5.0,23,92,9,1,2,1,1.01,WAS202306190
Josiah Gray,grayj004,2023-06-24,2023,WAS,SDN,6,5.3,24,84,4,4,0,0,1.08,SDN202306240
Josiah Gray,grayj004,2023-06-30,2023,WAS,PHI,8,6.0,24,92,6,1,0,0,1.01,PHI202306300
Josiah Gray,grayj004,2023-07-05,2023,WAS,CIN,6,5.0,27,97,8,4,2,1,1.01,WAS202307050
Josiah Gray,grayj004,2023-07-16,2023,WAS,SLN,2,5.0,27,86,10,1,1,0,1.0,SLN202307160
Josiah Gray,grayj004,2023-07-22,2023,WAS,SFN,4,7.0,26,87,4,3,0,1,1.01,WAS202307220
Josiah Gray,grayj004,2023-07-27,2023,WAS,NYN,4,6.0,24,86,2,3,0,0,1.06,NYN202307270
Josiah Gray,grayj004,2023-08-01,2023,WAS,MIL,3,3.7,18,81,4,3,0,1,1.01,WAS202308010
Josiah Gray,grayj004,2023-08-08,2023,WAS,PHI,5,4.7,22,79,6,2,1,0,1.01,PHI202308082
Josiah Gray,grayj004,2023-08-15,2023,WAS,BOS,4,3.0,17,68,5,3,1,1,1.01,WAS202308150
Josiah Gray,grayj004,2023-08-22,2023,WAS,NYA,4,6.0,24,85,1,5,1,0,0.99,NYA202308220
Josiah Gray,grayj004,2023-08-28,2023,WAS,TOR,2,2.0,14,58,4,4,0,0,1.0,TOR202308280
Josiah Gray,grayj004,2023-09-03,2023,WAS,MIA,2,4.0,19,60,4,4,1,1,1.01,WAS202309030
Josiah Gray,grayj004,2023-09-14,2023,WAS,PIT,10,6.3,24,70,5,0,2,0,1.0,PIT202309140
Josiah Gray,grayj004,2023-09-20,2023,WAS,CHA,4,5.0,23,86,5,3,0,1,1.01,WAS202309200
Josiah Gray,grayj004,2023-09-26,2023,WAS,BAL,7,6.0,24,81,5,2,1,0,1.0,BAL202309260
Sonny Gray,grays001,2023-04-01,2023,MIN,KCA,1,5.0,22,83,3,4,0,0,0.96,KCA202304010
Sonny Gray,grays001,2023-04-07,2023,MIN,HOU,13,7.0,26,90,4,1,0,1,1.0,MIN202304070
Sonny Gray,grays001,2023-04-12,2023,MIN,CHA,5,5.0,20,72,3,2,0,1,1.0,MIN202304120
Sonny Gray,grays001,2023-04-18,2023,MIN,BOS,7,5.0,24,98,7,2,0,0,0.98,BOS202304180
Sonny Gray,grays001,2023-04-24,2023,MIN,NYA,8,7.0,24,99,3,2,0,1,1.0,MIN202304240
Sonny Gray,grays001,2023-04-30,2023,MIN,KCA,7,6.0,24,79,5,1,0,1,1.0,MIN202304300
Sonny Gray,grays001,2023-05-06,2023,MIN,CLE,6,5.0,22,79,4,3,0,0,1.04,CLE202305060
Sonny Gray,grays001,2023-05-12,2023,MIN,CHN,9,5.3,20,84,4,1,0,1,1.0,MIN202305120
Sonny Gray,grays001,2023-05-17,2023,MIN,LAN,4,4.0,21,84,5,3,0,0,1.03,LAN202305170
Sonny Gray,grays001,2023-05-23,2023,MIN,SFN,6,5.0,23,91,6,2,0,1,1.0,MIN202305230
Sonny Gray,grays001,2023-05-29,2023,MIN,HOU,3,6.0,24,73,5,3,0,0,1.02,HOU202305290
Sonny Gray,grays001,2023-06-03,2023,MIN,CLE,2,6.7,29,88,10,0,1,1,1.0,MIN202306030
Sonny Gray,grays001,2023-06-09,2023,MIN,TOR,5,5.0,22,69,5,2,0,0,1.0,TOR202306090
Sonny Gray,grays001,2023-06-15,2023,MIN,DET,3,4.0,18,69,3,4,0,1,1.0,MIN202306150
Sonny Gray,grays001,2023-06-21,2023,MIN,BOS,5,5.0,23,84,6,2,1,1,1.0,MIN202306210
Sonny Gray,grays001,2023-06-26,2023,MIN,ATL,5,6.7,27,102,7,1,1,0,1.02,ATL202306260
Sonny Gray,grays001,2023-07-02,2023,MIN,BAL,7,6.0,24,70,2,3,0,0,1.0,BAL202307020
Sonny Gray,grays001,2023-07-08,2023,MIN,BAL,5,6.0,26,85,6,3,0,1,1.0,MIN202307080
Sonny Gray,grays001,2023-07-17,2023,MIN,SEA,5,5.7,26,90,5,4,0,0,1.04,SEA202307170
Sonny Gray,grays001,2023-07-22,2023,MIN,CHA,4,6.0,26,81,7,1,0,1,1.0,MIN202307220
Sonny Gray,grays001,2023-07-28,2023,MIN,KCA,5,6.0,22,78,5,0,1,0,0.96,KCA202307280
Sonny Gray,grays001,2023-08-03,2023,MIN,SLN,8,7.0,26,72,5,0,1,0,1.0,SLN202308030
Sonny Gray,grays001,2023-08-08,2023,MIN,DET,10,6.0,25,87,7,0,0,0,1.0,DET202308080
Sonny Gray,grays001,2023-08-13,2023,MIN,PHI,7,6.0,23,78,2,3,0,0,1.01,PHI202308130
Sonny Gray,grays001,2023-08-19,2023,MIN,PIT,7,6.7,27,89,4,3,0,1,1.0,MIN202308190
Sonny Gray,grays001,2023-08-25,2023,MIN,TEX,4,7.0,27,77,6,0,1,1,1.0,MIN202308250
Sonny Gray,grays001,2023-08-30,2023,MIN,CLE,5,7.0,24,72,3,1,0,1,1.0,MIN202308300
Sonny Gray,grays001,2023-09-05,2023,MIN,CLE,4,6.0,24,89,6,2,1,0,1.04,CLE202309050
Sonny Gray,grays001,2023-09-11,2023,MIN,TBA,5,4.0,20,78,6,1,0,1,1.0,MIN202309110
Sonny Gray,grays001,2023-09-17,2023,MIN,CHA,6,7.0,26,79,5,0,0,0,0.99,CHA202309170
Sonny Gray,grays001,2023-09-23,2023,MIN,ANA,8,6.0,23,73,4,0,1,1,1.0,MIN202309230
Sonny Gray,grays001,2023-09-28,2023,MIN,OAK,4,4.0,16,47,3,1,0,1,1.0,MIN202309280
Hunter Greene,greeh001,2023-03-30,2023,CIN,PIT,8,3.3,18,75,5,3,1,1,1.0,CIN202303300
Hunter Greene,greeh001,2023-04-07,2023,CIN,PHI,5,4.7,22,86,5,3,0,0,1.01,PHI202304070
Hunter Greene,greeh001,2023-04-12,2023,CIN,ATL,10,6.0,26,101,7,0,0,0,1.02,ATL202304120
Hunter Greene,greeh001,2023-04-17,2023,CIN,TBA,1,3.0,12,47,3,0,0,1,1.0,CIN202304170
Hunter Greene,greeh001,2023-04-23,2023,CIN,PIT,6,6.0,23,85,4,2,0,0,1.0,PIT202304230
Hunter Greene,greeh001,2023-04-29,2023,CIN,OAK,10,5.0,24,102,5,3,0,0,1.0,OAK202304290
Hunter Greene,greeh001,2023-05-05,2023,CIN,CHA,7,5.7,25,84,7,1,2,1,1.0,CIN202305050
Hunter Greene,greeh001,2023-05-10,2023,CIN,NYN,4,5.3,26,85,6,4,1,1,1.0,CIN202305100
Hunter Greene,greeh001,2023-05-15,2023,CIN,COL,8,4.0,22,91,9,1,2,0,0.92,COL202305150
Hunter Greene,greeh001,2023-05-21,2023,CIN,NYA,10,7.0,26,85,4,3,2,1,1.0,CIN202305210
Hunter Greene,greeh001,2023-05-26,2023,CIN,CHN,11,6.0,20,82,0,2,0,0,0.97,CHN202305260
Hunter Greene,greeh001,2023-06-01,2023,CIN,BOS,8,6.0,23,87,2,3,0,0,0.98,BOS202306010
Hunter Greene,greeh001,2023-06-11,2023,CIN,SLN,9,5.3,25,70,6,2,0,0,1.0,SLN202306110
Hunter Greene,greeh001,2023-06-17,2023,CIN,HOU,3,6.0,26,84,5,4,1,0,1.02,HOU202306170
Hunter Greene,greeh001,2023-08-20,2023,CIN,TOR,4,3.0,24,82,10,3,5,1,1.0,CIN202308200
Hunter Greene,greeh001,2023-08-25,2023,CIN,ARI,4,3.7,21,78,5,5,0,0,1.03,ARI202308250
Hunter Greene,greeh001,2023-08-30,2023,CIN,SFN,6,5.3,20,75,3,1,0,0,1.03,SFN202308300
Hunter Greene,greeh001,2023-09-10,2023,CIN,SLN,9,6.0,24,103,1,4,0,1,1.0,CIN202309100
Hunter Greene,greeh001,2023-09-15,2023,CIN,NYN,6,5.7,22,81,4,1,1,0,1.06,NYN202309150
Hunter Greene,greeh001,2023-09-20,2023,CIN,MIN,14,7.0,25,63,3,1,1,1,1.0,CIN202309200
Hunter Greene,greeh001,2023-09-26,2023,CIN,CLE,3,3.0,18,58,8,1,3,0,1.04,CLE202309260
Hunter Greene,greeh001,2023-10-01,2023,CIN,SLN,6,5.0,26,90,9,1,0,0,1.0,SLN202310010
Zack Greinke,greiz001,2023-03-30,2023,KCA,MIN,4,5.3,23,80,7,1,0,1,0.96,KCA202303300
Zack Greinke,greiz001,2023-04-05,2023,KCA,TOR,4,6.0,25,77,7,1,0,1,0.96,KCA202304050
Zack Greinke,greiz001,2023-04-10,2023,KCA,TEX,3,5.0,22,89,6,1,2,0,0.99,TEX202304100
Zack Greinke,greiz001,2023-04-16,2023,KCA,ATL,6,6.0,23,88,4,1,1,1,0.96,KCA202304160
Zack Greinke,greiz001,2023-04-22,2023,KCA,ANA,2,5.0,22,69,7,0,2,0,0.99,ANA202304220
Zack Greinke,greiz001,2023-04-27,2023,KCA,MIN,3,3.7,20,74,8,2,2,0,1.0,MIN202304270
Zack Greinke,greiz001,2023-05-03,2023,KCA,BAL,3,5.0,17,41,3,0,0,1,0.96,KCA202305030
Zack Greinke,greiz001,2023-05-08,2023,KCA,CHA,2,5.7,24,81,6,1,1,1,0.96,KCA202305080
Zack Greinke,greiz001,2023-05-13,2023,KCA,MIL,5,5.0,18,58,3,0,1,0,1.05,MIL202305130
Zack Greinke,greiz001,2023-05-19,2023,KCA,CHA,4,5.7,22,79,5,0,0,0,0.99,CHA202305190
Zack Greinke,greiz001,2023-05-24,2023,KCA,DET,5,5.0,20,87,4,1,1,1,0.96,KCA202305240
Zack Greinke,greiz001,2023-05-30,2023,KCA,SLN,6,5.0,18,71,2,1,0,0,1.0,SLN202305300
Zack Greinke,greiz001,2023-06-06,2023,KCA,MIA,3,4.3,19,66,4,0,1,0,0.98,MIA202306060
Zack Greinke,greiz001,2023-06-12,2023,KCA,CIN,4,5.0,19,81,6,0,1,1,0.96,KCA202306120
Zack Greinke,greiz001,2023-06-18,2023,KCA,ANA,4,5.0,24,81,8,1,2,1,0.96,KCA202306180
Zack Greinke,greiz001,2023-06-23,2023,KCA,TBA,3,4.7,22,77,9,1,1,0,1.05,TBA202306230
Zack Greinke,greiz001,2023-06-29,2023,KCA,CLE,0,6.0,28,77,11,2,0,1,0.96,KCA202306290
Zack Greinke,greiz001,2023-07-04,2023,KCA,MIN,3,5.3,24,67,7,0,3,0,1.0,MIN202307040
Zack Greinke,greiz001,2023-07-20,2023,KCA,DET,1,4.0,17,62,4,2,0,1,0.96,KCA202307200
Zack Greinke,greiz001,2023-07-25,2023,KCA,CLE,1,5.0,19,67,4,0,2,0,1.04,CLE202307250
Zack Greinke,greiz001,2023-08-01,2023,KCA,NYN,3,5.0,18,64,4,0,1,1,0.96,KCA202308010
Zack Greinke,greiz001,2023-08-06,2023,KCA,PHI,4,4.0,18,54,7,0,2,0,1.01,PHI202308060
Zack Greinke,greiz001,2023-08-28,2023,KCA,PIT,2,4.7,20,72,6,2,0,1,0.96,KCA202308280
Zack Greinke,greiz001,2023-09-15,2023,KCA,HOU,1,2.0,10,40,3,1,0,1,0.96,KCA202309150
Zack Greinke,greiz001,2023-09-20,2023,KCA,CLE,5,3.7,16,54,5,0,0,1,0.96,KCA202309200
Zack Greinke,greiz001,2023-09-26,2023,KCA,DET,5,5.0,16,61,1,1,0,0,1.0,DET202309260
Zack Greinke,greiz001,2023-10-01,2023,KCA,NYA,2,5.0,19,65,4,2,0,1,0.96,KCA202310010
Michael Grove,grovm001,2023-04-03,2023,LAN,COL,4,4.0,16,60,2,2,0,1,1.03,LAN202304030
Michael Grove,grovm001,2023-04-09,2023,LAN,ARI,4,3.3,22,61,12,1,0,0,1.03,ARI202304090
Michael Grove,grovm001,2023-04-15,2023,LAN,CHN,6,5.7,20,70,2,2,1,1,1.03,LAN202304150
Michael Grove,grovm001,2023-04-20,2023,LAN,CHN,0,3.0,17,63,5,2,1,0,0.97,CHN202304200
Michael Grove,grovm001,2023-06-03,2023,LAN,NYA,7,5.0,19,76,4,0,2,1,1.03,LAN202306030
Michael Grove,grovm001,2023-06-15,2023,LAN,CHA,7,5.0,23,80,7,1,4,1,1.03,LAN202306150
Michael Grove,grovm001,2023-06-28,2023,LAN,COL,3,5.0,23,73,8,2,0,0,0.92,COL202306280
Michael Grove,grovm001,2023-07-03,2023,LAN,PIT,3,4.0,18,68,5,2,0,1,1.03,LAN202307030
Michael Grove,grovm001,2023-07-18,2023,LAN,BAL,4,5.0,21,80,5,2,0,0,1.0,BAL202307180
Michael Grove,grovm001,2023-07-24,2023,LAN,TOR,6,4.7,20,68,8,0,0,1,1.03,LAN202307240
Michael Grove,grovm001,2023-07-30,2023,LAN,CIN,10,6.0,30,83,10,1,3,1,1.03,LAN202307300
Michael Grove,grovm001,2023-08-05,2023,LAN,SDN,4,1.3,5,16,1,0,0,0,1.08,SDN202308050
Javy Guerra,guerj004,2023-05-02,2023,TBA,PIT,0,0.7,4,16,0,2,0,1,1.05,TBA202305020
Javy Guerra,guerj004,2023-05-07,2023,TBA,NYA,1,1.0,5,18,1,1,0,1,1.05,TBA202305070
Ian Hamilton,hamii001,2023-07-01,2023,NYA,SLN,2,1.0,6,29,3,0,1,0,1.0,SLN202307012
Ian Hamilton,hamii001,2023-08-09,2023,NYA,CHA,1,1.0,4,8,0,1,0,0,0.99,CHA202308090
Ian Hamilton,hamii001,2023-08-11,2023,NYA,MIA,2,2.0,9,29,3,0,0,0,0.98,MIA202308110
Emerson Hancock,hance001,2023-08-09,2023,SEA,SDN,3,5.0,20,70,2,3,0,1,1.04,SEA202308090
Emerson Hancock,hance001,2023-08-15,2023,SEA,KCA,1,5.0,21,73,9,0,1,0,0.96,KCA202308150
Emerson Hancock,hance001,2023-08-20,2023,SEA,HOU,2,2.0,8,29,2,0,0,0,1.02,HOU202308200
Hogan Harris,harrh002,2023-06-07,2023,OAK,PIT,2,5.0,21,75,4,3,1,0,1.0,PIT202306070
Hogan Harris,harrh002,2023-06-18,2023,OAK,PHI,7,6.0,23,94,4,0,1,1,1.0,OAK202306180
Hogan Harris,harrh002,2023-06-29,2023,OAK,NYA,2,5.3,26,90,9,2,2,1,1.0,OAK202306290
Hogan Harris,harrh002,2023-07-06,2023,OAK,DET,6,4.7,25,93,8,4,0,0,1.0,DET202307060
Hogan Harris,harrh002,2023-07-20,2023,OAK,HOU,6,6.0,22,62,4,0,0,1,1.0,OAK202307200
Hogan Harris,harrh002,2023-08-02,2023,OAK,LAN,2,3.0,21,78,9,3,3,0,1.03,LAN202308020
Kyle Harrison,harrk001,2023-08-22,2023,SFN,PHI,5,3.3,16,58,5,1,1,0,1.01,PHI202308220
Kyle Harrison,harrk001,2023-08-28,2023,SFN,CIN,11,6.3,24,69,3,2,0,1,1.03,SFN202308280
Kyle Harrison,harrk001,2023-09-02,2023,SFN,SDN,5,5.7,24,82,6,2,4,0,1.08,SDN202309020
Kyle Harrison,harrk001,2023-09-08,2023,SFN,COL,5,5.0,22,76,5,2,1,1,1.03,SFN202309080
Kyle Harrison,harrk001,2023-09-13,2023,SFN,CLE,3,4.0,21,71,7,1,1,1,1.03,SFN202309130
Kyle Harrison,harrk001,2023-09-21,2023,SFN,LAN,2,5.3,20,73,3,1,1,0,1.03,LAN202309210
Kyle Harrison,harrk001,2023-10-01,2023,SFN,LAN,4,5.0,20,93,0,2,0,1,1.03,SFN202310010
Thomas Hatch,hatct001,2023-08-21,2023,PIT,SLN,1,3.0,12,37,2,1,0,1,1.0,PIT202308210
Thomas Hatch,hatct001,2023-09-02,2023,PIT,SLN,1,2.3,11,27,3,0,1,0,1.0,SLN202309020
Andrew Heaney,heana001,2023-04-04,2023,TEX,BAL,2,2.7,17,69,7,2,2,1,0.99,TEX202304040
Andrew Heaney,heana001,2023-04-10,2023,TEX,KCA,10,5.0,20,90,2,2,0,1,0.99,TEX202304100
Andrew Heaney,heana001,2023-04-16,2023,TEX,HOU,4,5.0,20,82,2,3,0,0,1.02,HOU202304160
Andrew Heaney,heana001,2023-04-22,2023,TEX,OAK,4,6.0,24,85,5,2,0,1,0.99,TEX202304220
Andrew Heaney,heana001,2023-04-27,2023,TEX,NYA,6,6.0,24,82,4,1,2,1,0.99,TEX202304270
Andrew Heaney,heana001,2023-05-03,2023,TEX,ARI,5,4.7,22,77,4,4,3,1,0.99,TEX202305030
Andrew Heaney,heana001,2023-05-09,2023,TEX,SEA,7,6.7,27,81,4,2,1,0,1.04,SEA202305090
Andrew Heaney,heana001,2023-05-14,2023,TEX,OAK,9,6.0,23,84,4,2,0,0,1.0,OAK202305140
Andrew Heaney,heana001,2023-05-21,2023,TEX,COL,5,6.0,25,88,6,2,0,1,0.99,TEX202305210
Andrew Heaney,heana001,2023-05-27,2023,TEX,BAL,3,7.0,24,83,4,1,1,0,1.0,BAL202305270
Andrew Heaney,heana001,2023-06-03,2023,TEX,SEA,5,3.0,19,70,6,4,0,1,0.99,TEX202306030
Andrew Heaney,heana001,2023-06-09,2023,TEX,TBA,5,5.0,21,83,4,2,1,0,1.05,TBA202306090
Andrew Heaney,heana001,2023-06-14,2023,TEX,ANA,5,3.7,21,86,5,4,0,1,0.99,TEX202306140
Andrew Heaney,heana001,2023-06-19,2023,TEX,CHA,6,5.7,22,77,5,0,2,0,0.99,CHA202306190
Andrew Heaney,heana001,2023-06-26,2023,TEX,DET,5,5.7,26,95,6,3,2,1,0.99,TEX202306260
Andrew Heaney,heana001,2023-07-02,2023,TEX,HOU,8,5.0,19,76,3,1,0,1,0.99,TEX202307020
Andrew Heaney,heana001,2023-07-08,2023,TEX,WAS,4,3.0,18,57,8,1,3,0,1.01,WAS202307080
Andrew Heaney,heana001,2023-07-15,2023,TEX,CLE,4,5.3,23,74,6,1,0,1,0.99,TEX202307150
Andrew Heaney,heana001,2023-07-21,2023,TEX,LAN,3,5.0,21,67,5,3,1,1,0.99,TEX202307210
Andrew Heaney,heana001,2023-07-26,2023,TEX,HOU,3,5.0,22,80,4,3,1,0,1.02,HOU202307260
Andrew Heaney,heana001,2023-08-01,2023,TEX,CHA,11,6.0,20,73,2,0,0,1,0.99,TEX202308010
Andrew Heaney,heana001,2023-08-06,2023,TEX,MIA,4,5.7,21,70,4,2,0,1,0.99,TEX202308060
Andrew Heaney,heana001,2023-08-12,2023,TEX,SFN,1,1.3,9,33,3,2,0,0,1.03,SFN202308120
Andrew Heaney,heana001,2023-08-18,2023,TEX,MIL,3,3.7,19,79,7,1,0,1,0.99,TEX202308180
Andrew Heaney,heana001,2023-08-24,2023,TEX,MIN,5,4.3,20,59,7,1,3,0,1.0,MIN202308240
Andrew Heaney,heana001,2023-08-29,2023,TEX,NYN,7,5.3,21,75,5,1,0,0,1.06,NYN202308290
Andrew Heaney,heana001,2023-09-04,2023,TEX,HOU,1,4.7,23,83,5,4,0,1,0.99,TEX202309040
Andrew Heaney,heana001,2023-09-30,2023,TEX,SEA,2,4.3,19,73,5,1,0,0,1.04,SEA202309300
Kyle Hendricks,hendk001,2023-05-25,2023,CHN,NYN,5,4.3,22,69,6,2,0,1,0.97,CHN202305250
Kyle Hendricks,hendk001,2023-05-30,2023,CHN,TBA,3,5.0,22,73,6,3,0,1,0.97,CHN202305300
Kyle Hendricks,hendk001,2023-06-05,2023,CHN,SDN,4,6.0,24,75,5,0,1,0,1.08,SDN202306050
Kyle Hendricks,hendk001,2023-06-10,2023,CHN,SFN,3,8.0,26,77,1,1,0,0,1.03,SFN202306100
Kyle Hendricks,hendk001,2023-06-16,2023,CHN,BAL,1,5.0,20,76,5,0,0,1,0.97,CHN202306160
Kyle Hendricks,hendk001,2023-06-21,2023,CHN,PIT,2,6.3,25,73,2,3,0,0,1.0,PIT202306210
Kyle Hendricks,hendk001,2023-06-29,2023,CHN,PHI,4,7.0,27,82,6,0,1,1,0.97,CHN202306290
Kyle Hendricks,hendk001,2023-07-04,2023,CHN,MIL,5,6.0,22,80,4,1,0,0,1.05,MIL202307040
Kyle Hendricks,hendk001,2023-07-09,2023,CHN,NYA,5,5.7,27,93,10,0,2,0,0.99,NYA202307090
Kyle Hendricks,hendk001,2023-07-14,2023,CHN,BOS,5,4.7,22,80,8,0,4,1,0.97,CHN202307140
Kyle Hendricks,hendk001,2023-07-19,2023,CHN,WAS,5,6.0,24,93,5,0,0,1,0.97,CHN202307190
Kyle Hendricks,hendk001,2023-07-25,2023,CHN,CHA,4,6.3,24,70,4,1,0,0,0.99,CHA202307250
Kyle Hendricks,hendk001,2023-07-30,2023,CHN,SLN,2,7.0,29,82,8,1,0,0,1.0,SLN202307300
Kyle Hendricks,hendk001,2023-08-04,2023,CHN,ATL,3,4.0,20,70,8,0,2,1,0.97,CHN202308040
Kyle Hendricks,hendk001,2023-08-09,2023,CHN,NYN,6,5.0,22,79,5,2,1,0,1.06,NYN202308090
Kyle Hendricks,hendk001,2023-08-15,2023,CHN,CHA,4,6.0,27,98,7,2,0,1,0.97,CHN202308150
Kyle Hendricks,hendk001,2023-08-20,2023,CHN,KCA,3,6.3,25,80,5,1,0,1,0.97,CHN202308200
Kyle Hendricks,hendk001,2023-08-25,2023,CHN,PIT,4,5.7,25,86,6,1,0,0,1.0,PIT202308250
Kyle Hendricks,hendk001,2023-08-30,2023,CHN,MIL,6,6.0,25,92,4,2,0,1,0.97,CHN202308300
Kyle Hendricks,hendk001,2023-09-05,2023,CHN,SFN,5,5.3,23,80,7,0,2,1,0.97,CHN202309050
Kyle Hendricks,hendk001,2023-09-10,2023,CHN,ARI,4,5.7,24,74,7,1,0,1,0.97,CHN202309100
Kyle Hendricks,hendk001,2023-09-16,2023,CHN,ARI,3,5.3,24,63,7,1,0,0,1.03,ARI202309160
Kyle Hendricks,hendk001,2023-09-21,2023,CHN,PIT,5,6.0,28,91,7,2,0,1,0.97,CHN202309210
Kyle Hendricks,hendk001,2023-09-29,2023,CHN,MIL,2,4.3,21,62,5,3,0,0,1.05,MIL202309290
Tommy Henry,henrt001,2023-04-24,2023,ARI,KCA,1,4.3,20,71,4,4,1,1,1.03,ARI202304240
Tommy Henry,henrt001,2023-04-29,2023,ARI,COL,3,5.3,23,72,7,1,0,0,0.92,COL202304290
Tommy Henry,henrt001,2023-05-06,2023,ARI,WAS,3,6.0,24,70,6,2,0,1,1.03,ARI202305060
Tommy Henry,henrt001,2023-05-11,2023,ARI,SFN,2,6.7,26,81,5,2,1,1,1.03,ARI202305110
Tommy Henry,henrt001,2023-05-16,2023,ARI,OAK,4,4.7,22,66,6,3,2,0,1.0,OAK202305160
Tommy Henry,henrt001,2023-05-22,2023,ARI,PHI,5,5.7,23,76,4,2,2,0,1.01,PHI202305220
Tommy Henry,henrt001,2023-05-31,2023,ARI,COL,7,7.0,24,72,2,2,0,1,1.03,ARI202305310
Tommy Henry,henrt001,2023-06-06,2023,ARI,WAS,2,4.3,22,78,5,3,2,0,1.01,WAS202306060
Tommy Henry,henrt001,2023-06-12,2023,ARI,PHI,6,4.7,23,74,9,1,1,1,1.03,ARI202306120
Tommy Henry,henrt001,2023-06-17,2023,ARI,CLE,3,6.0,27,79,7,2,1,1,1.03,ARI202306170
Tommy Henry,henrt001,2023-06-22,2023,ARI,WAS,5,6.7,27,80,7,1,1,0,1.01,WAS202306220
Tommy Henry,henrt001,2023-06-30,2023,ARI,ANA,8,5.7,23,73,4,2,1,0,0.99,ANA202306300
Tommy Henry,henrt001,2023-07-05,2023,ARI,NYN,2,6.0,23,79,2,4,0,1,1.03,ARI202307050
Tommy Henry,henrt001,2023-07-16,2023,ARI,TOR,5,4.3,20,68,7,1,0,0,1.0,TOR202307160
Tommy Henry,henrt001,2023-07-21,2023,ARI,CIN,2,4.3,24,83,4,4,0,0,1.0,CIN202307210
Tommy Henry,henrt001,2023-07-28,2023,ARI,SEA,6,6.0,25,77,6,1,0,1,1.03,ARI202307280
Jimmy Herget,hergj001,2023-09-17,2023,ANA,DET,2,1.0,3,8,0,0,0,1,0.99,ANA202309170
Carlos Hernández,hernc006,2023-05-17,2023,KCA,SDN,4,2.0,8,33,2,0,0,0,1.08,SDN202305170
Carlos Hernández,hernc006,2023-05-21,2023,KCA,CHA,3,2.0,6,22,0,0,0,0,0.99,CHA202305210
Carlos Hernández,hernc006,2023-06-05,2023,KCA,MIA,3,2.0,6,23,0,0,0,0,0.98,MIA202306050
Carlos Hernández,hernc006,2023-06-11,2023,KCA,BAL,0,1.0,7,26,3,1,0,0,1.0,BAL202306110
Rich Hill,hillr001,2023-04-01,2023,PIT,CIN,7,5.0,20,84,3,2,2,0,1.0,CIN202304010
Rich Hill,hillr001,2023-04-07,2023,PIT,CHA,1,4.0,20,62,8,0,3,1,1.0,PIT202304070
Rich Hill,hillr001,2023-04-12,2023,PIT,HOU,0,6.0,25,95,5,2,1,1,1.0,PIT202304120
Rich Hill,hillr001,2023-04-17,2023,PIT,COL,7,6.0,24,87,6,2,1,0,0.92,COL202304170
Rich Hill,hillr001,2023-04-22,2023,PIT,CIN,7,5.0,23,95,6,3,0,1,1.0,PIT202304220
Rich Hill,hillr001,2023-04-29,2023,PIT,WAS,5,6.3,27,101,8,0,0,0,1.01,WAS202304291
Rich Hill,hillr001,2023-05-05,2023,PIT,TOR,5,5.3,25,82,8,2,1,1,1.0,PIT202305050
Rich Hill,hillr001,2023-05-10,2023,PIT,COL,4,3.7,17,73,4,2,0,1,1.0,PIT202305100
Rich Hill,hillr001,2023-05-17,2023,PIT,DET,7,6.0,21,69,1,2,0,0,1.0,DET202305170
Rich Hill,hillr001,2023-05-23,2023,PIT,TEX,9,5.3,25,81,7,2,0,1,1.0,PIT202305230
Rich Hill,hillr001,2023-05-29,2023,PIT,SFN,3,6.0,28,86,9,1,1,0,1.03,SFN202305290
Rich Hill,hillr001,2023-06-04,2023,PIT,SLN,6,6.7,28,84,4,3,1,1,1.0,PIT202306040
Rich Hill,hillr001,2023-06-09,2023,PIT,NYN,6,7.0,29,105,7,2,1,1,1.0,PIT202306090
Rich Hill,hillr001,2023-06-16,2023,PIT,MIL,5,5.0,24,88,3,6,0,0,1.05,MIL202306160
Rich Hill,hillr001,2023-06-21,2023,PIT,CHN,4,5.7,24,92,4,2,0,1,1.0,PIT202306210
Rich Hill,hillr001,2023-06-27,2023,PIT,SDN,4,6.0,27,96,9,2,0,1,1.0,PIT202306270
Rich Hill,hillr001,2023-07-02,2023,PIT,MIL,8,5.0,22,90,3,2,1,1,1.0,PIT202307020
Rich Hill,hillr001,2023-07-07,2023,PIT,ARI,3,4.0,23,85,7,4,1,0,1.03,ARI202307070
Rich Hill,hillr001,2023-07-14,2023,PIT,SFN,2,6.0,28,75,7,2,0,1,1.0,PIT202307140
Rich Hill,hillr001,2023-07-19,2023,PIT,CLE,1,5.7,26,89,8,1,0,1,1.0,PIT202307190
Rich Hill,hillr001,2023-07-25,2023,PIT,SDN,3,4.3,22,67,7,2,1,0,1.08,SDN202307250
Rich Hill,hillr001,2023-07-30,2023,PIT,PHI,7,5.0,22,72,5,3,1,1,1.0,PIT202307300
Rich Hill,hillr001,2023-08-06,2023,SDN,LAN,4,3.0,17,75,5,1,2,1,1.08,SDN202308060
Rich Hill,hillr001,2023-08-12,2023,SDN,ARI,4,3.3,18,77,7,1,1,0,1.03,ARI202308120
Rich Hill,hillr001,2023-08-17,2023,SDN,ARI,3,5.0,18,53,2,1,2,1,1.08,SDN202308170
Rich Hill,hillr001,2023-08-30,2023,SDN,SLN,2,4.0,17,50,5,1,1,0,1.0,SLN202308300
Rich Hill,hillr001,2023-09-04,2023,SDN,PHI,3,1.3,13,40,7,2,2,1,1.08,SDN202309040
Bryan Hoeing,hoeib001,2023-04-25,2023,MIA,ATL,2,3.7,19,64,6,2,0,0,1.02,ATL202304250
Bryan Hoeing,hoeib001,2023-04-30,2023,MIA,CHN,4,5.0,22,76,5,1,0,1,0.98,MIA202304300
Bryan Hoeing,hoeib001,2023-06-19,2023,MIA,TOR,5,4.0,14,50,3,0,0,1,0.98,MIA202306190
Bryan Hoeing,hoeib001,2023-06-24,2023,MIA,PIT,2,5.0,18,59,0,3,0,1,0.98,MIA202306240
Bryan Hoeing,hoeib001,2023-06-30,2023,MIA,ATL,1,3.7,19,51,6,2,3,0,1.02,ATL202306300
Bryan Hoeing,hoeib001,2023-07-05,2023,MIA,SLN,3,3.0,17,65,5,3,1,1,0.98,MIA202307050
Bryan Hoeing,hoeib001,2023-09-16,2023,MIA,ATL,2,4.3,18,60,4,1,2,1,0.98,MIA202309160
Tyler Holton,holtt002,2023-06-08,2023,DET,PHI,1,1.0,3,10,0,1,0,0,1.01,PHI202306080
Tanner Houck,houct001,2023-04-02,2023,BOS,BAL,5,5.0,20,51,5,1,2,1,0.98,BOS202304020
Tanner Houck,houct001,2023-04-08,2023,BOS,DET,4,5.0,19,72,3,2,0,0,1.0,DET202304080
Tanner Houck,houct001,2023-04-14,2023,BOS,ANA,6,4.0,19,82,4,4,0,1,0.98,BOS202304140
Tanner Houck,houct001,2023-04-20,2023,BOS,MIN,7,7.0,28,91,6,1,1,1,0.98,BOS202304200
Tanner Houck,houct001,2023-04-26,2023,BOS,BAL,2,5.0,25,62,7,2,0,0,1.0,BAL202304260
Tanner Houck,houct001,2023-05-02,2023,BOS,TOR,5,6.0,27,90,6,3,1,1,0.98,BOS202305020
Tanner Houck,houct001,2023-05-07,2023,BOS,PHI,4,5.7,22,74,5,1,0,0,1.01,PHI202305070
Tanner Houck,houct001,2023-05-15,2023,BOS,SEA,5,5.0,21,65,5,1,1,1,0.98,BOS202305150
Tanner Houck,houct001,2023-05-22,2023,BOS,ANA,8,6.0,23,71,3,2,0,0,0.99,ANA202305220
Tanner Houck,houct001,2023-05-28,2023,BOS,ARI,4,4.0,18,69,6,0,2,0,1.03,ARI202305280
Tanner Houck,houct001,2023-06-04,2023,BOS,TBA,6,5.0,24,86,5,4,0,1,0.98,BOS202306040
Tanner Houck,houct001,2023-06-10,2023,BOS,NYA,6,6.0,22,68,3,1,2,0,0.99,NYA202306100
Tanner Houck,houct001,2023-06-16,2023,BOS,NYA,2,4.0,17,52,4,1,0,1,0.98,BOS202306160
Tanner Houck,houct001,2023-08-22,2023,BOS,HOU,2,5.0,22,67,4,3,1,0,1.02,HOU202308220
Tanner Houck,houct001,2023-08-27,2023,BOS,LAN,4,4.0,19,80,5,2,1,1,0.98,BOS202308270
Tanner Houck,houct001,2023-09-02,2023,BOS,KCA,5,5.0,26,86,7,1,0,0,0.96,KCA202309020
Tanner Houck,houct001,2023-09-08,2023,BOS,BAL,5,5.3,25,61,8,2,1,1,0.98,BOS202309080
Tanner Houck,houct001,2023-09-14,2023,BOS,NYA,7,6.0,25,85,4,3,0,1,0.98,BOS202309141
Tanner Houck,houct001,2023-09-19,2023,BOS,TEX,4,4.0,19,82,3,4,1,0,0.99,TEX202309190
Tanner Houck,houct001,2023-09-26,2023,BOS,TBA,2,3.0,20,63,10,0,1,1,0.98,BOS202309260
Tanner Houck,houct001,2023-10-01,2023,BOS,BAL,6,6.0,22,85,1,3,0,0,1.0,BAL202310010
Adrian Houser,housa001,2023-05-07,2023,MIL,SFN,5,4.7,21,70,7,1,0,0,1.03,SFN202305070
Adrian Houser,housa001,2023-05-13,2023,MIL,KCA,2,4.0,21,88,8,1,1,1,1.05,MIL202305130
Adrian Houser,housa001,2023-05-19,2023,MIL,TBA,4,6.0,21,82,4,1,0,0,1.05,TBA202305190
Adrian Houser,housa001,2023-05-24,2023,MIL,HOU,3,5.3,20,54,2,1,0,1,1.05,MIL202305240
Adrian Houser,housa001,2023-05-30,2023,MIL,TOR,3,4.3,27,94,11,3,0,0,1.0,TOR202305300
Adrian Houser,housa001,2023-06-04,2023,MIL,CIN,2,7.0,25,82,6,0,1,0,1.0,CIN202306040
Adrian Houser,housa001,2023-06-09,2023,MIL,OAK,4,4.0,22,79,6,4,0,1,1.05,MIL202306090
Adrian Houser,housa001,2023-06-29,2023,MIL,NYN,5,6.0,24,79,7,1,2,0,1.06,NYN202306290
Adrian Houser,housa001,2023-07-05,2023,MIL,CHN,4,5.0,23,101,6,3,0,1,1.05,MIL202307050
Adrian Houser,housa001,2023-07-16,2023,MIL,CIN,5,5.7,25,90,6,2,1,0,1.0,CIN202307160
Adrian Houser,housa001,2023-07-22,2023,MIL,ATL,10,6.0,26,84,6,2,1,1,1.05,MIL202307220
Adrian Houser,housa001,2023-07-28,2023,MIL,ATL,3,4.0,21,83,8,2,1,0,1.02,ATL202307280
Adrian Houser,housa001,2023-08-03,2023,MIL,PIT,5,6.0,24,84,4,2,0,1,1.05,MIL202308030
Adrian Houser,housa001,2023-08-09,2023,MIL,COL,5,5.0,20,59,5,1,1,1,1.05,MIL202308090
Adrian Houser,housa001,2023-08-15,2023,MIL,LAN,6,5.3,23,75,5,0,0,0,1.03,LAN202308150
Adrian Houser,housa001,2023-08-20,2023,MIL,TEX,7,5.0,22,82,6,1,1,0,0.99,TEX202308200
Adrian Houser,housa001,2023-08-27,2023,MIL,SDN,2,2.0,11,40,4,1,2,1,1.05,MIL202308270
Adrian Houser,housa001,2023-09-14,2023,MIL,MIA,5,5.0,20,68,5,0,0,1,1.05,MIL202309140
Adrian Houser,housa001,2023-09-20,2023,MIL,SLN,4,6.0,23,76,4,2,0,0,1.0,SLN202309200
Adrian Houser,housa001,2023-09-26,2023,MIL,SLN,5,5.0,20,72,3,2,1,1,1.05,MIL202309260
Adrian Houser,housa001,2023-10-01,2023,MIL,CHN,5,5.0,20,63,3,2,0,1,1.05,MIL202310010
Dakota Hudson,hudsd002,2023-07-19,2023,SLN,MIA,1,3.0,14,58,5,0,0,1,1.0,SLN202307190
Dakota Hudson,hudsd002,2023-08-02,2023,SLN,MIN,7,7.0,25,91,2,3,1,1,1.0,SLN202308020
Dakota Hudson,hudsd002,2023-08-09,2023,SLN,TBA,2,5.0,23,70,7,1,2,0,1.05,TBA202308090
Dakota Hudson,hudsd002,2023-08-15,2023,SLN,OAK,3,6.7,27,88,5,1,1,1,1.0,SLN202308150
Dakota Hudson,hudsd002,2023-08-20,2023,SLN,NYN,7,5.3,22,84,5,2,1,1,1.0,SLN202308200
Dakota Hudson,hudsd002,2023-08-26,2023,SLN,PHI,1,5.7,25,103,6,5,1,0,1.01,PHI202308260
Dakota Hudson,hudsd002,2023-09-01,2023,SLN,PIT,0,7.0,26,90,3,2,0,1,1.0,SLN202309010
Dakota Hudson,hudsd002,2023-09-06,2023,SLN,ATL,2,5.0,25,85,7,3,1,0,1.02,ATL202309060
Dakota Hudson,hudsd002,2023-09-11,2023,SLN,BAL,2,4.3,23,74,8,3,0,0,1.0,BAL202309110
Dakota Hudson,hudsd002,2023-09-17,2023,SLN,PHI,3,5.0,22,64,5,3,0,1,1.0,SLN202309170
Dakota Hudson,hudsd002,2023-09-22,2023,SLN,SDN,2,6.0,25,75,9,1,1,0,1.08,SDN202309220
Dakota Hudson,hudsd002,2023-09-28,2023,SLN,MIL,3,5.0,22,61,7,3,0,0,1.05,MIL202309280
Cole Irvin,irvic001,2023-04-02,2023,BAL,BOS,4,4.0,22,78,8,2,1,0,0.98,BOS202304020
Cole Irvin,irvic001,2023-04-08,2023,BAL,NYA,5,4.7,21,83,4,4,0,1,1.0,BAL202304080
Cole Irvin,irvic001,2023-04-13,2023,BAL,OAK,4,4.0,20,75,5,2,1,1,1.0,BAL202304130
Cole Irvin,irvic001,2023-06-10,2023,BAL,KCA,5,5.3,22,66,6,0,0,1,1.0,BAL202306100
Cole Irvin,irvic001,2023-06-16,2023,BAL,CHN,4,4.0,18,61,5,1,3,0,0.97,CHN202306160
Cole Irvin,irvic001,2023-06-26,2023,BAL,CIN,3,3.0,12,45,3,0,0,1,1.0,BAL202306260
Cole Irvin,irvic001,2023-07-02,2023,BAL,MIN,1,5.0,24,69,6,3,0,1,1.0,BAL202307020
Cole Irvin,irvic001,2023-07-07,2023,BAL,MIN,4,6.3,22,75,3,0,0,0,1.0,MIN202307070
Cole Irvin,irvic001,2023-08-12,2023,BAL,SEA,6,5.0,18,65,2,1,0,0,1.04,SEA202308120
Cole Irvin,irvic001,2023-08-19,2023,BAL,OAK,3,5.0,21,69,4,1,1,0,1.0,OAK202308190
Cole Irvin,irvic001,2023-08-25,2023,BAL,COL,5,6.0,26,75,6,1,1,1,1.0,BAL202308250
Cole Irvin,irvic001,2023-09-01,2023,BAL,ARI,4,5.7,24,69,8,1,2,0,1.03,ARI202309010
Jake Irvin,irvij001,2023-05-03,2023,WAS,CHN,3,4.3,19,69,2,4,0,1,1.01,WAS202305030
Jake Irvin,irvij001,2023-05-08,2023,WAS,SFN,5,6.3,23,71,4,3,0,0,1.03,SFN202305080
Jake Irvin,irvij001,2023-05-14,2023,WAS,NYN,6,4.7,22,74,6,1,0,1,1.01,WAS202305140
Jake Irvin,irvij001,2023-05-19,2023,WAS,DET,1,2.7,18,66,5,4,2,1,1.01,WAS202305190
Jake Irvin,irvij001,2023-05-25,2023,WAS,SDN,4,4.0,18,72,2,4,1,1,1.01,WAS202305250
Jake Irvin,irvij001,2023-05-30,2023,WAS,LAN,3,5.0,24,94,8,1,1,0,1.03,LAN202305300
Jake Irvin,irvij001,2023-06-06,2023,WAS,ARI,1,4.0,21,75,5,3,0,1,1.01,WAS202306060
Jake Irvin,irvij001,2023-06-17,2023,WAS,MIA,4,5.0,21,82,4,2,0,1,1.01,WAS202306170
Jake Irvin,irvij001,2023-06-22,2023,WAS,ARI,6,6.0,24,75,5,1,0,1,1.01,WAS202306220
Jake Irvin,irvij001,2023-06-27,2023,WAS,SEA,4,5.7,23,75,5,2,1,0,1.04,SEA202306270
Jake Irvin,irvij001,2023-07-03,2023,WAS,CIN,3,6.0,25,85,6,1,1,1,1.01,WAS202307030
Jake Irvin,irvij001,2023-07-08,2023,WAS,TEX,1,5.0,22,64,5,2,1,1,1.01,WAS202307080
Jake Irvin,irvij001,2023-07-15,2023,WAS,SLN,3,3.0,16,57,6,1,1,0,1.0,SLN202307150
Jake Irvin,irvij001,2023-07-21,2023,WAS,SFN,9,6.7,25,91,5,1,2,1,1.01,WAS202307210
Jake Irvin,irvij001,2023-07-26,2023,WAS,COL,7,6.0,26,88,6,2,3,1,1.01,WAS202307260
Jake Irvin,irvij001,2023-07-31,2023,WAS,MIL,2,5.3,24,81,6,2,0,1,1.01,WAS202307310
Jake Irvin,irvij001,2023-08-06,2023,WAS,CIN,6,4.3,20,76,5,2,2,0,1.0,CIN202308060
Jake Irvin,irvij001,2023-08-12,2023,WAS,OAK,6,6.7,27,94,7,0,2,1,1.01,WAS202308120
Jake Irvin,irvij001,2023-08-19,2023,WAS,PHI,7,6.0,26,83,5,2,0,1,1.01,WAS202308190
Jake Irvin,irvij001,2023-08-26,2023,WAS,MIA,3,6.0,24,79,4,3,1,0,0.98,MIA202308260
Jake Irvin,irvij001,2023-09-01,2023,WAS,MIA,4,5.0,21,52,4,3,0,1,1.01,WAS202309010
Jake Irvin,irvij001,2023-09-09,2023,WAS,LAN,4,6.0,22,80,3,2,0,1,1.01,WAS202309090
Jake Irvin,irvij001,2023-09-15,2023,WAS,MIL,6,4.7,21,72,3,5,2,0,1.05,MIL202309150
Jake Irvin,irvij001,2023-09-21,2023,WAS,ATL,1,2.7,18,79,7,3,0,1,1.01,WAS202309210
Andre Jackson,jacka003,2023-08-13,2023,PIT,CIN,5,3.7,18,62,5,2,1,1,1.0,PIT202308132
Andre Jackson,jacka003,2023-08-18,2023,PIT,MIN,6,4.3,20,50,4,3,1,0,1.0,MIN202308180
Andre Jackson,jacka003,2023-08-30,2023,PIT,KCA,7,5.7,20,74,2,2,1,0,0.96,KCA202308300
Andre Jackson,jacka003,2023-09-05,2023,PIT,MIL,2,4.3,20,74,3,5,0,1,1.0,PIT202309050
Andre Jackson,jacka003,2023-09-11,2023,PIT,WAS,1,4.0,18,63,4,2,1,1,1.0,PIT202309110
Andre Jackson,jacka003,2023-09-22,2023,PIT,CIN,2,1.0,6,31,0,2,0,0,1.0,CIN202309220
Andre Jackson,jacka003,2023-10-01,2023,PIT,MIA,2,4.0,13,42,1,1,0,1,1.0,PIT202310010
Joe Jacques,jacqj001,2023-07-18,2023,BOS,OAK,1,1.3,9,27,4,1,2,0,1.0,OAK202307180
Drey Jameson,jamed003,2023-04-12,2023,ARI,MIL,4,4.0,14,52,3,0,0,1,1.03,ARI202304120
Drey Jameson,jamed003,2023-04-18,2023,ARI,SLN,3,3.7,18,67,3,4,1,0,1.0,SLN202304180
Drey Jameson,jamed003,2023-04-23,2023,ARI,SDN,1,1.0,9,43,3,3,0,1,1.03,ARI202304230
Bryce Jarvis,jarvb001,2023-09-28,2023,ARI,CHA,1,2.7,10,34,1,1,1,0,0.99,CHA202309280
Cristian Javier,javic001,2023-03-31,2023,HOU,CHA,6,5.0,23,82,8,1,0,1,1.02,HOU202303310
Cristian Javier,javic001,2023-04-05,2023,HOU,DET,5,6.0,23,94,5,0,0,1,1.02,HOU202304050
Cristian Javier,javic001,2023-04-11,2023,HOU,PIT,3,6.0,25,85,5,1,2,0,1.0,PIT202304110
Cristian Javier,javic001,2023-04-17,2023,HOU,TOR,5,5.0,20,97,3,2,1,1,1.02,HOU202304170
Cristian Javier,javic001,2023-04-23,2023,HOU,ATL,10,6.0,23,92,3,2,1,0,1.02,ATL202304230
Cristian Javier,javic001,2023-04-29,2023,HOU,PHI,6,5.7,25,88,7,1,1,1,1.02,HOU202304290
Cristian Javier,javic001,2023-05-05,2023,HOU,SEA,8,7.0,26,83,3,2,0,0,1.04,SEA202305050
Cristian Javier,javic001,2023-05-10,2023,HOU,ANA,11,6.0,21,83,3,1,1,0,0.99,ANA202305100
Cristian Javier,javic001,2023-05-16,2023,HOU,CHN,5,6.0,21,83,2,2,1,1,1.02,HOU202305160
Cristian Javier,javic001,2023-05-22,2023,HOU,MIL,5,6.0,23,79,4,1,1,0,1.05,MIL202305220
Cristian Javier,javic001,2023-05-28,2023,HOU,OAK,3,5.0,20,88,4,3,1,0,1.0,OAK202305280
Cristian Javier,javic001,2023-06-03,2023,HOU,ANA,5,6.0,23,95,6,0,0,1,1.02,HOU202306030
Cristian Javier,javic001,2023-06-09,2023,HOU,CLE,2,5.0,25,84,7,3,0,0,1.04,CLE202306090
Cristian Javier,javic001,2023-06-15,2023,HOU,WAS,2,6.0,22,84,5,0,0,1,1.02,HOU202306150
Cristian Javier,javic001,2023-06-21,2023,HOU,NYN,1,2.3,16,82,4,5,0,1,1.02,HOU202306210
Cristian Javier,javic001,2023-06-28,2023,HOU,SLN,1,4.0,22,80,8,1,2,0,1.0,SLN202306280
Cristian Javier,javic001,2023-07-03,2023,HOU,TEX,4,4.3,23,71,9,0,2,0,0.99,TEX202307030
Cristian Javier,javic001,2023-07-16,2023,HOU,ANA,7,5.0,21,81,4,2,1,0,0.99,ANA202307160
Cristian Javier,javic001,2023-07-22,2023,HOU,OAK,5,5.7,22,95,1,6,0,0,1.0,OAK202307220
Cristian Javier,javic001,2023-07-28,2023,HOU,TBA,9,6.0,25,90,3,2,1,1,1.02,HOU202307280
Cristian Javier,javic001,2023-08-03,2023,HOU,NYA,4,4.7,21,93,4,3,2,0,0.99,NYA202308030
Cristian Javier,javic001,2023-08-09,2023,HOU,BAL,3,5.0,22,100,4,3,1,0,1.0,BAL202308090
Cristian Javier,javic001,2023-08-15,2023,HOU,MIA,2,4.7,21,86,6,1,1,0,0.98,MIA202308150
Cristian Javier,javic001,2023-08-21,2023,HOU,BOS,3,5.0,26,78,7,3,1,1,1.02,HOU202308210
Cristian Javier,javic001,2023-08-28,2023,HOU,BOS,4,4.0,24,85,6,6,1,0,0.98,BOS202308280
Cristian Javier,javic001,2023-09-03,2023,HOU,NYA,8,6.0,22,81,4,0,1,1,1.02,HOU202309030
Cristian Javier,javic001,2023-09-09,2023,HOU,SDN,5,4.0,19,74,4,3,1,1,1.02,HOU202309090
Cristian Javier,javic001,2023-09-15,2023,HOU,KCA,6,5.0,21,72,5,1,2,0,0.96,KCA202309150
Cristian Javier,javic001,2023-09-20,2023,HOU,BAL,11,5.0,20,88,3,2,0,1,1.02,HOU202309200
Cristian Javier,javic001,2023-09-26,2023,HOU,SEA,6,4.7,20,74,3,3,0,0,1.04,SEA202309260
Cristian Javier,javic001,2023-10-01,2023,HOU,ARI,4,6.0,22,80,3,2,0,0,1.03,ARI202310010
Dany Jiménez,jimed002,2023-08-22,2023,OAK,KCA,0,1.0,3,16,0,0,0,1,1.0,OAK202308220
Jakob Junis,junij001,2023-07-31,2023,SFN,ARI,3,3.0,10,27,1,0,0,1,1.03,SFN202307310
Jakob Junis,junij001,2023-08-15,2023,SFN,TBA,7,4.0,16,54,2,1,0,1,1.03,SFN202308150
Jakob Junis,junij001,2023-08-20,2023,SFN,ATL,1,1.7,8,30,2,0,1,0,1.02,ATL202308200
Jakob Junis,junij001,2023-08-31,2023,SFN,SDN,3,4.0,13,50,0,1,0,0,1.08,SDN202308310
Janson Junk,junkj001,2023-04-12,2023,MIL,ARI,2,4.7,24,79,7,2,1,0,1.03,ARI202304120
James Kaprielian,kaprj001,2023-04-03,2023,OAK,CLE,5,5.0,24,86,7,2,1,1,1.0,OAK202304030
James Kaprielian,kaprj001,2023-04-09,2023,OAK,TBA,6,4.7,26,104,7,3,3,0,1.05,TBA202304090
James Kaprielian,kaprj001,2023-04-14,2023,OAK,NYN,4,3.7,22,95,4,7,1,1,1.0,OAK202304140
James Kaprielian,kaprj001,2023-05-13,2023,OAK,TEX,7,7.0,27,85,6,1,1,1,1.0,OAK202305130
James Kaprielian,kaprj001,2023-05-21,2023,OAK,HOU,5,5.0,20,71,3,4,0,0,1.02,HOU202305210
James Kaprielian,kaprj001,2023-05-26,2023,OAK,HOU,4,5.0,25,87,8,2,0,1,1.0,OAK202305260
James Kaprielian,kaprj001,2023-05-31,2023,OAK,ATL,4,4.7,21,77,5,1,1,1,1.0,OAK202305310
James Kaprielian,kaprj001,2023-06-06,2023,OAK,PIT,1,6.0,28,88,4,5,0,0,1.0,PIT202306060
James Kaprielian,kaprj001,2023-06-12,2023,OAK,TBA,4,6.0,25,84,5,3,1,1,1.0,OAK202306120
James Kaprielian,kaprj001,2023-06-17,2023,OAK,PHI,6,5.3,21,67,5,0,0,1,1.0,OAK202306170
James Kaprielian,kaprj001,2023-06-23,2023,OAK,TOR,8,6.0,24,90,6,1,1,0,1.0,TOR202306230
Karl Kauffmann,kaufk001,2023-05-19,2023,COL,TEX,4,4.3,21,83,7,2,1,0,0.99,TEX202305190
Karl Kauffmann,kaufk001,2023-05-24,2023,COL,MIA,2,4.3,21,68,6,3,0,1,0.92,COL202305240
Karl Kauffmann,kaufk001,2023-05-29,2023,COL,ARI,1,4.0,22,69,9,2,2,0,1.03,ARI202305290
Brad Keller,kellb003,2023-04-02,2023,KCA,MIN,6,4.7,23,71,5,4,0,1,0.96,KCA202304020
Brad Keller,kellb003,2023-04-07,2023,KCA,SFN,3,5.7,21,72,3,3,0,0,1.03,SFN202304070
Brad Keller,kellb003,2023-04-12,2023,KCA,TEX,7,6.7,25,100,3,1,1,0,0.99,TEX202304120
Brad Keller,kellb003,2023-04-18,2023,KCA,TEX,2,4.0,18,81,3,5,0,1,0.96,KCA202304180
Brad Keller,kellb003,2023-04-24,2023,KCA,ARI,2,4.0,21,82,4,6,0,0,1.03,ARI202304240
Brad Keller,kellb003,2023-04-29,2023,KCA,MIN,4,5.3,25,85,6,5,0,0,1.0,MIN202304290
Brad Keller,kellb003,2023-05-05,2023,KCA,OAK,1,4.3,25,88,11,4,2,1,0.96,KCA202305050
Brad Keller,kellb003,2023-05-10,2023,KCA,CHA,4,5.0,20,83,3,4,0,1,0.96,KCA202305100
Brad Keller,kellb003,2023-05-15,2023,KCA,SDN,2,3.7,23,89,3,8,0,0,1.08,SDN202305150
Merrill Kelly,kellm002,2023-03-31,2023,ARI,LAN,4,3.7,17,74,3,4,0,0,1.03,LAN202303310
Merrill Kelly,kellm002,2023-04-06,2023,ARI,LAN,4,5.7,25,95,6,4,0,1,1.03,ARI202304060
Merrill Kelly,kellm002,2023-04-11,2023,ARI,MIL,7,6.0,22,74,1,4,1,1,1.03,ARI202304110
Merrill Kelly,kellm002,2023-04-17,2023,ARI,SLN,3,6.0,22,80,5,0,0,0,1.0,SLN202304170
Merrill Kelly,kellm002,2023-04-22,2023,ARI,SDN,7,5.0,22,85,3,5,1,1,1.03,ARI202304220
Merrill Kelly,kellm002,2023-04-28,2023,ARI,COL,5,6.0,24,91,6,1,0,0,0.92,COL202304280
Merrill Kelly,kellm002,2023-05-05,2023,ARI,WAS,10,7.0,25,89,4,1,1,1,1.03,ARI202305050
Merrill Kelly,kellm002,2023-05-10,2023,ARI,MIA,6,6.0,23,87,4,1,1,1,1.03,ARI202305100
Merrill Kelly,kellm002,2023-05-15,2023,ARI,OAK,9,7.0,27,87,4,1,1,0,1.0,OAK202305150
Merrill Kelly,kellm002,2023-05-21,2023,ARI,PIT,4,5.0,20,77,3,2,0,0,1.0,PIT202305210
Merrill Kelly,kellm002,2023-05-28,2023,ARI,BOS,10,6.3,25,96,4,2,0,1,1.03,ARI202305280
Merrill Kelly,kellm002,2023-06-02,2023,ARI,ATL,8,7.0,27,94,5,3,2,1,1.03,ARI202306020
Merrill Kelly,kellm002,2023-06-09,2023,ARI,DET,5,6.3,27,87,7,2,1,0,1.0,DET202306090
Merrill Kelly,kellm002,2023-06-14,2023,ARI,PHI,7,6.0,25,99,3,4,1,1,1.03,ARI202306140
Merrill Kelly,kellm002,2023-06-19,2023,ARI,MIL,7,7.0,23,77,3,1,0,0,1.05,MIL202306190
Merrill Kelly,kellm002,2023-06-24,2023,ARI,SFN,2,5.0,27,81,10,2,1,0,1.03,SFN202306240
Merrill Kelly,kellm002,2023-07-25,2023,ARI,SLN,5,6.0,25,71,4,2,0,1,1.03,ARI202307250
Merrill Kelly,kellm002,2023-07-30,2023,ARI,SEA,6,5.0,24,85,7,2,1,1,1.03,ARI202307300
Merrill Kelly,kellm002,2023-08-04,2023,ARI,MIN,9,6.0,26,80,6,1,2,0,1.0,MIN202308040
Merrill Kelly,kellm002,2023-08-09,2023,ARI,LAN,2,6.0,24,79,6,2,0,1,1.03,ARI202308090
Merrill Kelly,kellm002,2023-08-14,2023,ARI,COL,11,6.0,24,78,5,1,2,0,0.92,COL202308140
Merrill Kelly,kellm002,2023-08-19,2023,ARI,SDN,3,5.3,23,92,5,4,2,0,1.08,SDN202308191
Merrill Kelly,kellm002,2023-08-24,2023,ARI,CIN,12,7.0,22,76,1,0,0,1,1.03,ARI202308240
Merrill Kelly,kellm002,2023-08-29,2023,ARI,LAN,1,5.0,27,87,12,3,0,0,1.03,LAN202308290
Merrill Kelly,kellm002,2023-09-04,2023,ARI,COL,12,7.0,24,82,4,1,0,1,1.03,ARI202309040
Merrill Kelly,kellm002,2023-09-09,2023,ARI,CHN,6,5.7,25,97,4,5,0,0,0.97,CHN202309090
Merrill Kelly,kellm002,2023-09-14,2023,ARI,NYN,7,5.0,25,84,6,4,1,0,1.06,NYN202309140
Merrill Kelly,kellm002,2023-09-20,2023,ARI,SFN,5,6.7,26,87,3,3,1,1,1.03,ARI202309200
Merrill Kelly,kellm002,2023-09-25,2023,ARI,NYA,5,5.0,20,95,4,2,1,0,0.99,NYA202309250
Merrill Kelly,kellm002,2023-09-30,2023,ARI,HOU,5,7.0,26,88,5,2,0,1,1.03,ARI202309300
Mitch Keller,kellm003,2023-03-30,2023,PIT,CIN,8,4.7,23,100,5,4,1,0,1.0,CIN202303300
Mitch Keller,kellm003,2023-04-05,2023,PIT,BOS,7,7.0,26,107,4,2,0,0,0.98,BOS202304050
Mitch Keller,kellm003,2023-04-11,2023,PIT,HOU,7,6.0,26,91,6,2,2,1,1.0,PIT202304110
Mitch Keller,kellm003,2023-04-16,2023,PIT,SLN,3,6.0,26,78,7,2,1,0,1.0,SLN202304160
Mitch Keller,kellm003,2023-04-21,2023,PIT,CIN,5,6.0,24,85,4,1,0,1,1.0,PIT202304210
Mitch Keller,kellm003,2023-04-27,2023,PIT,LAN,10,6.0,24,91,5,1,0,1,1.0,PIT202304270
Mitch Keller,kellm003,2023-05-03,2023,PIT,TBA,8,5.0,23,88,5,1,0,0,1.05,TBA202305030
Mitch Keller,kellm003,2023-05-08,2023,PIT,COL,8,9.0,31,101,4,1,0,1,1.0,PIT202305080
Mitch Keller,kellm003,2023-05-14,2023,PIT,BAL,13,7.0,26,86,4,0,0,0,1.0,BAL202305140
Mitch Keller,kellm003,2023-05-20,2023,PIT,ARI,8,6.0,22,72,3,0,1,1,1.0,PIT202305200
Mitch Keller,kellm003,2023-05-26,2023,PIT,SEA,8,6.0,28,86,7,2,2,0,1.04,SEA202305260
Mitch Keller,kellm003,2023-05-31,2023,PIT,SFN,8,6.0,27,85,10,1,0,0,1.03,SFN202305310
Mitch Keller,kellm003,2023-06-06,2023,PIT,OAK,1,5.3,26,95,8,4,1,1,1.0,PIT202306060
Mitch Keller,kellm003,2023-06-11,2023,PIT,NYN,7,7.0,26,87,2,2,1,1,1.0,PIT202306110
Mitch Keller,kellm003,2023-06-17,2023,PIT,MIL,7,5.0,24,74,5,3,1,0,1.05,MIL202306170
Mitch Keller,kellm003,2023-06-22,2023,PIT,MIA,5,7.0,26,85,5,0,0,0,0.98,MIA202306220
Mitch Keller,kellm003,2023-06-28,2023,PIT,SDN,5,6.0,24,96,4,2,0,1,1.0,PIT202306280
Mitch Keller,kellm003,2023-07-03,2023,PIT,LAN,7,5.0,26,93,8,1,1,0,1.03,LAN202307030
Mitch Keller,kellm003,2023-07-08,2023,PIT,ARI,4,7.0,26,89,1,5,0,0,1.03,ARI202307080
Mitch Keller,kellm003,2023-07-18,2023,PIT,CLE,1,6.0,30,102,10,2,2,1,1.0,PIT202307180
Mitch Keller,kellm003,2023-07-23,2023,PIT,ANA,7,5.0,25,85,9,1,3,0,0.99,ANA202307230
Mitch Keller,kellm003,2023-07-28,2023,PIT,PHI,8,5.7,25,96,6,3,1,1,1.0,PIT202307280
Mitch Keller,kellm003,2023-08-03,2023,PIT,MIL,5,5.0,27,83,9,3,1,0,1.05,MIL202308030
Mitch Keller,kellm003,2023-08-08,2023,PIT,ATL,4,5.0,24,74,9,0,1,1,1.0,PIT202308080
Mitch Keller,kellm003,2023-08-13,2023,PIT,CIN,7,6.0,25,71,5,3,0,1,1.0,PIT202308131
Mitch Keller,kellm003,2023-08-19,2023,PIT,MIN,12,6.0,25,73,7,1,0,0,1.0,MIN202308190
Mitch Keller,kellm003,2023-08-25,2023,PIT,CHN,6,8.0,29,85,4,1,0,1,1.0,PIT202308250
Mitch Keller,kellm003,2023-09-01,2023,PIT,SLN,8,6.0,26,79,5,3,1,0,1.0,SLN202309010
Mitch Keller,kellm003,2023-09-08,2023,PIT,ATL,4,5.0,29,88,12,0,2,0,1.02,ATL202309080
Mitch Keller,kellm003,2023-09-14,2023,PIT,WAS,7,8.0,27,84,2,1,0,1,1.0,PIT202309140
Mitch Keller,kellm003,2023-09-20,2023,PIT,CHN,6,5.7,27,86,9,1,2,0,0.97,CHN202309200
Mitch Keller,kellm003,2023-09-26,2023,PIT,PHI,6,6.0,22,85,3,2,1,0,1.01,PHI202309260
Trevor Kelley,kellt002,2023-05-12,2023,TBA,NYA,2,2.0,7,33,1,0,1,0,0.99,NYA202305120
Trevor Kelley,kellt002,2023-05-22,2023,TBA,TOR,0,2.0,8,30,2,0,0,1,1.05,TBA202305220
Trevor Kelley,kellt002,2023-06-03,2023,TBA,BOS,2,2.3,9,30,1,0,0,0,0.98,BOS202306031
Brett Kennedy,kennb001,2023-07-04,2023,CIN,WAS,3,5.0,22,82,5,2,0,0,1.01,WAS202307040
Brett Kennedy,kennb001,2023-08-18,2023,CIN,TOR,2,5.0,20,69,3,1,0,1,1.0,CIN202308180
Clayton Kershaw,kersc001,2023-04-01,2023,LAN,ARI,9,6.0,21,70,4,0,1,1,1.03,LAN202304010
Clayton Kershaw,kersc001,2023-04-07,2023,LAN,ARI,4,6.0,27,86,7,2,2,0,1.03,ARI202304070
Clayton Kershaw,kersc001,2023-04-12,2023,LAN,SFN,4,6.0,25,100,5,2,0,0,1.03,SFN202304120
Clayton Kershaw,kersc001,2023-04-18,2023,LAN,NYN,9,7.0,25,105,3,0,0,1,1.03,LAN202304180
Clayton Kershaw,kersc001,2023-04-23,2023,LAN,CHN,6,6.0,23,80,3,1,1,0,0.97,CHN202304230
Clayton Kershaw,kersc001,2023-04-29,2023,LAN,SLN,9,7.0,23,67,2,0,0,1,1.03,LAN202304290
Clayton Kershaw,kersc001,2023-05-05,2023,LAN,SDN,7,4.7,25,91,8,5,2,0,1.08,SDN202305050
Clayton Kershaw,kersc001,2023-05-10,2023,LAN,MIL,8,7.0,24,82,5,0,1,0,1.05,MIL202305100
Clayton Kershaw,kersc001,2023-05-16,2023,LAN,MIN,7,4.0,20,81,7,1,0,1,1.03,LAN202305160
Clayton Kershaw,kersc001,2023-05-21,2023,LAN,SLN,6,3.7,19,77,5,3,0,0,1.0,SLN202305210
Clayton Kershaw,kersc001,2023-05-27,2023,LAN,TBA,6,5.0,23,79,6,2,1,0,1.05,TBA202305270
Clayton Kershaw,kersc001,2023-06-02,2023,LAN,NYA,9,7.0,25,89,4,1,2,1,1.03,LAN202306020
Clayton Kershaw,kersc001,2023-06-08,2023,LAN,CIN,9,7.0,27,93,5,2,0,0,1.0,CIN202306080
Clayton Kershaw,kersc001,2023-06-14,2023,LAN,CHA,5,6.0,27,88,6,2,2,1,1.03,LAN202306140
Clayton Kershaw,kersc001,2023-06-20,2023,LAN,ANA,5,7.0,27,91,5,2,0,0,0.99,ANA202306200
Clayton Kershaw,kersc001,2023-06-27,2023,LAN,COL,2,6.0,18,69,1,1,0,0,0.92,COL202306270
Clayton Kershaw,kersc001,2023-08-10,2023,LAN,COL,4,5.0,18,57,3,0,1,1,1.03,LAN202308100
Clayton Kershaw,kersc001,2023-08-16,2023,LAN,MIL,2,5.0,19,69,3,2,1,1,1.03,LAN202308160
Clayton Kershaw,kersc001,2023-08-23,2023,LAN,CLE,4,2.0,8,29,1,0,1,0,1.04,CLE202308230
Clayton Kershaw,kersc001,2023-08-29,2023,LAN,ARI,5,5.0,20,68,3,3,1,1,1.03,LAN202308290
Clayton Kershaw,kersc001,2023-09-05,2023,LAN,MIA,3,5.0,23,82,5,5,2,0,0.98,MIA202309050
Clayton Kershaw,kersc001,2023-09-16,2023,LAN,SEA,4,4.0,15,50,2,2,0,0,1.04,SEA202309160
Clayton Kershaw,kersc001,2023-09-23,2023,LAN,SFN,5,5.0,19,67,2,2,0,1,1.03,LAN202309230
Clayton Kershaw,kersc001,2023-09-30,2023,LAN,SFN,5,5.3,22,81,5,2,1,0,1.03,SFN202309300
Dallas Keuchel,keucd001,2023-08-06,2023,MIN,ARI,0,5.0,23,71,8,2,0,1,1.0,MIN202308060
Dallas Keuchel,keucd001,2023-08-11,2023,MIN,PHI,0,1.7,13,47,6,2,0,0,1.01,PHI202308110
Dallas Keuchel,keucd001,2023-08-20,2023,MIN,PIT,3,6.3,20,77,1,0,0,1,1.0,MIN202308200
Dallas Keuchel,keucd001,2023-09-02,2023,MIN,TEX,2,3.3,16,53,5,1,2,0,0.99,TEX202309020
Dallas Keuchel,keucd001,2023-09-08,2023,MIN,NYN,6,5.0,19,59,3,2,0,1,1.0,MIN202309080
Dallas Keuchel,keucd001,2023-09-13,2023,MIN,TBA,3,4.0,22,78,6,3,0,1,1.0,MIN202309130
Yusei Kikuchi,kikuy001,2023-04-04,2023,TOR,KCA,2,5.0,18,69,3,1,1,0,0.96,KCA202304040
Yusei Kikuchi,kikuy001,2023-04-09,2023,TOR,ANA,6,4.3,22,99,9,1,3,0,0.99,ANA202304090
Yusei Kikuchi,kikuy001,2023-04-15,2023,TOR,TBA,9,6.0,23,94,4,1,1,1,1.0,TOR202304150
Yusei Kikuchi,kikuy001,2023-04-21,2023,TOR,NYA,3,6.0,22,79,4,2,1,0,0.99,NYA202304210
Yusei Kikuchi,kikuy001,2023-04-26,2023,TOR,CHA,8,5.7,21,89,4,1,0,1,1.0,TOR202304260
Yusei Kikuchi,kikuy001,2023-05-02,2023,TOR,BOS,2,4.3,22,85,9,0,2,0,0.98,BOS202305020
Yusei Kikuchi,kikuy001,2023-05-07,2023,TOR,PIT,3,6.3,25,90,4,2,0,0,1.0,PIT202305070
Yusei Kikuchi,kikuy001,2023-05-14,2023,TOR,ATL,7,4.0,22,78,9,0,3,1,1.0,TOR202305140
Yusei Kikuchi,kikuy001,2023-05-19,2023,TOR,BAL,3,4.7,20,62,3,4,1,1,1.0,TOR202305190
Yusei Kikuchi,kikuy001,2023-05-24,2023,TOR,TBA,5,5.0,25,86,8,2,2,0,1.05,TBA202305240
Yusei Kikuchi,kikuy001,2023-05-30,2023,TOR,MIL,4,5.0,22,81,3,5,1,1,1.0,TOR202305300
Yusei Kikuchi,kikuy001,2023-06-04,2023,TOR,NYN,8,5.0,20,74,4,1,2,0,1.06,NYN202306040
Yusei Kikuchi,kikuy001,2023-06-09,2023,TOR,MIN,4,5.0,20,70,4,1,1,1,1.0,TOR202306090
Yusei Kikuchi,kikuy001,2023-06-15,2023,TOR,BAL,7,4.7,23,83,6,2,1,0,1.0,BAL202306150
Yusei Kikuchi,kikuy001,2023-06-20,2023,TOR,MIA,6,6.0,19,71,2,0,0,0,0.98,MIA202306200
Yusei Kikuchi,kikuy001,2023-06-25,2023,TOR,OAK,8,7.0,25,87,2,2,1,1,1.0,TOR202306250
Yusei Kikuchi,kikuy001,2023-07-01,2023,TOR,BOS,7,4.3,22,81,7,2,1,1,1.0,TOR202307010
Yusei Kikuchi,kikuy001,2023-07-06,2023,TOR,CHA,4,5.0,21,74,8,0,1,0,0.99,CHA202307062
Yusei Kikuchi,kikuy001,2023-07-16,2023,TOR,ARI,4,4.7,20,79,2,3,0,1,1.0,TOR202307160
Yusei Kikuchi,kikuy001,2023-07-21,2023,TOR,SEA,8,5.3,21,63,5,1,0,0,1.04,SEA202307210
Yusei Kikuchi,kikuy001,2023-07-26,2023,TOR,LAN,8,6.0,26,99,7,2,0,0,1.03,LAN202307260
Yusei Kikuchi,kikuy001,2023-08-02,2023,TOR,BAL,3,6.0,25,76,6,1,0,1,1.0,TOR202308020
Yusei Kikuchi,kikuy001,2023-08-08,2023,TOR,CLE,6,7.0,25,87,3,1,0,0,1.04,CLE202308080
Yusei Kikuchi,kikuy001,2023-08-15,2023,TOR,PHI,7,6.0,21,67,4,0,0,1,1.0,TOR202308150
Yusei Kikuchi,kikuy001,2023-08-22,2023,TOR,BAL,6,4.7,22,66,7,1,0,0,1.0,BAL202308220
Yusei Kikuchi,kikuy001,2023-08-27,2023,TOR,CLE,8,6.0,25,83,6,2,1,1,1.0,TOR202308270
Yusei Kikuchi,kikuy001,2023-09-02,2023,TOR,COL,6,4.7,25,90,6,4,0,0,0.92,COL202309020
Yusei Kikuchi,kikuy001,2023-09-08,2023,TOR,KCA,8,5.0,18,68,3,1,1,1,1.0,TOR202309080
Yusei Kikuchi,kikuy001,2023-09-13,2023,TOR,TEX,3,5.0,22,86,5,2,2,1,1.0,TOR202309130
Yusei Kikuchi,kikuy001,2023-09-19,2023,TOR,NYA,7,5.0,19,69,4,1,0,0,0.99,NYA202309190
Yusei Kikuchi,kikuy001,2023-09-24,2023,TOR,TBA,7,4.0,19,55,9,0,0,0,1.05,TBA202309240
Yusei Kikuchi,kikuy001,2023-09-29,2023,TOR,TBA,4,5.0,20,61,5,2,1,1,1.0,TOR202309290
Caleb Kilian,kilic001,2023-04-29,2023,CHN,MIA,4,3.3,23,81,10,2,0,0,0.98,MIA202304290
Mike King,kingm002,2023-08-12,2023,NYA,MIA,3,2.0,10,35,4,0,1,0,0.98,MIA202308120
Mike King,kingm002,2023-08-24,2023,NYA,WAS,3,2.7,12,50,1,2,0,1,0.99,NYA202308240
Mike King,kingm002,2023-08-29,2023,NYA,DET,5,4.0,15,50,3,0,0,0,1.0,DET202308290
Mike King,kingm002,2023-09-03,2023,NYA,HOU,4,5.0,18,52,5,0,0,0,1.02,HOU202309030
Mike King,kingm002,2023-09-09,2023,NYA,MIL,9,5.0,20,66,4,1,0,1,0.99,NYA202309090
Mike King,kingm002,2023-09-14,2023,NYA,BOS,8,4.7,20,63,6,1,0,0,0.98,BOS202309141
Mike King,kingm002,2023-09-20,2023,NYA,TOR,13,7.0,26,90,5,0,0,1,0.99,NYA202309200
Mike King,kingm002,2023-09-26,2023,NYA,TOR,5,6.0,23,95,1,5,0,0,1.0,TOR202309260
Mike King,kingm002,2023-10-01,2023,NYA,KCA,1,4.0,19,69,8,0,3,0,0.96,KCA202310010
George Kirby,kirbg001,2023-04-03,2023,SEA,ANA,5,4.3,23,81,9,1,1,1,1.04,SEA202304030
George Kirby,kirbg001,2023-04-09,2023,SEA,CLE,4,6.0,23,96,5,0,0,0,1.04,CLE202304090
George Kirby,kirbg001,2023-04-15,2023,SEA,COL,3,6.3,24,84,6,0,0,1,1.04,SEA202304150
George Kirby,kirbg001,2023-04-21,2023,SEA,SLN,5,6.0,22,71,3,0,0,1,1.04,SEA202304210
George Kirby,kirbg001,2023-04-27,2023,SEA,PHI,7,8.0,28,76,4,1,0,0,1.01,PHI202304270
George Kirby,kirbg001,2023-05-04,2023,SEA,OAK,2,7.0,28,88,7,1,1,0,1.0,OAK202305040
George Kirby,kirbg001,2023-05-09,2023,SEA,TEX,9,7.0,27,86,6,0,0,1,1.04,SEA202305090
George Kirby,kirbg001,2023-05-15,2023,SEA,BOS,6,6.7,27,95,8,1,0,0,0.98,BOS202305150
George Kirby,kirbg001,2023-05-21,2023,SEA,ATL,6,7.0,28,83,6,1,1,0,1.02,ATL202305210
George Kirby,kirbg001,2023-05-26,2023,SEA,PIT,4,4.7,24,78,9,1,4,1,1.04,SEA202305260
George Kirby,kirbg001,2023-05-31,2023,SEA,NYA,7,8.0,26,90,3,0,0,1,1.04,SEA202305310
George Kirby,kirbg001,2023-06-07,2023,SEA,SDN,3,3.7,21,68,11,0,1,0,1.08,SDN202306070
George Kirby,kirbg001,2023-06-13,2023,SEA,MIA,10,6.0,22,80,3,0,0,1,1.04,SEA202306130
George Kirby,kirbg001,2023-06-20,2023,SEA,NYA,4,7.0,28,90,8,0,1,0,0.99,NYA202306200
George Kirby,kirbg001,2023-06-25,2023,SEA,BAL,4,6.3,25,85,6,1,1,0,1.0,BAL202306250
George Kirby,kirbg001,2023-07-01,2023,SEA,TBA,7,7.0,25,96,2,2,1,1,1.04,SEA202307010
George Kirby,kirbg001,2023-07-06,2023,SEA,HOU,3,6.7,26,83,6,1,0,0,1.02,HOU202307060
George Kirby,kirbg001,2023-07-15,2023,SEA,DET,4,5.0,23,77,8,1,2,1,1.04,SEA202307150
George Kirby,kirbg001,2023-07-20,2023,SEA,MIN,10,7.0,25,83,4,0,0,1,1.04,SEA202307200
George Kirby,kirbg001,2023-07-25,2023,SEA,MIN,9,4.0,20,57,7,1,1,0,1.0,MIN202307250
George Kirby,kirbg001,2023-07-31,2023,SEA,BOS,7,5.0,21,89,4,2,0,1,1.04,SEA202307310
George Kirby,kirbg001,2023-08-05,2023,SEA,ANA,5,7.0,24,86,3,0,1,0,0.99,ANA202308050
George Kirby,kirbg001,2023-08-12,2023,SEA,BAL,7,9.0,29,77,3,0,0,1,1.04,SEA202308120
George Kirby,kirbg001,2023-08-17,2023,SEA,KCA,2,6.0,24,68,8,0,1,0,0.96,KCA202308170
George Kirby,kirbg001,2023-08-23,2023,SEA,CHA,9,5.7,25,93,8,0,1,0,0.99,CHA202308230
George Kirby,kirbg001,2023-09-03,2023,SEA,NYN,3,3.0,16,64,6,0,1,0,1.06,NYN202309030
George Kirby,kirbg001,2023-09-08,2023,SEA,TBA,6,6.3,27,97,5,2,1,0,1.05,TBA202309080
George Kirby,kirbg001,2023-09-15,2023,SEA,LAN,7,6.0,25,79,5,2,1,1,1.04,SEA202309150
George Kirby,kirbg001,2023-09-20,2023,SEA,OAK,3,7.0,28,79,8,0,2,0,1.0,OAK202309200
George Kirby,kirbg001,2023-09-26,2023,SEA,HOU,4,6.0,23,79,5,1,0,1,1.04,SEA202309260
George Kirby,kirbg001,2023-10-01,2023,SEA,TEX,7,6.0,20,67,3,0,0,1,1.04,SEA202310010
Corey Kluber,klubc001,2023-03-30,2023,BOS,BAL,4,3.3,19,77,6,4,2,1,0.98,BOS202303300
Corey Kluber,klubc001,2023-04-05,2023,BOS,PIT,2,5.0,19,67,3,1,1,1,0.98,BOS202304050
Corey Kluber,klubc001,2023-04-13,2023,BOS,TBA,7,4.7,19,76,4,1,1,0,1.05,TBA202304130
Corey Kluber,klubc001,2023-04-19,2023,BOS,MIN,4,5.0,26,88,6,2,2,1,0.98,BOS202304190
Corey Kluber,klubc001,2023-04-25,2023,BOS,BAL,3,6.0,23,65,5,0,1,0,1.0,BAL202304250
Corey Kluber,klubc001,2023-05-01,2023,BOS,TOR,7,5.3,25,95,5,4,1,1,0.98,BOS202305010
Corey Kluber,klubc001,2023-05-06,2023,BOS,PHI,1,5.0,23,90,7,0,1,0,1.01,PHI202305060
Corey Kluber,klubc001,2023-05-14,2023,BOS,SLN,5,5.0,25,80,7,3,2,1,0.98,BOS202305140
Corey Kluber,klubc001,2023-05-21,2023,BOS,SDN,1,2.3,13,64,3,3,0,0,1.08,SDN202305210
Reiss Knehr,knehr001,2023-06-27,2023,SDN,PIT,1,2.0,14,50,6,2,2,0,1.0,PIT202306270
Matt Koch,kochm001,2023-09-30,2023,COL,MIN,2,1.0,4,13,1,0,0,1,0.92,COL202309300
Michael Kopech,kopem001,2023-04-03,2023,CHA,SFN,5,4.7,25,81,8,3,5,1,0.99,CHA202304030
Michael Kopech,kopem001,2023-04-09,2023,CHA,PIT,5,6.0,23,102,2,3,0,0,1.0,PIT202304090
Michael Kopech,kopem001,2023-04-15,2023,CHA,BAL,4,5.0,23,91,6,4,2,1,0.99,CHA202304150
Michael Kopech,kopem001,2023-04-21,2023,CHA,TBA,9,5.0,25,96,6,4,1,0,1.05,TBA202304210
Michael Kopech,kopem001,2023-04-26,2023,CHA,TOR,4,5.0,23,90,6,2,0,0,1.0,TOR202304260
Michael Kopech,kopem001,2023-05-02,2023,CHA,MIN,7,6.0,23,79,1,5,0,1,0.99,CHA202305020
Michael Kopech,kopem001,2023-05-07,2023,CHA,CIN,2,6.0,28,90,8,1,4,0,1.0,CIN202305070
Michael Kopech,kopem001,2023-05-12,2023,CHA,HOU,5,4.7,22,87,1,6,0,1,0.99,CHA202305120
Michael Kopech,kopem001,2023-05-19,2023,CHA,KCA,10,8.0,24,88,1,0,0,1,0.99,CHA202305190
Michael Kopech,kopem001,2023-05-24,2023,CHA,CLE,9,7.0,23,87,2,1,0,0,1.04,CLE202305240
Michael Kopech,kopem001,2023-05-29,2023,CHA,ANA,10,4.3,23,91,5,2,2,1,0.99,CHA202305290
Michael Kopech,kopem001,2023-06-04,2023,CHA,DET,9,7.0,25,81,3,1,1,1,0.99,CHA202306040
Michael Kopech,kopem001,2023-06-10,2023,CHA,MIA,6,5.0,22,92,5,1,0,1,0.99,CHA202306100
Michael Kopech,kopem001,2023-06-16,2023,CHA,SEA,4,4.3,24,93,6,6,0,0,1.04,SEA202306160
Michael Kopech,kopem001,2023-06-21,2023,CHA,TEX,5,4.0,19,69,4,3,1,1,0.99,CHA202306210
Michael Kopech,kopem001,2023-06-27,2023,CHA,ANA,3,4.0,21,93,4,7,1,0,0.99,ANA202306270
Michael Kopech,kopem001,2023-07-14,2023,CHA,ATL,0,0.7,8,33,1,4,1,0,1.02,ATL202307140
Michael Kopech,kopem001,2023-07-20,2023,CHA,NYN,5,5.7,22,81,2,4,1,0,1.06,NYN202307200
Michael Kopech,kopem001,2023-07-25,2023,CHA,CHN,5,5.0,25,93,9,1,3,1,0.99,CHA202307250
Michael Kopech,kopem001,2023-07-30,2023,CHA,CLE,2,5.0,23,87,4,5,2,1,0.99,CHA202307300
Michael Kopech,kopem001,2023-08-05,2023,CHA,CLE,3,5.3,22,87,3,4,0,0,1.04,CLE202308050
Michael Kopech,kopem001,2023-08-11,2023,CHA,MIL,4,4.3,23,91,5,5,1,1,0.99,CHA202308110
Michael Kopech,kopem001,2023-08-18,2023,CHA,COL,1,4.0,22,72,6,4,3,0,0.92,COL202308180
Michael Kopech,kopem001,2023-08-23,2023,CHA,SEA,5,4.0,17,62,1,4,0,1,0.99,CHA202308230
Michael Kopech,kopem001,2023-08-28,2023,CHA,BAL,5,4.0,23,80,7,4,0,0,1.0,BAL202308280
Michael Kopech,kopem001,2023-09-03,2023,CHA,DET,2,1.7,10,44,1,5,0,1,0.99,CHA202309030
Michael Kopech,kopem001,2023-09-20,2023,CHA,WAS,1,1.0,5,14,1,0,0,0,1.01,WAS202309200
Dean Kremer,kremd001,2023-04-01,2023,BAL,BOS,3,3.0,15,48,6,1,2,0,0.98,BOS202304010
Dean Kremer,kremd001,2023-04-07,2023,BAL,NYA,4,5.0,22,77,5,3,1,1,1.0,BAL202304070
Dean Kremer,kremd001,2023-04-12,2023,BAL,OAK,1,4.3,21,81,5,2,2,1,1.0,BAL202304120
Dean Kremer,kremd001,2023-04-18,2023,BAL,WAS,6,6.7,25,86,4,0,0,0,1.01,WAS202304180
Dean Kremer,kremd001,2023-04-24,2023,BAL,BOS,5,5.7,23,76,7,1,2,1,1.0,BAL202304240
Dean Kremer,kremd001,2023-04-29,2023,BAL,DET,6,5.0,26,85,11,2,0,0,1.0,DET202304291
Dean Kremer,kremd001,2023-05-05,2023,BAL,ATL,3,6.0,24,93,6,2,0,0,1.02,ATL202305050
Dean Kremer,kremd001,2023-05-10,2023,BAL,TBA,4,6.0,23,93,4,2,0,1,1.0,BAL202305100
Dean Kremer,kremd001,2023-05-16,2023,BAL,ANA,4,5.7,23,92,6,0,1,1,1.0,BAL202305160
Dean Kremer,kremd001,2023-05-21,2023,BAL,TOR,7,5.3,25,100,9,2,1,0,1.0,TOR202305210
Dean Kremer,kremd001,2023-05-27,2023,BAL,TEX,5,6.3,26,77,5,2,0,1,1.0,BAL202305270
Dean Kremer,kremd001,2023-06-02,2023,BAL,SFN,6,6.0,23,93,5,2,1,0,1.03,SFN202306020
Dean Kremer,kremd001,2023-06-07,2023,BAL,MIL,5,5.0,25,88,9,0,2,0,1.05,MIL202306070
Dean Kremer,kremd001,2023-06-13,2023,BAL,TOR,6,6.0,25,90,8,0,0,1,1.0,BAL202306130
Dean Kremer,kremd001,2023-06-18,2023,BAL,CHN,7,5.0,21,74,3,2,2,0,0.97,CHN202306180
Dean Kremer,kremd001,2023-06-24,2023,BAL,SEA,5,7.0,27,75,5,1,3,1,1.0,BAL202306240
Dean Kremer,kremd001,2023-06-30,2023,BAL,MIN,5,3.0,19,85,7,2,2,1,1.0,BAL202306300
Dean Kremer,kremd001,2023-07-05,2023,BAL,NYA,10,7.0,25,86,4,1,1,0,0.99,NYA202307050
Dean Kremer,kremd001,2023-07-14,2023,BAL,MIA,8,6.0,23,85,2,2,0,1,1.0,BAL202307140
Dean Kremer,kremd001,2023-07-19,2023,BAL,LAN,1,4.7,22,84,4,4,2,1,1.0,BAL202307190
Dean Kremer,kremd001,2023-07-24,2023,BAL,PHI,3,7.0,26,71,3,2,0,0,1.01,PHI202307240
Dean Kremer,kremd001,2023-07-30,2023,BAL,NYA,7,4.0,21,64,7,2,1,1,1.0,BAL202307300
Dean Kremer,kremd001,2023-08-04,2023,BAL,NYN,4,5.3,21,67,2,4,0,1,1.0,BAL202308040
Dean Kremer,kremd001,2023-08-10,2023,BAL,HOU,5,7.0,29,80,6,2,2,1,1.0,BAL202308100
Dean Kremer,kremd001,2023-08-16,2023,BAL,SDN,4,6.0,25,82,5,2,0,0,1.08,SDN202308160
Dean Kremer,kremd001,2023-08-23,2023,BAL,TOR,5,6.0,22,94,5,0,0,1,1.0,BAL202308230
Dean Kremer,kremd001,2023-08-29,2023,BAL,CHA,5,6.0,24,80,6,0,1,1,1.0,BAL202308290
Dean Kremer,kremd001,2023-09-05,2023,BAL,ANA,5,4.7,21,71,4,3,0,0,0.99,ANA202309050
Dean Kremer,kremd001,2023-09-11,2023,BAL,SLN,2,4.3,23,80,7,4,0,1,1.0,BAL202309110
Dean Kremer,kremd001,2023-09-17,2023,BAL,TBA,5,5.0,19,68,2,2,1,1,1.0,BAL202309170
Dean Kremer,kremd001,2023-09-22,2023,BAL,CLE,3,3.3,21,81,7,2,0,0,1.04,CLE202309220
Dean Kremer,kremd001,2023-09-28,2023,BAL,BOS,8,5.3,20,74,2,1,0,1,1.0,BAL202309280
Chad Kuhl,kuhlc001,2023-04-04,2023,WAS,TBA,4,5.0,20,81,4,1,1,1,1.01,WAS202304040
Chad Kuhl,kuhlc001,2023-04-09,2023,WAS,COL,3,5.0,24,89,6,4,2,0,0.92,COL202304090
Chad Kuhl,kuhlc001,2023-04-15,2023,WAS,CLE,2,4.7,23,96,7,3,1,1,1.01,WAS202304150
Chad Kuhl,kuhlc001,2023-04-22,2023,WAS,MIN,5,3.7,18,77,3,4,1,0,1.0,MIN202304220
Chad Kuhl,kuhlc001,2023-04-29,2023,WAS,PIT,4,3.7,22,89,7,4,0,1,1.01,WAS202304292
Jimmy Lambert,lambj003,2023-05-22,2023,CHA,CLE,0,1.0,5,20,1,1,0,0,1.04,CLE202305220
Peter Lambert,lambp001,2023-07-01,2023,COL,DET,2,3.0,12,38,2,1,0,1,0.92,COL202307010
Peter Lambert,lambp001,2023-07-21,2023,COL,MIA,3,5.0,19,69,3,1,0,0,0.98,MIA202307210
Peter Lambert,lambp001,2023-07-26,2023,COL,WAS,2,6.0,22,71,3,1,0,0,1.01,WAS202307260
Peter Lambert,lambp001,2023-08-01,2023,COL,SDN,2,4.3,19,69,4,2,0,1,0.92,COL202308010
Peter Lambert,lambp001,2023-08-07,2023,COL,MIL,4,3.7,19,77,4,3,1,0,1.05,MIL202308070
Peter Lambert,lambp001,2023-08-12,2023,COL,LAN,4,6.0,25,78,7,1,2,0,1.03,LAN202308120
Peter Lambert,lambp001,2023-08-18,2023,COL,CHA,5,7.0,24,79,4,1,1,1,0.92,COL202308180
Peter Lambert,lambp001,2023-08-24,2023,COL,TBA,6,5.0,20,87,4,1,1,0,1.05,TBA202308240
Peter Lambert,lambp001,2023-08-29,2023,COL,ATL,2,5.0,25,80,9,0,1,1,0.92,COL202308290
Peter Lambert,lambp001,2023-09-04,2023,COL,ARI,5,6.0,25,84,6,1,0,0,1.03,ARI202309040
Peter Lambert,lambp001,2023-09-10,2023,COL,SFN,2,5.0,24,60,8,2,3,0,1.03,SFN202309100
Dinelson Lamet,lamed001,2023-05-31,2023,COL,ARI,4,3.0,16,69,7,0,0,0,1.03,ARI202305310
Dinelson Lamet,lamed001,2023-06-06,2023,COL,SFN,4,3.0,18,64,6,2,0,1,0.92,COL202306060
Dinelson Lamet,lamed001,2023-06-11,2023,COL,SDN,5,5.0,23,73,6,3,1,1,0.92,COL202306110
Dinelson Lamet,lamed001,2023-06-16,2023,COL,ATL,5,4.0,20,85,5,5,3,0,1.02,ATL202306160
Eric Lauer,lauee001,2023-04-02,2023,MIL,CHN,6,5.3,21,82,5,2,1,0,0.97,CHN202304020
Eric Lauer,lauee001,2023-04-08,2023,MIL,SLN,4,4.0,22,82,7,3,2,1,1.05,MIL202304080
Eric Lauer,lauee001,2023-04-14,2023,MIL,SDN,5,6.0,23,94,5,2,1,0,1.08,SDN202304140
Eric Lauer,lauee001,2023-04-19,2023,MIL,SEA,4,7.7,27,93,4,1,1,0,1.04,SEA202304190
Eric Lauer,lauee001,2023-04-25,2023,MIL,DET,4,3.0,19,77,8,2,1,1,1.05,MIL202304250
Eric Lauer,lauee001,2023-05-03,2023,MIL,COL,6,4.7,22,73,4,4,0,0,0.92,COL202305030
Eric Lauer,lauee001,2023-05-09,2023,MIL,LAN,4,3.7,17,67,4,2,2,1,1.05,MIL202305090
Eric Lauer,lauee001,2023-05-20,2023,MIL,TBA,2,3.0,17,57,6,2,3,0,1.05,TBA202305200
Eric Lauer,lauee001,2023-09-30,2023,MIL,CHN,2,4.0,24,70,9,4,3,1,1.05,MIL202309300
Derek Law,law-d001,2023-05-11,2023,CIN,NYN,1,1.3,5,12,0,1,0,1,1.0,CIN202305110
Derek Law,law-d001,2023-05-13,2023,CIN,MIA,0,1.3,5,19,1,1,0,0,0.98,MIA202305130
Derek Law,law-d001,2023-09-14,2023,CIN,DET,1,1.0,6,27,2,0,0,0,1.0,DET202309140
Dylan Lee,lee-d005,2023-05-10,2023,ATL,BOS,3,2.7,9,31,0,1,0,1,1.02,ATL202305100
Matthew Liberatore,libem001,2023-05-17,2023,SLN,MIL,6,5.0,21,79,3,3,0,1,1.0,SLN202305170
Matthew Liberatore,libem001,2023-05-26,2023,SLN,CLE,2,5.0,23,80,5,2,0,0,1.04,CLE202305260
Matthew Liberatore,libem001,2023-06-06,2023,SLN,TEX,2,4.0,21,78,7,2,1,0,0.99,TEX202306060
Matthew Liberatore,libem001,2023-06-12,2023,SLN,SFN,5,6.0,27,75,7,2,0,1,1.0,SLN202306120
Matthew Liberatore,libem001,2023-06-18,2023,SLN,NYN,2,4.0,19,70,4,2,1,0,1.06,NYN202306180
Matthew Liberatore,libem001,2023-06-25,2023,SLN,CHN,3,2.3,14,56,4,2,0,1,1.0,SLN202306250
Matthew Liberatore,libem001,2023-07-01,2023,SLN,NYA,1,4.3,20,56,7,1,0,1,1.0,SLN202307012
Matthew Liberatore,libem001,2023-07-05,2023,SLN,MIA,0,0.3,7,21,5,1,0,0,0.98,MIA202307050
Matthew Liberatore,libem001,2023-08-03,2023,SLN,MIN,1,5.7,25,89,6,2,2,1,1.0,SLN202308030
Matthew Liberatore,libem001,2023-08-10,2023,SLN,TBA,7,8.0,25,88,2,0,0,0,1.05,TBA202308100
Matthew Liberatore,libem001,2023-08-16,2023,SLN,OAK,5,4.3,24,84,10,3,0,1,1.0,SLN202308160
Zack Littell,littz001,2023-06-29,2023,TBA,ARI,3,2.0,7,23,1,0,0,0,1.03,ARI202306290
Zack Littell,littz001,2023-07-05,2023,TBA,PHI,2,2.0,10,35,4,0,0,1,1.05,TBA202307050
Zack Littell,littz001,2023-07-19,2023,TBA,TEX,4,3.3,15,51,5,0,1,0,0.99,TEX202307190
Zack Littell,littz001,2023-07-30,2023,TBA,HOU,4,5.0,23,70,8,0,0,0,1.02,HOU202307300
Zack Littell,littz001,2023-08-04,2023,TBA,DET,1,6.0,21,67,3,1,0,0,1.0,DET202308040
Zack Littell,littz001,2023-08-10,2023,TBA,SLN,5,6.0,25,72,7,0,1,1,1.05,TBA202308100
Zack Littell,littz001,2023-08-15,2023,TBA,SFN,5,5.7,20,62,3,0,1,0,1.03,SFN202308150
Zack Littell,littz001,2023-08-22,2023,TBA,COL,6,5.3,24,75,7,1,1,1,1.05,TBA202308220
Zack Littell,littz001,2023-08-27,2023,TBA,NYA,4,6.0,24,74,4,1,3,1,1.05,TBA202308270
Zack Littell,littz001,2023-09-02,2023,TBA,CLE,1,4.7,23,79,9,0,1,0,1.04,CLE202309020
Zack Littell,littz001,2023-09-07,2023,TBA,SEA,4,8.0,29,64,5,1,0,1,1.05,TBA202309070
Zack Littell,littz001,2023-09-12,2023,TBA,MIN,8,7.0,26,62,5,0,2,0,1.0,MIN202309120
Zack Littell,littz001,2023-09-17,2023,TBA,BAL,3,4.7,18,43,4,0,0,0,1.0,BAL202309170
Zack Littell,littz001,2023-09-23,2023,TBA,TOR,6,5.7,27,85,5,1,0,1,1.05,TBA202309230
Ben Lively,liveb001,2023-05-19,2023,CIN,NYA,8,5.7,20,67,2,1,1,1,1.0,CIN202305190
Ben Lively,liveb001,2023-05-24,2023,CIN,SLN,8,6.0,25,89,5,2,2,1,1.0,CIN202305240
Ben Lively,liveb001,2023-05-30,2023,CIN,BOS,6,5.7,22,77,4,2,0,0,0.98,BOS202305300
Ben Lively,liveb001,2023-06-04,2023,CIN,MIL,5,7.0,29,96,6,3,2,1,1.0,CIN202306040
Ben Lively,liveb001,2023-06-09,2023,CIN,SLN,8,6.7,32,87,10,1,3,0,1.0,SLN202306090
Ben Lively,liveb001,2023-06-14,2023,CIN,KCA,4,5.7,27,91,10,0,0,0,0.96,KCA202306140
Ben Lively,liveb001,2023-06-20,2023,CIN,COL,4,4.0,19,71,3,4,2,1,1.0,CIN202306200
Ben Lively,liveb001,2023-07-09,2023,CIN,MIL,5,5.7,23,71,4,2,0,0,1.05,MIL202307090
Ben Lively,liveb001,2023-07-16,2023,CIN,MIL,3,4.0,15,48,3,0,1,1,1.0,CIN202307160
Ben Lively,liveb001,2023-07-21,2023,CIN,ARI,6,4.7,20,64,4,2,1,1,1.0,CIN202307210
Ben Lively,liveb001,2023-07-26,2023,CIN,MIL,3,6.7,27,85,8,0,1,0,1.05,MIL202307260
Ben Lively,liveb001,2023-08-01,2023,CIN,CHN,2,4.0,27,90,13,2,4,0,0.97,CHN202308010
Nick Lodolo,lodon001,2023-04-01,2023,CIN,PIT,9,5.0,24,98,7,2,0,1,1.0,CIN202304010
Nick Lodolo,lodon001,2023-04-08,2023,CIN,PHI,12,7.0,27,95,3,2,0,0,1.01,PHI202304080
Nick Lodolo,lodon001,2023-04-13,2023,CIN,PHI,6,5.0,24,97,8,2,1,1,1.0,CIN202304130
Nick Lodolo,lodon001,2023-04-18,2023,CIN,TBA,4,4.7,29,101,12,1,3,1,1.0,CIN202304180
Nick Lodolo,lodon001,2023-04-24,2023,CIN,TEX,6,4.0,21,70,9,2,2,1,1.0,CIN202304240
Nick Lodolo,lodon001,2023-04-30,2023,CIN,OAK,7,5.0,20,63,5,0,2,0,1.0,OAK202304300
Nick Lodolo,lodon001,2023-05-06,2023,CIN,CHA,3,3.7,21,68,6,1,2,1,1.0,CIN202305060
Sam Long,longs002,2023-07-07,2023,OAK,BOS,2,1.0,7,29,3,1,0,0,0.98,BOS202307070
Jacob Lopez,lopej007,2023-10-01,2023,TBA,TOR,4,5.3,27,85,8,2,0,0,1.0,TOR202310010
Pablo López,lopep002,2023-03-30,2023,MIN,KCA,8,5.3,21,80,2,3,0,0,0.96,KCA202303300
Pablo López,lopep002,2023-04-05,2023,MIN,MIA,8,7.0,23,88,3,1,1,0,0.98,MIA202304050
Pablo López,lopep002,2023-04-11,2023,MIN,CHA,10,7.7,27,89,3,1,0,1,1.0,MIN202304110
Pablo López,lopep002,2023-04-16,2023,MIN,NYA,7,6.0,27,103,7,1,1,0,0.99,NYA202304160
Pablo López,lopep002,2023-04-22,2023,MIN,WAS,6,4.0,23,72,8,2,0,1,1.0,MIN202304220
Pablo López,lopep002,2023-04-28,2023,MIN,KCA,7,6.0,27,79,8,1,1,1,1.0,MIN202304280
Pablo López,lopep002,2023-05-04,2023,MIN,CHA,8,7.0,28,100,6,1,1,0,0.99,CHA202305040
Pablo López,lopep002,2023-05-10,2023,MIN,SDN,8,6.3,23,88,2,4,1,1,1.0,MIN202305100
Pablo López,lopep002,2023-05-15,2023,MIN,LAN,4,4.7,21,89,5,0,3,0,1.03,LAN202305150
Pablo López,lopep002,2023-05-21,2023,MIN,ANA,9,6.0,26,80,5,3,0,0,0.99,ANA202305210
Pablo López,lopep002,2023-05-27,2023,MIN,TOR,6,5.7,24,85,5,3,2,1,1.0,MIN202305270
Pablo López,lopep002,2023-06-01,2023,MIN,CLE,5,5.7,26,86,8,1,0,1,1.0,MIN202306010
Pablo López,lopep002,2023-06-07,2023,MIN,TBA,6,7.0,26,87,5,1,1,0,1.05,TBA202306070
Pablo López,lopep002,2023-06-13,2023,MIN,MIL,9,6.0,24,94,4,1,0,1,1.0,MIN202306130
Pablo López,lopep002,2023-06-19,2023,MIN,BOS,9,5.7,27,94,6,3,0,1,1.0,MIN202306190
Pablo López,lopep002,2023-06-24,2023,MIN,DET,10,6.0,26,94,7,1,0,0,1.0,DET202306240
Pablo López,lopep002,2023-06-30,2023,MIN,BAL,6,6.0,24,76,3,3,1,0,1.0,BAL202306300
Pablo López,lopep002,2023-07-05,2023,MIN,KCA,12,9.0,30,81,4,0,0,1,1.0,MIN202307050
Pablo López,lopep002,2023-07-15,2023,MIN,OAK,7,5.7,27,87,8,3,2,0,1.0,OAK202307150
Pablo López,lopep002,2023-07-20,2023,MIN,SEA,7,5.0,23,81,6,2,1,0,1.04,SEA202307200
Pablo López,lopep002,2023-07-25,2023,MIN,SEA,8,7.0,27,84,6,1,2,1,1.0,MIN202307250
Pablo López,lopep002,2023-08-01,2023,MIN,SLN,5,6.0,21,88,4,0,0,0,1.0,SLN202308010
Pablo López,lopep002,2023-08-07,2023,MIN,DET,8,7.0,26,85,5,0,0,0,1.0,DET202308070
Pablo López,lopep002,2023-08-12,2023,MIN,PHI,7,6.0,23,85,4,1,0,0,1.01,PHI202308120
Pablo López,lopep002,2023-08-18,2023,MIN,PIT,7,6.0,26,96,6,2,0,1,1.0,MIN202308180
Pablo López,lopep002,2023-08-24,2023,MIN,TEX,4,5.0,25,83,10,1,3,1,1.0,MIN202308240
Pablo López,lopep002,2023-08-29,2023,MIN,CLE,5,6.0,29,90,8,3,1,1,1.0,MIN202308290
Pablo López,lopep002,2023-09-04,2023,MIN,CLE,3,6.0,28,82,8,3,0,0,1.04,CLE202309040
Pablo López,lopep002,2023-09-10,2023,MIN,NYN,14,8.0,28,65,2,0,0,1,1.0,MIN202309100
Pablo López,lopep002,2023-09-16,2023,MIN,CHA,8,5.0,22,69,8,0,2,0,0.99,CHA202309160
Pablo López,lopep002,2023-09-22,2023,MIN,ANA,7,6.0,24,73,5,1,1,1,1.0,MIN202309220
Pablo López,lopep002,2023-09-27,2023,MIN,OAK,6,4.3,19,67,5,1,0,1,1.0,MIN202309270
Michael Lorenzen,lorem002,2023-04-15,2023,DET,SFN,6,4.0,22,68,8,2,2,1,1.0,DET202304150
Michael Lorenzen,lorem002,2023-04-21,2023,DET,BAL,4,5.0,17,66,3,1,0,0,1.0,BAL202304210
Michael Lorenzen,lorem002,2023-04-26,2023,DET,MIL,5,5.0,26,91,7,2,1,0,1.05,MIL202304260
Michael Lorenzen,lorem002,2023-05-03,2023,DET,NYN,1,7.0,26,85,4,2,0,1,1.0,DET202305032
Michael Lorenzen,lorem002,2023-05-09,2023,DET,CLE,3,7.0,25,89,5,0,0,0,1.04,CLE202305090
Michael Lorenzen,lorem002,2023-05-16,2023,DET,PIT,7,6.0,24,93,5,2,0,1,1.0,DET202305160
Michael Lorenzen,lorem002,2023-05-22,2023,DET,KCA,5,5.7,23,74,5,2,3,0,0.96,KCA202305220
Michael Lorenzen,lorem002,2023-05-27,2023,DET,CHA,4,6.7,23,91,2,1,0,1,1.0,DET202305270
Michael Lorenzen,lorem002,2023-06-03,2023,DET,CHA,6,7.0,23,73,2,0,0,0,0.99,CHA202306030
Michael Lorenzen,lorem002,2023-06-09,2023,DET,ARI,3,6.7,27,78,7,1,1,1,1.0,DET202306090
Michael Lorenzen,lorem002,2023-06-14,2023,DET,ATL,3,6.0,27,86,9,2,3,1,1.0,DET202306142
Michael Lorenzen,lorem002,2023-06-20,2023,DET,KCA,7,6.0,27,86,5,3,0,1,1.0,DET202306200
Michael Lorenzen,lorem002,2023-06-25,2023,DET,MIN,4,5.0,21,80,7,1,1,1,1.0,DET202306250
Michael Lorenzen,lorem002,2023-06-30,2023,DET,COL,4,5.0,22,81,7,1,0,0,0.92,COL202306300
Michael Lorenzen,lorem002,2023-07-06,2023,DET,OAK,4,5.0,16,46,3,0,0,1,1.0,DET202307060
Michael Lorenzen,lorem002,2023-07-15,2023,DET,SEA,7,6.7,25,88,2,5,0,0,1.04,SEA202307150
Michael Lorenzen,lorem002,2023-07-20,2023,DET,KCA,3,7.0,24,85,3,1,0,0,0.96,KCA202307200
Michael Lorenzen,lorem002,2023-07-27,2023,DET,ANA,7,5.0,20,82,5,1,0,1,1.0,DET202307271
Michael Lorenzen,lorem002,2023-08-03,2023,PHI,MIA,5,8.0,30,86,6,1,1,0,0.98,MIA202308030
Michael Lorenzen,lorem002,2023-08-09,2023,PHI,WAS,5,9.0,31,107,0,4,0,1,1.01,PHI202308090
Michael Lorenzen,lorem002,2023-08-18,2023,PHI,WAS,1,3.3,19,58,8,1,1,0,1.01,WAS202308180
Michael Lorenzen,lorem002,2023-08-23,2023,PHI,SFN,4,5.7,27,88,8,3,2,1,1.01,PHI202308230
Michael Lorenzen,lorem002,2023-08-29,2023,PHI,ANA,5,6.0,26,86,8,2,2,1,1.01,PHI202308290
Michael Lorenzen,lorem002,2023-09-05,2023,PHI,SDN,1,6.0,28,86,8,3,1,0,1.08,SDN202309050
Michael Lorenzen,lorem002,2023-09-11,2023,PHI,ATL,3,5.0,22,95,5,2,2,1,1.01,PHI202309112
Joey Lucchesi,luccj001,2023-04-21,2023,NYN,SFN,9,7.0,24,80,4,2,0,0,1.03,SFN202304210
Joey Lucchesi,luccj001,2023-04-27,2023,NYN,WAS,3,5.3,23,82,5,2,1,1,1.06,NYN202304270
Joey Lucchesi,luccj001,2023-05-03,2023,NYN,DET,1,4.0,17,43,5,0,2,0,1.0,DET202305031
Joey Lucchesi,luccj001,2023-05-07,2023,NYN,COL,4,4.0,19,62,4,3,1,1,1.06,NYN202305070
Joey Lucchesi,luccj001,2023-05-13,2023,NYN,WAS,0,2.0,10,27,4,1,0,0,1.01,WAS202305130
Joey Lucchesi,luccj001,2023-08-18,2023,NYN,SLN,5,5.7,23,72,4,2,0,0,1.0,SLN202308180
Joey Lucchesi,luccj001,2023-09-13,2023,NYN,ARI,2,7.0,28,88,5,3,0,1,1.06,NYN202309130
Joey Lucchesi,luccj001,2023-09-19,2023,NYN,MIA,5,5.7,25,80,6,2,0,0,0.98,MIA202309190
Joey Lucchesi,luccj001,2023-09-27,2023,NYN,MIA,3,6.0,26,82,7,2,0,1,1.06,NYN202309271
Seth Lugo,lugos001,2023-04-02,2023,SDN,COL,7,7.0,25,81,4,0,1,1,1.08,SDN202304020
Seth Lugo,lugos001,2023-04-09,2023,SDN,ATL,5,6.0,25,106,5,4,0,0,1.02,ATL202304090
Seth Lugo,lugos001,2023-04-15,2023,SDN,MIL,5,3.7,20,69,8,1,0,1,1.08,SDN202304150
Seth Lugo,lugos001,2023-04-21,2023,SDN,ARI,6,6.0,25,85,6,1,0,0,1.03,ARI202304210
Seth Lugo,lugos001,2023-04-27,2023,SDN,CHN,3,5.0,23,74,7,0,2,0,0.97,CHN202304270
Seth Lugo,lugos001,2023-05-03,2023,SDN,CIN,5,6.0,25,86,7,2,1,1,1.08,SDN202305030
Seth Lugo,lugos001,2023-05-10,2023,SDN,MIN,5,6.0,23,73,5,1,1,0,1.0,MIN202305100
Seth Lugo,lugos001,2023-05-16,2023,SDN,KCA,2,2.0,12,42,4,2,0,1,1.08,SDN202305160
Seth Lugo,lugos001,2023-06-20,2023,SDN,SFN,5,5.0,18,49,3,1,0,0,1.03,SFN202306200
Seth Lugo,lugos001,2023-06-25,2023,SDN,WAS,4,5.0,22,83,7,0,1,1,1.08,SDN202306250
Seth Lugo,lugos001,2023-06-30,2023,SDN,CIN,6,6.0,24,88,5,0,0,0,1.0,CIN202306300
Seth Lugo,lugos001,2023-07-05,2023,SDN,ANA,6,6.0,24,84,5,1,0,1,1.08,SDN202307050
Seth Lugo,lugos001,2023-07-16,2023,SDN,PHI,5,5.3,22,79,7,0,2,0,1.01,PHI202307160
Seth Lugo,lugos001,2023-07-21,2023,SDN,DET,7,6.0,26,91,6,3,1,0,1.0,DET202307210
Seth Lugo,lugos001,2023-07-26,2023,SDN,PIT,8,7.0,24,80,3,0,2,1,1.08,SDN202307260
Seth Lugo,lugos001,2023-07-31,2023,SDN,COL,9,7.0,28,97,5,3,1,0,0.92,COL202307310
Seth Lugo,lugos001,2023-08-07,2023,SDN,LAN,2,3.3,19,69,8,2,1,1,1.08,SDN202308070
Seth Lugo,lugos001,2023-08-13,2023,SDN,ARI,4,5.0,20,68,6,0,1,0,1.03,ARI202308130
Seth Lugo,lugos001,2023-08-18,2023,SDN,ARI,9,6.0,25,98,5,3,0,1,1.08,SDN202308180
Seth Lugo,lugos001,2023-08-23,2023,SDN,MIA,4,6.0,23,81,3,1,0,1,1.08,SDN202308230
Seth Lugo,lugos001,2023-08-29,2023,SDN,SLN,6,6.0,25,84,6,1,1,0,1.0,SLN202308290
Seth Lugo,lugos001,2023-09-03,2023,SDN,SFN,4,6.0,22,81,3,1,0,1,1.08,SDN202309030
Seth Lugo,lugos001,2023-09-09,2023,SDN,HOU,2,4.3,23,78,7,3,1,0,1.02,HOU202309090
Seth Lugo,lugos001,2023-09-15,2023,SDN,OAK,7,6.0,23,80,5,1,2,0,1.0,OAK202309150
Seth Lugo,lugos001,2023-09-20,2023,SDN,COL,7,6.0,26,86,7,2,1,1,1.08,SDN202309200
Seth Lugo,lugos001,2023-09-26,2023,SDN,SFN,7,8.7,32,95,3,3,0,0,1.03,SFN202309260
Jesús Luzardo,luzaj001,2023-03-31,2023,MIA,NYN,5,5.7,21,91,2,4,0,1,0.98,MIA202303310
Jesús Luzardo,luzaj001,2023-04-05,2023,MIA,MIN,10,7.0,27,99,5,1,0,1,0.98,MIA202304050
Jesús Luzardo,luzaj001,2023-04-11,2023,MIA,PHI,5,6.0,26,87,8,1,1,0,1.01,PHI202304110
Jesús Luzardo,luzaj001,2023-04-17,2023,MIA,SFN,6,4.3,21,92,6,2,0,1,0.98,MIA202304170
Jesús Luzardo,luzaj001,2023-04-23,2023,MIA,CLE,6,4.3,22,87,8,1,2,0,1.04,CLE202304230
Jesús Luzardo,luzaj001,2023-04-28,2023,MIA,CHN,6,6.3,24,96,5,2,1,1,0.98,MIA202304280
Jesús Luzardo,luzaj001,2023-05-04,2023,MIA,ATL,5,5.7,27,100,7,3,1,1,0.98,MIA202305040
Jesús Luzardo,luzaj001,2023-05-09,2023,MIA,ARI,5,6.0,27,90,7,2,0,0,1.03,ARI202305090
Jesús Luzardo,luzaj001,2023-05-16,2023,MIA,WAS,7,6.0,23,82,5,1,1,1,0.98,MIA202305160
Jesús Luzardo,luzaj001,2023-05-21,2023,MIA,SFN,8,5.0,22,78,6,1,2,0,1.03,SFN202305210
Jesús Luzardo,luzaj001,2023-05-26,2023,MIA,ANA,7,5.0,21,86,7,1,0,0,0.99,ANA202305260
Jesús Luzardo,luzaj001,2023-06-01,2023,MIA,SDN,8,5.3,22,79,4,1,1,1,0.98,MIA202306010
Jesús Luzardo,luzaj001,2023-06-06,2023,MIA,KCA,8,7.0,22,73,2,0,0,1,0.98,MIA202306060
Jesús Luzardo,luzaj001,2023-06-12,2023,MIA,SEA,3,4.0,21,74,6,1,1,0,1.04,SEA202306120
Jesús Luzardo,luzaj001,2023-06-18,2023,MIA,WAS,5,6.0,23,75,5,1,1,0,1.01,WAS202306180
Jesús Luzardo,luzaj001,2023-06-23,2023,MIA,PIT,9,7.0,23,65,2,1,0,1,0.98,MIA202306230
Jesús Luzardo,luzaj001,2023-06-29,2023,MIA,BOS,9,6.3,23,82,3,1,0,0,0.98,BOS202306290
Jesús Luzardo,luzaj001,2023-07-04,2023,MIA,SLN,8,6.0,24,77,5,2,0,1,0.98,MIA202307040
Jesús Luzardo,luzaj001,2023-07-09,2023,MIA,PHI,9,6.3,24,66,4,1,1,1,0.98,MIA202307090
Jesús Luzardo,luzaj001,2023-07-17,2023,MIA,SLN,2,4.0,20,65,5,3,0,0,1.0,SLN202307170
Jesús Luzardo,luzaj001,2023-07-23,2023,MIA,COL,13,7.0,27,93,4,2,1,1,0.98,MIA202307230
Jesús Luzardo,luzaj001,2023-07-30,2023,MIA,DET,3,4.7,24,82,6,3,0,1,0.98,MIA202307300
Jesús Luzardo,luzaj001,2023-08-04,2023,MIA,TEX,8,5.3,23,66,6,2,3,0,0.99,TEX202308040
Jesús Luzardo,luzaj001,2023-08-11,2023,MIA,NYA,2,3.3,19,67,9,1,2,1,0.98,MIA202308110
Jesús Luzardo,luzaj001,2023-08-16,2023,MIA,HOU,3,3.7,22,76,8,3,3,1,0.98,MIA202308160
Jesús Luzardo,luzaj001,2023-08-22,2023,MIA,SDN,7,6.0,20,73,2,1,0,0,1.08,SDN202308220
Jesús Luzardo,luzaj001,2023-08-30,2023,MIA,TBA,8,6.0,21,81,1,2,0,1,0.98,MIA202308300
Jesús Luzardo,luzaj001,2023-09-05,2023,MIA,LAN,6,6.0,23,87,4,1,0,1,0.98,MIA202309050
Jesús Luzardo,luzaj001,2023-09-11,2023,MIA,MIL,5,5.0,27,79,10,4,1,0,1.05,MIL202309110
Jesús Luzardo,luzaj001,2023-09-17,2023,MIA,ATL,8,6.0,25,90,4,2,0,1,0.98,MIA202309170
Jesús Luzardo,luzaj001,2023-09-23,2023,MIA,MIL,4,5.0,20,83,2,3,0,1,0.98,MIA202309230
Jesús Luzardo,luzaj001,2023-09-28,2023,MIA,NYN,10,7.3,27,77,4,1,0,0,1.06,NYN202309280
Jordan Lyles,lylej001,2023-04-01,2023,KCA,MIN,2,5.3,23,76,5,2,0,1,0.96,KCA202304010
Jordan Lyles,lylej001,2023-04-06,2023,KCA,TOR,9,5.7,25,103,8,0,2,1,0.96,KCA202304060
Jordan Lyles,lylej001,2023-04-11,2023,KCA,TEX,4,6.3,28,89,8,2,0,0,0.99,TEX202304110
Jordan Lyles,lylej001,2023-04-17,2023,KCA,TEX,3,8.0,31,95,4,3,2,1,0.96,KCA202304170
Jordan Lyles,lylej001,2023-04-23,2023,KCA,ANA,5,6.0,24,80,4,1,3,0,0.99,ANA202304230
Jordan Lyles,lylej001,2023-04-28,2023,KCA,MIN,4,4.0,23,89,7,4,2,0,1.0,MIN202304280
Jordan Lyles,lylej001,2023-05-04,2023,KCA,BAL,3,5.0,25,90,6,2,2,1,0.96,KCA202305040
Jordan Lyles,lylej001,2023-05-09,2023,KCA,CHA,6,9.0,33,108,6,0,2,1,0.96,KCA202305090
Jordan Lyles,lylej001,2023-05-14,2023,KCA,MIL,2,2.3,14,51,4,3,1,0,1.05,MIL202305140
Jordan Lyles,lylej001,2023-05-20,2023,KCA,CHA,5,5.0,22,79,4,3,0,0,0.99,CHA202305200
Jordan Lyles,lylej001,2023-05-26,2023,KCA,WAS,2,5.0,23,89,6,3,2,1,0.96,KCA202305260
Jordan Lyles,lylej001,2023-06-02,2023,KCA,COL,8,5.0,18,61,2,1,1,1,0.96,KCA202306020
Jordan Lyles,lylej001,2023-06-07,2023,KCA,MIA,2,7.0,28,73,6,1,1,0,0.98,MIA202306070
Jordan Lyles,lylej001,2023-06-13,2023,KCA,CIN,4,6.0,25,90,5,3,0,1,0.96,KCA202306130
Jordan Lyles,lylej001,2023-06-19,2023,KCA,DET,3,6.0,25,82,6,1,0,0,1.0,DET202306190
Jordan Lyles,lylej001,2023-06-24,2023,KCA,TBA,2,6.0,26,72,8,1,1,0,1.05,TBA202306240
Jordan Lyles,lylej001,2023-07-06,2023,KCA,CLE,5,5.0,20,82,6,0,1,0,1.04,CLE202307060
Jordan Lyles,lylej001,2023-07-17,2023,KCA,DET,4,6.0,21,75,3,1,0,1,0.96,KCA202307170
Jordan Lyles,lylej001,2023-07-23,2023,KCA,NYA,3,5.0,24,79,9,1,2,0,0.99,NYA202307230
Jordan Lyles,lylej001,2023-07-29,2023,KCA,MIN,4,5.0,21,99,4,2,0,1,0.96,KCA202307290
Jordan Lyles,lylej001,2023-08-04,2023,KCA,PHI,2,5.7,26,86,8,0,1,0,1.01,PHI202308040
Jordan Lyles,lylej001,2023-08-09,2023,KCA,BOS,6,8.0,30,78,7,1,1,0,0.98,BOS202308090
Jordan Lyles,lylej001,2023-08-15,2023,KCA,SEA,3,5.0,24,91,9,1,4,1,0.96,KCA202308150
Jordan Lyles,lylej001,2023-08-20,2023,KCA,CHN,2,8.0,29,79,5,1,2,0,0.97,CHN202308200
Jordan Lyles,lylej001,2023-08-26,2023,KCA,SEA,4,3.0,18,69,6,3,3,0,1.04,SEA202308260
Jordan Lyles,lylej001,2023-09-01,2023,KCA,BOS,7,8.0,29,88,4,0,1,1,0.96,KCA202309010
Jordan Lyles,lylej001,2023-09-06,2023,KCA,CHA,0,5.3,22,75,7,1,1,1,0.96,KCA202309060
Jordan Lyles,lylej001,2023-09-12,2023,KCA,CHA,3,5.0,22,80,7,0,1,0,0.99,CHA202309122
Jordan Lyles,lylej001,2023-09-17,2023,KCA,HOU,6,6.0,27,77,6,1,2,1,0.96,KCA202309170
Jordan Lyles,lylej001,2023-09-23,2023,KCA,HOU,3,5.0,19,78,2,2,0,0,1.02,HOU202309230
Jordan Lyles,lylej001,2023-09-29,2023,KCA,NYA,4,6.0,23,72,4,1,1,1,0.96,KCA202309290
Daniel Lynch,lyncd001,2023-05-28,2023,KCA,WAS,6,5.3,24,78,5,3,0,1,0.96,KCA202305280
Daniel Lynch,lyncd001,2023-06-03,2023,KCA,COL,7,5.0,24,89,6,1,0,1,0.96,KCA202306030
Daniel Lynch,lyncd001,2023-06-09,2023,KCA,BAL,4,6.0,26,76,8,1,1,0,1.0,BAL202306090
Daniel Lynch,lyncd001,2023-06-14,2023,KCA,CIN,3,7.0,29,90,7,2,4,1,0.96,KCA202306140
Daniel Lynch,lyncd001,2023-06-20,2023,KCA,DET,2,7.0,23,73,1,2,0,0,1.0,DET202306200
Daniel Lynch,lyncd001,2023-06-25,2023,KCA,TBA,2,6.0,25,79,6,1,1,0,1.05,TBA202306250
Daniel Lynch,lyncd001,2023-07-01,2023,KCA,LAN,4,5.0,24,93,5,3,0,1,0.96,KCA202307010
Daniel Lynch,lyncd001,2023-07-07,2023,KCA,CLE,3,6.0,25,67,6,1,1,0,1.04,CLE202307070
Daniel Lynch,lyncd001,2023-07-18,2023,KCA,DET,3,5.0,23,66,6,2,2,1,0.96,KCA202307180
Lance Lynn,lynnl001,2023-03-31,2023,CHA,HOU,6,5.7,23,96,3,4,1,0,1.02,HOU202303310
Lance Lynn,lynnl001,2023-04-06,2023,CHA,SFN,5,4.3,25,85,9,3,3,1,0.99,CHA202304060
Lance Lynn,lynnl001,2023-04-11,2023,CHA,MIN,10,6.0,25,88,7,0,2,0,1.0,MIN202304110
Lance Lynn,lynnl001,2023-04-18,2023,CHA,PHI,7,5.3,29,107,10,3,0,1,0.99,CHA202304181
Lance Lynn,lynnl001,2023-04-24,2023,CHA,TOR,4,5.0,22,101,5,3,1,0,1.0,TOR202304240
Lance Lynn,lynnl001,2023-04-29,2023,CHA,TBA,10,6.3,24,97,3,2,1,1,0.99,CHA202304290
Lance Lynn,lynnl001,2023-05-05,2023,CHA,CIN,8,6.7,27,97,8,0,1,0,1.0,CIN202305050
Lance Lynn,lynnl001,2023-05-10,2023,CHA,KCA,4,5.0,26,91,9,2,2,0,0.96,KCA202305100
Lance Lynn,lynnl001,2023-05-16,2023,CHA,CLE,7,7.0,28,94,7,0,0,1,0.99,CHA202305160
Lance Lynn,lynnl001,2023-05-21,2023,CHA,KCA,6,6.0,24,88,4,2,1,1,0.99,CHA202305210
Lance Lynn,lynnl001,2023-05-26,2023,CHA,DET,5,6.0,27,98,3,5,0,0,1.0,DET202305260
Lance Lynn,lynnl001,2023-05-31,2023,CHA,ANA,4,4.0,23,79,8,2,3,1,0.99,CHA202305310
Lance Lynn,lynnl001,2023-06-08,2023,CHA,NYA,4,5.0,26,93,8,3,1,0,0.99,NYA202306081
Lance Lynn,lynnl001,2023-06-13,2023,CHA,LAN,6,5.0,23,99,6,2,2,0,1.03,LAN202306130
Lance Lynn,lynnl001,2023-06-18,2023,CHA,SEA,16,7.0,27,94,4,2,0,0,1.04,SEA202306180
Lance Lynn,lynnl001,2023-06-24,2023,CHA,BOS,7,5.7,25,97,6,1,1,1,0.99,CHA202306240
Lance Lynn,lynnl001,2023-06-29,2023,CHA,ANA,7,6.0,28,92,8,2,3,0,0.99,ANA202306290
Lance Lynn,lynnl001,2023-07-06,2023,CHA,TOR,11,7.0,24,85,1,1,0,1,0.99,CHA202307061
Lance Lynn,lynnl001,2023-07-15,2023,CHA,ATL,6,5.3,24,89,6,3,2,0,1.02,ATL202307150
Lance Lynn,lynnl001,2023-07-21,2023,CHA,MIN,6,6.7,30,78,8,3,4,0,1.0,MIN202307210
Lance Lynn,lynnl001,2023-07-26,2023,CHA,CHN,5,4.7,25,95,7,2,0,1,0.99,CHA202307260
Lance Lynn,lynnl001,2023-08-01,2023,LAN,OAK,7,7.0,27,76,5,1,3,1,1.03,LAN202308010
Lance Lynn,lynnl001,2023-08-06,2023,LAN,SDN,6,6.0,23,79,4,2,1,0,1.08,SDN202308060
Lance Lynn,lynnl001,2023-08-11,2023,LAN,COL,9,5.0,20,89,4,1,0,1,1.03,LAN202308110
Lance Lynn,lynnl001,2023-08-17,2023,LAN,MIL,3,7.0,25,85,4,1,0,1,1.03,LAN202308170
Lance Lynn,lynnl001,2023-08-25,2023,LAN,BOS,1,6.0,29,72,10,1,2,0,0.98,BOS202308250
Lance Lynn,lynnl001,2023-08-31,2023,LAN,ATL,1,4.3,23,93,7,2,3,1,1.03,LAN202308310
Lance Lynn,lynnl001,2023-09-06,2023,LAN,MIA,1,4.7,26,74,7,3,3,0,0.98,MIA202309060
Lance Lynn,lynnl001,2023-09-12,2023,LAN,SDN,3,7.0,28,98,5,2,1,1,1.03,LAN202309120
Lance Lynn,lynnl001,2023-09-18,2023,LAN,DET,6,5.0,24,88,6,2,1,1,1.03,LAN202309180
Lance Lynn,lynnl001,2023-09-24,2023,LAN,SFN,6,6.0,25,85,5,3,1,1,1.03,LAN202309240
Lance Lynn,lynnl001,2023-09-29,2023,LAN,SFN,4,6.0,23,83,2,4,1,0,1.03,SFN202309290
Kenta Maeda,maedk001,2023-04-04,2023,MIN,MIA,9,5.0,18,79,3,0,1,0,0.98,MIA202304040
Kenta Maeda,maedk001,2023-04-10,2023,MIN,CHA,3,6.0,26,83,8,0,1,1,1.0,MIN202304100
Kenta Maeda,maedk001,2023-04-20,2023,MIN,BOS,0,2.0,8,23,1,1,1,0,0.98,BOS202304200
Kenta Maeda,maedk001,2023-04-26,2023,MIN,NYA,2,3.0,21,72,11,2,0,1,1.0,MIN202304260
Kenta Maeda,maedk001,2023-06-23,2023,MIN,DET,8,5.0,19,77,3,2,0,0,1.0,DET202306230
Kenta Maeda,maedk001,2023-06-28,2023,MIN,ATL,4,5.0,21,77,5,2,0,0,1.02,ATL202306280
Kenta Maeda,maedk001,2023-07-04,2023,MIN,KCA,9,7.0,24,64,3,1,1,1,1.0,MIN202307040
Kenta Maeda,maedk001,2023-07-14,2023,MIN,OAK,6,3.0,17,67,4,4,0,0,1.0,OAK202307140
Kenta Maeda,maedk001,2023-07-19,2023,MIN,SEA,9,6.3,21,63,3,0,1,0,1.04,SEA202307190
Kenta Maeda,maedk001,2023-07-24,2023,MIN,SEA,8,6.3,26,89,6,2,1,1,1.0,MIN202307240
Kenta Maeda,maedk001,2023-07-30,2023,MIN,KCA,7,5.0,21,80,4,2,1,0,0.96,KCA202307300
Kenta Maeda,maedk001,2023-08-05,2023,MIN,ARI,7,6.0,21,73,2,0,1,1,1.0,MIN202308050
Kenta Maeda,maedk001,2023-08-10,2023,MIN,DET,4,6.0,21,78,3,1,1,0,1.0,DET202308100
Kenta Maeda,maedk001,2023-08-16,2023,MIN,DET,6,4.0,20,73,7,1,2,1,1.0,MIN202308160
Kenta Maeda,maedk001,2023-08-23,2023,MIN,MIL,6,5.0,20,81,4,2,1,0,1.05,MIL202308230
Kenta Maeda,maedk001,2023-08-28,2023,MIN,CLE,3,4.0,20,66,7,1,1,1,1.0,MIN202308280
Kenta Maeda,maedk001,2023-09-03,2023,MIN,TEX,3,5.0,25,71,9,2,1,0,0.99,TEX202309030
Kenta Maeda,maedk001,2023-09-09,2023,MIN,NYN,2,5.3,23,69,5,1,1,1,1.0,MIN202309090
Kenta Maeda,maedk001,2023-09-14,2023,MIN,CHA,8,7.0,26,93,4,1,1,0,0.99,CHA202309140
Kenta Maeda,maedk001,2023-09-19,2023,MIN,CIN,8,5.0,17,68,1,1,0,0,1.0,CIN202309190
Tyler Mahle,mahlt001,2023-04-03,2023,MIN,MIA,7,5.0,20,69,5,1,0,0,0.98,MIA202304030
Tyler Mahle,mahlt001,2023-04-09,2023,MIN,HOU,6,6.0,24,90,8,1,1,1,1.0,MIN202304090
Tyler Mahle,mahlt001,2023-04-15,2023,MIN,NYA,5,4.3,21,78,4,3,2,0,0.99,NYA202304150
Tyler Mahle,mahlt001,2023-04-21,2023,MIN,WAS,4,6.3,22,80,3,0,1,1,1.0,MIN202304210
Tyler Mahle,mahlt001,2023-04-27,2023,MIN,KCA,6,4.0,15,63,2,0,1,1,1.0,MIN202304270
Sean Manaea,manas001,2023-04-08,2023,SFN,KCA,8,6.0,22,76,3,1,1,1,1.03,SFN202304080
Sean Manaea,manas001,2023-04-14,2023,SFN,DET,4,3.3,15,82,4,1,0,0,1.0,DET202304140
Sean Manaea,manas001,2023-04-20,2023,SFN,NYN,3,3.7,19,62,4,3,2,1,1.03,SFN202304200
Sean Manaea,manas001,2023-04-29,2023,SFN,SDN,3,2.0,15,63,5,4,1,0,1.08,SDN202304290
Sean Manaea,manas001,2023-05-05,2023,SFN,MIL,6,5.0,22,76,6,2,0,1,1.03,SFN202305050
Sean Manaea,manas001,2023-05-10,2023,SFN,WAS,4,2.7,17,66,5,3,1,1,1.03,SFN202305100
Sean Manaea,manas001,2023-09-12,2023,SFN,CLE,5,5.7,23,80,2,2,0,1,1.03,SFN202309120
Sean Manaea,manas001,2023-09-17,2023,SFN,COL,3,5.3,24,76,8,0,1,0,0.92,COL202309170
Sean Manaea,manas001,2023-09-22,2023,SFN,LAN,2,7.0,23,70,3,0,0,0,1.03,LAN202309220
Sean Manaea,manas001,2023-09-27,2023,SFN,SDN,8,6.0,24,80,7,0,1,1,1.03,SFN202309270
Matt Manning,mannm001,2023-04-04,2023,DET,HOU,4,5.7,23,89,6,2,1,0,1.02,HOU202304040
Matt Manning,mannm001,2023-04-11,2023,DET,TOR,3,6.0,25,82,6,1,3,0,1.0,TOR202304110
Matt Manning,mannm001,2023-06-27,2023,DET,TEX,4,5.7,24,81,3,4,0,0,0.99,TEX202306270
Matt Manning,mannm001,2023-07-02,2023,DET,COL,4,5.0,23,86,5,0,0,0,0.92,COL202307020
Matt Manning,mannm001,2023-07-08,2023,DET,TOR,5,6.7,23,88,0,3,0,1,1.0,DET202307080
Matt Manning,mannm001,2023-07-17,2023,DET,KCA,3,5.7,20,71,4,0,0,0,0.96,KCA202307170
Matt Manning,mannm001,2023-07-22,2023,DET,SDN,2,2.0,8,29,1,2,0,1,1.0,DET202307220
Matt Manning,mannm001,2023-07-27,2023,DET,ANA,5,5.0,24,71,7,1,3,1,1.0,DET202307272
Matt Manning,mannm001,2023-08-01,2023,DET,PIT,6,6.0,26,78,8,0,1,0,1.0,PIT202308010
Matt Manning,mannm001,2023-08-06,2023,DET,TBA,3,5.7,29,84,9,1,2,1,1.0,DET202308060
Matt Manning,mannm001,2023-08-12,2023,DET,BOS,1,5.3,21,59,2,3,0,0,0.98,BOS202308120
Matt Manning,mannm001,2023-08-19,2023,DET,CLE,2,6.0,24,76,5,1,1,0,1.04,CLE202308190
Matt Manning,mannm001,2023-08-25,2023,DET,HOU,3,6.3,22,69,1,0,0,1,1.0,DET202308250
Matt Manning,mannm001,2023-08-31,2023,DET,NYA,4,6.0,19,69,2,2,0,1,1.0,DET202308310
Matt Manning,mannm001,2023-09-06,2023,DET,NYA,1,1.0,5,13,1,1,0,0,0.99,NYA202309060
Alek Manoah,manoa001,2023-03-30,2023,TOR,SLN,3,3.3,21,73,9,2,2,0,1.0,SLN202303300
Alek Manoah,manoa001,2023-04-05,2023,TOR,KCA,5,7.0,26,92,1,4,0,0,0.96,KCA202304050
Alek Manoah,manoa001,2023-04-11,2023,TOR,DET,3,4.3,22,90,4,5,1,1,1.0,TOR202304110
Alek Manoah,manoa001,2023-04-16,2023,TOR,TBA,5,4.7,28,101,9,4,1,1,1.0,TOR202304160
Alek Manoah,manoa001,2023-04-22,2023,TOR,NYA,5,7.0,24,81,2,1,0,0,0.99,NYA202304220
Alek Manoah,manoa001,2023-04-28,2023,TOR,SEA,7,5.0,24,91,6,4,1,1,1.0,TOR202304280
Alek Manoah,manoa001,2023-05-03,2023,TOR,BOS,3,5.0,26,93,8,1,0,0,0.98,BOS202305030
Alek Manoah,manoa001,2023-05-09,2023,TOR,PHI,1,4.7,20,89,4,4,1,0,1.01,PHI202305090
Alek Manoah,manoa001,2023-05-15,2023,TOR,NYA,3,4.0,23,80,6,7,2,1,1.0,TOR202305150
Alek Manoah,manoa001,2023-05-20,2023,TOR,BAL,5,5.7,23,68,6,1,1,1,1.0,TOR202305200
Alek Manoah,manoa001,2023-05-25,2023,TOR,TBA,6,3.0,18,87,3,5,0,0,1.05,TBA202305250
Alek Manoah,manoa001,2023-05-31,2023,TOR,MIL,2,4.0,18,71,3,3,1,1,1.0,TOR202305310
Alek Manoah,manoa001,2023-06-05,2023,TOR,HOU,0,0.3,9,38,7,1,1,1,1.0,TOR202306050
Alek Manoah,manoa001,2023-07-07,2023,TOR,DET,8,6.0,23,83,5,0,0,0,1.0,DET202307070
Alek Manoah,manoa001,2023-07-18,2023,TOR,SDN,0,3.0,18,74,3,5,1,1,1.0,TOR202307180
Alek Manoah,manoa001,2023-07-23,2023,TOR,SEA,6,5.3,24,76,3,4,1,0,1.04,SEA202307230
Alek Manoah,manoa001,2023-07-29,2023,TOR,ANA,6,4.3,22,72,4,3,0,1,1.0,TOR202307290
Alek Manoah,manoa001,2023-08-04,2023,TOR,BOS,5,6.7,27,82,6,2,2,0,0.98,BOS202308040
Alek Manoah,manoa001,2023-08-10,2023,TOR,CLE,6,4.0,19,78,4,3,0,0,1.04,CLE202308100
Joe Mantiply,mantj002,2023-08-15,2023,ARI,COL,0,1.0,3,13,0,0,0,0,0.92,COL202308150
Joe Mantiply,mantj002,2023-08-21,2023,ARI,TEX,0,0.7,3,5,1,0,0,1,1.03,ARI202308210
Joe Mantiply,mantj002,2023-09-10,2023,ARI,CHN,0,1.3,6,13,2,0,0,0,0.97,CHN202309100
Germán Márquez,marqg001,2023-03-30,2023,COL,SDN,5,6.0,24,83,5,0,0,0,1.08,SDN202303300
Germán Márquez,marqg001,2023-04-04,2023,COL,LAN,4,5.3,21,95,5,2,3,0,1.03,LAN202304040
Germán Márquez,marqg001,2023-04-10,2023,COL,SLN,4,5.0,18,50,3,0,0,1,0.92,COL202304100
Germán Márquez,marqg001,2023-04-26,2023,COL,CLE,4,3.7,17,58,6,1,1,0,1.04,CLE202304260
Alec Marsh,marsa001,2023-06-30,2023,KCA,LAN,5,4.0,22,90,6,4,2,1,0.96,KCA202306300
Alec Marsh,marsa001,2023-07-05,2023,KCA,MIN,5,5.0,20,67,3,3,1,0,1.0,MIN202307050
Alec Marsh,marsa001,2023-07-15,2023,KCA,TBA,11,6.0,24,72,5,1,2,1,0.96,KCA202307151
Alec Marsh,marsa001,2023-07-21,2023,KCA,NYA,3,5.3,25,85,5,2,3,0,0.99,NYA202307210
Alec Marsh,marsa001,2023-07-26,2023,KCA,CLE,3,2.7,18,66,5,4,1,0,1.04,CLE202307260
Alec Marsh,marsa001,2023-08-05,2023,KCA,PHI,4,4.0,18,66,6,2,1,0,1.01,PHI202308050
Alec Marsh,marsa001,2023-08-27,2023,KCA,SEA,9,5.7,24,80,5,2,2,0,1.04,SEA202308270
Alec Marsh,marsa001,2023-09-02,2023,KCA,BOS,1,2.7,17,58,7,2,1,1,0.96,KCA202309020
Adrián Martinez,marta006,2023-08-23,2023,OAK,KCA,3,2.3,11,37,3,1,1,1,1.0,OAK202308230
Nick Martínez,martn002,2023-03-31,2023,SDN,COL,5,7.0,29,101,6,2,1,1,1.08,SDN202303310
Nick Martínez,martn002,2023-04-07,2023,SDN,ATL,4,4.7,23,99,4,5,1,0,1.02,ATL202304070
Nick Martínez,martn002,2023-04-13,2023,SDN,MIL,2,6.0,26,87,5,3,2,1,1.08,SDN202304130
Nick Martínez,martn002,2023-04-19,2023,SDN,ATL,6,7.0,25,90,3,2,0,1,1.08,SDN202304190
Nick Martínez,martn002,2023-08-02,2023,SDN,COL,3,3.0,10,38,1,0,0,0,0.92,COL202308020
Nick Martínez,martn002,2023-08-08,2023,SDN,SEA,1,3.0,13,38,4,1,0,0,1.04,SEA202308080
Nick Martínez,martn002,2023-09-17,2023,SDN,OAK,5,3.0,10,31,1,0,0,0,1.0,OAK202309170
Nick Martínez,martn002,2023-09-23,2023,SDN,SLN,3,4.0,16,54,2,3,0,1,1.08,SDN202309230
Nick Martínez,martn002,2023-09-29,2023,SDN,CHA,8,5.0,19,70,2,2,0,0,0.99,CHA202309290
Steven Matz,matzs001,2023-04-04,2023,SLN,ATL,7,5.3,25,94,10,1,2,1,1.0,SLN202304040
Steven Matz,matzs001,2023-04-10,2023,SLN,COL,4,5.7,26,83,9,2,0,0,0.92,COL202304100
Steven Matz,matzs001,2023-04-15,2023,SLN,PIT,6,5.7,25,100,3,5,1,1,1.0,SLN202304150
Steven Matz,matzs001,2023-04-21,2023,SLN,SEA,7,5.3,21,88,4,2,1,0,1.04,SEA202304210
Steven Matz,matzs001,2023-04-26,2023,SLN,SFN,3,4.0,21,69,6,3,1,0,1.03,SFN202304260
Steven Matz,matzs001,2023-05-02,2023,SLN,ANA,4,5.0,23,84,6,2,1,1,1.0,SLN202305020
Steven Matz,matzs001,2023-05-07,2023,SLN,DET,2,5.3,21,66,5,0,1,1,1.0,SLN202305070
Steven Matz,matzs001,2023-05-13,2023,SLN,BOS,4,5.3,23,85,8,1,0,0,0.98,BOS202305130
Steven Matz,matzs001,2023-05-19,2023,SLN,LAN,6,4.7,23,97,6,2,0,1,1.0,SLN202305190
Steven Matz,matzs001,2023-05-24,2023,SLN,CIN,2,4.0,24,84,11,2,1,0,1.0,CIN202305240
Steven Matz,matzs001,2023-07-09,2023,SLN,CHA,9,5.3,19,65,2,0,0,0,0.99,CHA202307090
Steven Matz,matzs001,2023-07-15,2023,SLN,WAS,4,4.3,20,70,4,3,2,1,1.0,SLN202307150
Steven Matz,matzs001,2023-07-20,2023,SLN,CHN,6,5.0,19,81,3,1,0,0,0.97,CHN202307200
Steven Matz,matzs001,2023-07-25,2023,SLN,ARI,6,6.0,24,79,5,1,0,0,1.03,ARI202307250
Steven Matz,matzs001,2023-07-30,2023,SLN,CHN,2,6.0,22,83,4,0,0,1,1.0,SLN202307300
Steven Matz,matzs001,2023-08-05,2023,SLN,COL,6,6.0,25,88,5,2,0,1,1.0,SLN202308050
Steven Matz,matzs001,2023-08-12,2023,SLN,KCA,5,6.0,22,64,4,0,1,0,0.96,KCA202308120
Dustin May,may-d003,2023-03-31,2023,LAN,ARI,4,7.0,25,84,3,1,0,1,1.03,LAN202303310
Dustin May,may-d003,2023-04-06,2023,LAN,ARI,5,6.0,22,69,2,2,0,0,1.03,ARI202304060
Dustin May,may-d003,2023-04-11,2023,LAN,SFN,3,5.3,21,63,2,4,0,0,1.03,SFN202304110
Dustin May,may-d003,2023-04-17,2023,LAN,NYN,1,5.7,24,87,8,0,1,1,1.03,LAN202304170
Dustin May,may-d003,2023-04-22,2023,LAN,CHN,6,5.3,22,83,2,3,0,0,0.97,CHN202304220
Dustin May,may-d003,2023-04-28,2023,LAN,SLN,4,5.0,22,100,3,4,0,1,1.03,LAN202304280
Dustin May,may-d003,2023-05-06,2023,LAN,SDN,6,6.0,22,85,3,1,0,0,1.08,SDN202305060
Dustin May,may-d003,2023-05-12,2023,LAN,SDN,3,6.7,25,84,5,1,0,1,1.03,LAN202305120
Dustin May,may-d003,2023-05-17,2023,LAN,MIN,2,1.0,4,16,1,0,0,1,1.03,LAN202305170
Mike Mayers,mayem001,2023-05-23,2023,KCA,DET,8,4.7,20,75,6,1,0,1,0.96,KCA202305230
Mike Mayers,mayem001,2023-06-17,2023,KCA,ANA,1,5.0,22,63,8,1,3,1,0.96,KCA202306170
James McArthur,mcarj001,2023-08-16,2023,KCA,SEA,2,1.0,6,17,3,0,1,1,0.96,KCA202308160
James McArthur,mcarj001,2023-09-09,2023,KCA,TOR,1,2.0,6,20,0,0,0,0,1.0,TOR202309090
Shane McClanahan,mccls003,2023-03-30,2023,TBA,DET,6,6.0,22,76,4,1,0,1,1.05,TBA202303300
Shane McClanahan,mccls003,2023-04-05,2023,TBA,WAS,6,6.0,25,94,5,4,0,0,1.01,WAS202304050
Shane McClanahan,mccls003,2023-04-11,2023,TBA,BOS,9,5.0,21,90,2,4,0,1,1.05,TBA202304110
Shane McClanahan,mccls003,2023-04-16,2023,TBA,TOR,6,6.0,24,90,4,2,0,0,1.0,TOR202304160
Shane McClanahan,mccls003,2023-04-22,2023,TBA,CHA,10,6.0,22,79,3,1,2,1,1.05,TBA202304220
Shane McClanahan,mccls003,2023-04-27,2023,TBA,CHA,5,5.0,22,69,5,2,1,0,0.99,CHA202304270
Shane McClanahan,mccls003,2023-05-03,2023,TBA,PIT,9,6.0,25,81,5,2,1,1,1.05,TBA202305030
Shane McClanahan,mccls003,2023-05-08,2023,TBA,BAL,7,6.0,24,81,4,4,0,0,1.0,BAL202305080
Shane McClanahan,mccls003,2023-05-13,2023,TBA,NYA,3,4.0,21,69,5,4,2,0,0.99,NYA202305130
Shane McClanahan,mccls003,2023-05-19,2023,TBA,MIL,7,7.0,27,71,6,1,0,1,1.05,TBA202305190
Shane McClanahan,mccls003,2023-05-24,2023,TBA,TOR,7,7.0,25,78,4,0,0,1,1.05,TBA202305240
Shane McClanahan,mccls003,2023-05-30,2023,TBA,CHN,7,5.7,24,79,6,2,1,0,0.97,CHN202305300
Shane McClanahan,mccls003,2023-06-05,2023,TBA,BOS,5,6.0,23,79,5,2,1,0,0.98,BOS202306050
Shane McClanahan,mccls003,2023-06-11,2023,TBA,TEX,5,7.0,26,85,4,1,1,1,1.05,TBA202306110
Shane McClanahan,mccls003,2023-06-16,2023,TBA,SDN,5,6.7,25,73,3,3,1,0,1.08,SDN202306160
Shane McClanahan,mccls003,2023-06-22,2023,TBA,KCA,3,3.7,18,56,4,2,0,1,1.05,TBA202306220
Shane McClanahan,mccls003,2023-06-30,2023,TBA,SEA,1,3.0,15,56,5,3,1,0,1.04,SEA202306300
Shane McClanahan,mccls003,2023-07-17,2023,TBA,TEX,6,6.0,20,57,3,0,1,0,0.99,TEX202307170
Shane McClanahan,mccls003,2023-07-22,2023,TBA,BAL,5,4.0,20,66,5,3,0,1,1.05,TBA202307220
Shane McClanahan,mccls003,2023-07-28,2023,TBA,HOU,6,5.0,23,76,8,0,1,0,1.02,HOU202307280
Shane McClanahan,mccls003,2023-08-02,2023,TBA,NYA,3,4.0,17,65,5,0,2,0,0.99,NYA202308020
Easton McGee,mcgee001,2023-04-29,2023,SEA,TOR,2,6.7,22,64,1,1,0,0,1.0,TOR202304290
Scott McGough,mcgos001,2023-08-19,2023,ARI,SDN,2,2.3,9,34,1,1,0,0,1.08,SDN202308192
Collin McHugh,mchuc001,2023-05-14,2023,ATL,TOR,2,1.7,13,49,6,2,0,0,1.0,TOR202305140
Triston McKenzie,mcket001,2023-06-04,2023,CLE,MIN,10,5.0,17,59,1,1,0,0,1.0,MIN202306040
Triston McKenzie,mcket001,2023-06-10,2023,CLE,HOU,5,5.0,25,80,7,3,1,1,1.04,CLE202306100
Triston McKenzie,mcket001,2023-09-24,2023,CLE,BAL,0,1.7,12,49,1,6,0,1,1.04,CLE202309240
Triston McKenzie,mcket001,2023-09-30,2023,CLE,DET,1,4.3,19,73,3,3,0,0,1.0,DET202309300
John Means,meanj001,2023-09-12,2023,BAL,SLN,1,5.0,20,69,5,0,2,1,1.0,BAL202309120
John Means,meanj001,2023-09-18,2023,BAL,HOU,1,5.0,21,68,4,3,0,0,1.02,HOU202309180
John Means,meanj001,2023-09-23,2023,BAL,CLE,4,7.3,25,80,1,1,1,0,1.04,CLE202309230
John Means,meanj001,2023-09-29,2023,BAL,BOS,4,6.3,22,63,3,0,1,1,1.0,BAL202309290
Luis Medina,medil002,2023-04-26,2023,OAK,ANA,6,5.0,27,83,8,3,2,0,0.99,ANA202304260
Luis Medina,medil002,2023-05-11,2023,OAK,TEX,3,6.0,23,80,5,0,1,1,1.0,OAK202305110
Luis Medina,medil002,2023-05-17,2023,OAK,ARI,6,6.0,23,78,3,2,2,1,1.0,OAK202305170
Luis Medina,medil002,2023-05-23,2023,OAK,SEA,4,5.3,23,83,5,2,2,0,1.04,SEA202305230
Luis Medina,medil002,2023-06-03,2023,OAK,MIA,2,2.0,16,66,6,4,0,0,0.98,MIA202306030
Luis Medina,medil002,2023-06-14,2023,OAK,TBA,5,4.7,20,77,8,1,0,1,1.0,OAK202306140
Luis Medina,medil002,2023-06-25,2023,OAK,TOR,4,5.0,25,71,4,7,1,0,1.0,TOR202306250
Luis Medina,medil002,2023-06-30,2023,OAK,CHA,4,5.0,24,95,4,5,0,1,1.0,OAK202306300
Luis Medina,medil002,2023-07-18,2023,OAK,BOS,6,5.7,21,75,3,1,0,1,1.0,OAK202307180
Luis Medina,medil002,2023-07-23,2023,OAK,HOU,6,5.0,20,91,2,3,1,1,1.0,OAK202307230
Luis Medina,medil002,2023-07-30,2023,OAK,COL,6,5.3,23,82,6,0,0,0,0.92,COL202307300
Luis Medina,medil002,2023-08-06,2023,OAK,SFN,3,3.3,21,67,5,5,0,1,1.0,OAK202308060
Luis Medina,medil002,2023-08-12,2023,OAK,WAS,4,4.0,20,79,4,2,0,0,1.01,WAS202308120
Luis Medina,medil002,2023-09-04,2023,OAK,TOR,3,4.7,19,65,3,3,0,1,1.0,OAK202309040
Luis Medina,medil002,2023-09-10,2023,OAK,TEX,3,4.3,21,74,6,3,1,0,0.99,TEX202309100
Luis Medina,medil002,2023-09-21,2023,OAK,DET,5,5.0,23,77,6,1,0,1,1.0,OAK202309210
Luis Medina,medil002,2023-09-28,2023,OAK,MIN,4,6.0,24,84,3,3,0,0,1.0,MIN202309280
Trevor Megill,megit001,2023-09-13,2023,MIL,MIA,1,1.0,4,9,1,0,0,1,1.05,MIL202309130
Trevor Megill,megit001,2023-09-19,2023,MIL,SLN,2,1.0,7,31,3,1,0,0,1.0,SLN202309190
Tylor Megill,megit002,2023-04-01,2023,NYN,MIA,7,5.0,23,89,6,2,1,0,0.98,MIA202304010
Tylor Megill,megit002,2023-04-07,2023,NYN,MIA,3,6.0,22,78,3,2,0,1,1.06,NYN202304070
Tylor Megill,megit002,2023-04-12,2023,NYN,SDN,3,5.0,20,81,3,3,1,1,1.06,NYN202304120
Tylor Megill,megit002,2023-04-18,2023,NYN,LAN,4,5.0,26,96,7,4,2,0,1.03,LAN202304180
Tylor Megill,megit002,2023-04-23,2023,NYN,SFN,2,4.0,19,73,6,1,1,0,1.03,SFN202304230
Tylor Megill,megit002,2023-05-01,2023,NYN,ATL,4,5.7,23,84,4,3,0,1,1.06,NYN202305012
Tylor Megill,megit002,2023-05-06,2023,NYN,COL,4,4.7,23,89,6,3,0,1,1.06,NYN202305060
Tylor Megill,megit002,2023-05-12,2023,NYN,WAS,4,5.0,23,89,4,4,0,0,1.01,WAS202305120
Tylor Megill,megit002,2023-05-18,2023,NYN,TBA,4,6.0,21,76,4,1,1,1,1.06,NYN202305180
Tylor Megill,megit002,2023-05-23,2023,NYN,CHN,5,3.7,20,74,6,2,2,0,0.97,CHN202305230
Tylor Megill,megit002,2023-05-28,2023,NYN,COL,3,4.0,24,75,10,2,0,0,0.92,COL202305280
Tylor Megill,megit002,2023-06-03,2023,NYN,TOR,5,5.3,24,98,5,5,0,1,1.06,NYN202306030
Tylor Megill,megit002,2023-06-09,2023,NYN,PIT,1,3.7,22,77,8,3,0,0,1.0,PIT202306090
Tylor Megill,megit002,2023-06-16,2023,NYN,SLN,7,6.0,22,87,4,0,1,1,1.06,NYN202306160
Tylor Megill,megit002,2023-06-21,2023,NYN,HOU,2,2.3,15,59,4,4,0,0,1.02,HOU202306210
Tylor Megill,megit002,2023-08-05,2023,NYN,BAL,3,4.7,23,91,9,0,2,0,1.0,BAL202308050
Tylor Megill,megit002,2023-08-11,2023,NYN,ATL,3,5.3,25,84,9,1,0,1,1.06,NYN202308110
Tylor Megill,megit002,2023-08-16,2023,NYN,PIT,5,5.0,22,90,5,4,1,1,1.06,NYN202308160
Tylor Megill,megit002,2023-08-22,2023,NYN,ATL,5,4.7,26,91,8,2,2,0,1.02,ATL202308220
Tylor Megill,megit002,2023-08-28,2023,NYN,TEX,8,6.0,23,73,5,1,0,1,1.06,NYN202308280
Tylor Megill,megit002,2023-09-03,2023,NYN,SEA,6,5.3,23,71,5,2,2,1,1.06,NYN202309030
Tylor Megill,megit002,2023-09-10,2023,NYN,MIN,2,5.0,20,65,2,4,0,0,1.0,MIN202309100
Tylor Megill,megit002,2023-09-16,2023,NYN,CIN,2,5.7,26,90,9,2,1,1,1.06,NYN202309160
Tylor Megill,megit002,2023-09-22,2023,NYN,PHI,6,6.0,25,96,5,1,1,0,1.01,PHI202309220
Tylor Megill,megit002,2023-09-30,2023,NYN,PHI,7,7.3,27,92,4,2,0,1,1.06,NYN202309301
Miles Mikolas,mikom001,2023-03-30,2023,SLN,TOR,6,3.3,21,90,10,0,0,1,1.0,SLN202303300
Miles Mikolas,mikom001,2023-04-05,2023,SLN,ATL,6,6.0,28,98,9,1,1,1,1.0,SLN202304050
Miles Mikolas,mikom001,2023-04-11,2023,SLN,COL,3,5.0,27,81,10,2,3,0,0.92,COL202304110
Miles Mikolas,mikom001,2023-04-16,2023,SLN,PIT,4,5.7,25,88,7,2,0,1,1.0,SLN202304160
Miles Mikolas,mikom001,2023-04-22,2023,SLN,SEA,4,5.3,23,84,5,2,2,0,1.04,SEA202304220
Miles Mikolas,mikom001,2023-04-27,2023,SLN,SFN,6,6.3,26,87,4,2,0,0,1.03,SFN202304270
Miles Mikolas,mikom001,2023-05-03,2023,SLN,ANA,5,5.7,25,93,8,0,1,1,1.0,SLN202305030
Miles Mikolas,mikom001,2023-05-08,2023,SLN,CHN,7,4.3,20,93,4,3,0,0,0.97,CHN202305080
Miles Mikolas,mikom001,2023-05-14,2023,SLN,BOS,0,6.0,23,71,4,2,0,0,0.98,BOS202305140
Miles Mikolas,mikom001,2023-05-20,2023,SLN,LAN,2,7.0,27,100,6,0,1,1,1.0,SLN202305200
Miles Mikolas,mikom001,2023-05-25,2023,SLN,CIN,5,7.0,26,86,5,0,0,0,1.0,CIN202305250
Miles Mikolas,mikom001,2023-05-30,2023,SLN,KCA,10,8.0,28,98,3,1,0,1,1.0,SLN202305300
Miles Mikolas,mikom001,2023-06-04,2023,SLN,PIT,2,5.0,25,79,10,0,0,0,1.0,PIT202306040
Miles Mikolas,mikom001,2023-06-10,2023,SLN,CIN,2,6.0,28,89,7,2,0,1,1.0,SLN202306100
Miles Mikolas,mikom001,2023-06-16,2023,SLN,NYN,1,6.0,27,84,8,1,1,0,1.06,NYN202306160
Miles Mikolas,mikom001,2023-06-21,2023,SLN,WAS,3,7.0,28,95,8,1,1,0,1.01,WAS202306210
Miles Mikolas,mikom001,2023-06-28,2023,SLN,HOU,4,5.7,27,76,7,3,0,1,1.0,SLN202306280
Miles Mikolas,mikom001,2023-07-03,2023,SLN,MIA,2,6.3,24,77,4,2,0,0,0.98,MIA202307030
Miles Mikolas,mikom001,2023-07-08,2023,SLN,CHA,6,7.0,25,78,4,0,0,0,0.99,CHA202307080
Miles Mikolas,mikom001,2023-07-14,2023,SLN,WAS,2,3.0,9,28,0,0,0,1,1.0,SLN202307140
Miles Mikolas,mikom001,2023-07-17,2023,SLN,MIA,3,6.0,25,86,7,0,2,1,1.0,SLN202307170
Miles Mikolas,mikom001,2023-07-22,2023,SLN,CHN,3,5.0,26,92,11,1,0,0,0.97,CHN202307220
Miles Mikolas,mikom001,2023-07-27,2023,SLN,CHN,1,0.7,3,12,0,0,0,1,1.0,SLN202307270
Miles Mikolas,mikom001,2023-08-01,2023,SLN,MIN,7,7.0,28,105,6,1,0,1,1.0,SLN202308010
Miles Mikolas,mikom001,2023-08-08,2023,SLN,TBA,5,7.0,26,76,8,0,1,0,1.05,TBA202308080
Miles Mikolas,mikom001,2023-08-14,2023,SLN,OAK,4,6.3,27,80,5,3,1,1,1.0,SLN202308140
Miles Mikolas,mikom001,2023-08-19,2023,SLN,NYN,4,4.7,23,73,7,2,2,1,1.0,SLN202308190
Miles Mikolas,mikom001,2023-08-25,2023,SLN,PHI,3,6.0,27,84,8,0,1,0,1.01,PHI202308250
Miles Mikolas,mikom001,2023-08-30,2023,SLN,SDN,2,6.0,25,92,7,2,0,1,1.0,SLN202308300
Miles Mikolas,mikom001,2023-09-05,2023,SLN,ATL,2,6.7,30,88,8,2,3,0,1.02,ATL202309050
Miles Mikolas,mikom001,2023-09-10,2023,SLN,CIN,2,5.3,23,93,7,1,2,0,1.0,CIN202309100
Miles Mikolas,mikom001,2023-09-16,2023,SLN,PHI,2,6.0,25,93,8,0,1,1,1.0,SLN202309160
Miles Mikolas,mikom001,2023-09-21,2023,SLN,MIL,4,5.0,25,93,9,1,2,1,1.0,SLN202309210
Miles Mikolas,mikom001,2023-09-26,2023,SLN,MIL,5,7.0,28,95,5,2,0,0,1.05,MIL202309260
Miles Mikolas,mikom001,2023-10-01,2023,SLN,CIN,10,7.0,27,73,7,0,1,1,1.0,SLN202310010
Wade Miley,milew001,2023-04-04,2023,MIL,NYN,3,6.0,23,74,5,0,0,1,1.05,MIL202304040
Wade Miley,milew001,2023-04-10,2023,MIL,ARI,3,5.0,23,83,5,3,1,0,1.03,ARI202304100
Wade Miley,milew001,2023-04-16,2023,MIL,SDN,8,7.0,26,80,4,0,0,0,1.08,SDN202304160
Wade Miley,milew001,2023-04-22,2023,MIL,BOS,3,5.0,19,73,4,1,1,1,1.05,MIL202304220
Wade Miley,milew001,2023-04-28,2023,MIL,ANA,2,6.0,24,83,7,0,0,1,1.05,MIL202304280
Wade Miley,milew001,2023-05-04,2023,MIL,COL,2,6.0,25,81,6,2,0,0,0.92,COL202305040
Wade Miley,milew001,2023-05-10,2023,MIL,LAN,3,5.0,24,86,6,2,3,1,1.05,MIL202305100
Wade Miley,milew001,2023-05-16,2023,MIL,SLN,0,1.7,7,18,1,1,1,0,1.0,SLN202305160
Wade Miley,milew001,2023-06-17,2023,MIL,PIT,4,5.0,18,52,2,2,0,1,1.05,MIL202306170
Wade Miley,milew001,2023-06-23,2023,MIL,CLE,3,6.0,20,67,3,0,0,0,1.04,CLE202306230
Wade Miley,milew001,2023-06-28,2023,MIL,NYN,3,4.0,17,40,3,3,1,0,1.06,NYN202306280
Wade Miley,milew001,2023-07-04,2023,MIL,CHN,4,5.0,25,71,9,2,1,1,1.05,MIL202307040
Wade Miley,milew001,2023-07-09,2023,MIL,CIN,8,6.0,24,90,4,3,0,1,1.05,MIL202307090
Wade Miley,milew001,2023-08-02,2023,MIL,WAS,5,4.0,16,49,3,2,0,0,1.01,WAS202308020
Wade Miley,milew001,2023-08-08,2023,MIL,COL,2,6.0,21,69,2,3,1,1,1.05,MIL202308080
Wade Miley,milew001,2023-08-16,2023,MIL,LAN,2,5.0,25,78,7,2,1,0,1.03,LAN202308160
Wade Miley,milew001,2023-08-22,2023,MIL,MIN,4,5.0,21,69,5,1,1,1,1.05,MIL202308220
Wade Miley,milew001,2023-08-28,2023,MIL,CHN,1,6.0,22,74,4,0,2,0,0.97,CHN202308280
Wade Miley,milew001,2023-09-03,2023,MIL,PHI,4,6.3,26,74,4,3,2,1,1.05,MIL202309030
Wade Miley,milew001,2023-09-09,2023,MIL,NYA,3,3.7,18,73,1,3,0,0,0.99,NYA202309090
Wade Miley,milew001,2023-09-15,2023,MIL,WAS,3,5.7,23,80,5,2,1,1,1.05,MIL202309150
Wade Miley,milew001,2023-09-21,2023,MIL,SLN,7,6.0,23,79,3,2,0,0,1.0,SLN202309210
Wade Miley,milew001,2023-09-27,2023,MIL,SLN,2,5.0,20,84,6,1,0,1,1.05,MIL202309270
Bryce Miller,millb004,2023-05-02,2023,SEA,OAK,10,6.0,20,70,2,0,0,0,1.0,OAK202305020
Bryce Miller,millb004,2023-05-07,2023,SEA,HOU,5,6.0,20,75,2,1,0,1,1.04,SEA202305070
Bryce Miller,millb004,2023-05-13,2023,SEA,DET,3,7.0,24,76,3,0,0,0,1.0,DET202305130
Bryce Miller,millb004,2023-05-19,2023,SEA,ATL,4,6.3,24,93,4,1,0,0,1.02,ATL202305190
Bryce Miller,millb004,2023-05-24,2023,SEA,OAK,6,6.0,22,67,2,1,0,1,1.04,SEA202305240
Bryce Miller,millb004,2023-05-29,2023,SEA,NYA,3,4.7,25,84,11,0,2,1,1.04,SEA202305290
Bryce Miller,millb004,2023-06-04,2023,SEA,TEX,2,2.3,17,59,8,2,1,0,0.99,TEX202306040
Bryce Miller,millb004,2023-06-12,2023,SEA,MIA,6,6.0,21,59,1,3,1,1,1.04,SEA202306120
Bryce Miller,millb004,2023-06-18,2023,SEA,CHA,6,7.0,25,73,4,0,0,1,1.04,SEA202306180
Bryce Miller,millb004,2023-06-24,2023,SEA,BAL,4,4.3,20,78,6,3,1,0,1.0,BAL202306240
Bryce Miller,millb004,2023-06-30,2023,SEA,TBA,6,3.3,13,49,1,1,1,1,1.04,SEA202306300
Bryce Miller,millb004,2023-07-16,2023,SEA,DET,3,5.0,20,67,5,1,0,1,1.04,SEA202307160
Bryce Miller,millb004,2023-07-21,2023,SEA,TOR,6,5.3,21,73,3,2,1,1,1.04,SEA202307210
Bryce Miller,millb004,2023-07-26,2023,SEA,MIN,7,5.7,25,77,8,0,4,0,1.0,MIN202307260
Bryce Miller,millb004,2023-08-01,2023,SEA,BOS,4,5.7,26,71,7,2,2,1,1.04,SEA202308010
Bryce Miller,millb004,2023-08-06,2023,SEA,ANA,10,5.0,20,74,5,0,0,0,0.99,ANA202308060
Bryce Miller,millb004,2023-08-13,2023,SEA,BAL,2,5.7,25,67,5,2,0,1,1.04,SEA202308130
Bryce Miller,millb004,2023-08-18,2023,SEA,HOU,2,6.3,22,73,2,1,0,0,1.02,HOU202308180
Bryce Miller,millb004,2023-08-25,2023,SEA,KCA,6,4.0,18,73,6,1,0,1,1.04,SEA202308250
Bryce Miller,millb004,2023-08-30,2023,SEA,OAK,5,6.0,24,73,7,0,1,1,1.04,SEA202308300
Bryce Miller,millb004,2023-09-05,2023,SEA,CIN,2,5.0,22,76,7,1,0,0,1.0,CIN202309050
Bryce Miller,millb004,2023-09-10,2023,SEA,TBA,7,5.0,24,76,9,1,0,0,1.05,TBA202309100
Bryce Miller,millb004,2023-09-16,2023,SEA,LAN,4,5.3,21,74,4,1,0,1,1.04,SEA202309160
Bryce Miller,millb004,2023-09-22,2023,SEA,TEX,2,4.3,20,60,6,1,2,0,0.99,TEX202309220
Bryce Miller,millb004,2023-09-27,2023,SEA,HOU,4,4.0,18,58,6,1,2,1,1.04,SEA202309270
Bobby Miller,millb005,2023-05-23,2023,LAN,ATL,5,5.0,20,89,4,1,0,0,1.02,ATL202305230
Bobby Miller,millb005,2023-05-29,2023,LAN,WAS,4,6.0,22,70,4,1,0,1,1.03,LAN202305290
Bobby Miller,millb005,2023-06-04,2023,LAN,NYA,7,6.0,22,82,1,2,0,1,1.03,LAN202306040
Bobby Miller,millb005,2023-06-10,2023,LAN,PHI,7,6.0,23,89,3,3,0,0,1.01,PHI202306100
Bobby Miller,millb005,2023-06-17,2023,LAN,SFN,5,5.7,27,89,7,3,1,1,1.03,LAN202306170
Bobby Miller,millb005,2023-06-24,2023,LAN,HOU,3,4.0,23,80,10,3,1,1,1.03,LAN202306240
Bobby Miller,millb005,2023-06-30,2023,LAN,KCA,4,5.7,24,83,5,1,0,0,0.96,KCA202306300
Bobby Miller,millb005,2023-07-05,2023,LAN,PIT,7,5.7,23,91,5,1,2,1,1.03,LAN202307050
Bobby Miller,millb005,2023-07-16,2023,LAN,NYN,5,4.7,19,69,3,1,0,0,1.06,NYN202307160
Bobby Miller,millb005,2023-07-22,2023,LAN,TEX,6,6.0,25,72,7,0,1,0,0.99,TEX202307220
Bobby Miller,millb005,2023-07-28,2023,LAN,CIN,6,5.0,20,91,6,0,1,1,1.03,LAN202307280
Bobby Miller,millb005,2023-08-04,2023,LAN,SDN,3,3.7,18,58,6,1,0,0,1.08,SDN202308040
Bobby Miller,millb005,2023-08-09,2023,LAN,ARI,4,6.0,26,64,4,4,0,0,1.03,ARI202308090
Bobby Miller,millb005,2023-08-15,2023,LAN,MIL,4,6.0,20,66,1,1,0,1,1.03,LAN202308150
Bobby Miller,millb005,2023-08-22,2023,LAN,CLE,5,6.3,26,87,6,1,1,0,1.04,CLE202308220
Bobby Miller,millb005,2023-08-28,2023,LAN,ARI,4,6.0,26,72,7,2,1,1,1.03,LAN202308280
Bobby Miller,millb005,2023-09-03,2023,LAN,ATL,5,7.0,24,88,3,1,1,1,1.03,LAN202309030
Bobby Miller,millb005,2023-09-09,2023,LAN,WAS,8,7.0,30,96,6,2,1,0,1.01,WAS202309090
Bobby Miller,millb005,2023-09-15,2023,LAN,SEA,7,5.7,24,72,6,2,1,0,1.04,SEA202309150
Bobby Miller,millb005,2023-09-20,2023,LAN,DET,7,6.0,23,81,3,1,0,1,1.03,LAN202309200
Bobby Miller,millb005,2023-09-26,2023,LAN,COL,9,7.0,26,83,7,0,1,0,0.92,COL202309262
Bobby Miller,millb005,2023-10-01,2023,LAN,SFN,4,4.0,14,50,1,1,0,0,1.03,SFN202310010
Mason Miller,millm004,2023-04-19,2023,OAK,CHN,5,4.3,18,66,4,1,0,1,1.0,OAK202304190
Mason Miller,millm004,2023-04-25,2023,OAK,ANA,6,4.0,18,70,5,1,0,0,0.99,ANA202304250
Mason Miller,millm004,2023-05-02,2023,OAK,SEA,6,7.0,24,84,0,4,0,1,1.0,OAK202305020
Mason Miller,millm004,2023-05-07,2023,OAK,KCA,5,6.0,25,86,5,1,1,0,0.96,KCA202305070
Mason Miller,millm004,2023-09-11,2023,OAK,HOU,3,2.0,8,43,1,1,0,0,1.02,HOU202309110
Mason Miller,millm004,2023-09-16,2023,OAK,SDN,2,1.0,8,23,2,3,0,1,1.0,OAK202309160
Shelby Miller,mills001,2023-09-17,2023,LAN,SEA,1,1.0,4,11,1,0,0,0,1.04,SEA202309170
Tommy Milone,milot001,2023-04-14,2023,SEA,COL,3,4.7,19,71,3,2,1,1,1.04,SEA202304140
Tommy Milone,milot001,2023-07-05,2023,SEA,SFN,0,4.3,21,75,4,4,0,0,1.03,SFN202307050
Carmen Mlodzinski,mlodc001,2023-07-09,2023,PIT,ARI,1,1.3,6,25,0,2,0,0,1.03,ARI202307090
Sam Moll,molls001,2023-06-09,2023,OAK,MIL,3,1.0,4,16,1,0,0,0,1.05,MIL202306090
Jordan Montgomery,montj004,2023-04-02,2023,SLN,TOR,3,5.0,22,85,6,1,0,1,1.0,SLN202304020
Jordan Montgomery,montj004,2023-04-08,2023,SLN,MIL,9,7.0,26,100,3,2,0,0,1.05,MIL202304080
Jordan Montgomery,montj004,2023-04-13,2023,SLN,PIT,5,6.3,27,91,6,2,0,1,1.0,SLN202304130
Jordan Montgomery,montj004,2023-04-18,2023,SLN,ARI,2,4.0,22,74,10,0,1,1,1.0,SLN202304180
Jordan Montgomery,montj004,2023-04-24,2023,SLN,SFN,6,6.0,26,88,5,1,0,0,1.03,SFN202304240
Jordan Montgomery,montj004,2023-04-29,2023,SLN,LAN,7,6.7,27,90,5,2,0,0,1.03,LAN202304290
Jordan Montgomery,montj004,2023-05-05,2023,SLN,DET,6,6.0,25,82,6,1,1,1,1.0,SLN202305050
Jordan Montgomery,montj004,2023-05-10,2023,SLN,CHN,3,5.0,24,81,7,3,2,0,0.97,CHN202305100
Jordan Montgomery,montj004,2023-05-16,2023,SLN,MIL,7,5.3,26,93,8,1,2,1,1.0,SLN202305160
Jordan Montgomery,montj004,2023-05-22,2023,SLN,CIN,4,4.0,21,75,7,3,1,0,1.0,CIN202305220
Jordan Montgomery,montj004,2023-05-28,2023,SLN,CLE,3,5.0,22,85,7,1,0,0,1.04,CLE202305280
Jordan Montgomery,montj004,2023-06-03,2023,SLN,PIT,5,5.7,21,66,4,1,1,0,1.0,PIT202306030
Jordan Montgomery,montj004,2023-06-09,2023,SLN,CIN,6,6.0,22,88,3,1,0,1,1.0,SLN202306090
Jordan Montgomery,montj004,2023-06-14,2023,SLN,SFN,7,6.3,27,86,7,2,0,1,1.0,SLN202306140
Jordan Montgomery,montj004,2023-06-20,2023,SLN,WAS,6,7.0,25,88,4,1,0,0,1.01,WAS202306200
Jordan Montgomery,montj004,2023-06-27,2023,SLN,HOU,6,6.7,26,83,6,1,1,1,1.0,SLN202306270
Jordan Montgomery,montj004,2023-07-02,2023,SLN,NYA,6,6.7,25,78,2,3,0,1,1.0,SLN202307020
Jordan Montgomery,montj004,2023-07-07,2023,SLN,CHA,5,4.3,17,60,3,1,1,0,0.99,CHA202307070
Jordan Montgomery,montj004,2023-07-18,2023,SLN,MIA,5,6.0,25,87,6,2,0,1,1.0,SLN202307180
Jordan Montgomery,montj004,2023-07-23,2023,SLN,CHN,4,6.0,28,93,6,2,1,0,0.97,CHN202307230
Jordan Montgomery,montj004,2023-07-28,2023,SLN,CHN,3,6.0,25,100,5,4,1,1,1.0,SLN202307280
Jordan Montgomery,montj004,2023-08-04,2023,TEX,MIA,6,6.0,24,77,6,1,1,1,0.99,TEX202308040
Jordan Montgomery,montj004,2023-08-09,2023,TEX,OAK,5,6.0,26,91,7,1,1,0,1.0,OAK202308090
Jordan Montgomery,montj004,2023-08-15,2023,TEX,ANA,9,6.0,24,77,6,0,0,1,0.99,TEX202308150
Jordan Montgomery,montj004,2023-08-21,2023,TEX,ARI,6,8.0,26,86,4,1,0,0,1.03,ARI202308210
Jordan Montgomery,montj004,2023-08-27,2023,TEX,MIN,4,5.3,22,73,4,2,0,0,1.0,MIN202308270
Jordan Montgomery,montj004,2023-09-02,2023,TEX,MIN,0,3.7,19,57,7,2,1,1,0.99,TEX202309020
Jordan Montgomery,montj004,2023-09-08,2023,TEX,OAK,6,5.7,25,75,8,1,2,1,0.99,TEX202309080
Jordan Montgomery,montj004,2023-09-13,2023,TEX,TOR,3,7.0,25,91,4,1,0,0,1.0,TOR202309130
Jordan Montgomery,montj004,2023-09-18,2023,TEX,BOS,8,7.0,25,81,5,0,0,1,0.99,TEX202309180
Jordan Montgomery,montj004,2023-09-23,2023,TEX,SEA,6,7.0,28,83,5,2,0,1,0.99,TEX202309230
Jordan Montgomery,montj004,2023-09-28,2023,TEX,SEA,5,6.0,24,86,5,2,1,0,1.04,SEA202309280
Adrián Morejón,morea001,2023-07-02,2023,SDN,CIN,1,3.0,12,42,2,2,0,0,1.0,CIN202307020
Charlie Morton,mortc002,2023-04-03,2023,ATL,SLN,1,5.3,27,77,9,2,0,0,1.0,SLN202304030
Charlie Morton,mortc002,2023-04-08,2023,ATL,SDN,6,5.0,25,93,6,3,1,1,1.02,ATL202304080
Charlie Morton,mortc002,2023-04-14,2023,ATL,KCA,5,6.0,27,89,6,2,0,0,0.96,KCA202304140
Charlie Morton,mortc002,2023-04-19,2023,ATL,SDN,5,6.0,24,75,5,3,1,0,1.08,SDN202304190
Charlie Morton,mortc002,2023-04-25,2023,ATL,MIA,9,7.0,26,94,3,2,1,1,1.02,ATL202304250
Charlie Morton,mortc002,2023-05-01,2023,ATL,NYN,6,5.3,25,92,6,3,0,0,1.06,NYN202305012
Charlie Morton,mortc002,2023-05-09,2023,ATL,BOS,7,6.0,24,82,5,2,1,1,1.02,ATL202305090
Charlie Morton,mortc002,2023-05-15,2023,ATL,TEX,10,6.7,28,89,7,1,0,0,0.99,TEX202305150
Charlie Morton,mortc002,2023-05-22,2023,ATL,LAN,5,5.0,24,93,7,2,2,1,1.02,ATL202305220
Charlie Morton,mortc002,2023-05-27,2023,ATL,PHI,9,5.3,27,86,7,4,0,1,1.02,ATL202305270
Charlie Morton,mortc002,2023-06-02,2023,ATL,ARI,9,7.0,28,93,6,2,0,0,1.03,ARI202306020
Charlie Morton,mortc002,2023-06-07,2023,ATL,NYN,5,4.7,22,92,4,4,2,1,1.02,ATL202306070
Charlie Morton,mortc002,2023-06-12,2023,ATL,DET,8,5.7,24,95,4,3,0,0,1.0,DET202306120
Charlie Morton,mortc002,2023-06-18,2023,ATL,COL,8,5.0,24,86,5,3,1,1,1.02,ATL202306180
Charlie Morton,mortc002,2023-06-25,2023,ATL,CIN,7,5.0,25,103,7,3,0,0,1.0,CIN202306250
Charlie Morton,mortc002,2023-07-01,2023,ATL,MIA,5,5.7,22,88,4,1,0,1,1.02,ATL202307010
Charlie Morton,mortc002,2023-07-07,2023,ATL,TBA,6,6.3,23,86,4,2,1,0,1.05,TBA202307070
Charlie Morton,mortc002,2023-07-14,2023,ATL,CHA,4,7.0,22,73,3,1,0,1,1.02,ATL202307140
Charlie Morton,mortc002,2023-07-19,2023,ATL,ARI,4,5.7,26,89,6,3,0,1,1.02,ATL202307190
Charlie Morton,mortc002,2023-07-25,2023,ATL,BOS,1,3.7,21,69,6,5,0,0,0.98,BOS202307250
Charlie Morton,mortc002,2023-07-31,2023,ATL,ANA,8,6.0,28,85,6,3,3,1,1.02,ATL202307310
Charlie Morton,mortc002,2023-08-06,2023,ATL,CHN,4,4.3,22,82,4,4,0,0,0.97,CHN202308060
Charlie Morton,mortc002,2023-08-11,2023,ATL,NYN,4,5.0,24,85,3,7,0,0,1.06,NYN202308110
Charlie Morton,mortc002,2023-08-16,2023,ATL,NYA,10,6.0,23,86,4,1,0,1,1.02,ATL202308160
Charlie Morton,mortc002,2023-08-23,2023,ATL,NYN,11,7.0,25,87,2,1,0,1,1.02,ATL202308230
Charlie Morton,mortc002,2023-08-29,2023,ATL,COL,8,6.0,24,84,3,2,0,0,0.92,COL202308290
Charlie Morton,mortc002,2023-09-03,2023,ATL,LAN,3,4.0,19,76,6,3,0,0,1.03,LAN202309030
Charlie Morton,mortc002,2023-09-11,2023,ATL,PHI,9,6.0,27,94,6,4,0,0,1.01,PHI202309111
Charlie Morton,mortc002,2023-09-17,2023,ATL,MIA,5,4.7,25,96,6,5,1,0,0.98,MIA202309170
Charlie Morton,mortc002,2023-09-22,2023,ATL,WAS,1,1.0,5,24,0,2,0,0,1.01,WAS202309220
Kyle Muller,mullk001,2023-03-30,2023,OAK,ANA,3,5.0,19,65,4,1,0,1,1.0,OAK202303300
Kyle Muller,mullk001,2023-04-05,2023,OAK,CLE,5,5.7,26,94,4,3,0,1,1.0,OAK202304050
Kyle Muller,mullk001,2023-04-11,2023,OAK,BAL,3,4.0,22,73,7,3,1,0,1.0,BAL202304110
Kyle Muller,mullk001,2023-04-17,2023,OAK,CHN,3,4.0,26,87,13,2,1,1,1.0,OAK202304170
Kyle Muller,mullk001,2023-04-23,2023,OAK,TEX,3,5.0,26,83,7,4,1,0,0.99,TEX202304230
Kyle Muller,mullk001,2023-04-29,2023,OAK,CIN,3,5.0,19,75,5,2,1,1,1.0,OAK202304290
Kyle Muller,mullk001,2023-05-05,2023,OAK,KCA,1,5.3,26,88,8,3,1,0,0.96,KCA202305050
Kyle Muller,mullk001,2023-05-10,2023,OAK,NYA,6,4.0,21,78,5,3,1,0,0.99,NYA202305100
Kyle Muller,mullk001,2023-05-16,2023,OAK,ARI,3,4.0,20,64,8,0,1,1,1.0,OAK202305160
Kyle Muller,mullk001,2023-05-22,2023,OAK,SEA,3,5.0,25,87,8,2,2,0,1.04,SEA202305220
Kyle Muller,mullk001,2023-07-01,2023,OAK,CHA,4,5.0,23,74,6,4,1,1,1.0,OAK202307010
Kyle Muller,mullk001,2023-08-28,2023,OAK,SEA,6,4.0,22,84,9,3,2,0,1.04,SEA202308280
Kyle Muller,mullk001,2023-09-03,2023,OAK,ANA,3,4.0,18,67,5,1,1,1,1.0,OAK202309030
Joe Musgrove,musgj001,2023-04-22,2023,SDN,ARI,6,5.0,21,74,7,0,1,0,1.03,ARI202304220
Joe Musgrove,musgj001,2023-04-29,2023,SDN,SFN,3,3.3,18,67,6,1,3,1,1.08,SDN202304290
Joe Musgrove,musgj001,2023-05-07,2023,SDN,LAN,5,5.0,21,78,2,3,0,1,1.08,SDN202305070
Joe Musgrove,musgj001,2023-05-13,2023,SDN,LAN,5,5.7,28,97,8,4,1,0,1.03,LAN202305130
Joe Musgrove,musgj001,2023-05-20,2023,SDN,BOS,6,5.0,24,89,6,1,1,1,1.08,SDN202305200
Joe Musgrove,musgj001,2023-05-26,2023,SDN,NYA,6,6.3,25,76,6,0,0,0,0.99,NYA202305260
Joe Musgrove,musgj001,2023-06-01,2023,SDN,MIA,3,6.0,23,66,3,3,0,0,0.98,MIA202306010
Joe Musgrove,musgj001,2023-06-06,2023,SDN,SEA,8,5.0,20,85,4,1,0,1,1.08,SDN202306060
Joe Musgrove,musgj001,2023-06-13,2023,SDN,CLE,5,6.0,25,84,7,1,1,1,1.08,SDN202306130
Joe Musgrove,musgj001,2023-06-18,2023,SDN,TBA,1,6.0,25,85,6,1,0,1,1.08,SDN202306180
Joe Musgrove,musgj001,2023-06-23,2023,SDN,WAS,7,7.0,27,86,6,0,0,1,1.08,SDN202306230
Joe Musgrove,musgj001,2023-06-29,2023,SDN,PIT,6,6.0,24,92,7,1,0,0,1.0,PIT202306290
Joe Musgrove,musgj001,2023-07-04,2023,SDN,ANA,11,7.0,24,89,3,1,1,1,1.08,SDN202307040
Joe Musgrove,musgj001,2023-07-09,2023,SDN,NYN,7,6.0,22,85,3,0,0,1,1.08,SDN202307090
Joe Musgrove,musgj001,2023-07-18,2023,SDN,TOR,7,6.0,24,106,5,1,0,0,1.0,TOR202307180
Joe Musgrove,musgj001,2023-07-23,2023,SDN,DET,6,6.0,24,74,7,1,2,0,1.0,DET202307230
Joe Musgrove,musgj001,2023-07-28,2023,SDN,TEX,5,6.0,24,91,4,2,0,1,1.08,SDN202307280
Zach Neal,nealz001,2023-08-25,2023,OAK,CHA,2,5.0,23,81,5,3,2,0,0.99,CHA202308250
Zach Neal,nealz001,2023-08-30,2023,OAK,SEA,6,5.0,20,73,3,2,1,0,1.04,SEA202308300
Kyle Nelson,nelsk001,2023-07-08,2023,ARI,PIT,3,1.3,5,16,0,0,0,1,1.03,ARI202307080
Kyle Nelson,nelsk001,2023-10-01,2023,ARI,HOU,1,0.3,4,12,2,1,1,1,1.03,ARI202310010
Ryne Nelson,nelsr003,2023-04-03,2023,ARI,SDN,3,5.0,23,89,6,3,1,0,1.08,SDN202304030
Ryne Nelson,nelsr003,2023-04-09,2023,ARI,LAN,3,6.0,25,94,4,2,0,1,1.03,ARI202304090
Ryne Nelson,nelsr003,2023-04-15,2023,ARI,MIA,4,6.0,22,79,5,0,1,0,0.98,MIA202304150
Ryne Nelson,nelsr003,2023-04-20,2023,ARI,SDN,4,5.0,21,85,3,3,2,1,1.03,ARI202304200
Ryne Nelson,nelsr003,2023-04-25,2023,ARI,KCA,3,5.0,25,80,11,0,0,1,1.03,ARI202304250
Ryne Nelson,nelsr003,2023-04-30,2023,ARI,COL,2,4.0,21,66,9,1,1,0,0.92,COL202304300
Ryne Nelson,nelsr003,2023-05-07,2023,ARI,WAS,3,5.0,21,85,7,1,0,1,1.03,ARI202305070
Ryne Nelson,nelsr003,2023-05-12,2023,ARI,SFN,4,4.7,21,84,7,1,2,1,1.03,ARI202305120
Ryne Nelson,nelsr003,2023-05-17,2023,ARI,OAK,6,5.3,20,76,1,4,0,0,1.0,OAK202305170
Ryne Nelson,nelsr003,2023-05-23,2023,ARI,PHI,4,6.0,20,65,3,0,0,0,1.01,PHI202305230
Ryne Nelson,nelsr003,2023-05-29,2023,ARI,COL,1,5.0,24,79,8,3,1,1,1.03,ARI202305290
Ryne Nelson,nelsr003,2023-06-03,2023,ARI,ATL,0,4.7,23,95,6,4,0,1,1.03,ARI202306030
Ryne Nelson,nelsr003,2023-06-10,2023,ARI,DET,4,5.7,23,74,4,2,0,0,1.0,DET202306100
Ryne Nelson,nelsr003,2023-06-15,2023,ARI,PHI,5,4.0,24,74,10,2,1,1,1.03,ARI202306150
Ryne Nelson,nelsr003,2023-06-20,2023,ARI,MIL,6,5.0,21,77,6,0,1,0,1.05,MIL202306200
Ryne Nelson,nelsr003,2023-06-25,2023,ARI,SFN,6,7.0,27,79,3,2,0,0,1.03,SFN202306250
Ryne Nelson,nelsr003,2023-07-01,2023,ARI,ANA,6,7.3,27,76,3,1,1,0,0.99,ANA202307010
Ryne Nelson,nelsr003,2023-07-06,2023,ARI,NYN,1,3.0,18,62,9,0,2,1,1.03,ARI202307060
Ryne Nelson,nelsr003,2023-07-14,2023,ARI,TOR,3,5.7,24,94,9,0,1,0,1.0,TOR202307140
Ryne Nelson,nelsr003,2023-07-19,2023,ARI,ATL,5,7.0,24,76,3,1,2,0,1.02,ATL202307190
Ryne Nelson,nelsr003,2023-07-24,2023,ARI,SLN,1,6.0,27,87,8,3,2,1,1.03,ARI202307240
Ryne Nelson,nelsr003,2023-07-31,2023,ARI,SFN,1,6.7,27,87,5,3,1,0,1.03,SFN202307310
Ryne Nelson,nelsr003,2023-08-05,2023,ARI,MIN,5,3.0,17,60,8,0,1,0,1.0,MIN202308050
Ryne Nelson,nelsr003,2023-08-11,2023,ARI,SDN,2,3.0,16,58,7,1,2,1,1.03,ARI202308110
Ryne Nelson,nelsr003,2023-09-07,2023,ARI,CHN,3,5.7,20,66,2,2,0,0,0.97,CHN202309070
Ryne Nelson,nelsr003,2023-09-12,2023,ARI,NYN,3,4.3,22,74,7,2,2,0,1.06,NYN202309120
Ryne Nelson,nelsr003,2023-09-17,2023,ARI,CHN,3,3.3,16,57,4,3,0,1,1.03,ARI202309170
Sean Newcomb,newcs001,2023-09-09,2023,OAK,TEX,5,4.0,15,49,1,2,0,0,0.99,TEX202309090
Sean Newcomb,newcs001,2023-09-15,2023,OAK,SDN,2,3.0,17,70,5,3,1,1,1.0,OAK202309150
Aaron Nola,nolaa001,2023-03-30,2023,PHI,TEX,4,3.7,17,72,4,2,1,0,0.99,TEX202303300
Aaron Nola,nolaa001,2023-04-05,2023,PHI,NYA,5,6.0,24,87,7,1,0,0,0.99,NYA202304050
Aaron Nola,nolaa001,2023-04-11,2023,PHI,MIA,6,5.7,26,81,9,0,1,1,1.01,PHI202304110
Aaron Nola,nolaa001,2023-04-16,2023,PHI,CIN,4,6.0,26,95,5,3,0,0,1.0,CIN202304160
Aaron Nola,nolaa001,2023-04-21,2023,PHI,COL,3,7.0,25,84,4,3,1,1,1.01,PHI202304210
Aaron Nola,nolaa001,2023-04-28,2023,PHI,HOU,6,8.0,27,103,3,0,1,0,1.02,HOU202304280
Aaron Nola,nolaa001,2023-05-03,2023,PHI,LAN,5,6.3,27,96,7,0,1,0,1.03,LAN202305030
Aaron Nola,nolaa001,2023-05-09,2023,PHI,TOR,6,6.0,24,80,5,2,1,1,1.01,PHI202305090
Aaron Nola,nolaa001,2023-05-14,2023,PHI,COL,4,7.0,28,97,6,1,1,0,0.92,COL202305140
Aaron Nola,nolaa001,2023-05-20,2023,PHI,CHN,10,7.0,25,90,4,1,1,1,1.01,PHI202305200
Aaron Nola,nolaa001,2023-05-25,2023,PHI,ATL,7,6.0,28,85,8,2,3,0,1.02,ATL202305250
Aaron Nola,nolaa001,2023-05-31,2023,PHI,NYN,5,6.0,25,103,4,3,1,0,1.06,NYN202305310
Aaron Nola,nolaa001,2023-06-05,2023,PHI,DET,12,7.0,24,89,1,3,1,1,1.01,PHI202306050
Aaron Nola,nolaa001,2023-06-10,2023,PHI,LAN,7,6.3,28,94,7,2,1,1,1.01,PHI202306100
Aaron Nola,nolaa001,2023-06-15,2023,PHI,ARI,9,6.7,27,98,6,1,1,0,1.03,ARI202306150
Aaron Nola,nolaa001,2023-06-22,2023,PHI,ATL,5,6.0,22,99,2,2,0,1,1.01,PHI202306220
Aaron Nola,nolaa001,2023-06-28,2023,PHI,CHN,4,5.0,24,86,7,3,2,0,0.97,CHN202306280
Aaron Nola,nolaa001,2023-07-04,2023,PHI,TBA,12,7.3,29,94,5,1,1,0,1.05,TBA202307040
Aaron Nola,nolaa001,2023-07-09,2023,PHI,MIA,6,6.0,26,76,8,0,3,0,0.98,MIA202307090
Aaron Nola,nolaa001,2023-07-18,2023,PHI,MIL,6,7.3,27,93,4,0,0,1,1.01,PHI202307180
Aaron Nola,nolaa001,2023-07-23,2023,PHI,CLE,7,7.0,27,72,6,0,2,0,1.04,CLE202307230
Aaron Nola,nolaa001,2023-07-29,2023,PHI,PIT,6,4.7,26,87,9,3,1,0,1.0,PIT202307290
Aaron Nola,nolaa001,2023-08-04,2023,PHI,KCA,8,5.3,24,78,8,1,2,1,1.01,PHI202308040
Aaron Nola,nolaa001,2023-08-10,2023,PHI,WAS,6,5.0,22,86,5,1,0,1,1.01,PHI202308100
Aaron Nola,nolaa001,2023-08-16,2023,PHI,TOR,7,5.0,22,87,4,4,1,0,1.0,TOR202308160
Aaron Nola,nolaa001,2023-08-21,2023,PHI,SFN,5,7.0,26,78,7,1,2,1,1.01,PHI202308210
Aaron Nola,nolaa001,2023-08-27,2023,PHI,SLN,9,7.0,23,81,1,1,0,1,1.01,PHI202308270
Aaron Nola,nolaa001,2023-09-02,2023,PHI,MIL,5,4.7,24,92,8,3,1,0,1.05,MIL202309020
Aaron Nola,nolaa001,2023-09-09,2023,PHI,MIA,6,4.3,20,71,7,0,1,1,1.01,PHI202309090
Aaron Nola,nolaa001,2023-09-15,2023,PHI,SLN,1,4.7,23,78,7,1,0,0,1.0,SLN202309150
Aaron Nola,nolaa001,2023-09-20,2023,PHI,ATL,8,6.0,24,85,6,0,0,0,1.02,ATL202309200
Aaron Nola,nolaa001,2023-09-26,2023,PHI,PIT,8,6.7,23,85,4,0,1,1,1.01,PHI202309260
Bailey Ober,oberb002,2023-04-23,2023,MIN,WAS,4,5.7,21,82,3,3,0,1,1.0,MIN202304230
Bailey Ober,oberb002,2023-04-29,2023,MIN,KCA,6,5.7,23,76,4,2,0,1,1.0,MIN202304290
Bailey Ober,oberb002,2023-05-05,2023,MIN,CLE,6,7.0,24,89,3,1,0,0,1.04,CLE202305050
Bailey Ober,oberb002,2023-05-11,2023,MIN,SDN,6,6.0,24,71,6,0,2,1,1.0,MIN202305110
Bailey Ober,oberb002,2023-05-16,2023,MIN,LAN,6,6.0,24,93,6,1,0,0,1.03,LAN202305160
Bailey Ober,oberb002,2023-05-22,2023,MIN,SFN,2,5.0,21,57,3,3,1,1,1.0,MIN202305220
Bailey Ober,oberb002,2023-05-28,2023,MIN,TOR,7,5.0,19,83,5,1,0,1,1.0,MIN202305280
Bailey Ober,oberb002,2023-06-02,2023,MIN,CLE,3,6.0,22,71,4,0,0,1,1.0,MIN202306020
Bailey Ober,oberb002,2023-06-08,2023,MIN,TBA,7,5.3,21,77,3,2,1,0,1.05,TBA202306080
Bailey Ober,oberb002,2023-06-14,2023,MIN,MIL,7,6.0,24,84,6,1,2,1,1.0,MIN202306140
Bailey Ober,oberb002,2023-06-20,2023,MIN,BOS,4,6.0,27,93,8,0,2,1,1.0,MIN202306200
Bailey Ober,oberb002,2023-06-25,2023,MIN,DET,8,6.0,23,78,5,1,0,0,1.0,DET202306250
Bailey Ober,oberb002,2023-07-01,2023,MIN,BAL,8,7.0,24,66,2,0,0,0,1.0,BAL202307010
Bailey Ober,oberb002,2023-07-07,2023,MIN,BAL,5,6.0,24,77,4,3,0,1,1.0,MIN202307070
Bailey Ober,oberb002,2023-07-18,2023,MIN,SEA,5,6.0,24,74,7,0,1,0,1.04,SEA202307180
Bailey Ober,oberb002,2023-07-23,2023,MIN,CHA,6,6.0,22,69,5,0,2,1,1.0,MIN202307230
Bailey Ober,oberb002,2023-07-29,2023,MIN,KCA,5,4.0,24,83,11,0,2,0,0.96,KCA202307290
Bailey Ober,oberb002,2023-08-04,2023,MIN,ARI,3,5.0,22,74,6,0,1,1,1.0,MIN202308040
Bailey Ober,oberb002,2023-08-09,2023,MIN,DET,9,5.0,27,83,11,1,1,0,1.0,DET202308090
Bailey Ober,oberb002,2023-08-15,2023,MIN,DET,6,5.0,20,59,4,3,1,1,1.0,MIN202308150
Bailey Ober,oberb002,2023-08-22,2023,MIN,MIL,3,5.0,19,71,2,3,1,0,1.05,MIL202308220
Bailey Ober,oberb002,2023-08-27,2023,MIN,TEX,4,4.0,18,60,5,1,2,1,1.0,MIN202308270
Bailey Ober,oberb002,2023-09-15,2023,MIN,CHA,6,5.0,20,74,5,0,1,0,0.99,CHA202309150
Bailey Ober,oberb002,2023-09-20,2023,MIN,CIN,3,5.0,22,83,3,3,1,0,1.0,CIN202309200
Bailey Ober,oberb002,2023-09-26,2023,MIN,OAK,8,5.0,16,59,2,0,0,1,1.0,MIN202309260
Bailey Ober,oberb002,2023-10-01,2023,MIN,COL,9,6.7,22,69,2,0,1,0,0.92,COL202310010
Shohei Ohtani,ohtas001,2023-03-30,2023,ANA,OAK,10,6.0,23,72,2,3,0,0,1.0,OAK202303300
Shohei Ohtani,ohtas001,2023-04-05,2023,ANA,SEA,8,6.0,25,96,3,4,0,0,1.04,SEA202304050
Shohei Ohtani,ohtas001,2023-04-11,2023,ANA,WAS,6,7.0,27,85,1,5,0,1,0.99,ANA202304110
Shohei Ohtani,ohtas001,2023-04-17,2023,ANA,BOS,3,2.0,7,31,0,1,0,0,0.98,BOS202304170
Shohei Ohtani,ohtas001,2023-04-21,2023,ANA,KCA,11,7.0,23,86,2,2,0,1,0.99,ANA202304210
Shohei Ohtani,ohtas001,2023-04-27,2023,ANA,OAK,8,6.0,26,82,3,2,2,1,0.99,ANA202304270
Shohei Ohtani,ohtas001,2023-05-03,2023,ANA,SLN,13,5.0,22,78,5,1,2,0,1.0,SLN202305030
Shohei Ohtani,ohtas001,2023-05-09,2023,ANA,HOU,7,7.0,29,92,6,2,1,1,0.99,ANA202305090
Shohei Ohtani,ohtas001,2023-05-15,2023,ANA,BAL,5,7.0,27,78,4,2,3,0,1.0,BAL202305150
Shohei Ohtani,ohtas001,2023-05-21,2023,ANA,MIN,9,6.0,22,89,2,3,0,1,0.99,ANA202305210
Shohei Ohtani,ohtas001,2023-05-27,2023,ANA,MIA,10,6.0,26,102,6,3,0,1,0.99,ANA202305270
Shohei Ohtani,ohtas001,2023-06-02,2023,ANA,HOU,6,6.0,27,94,8,1,2,0,1.02,HOU202306020
Shohei Ohtani,ohtas001,2023-06-09,2023,ANA,SEA,6,5.0,22,95,3,5,1,1,0.99,ANA202306090
Shohei Ohtani,ohtas001,2023-06-15,2023,ANA,TEX,3,6.0,25,99,6,1,0,0,0.99,TEX202306150
Shohei Ohtani,ohtas001,2023-06-21,2023,ANA,LAN,12,7.0,28,92,5,2,1,1,0.99,ANA202306210
Shohei Ohtani,ohtas001,2023-06-27,2023,ANA,CHA,10,6.3,24,89,4,2,0,1,0.99,ANA202306270
Shohei Ohtani,ohtas001,2023-07-04,2023,ANA,SDN,5,5.0,24,72,7,4,2,0,1.08,SDN202307040
Shohei Ohtani,ohtas001,2023-07-14,2023,ANA,HOU,7,5.0,25,87,5,3,0,1,0.99,ANA202307140
Shohei Ohtani,ohtas001,2023-07-21,2023,ANA,PIT,9,6.3,27,81,6,1,4,1,0.99,ANA202307210
Shohei Ohtani,ohtas001,2023-07-27,2023,ANA,DET,8,9.0,29,103,1,3,0,0,1.0,DET202307271
Shohei Ohtani,ohtas001,2023-08-03,2023,ANA,SEA,4,4.0,15,50,3,1,0,1,0.99,ANA202308030
Shohei Ohtani,ohtas001,2023-08-09,2023,ANA,SFN,5,6.0,23,84,3,3,0,1,0.99,ANA202308090
Shohei Ohtani,ohtas001,2023-08-23,2023,ANA,CIN,2,1.3,5,22,0,1,0,1,0.99,ANA202308231
Steven Okert,okers001,2023-07-16,2023,MIA,BAL,0,0.3,5,18,4,0,1,0,1.0,BAL202307160
Steven Okert,okers001,2023-09-10,2023,MIA,PHI,1,0.7,5,12,3,0,1,0,1.01,PHI202309100
Adam Oller,ollea001,2023-04-13,2023,OAK,BAL,2,2.3,17,72,8,1,1,0,1.0,BAL202304130
Reese Olson,olsor001,2023-06-02,2023,DET,CHA,6,5.0,19,78,2,1,0,0,0.99,CHA202306020
Reese Olson,olsor001,2023-06-14,2023,DET,ATL,2,3.3,18,80,5,2,1,1,1.0,DET202306141
Reese Olson,olsor001,2023-06-19,2023,DET,KCA,8,6.0,24,85,6,1,2,1,1.0,DET202306190
Reese Olson,olsor001,2023-06-24,2023,DET,MIN,9,5.3,21,66,4,1,1,1,1.0,DET202306240
Reese Olson,olsor001,2023-06-29,2023,DET,TEX,2,1.7,9,33,3,1,0,0,0.99,TEX202306290
Reese Olson,olsor001,2023-07-16,2023,DET,SEA,5,5.3,21,71,6,0,1,0,1.04,SEA202307160
Reese Olson,olsor001,2023-07-21,2023,DET,SDN,5,5.0,24,88,7,2,2,1,1.0,DET202307210
Reese Olson,olsor001,2023-07-28,2023,DET,MIA,2,6.0,26,71,8,0,1,0,0.98,MIA202307280
Reese Olson,olsor001,2023-08-04,2023,DET,TBA,3,5.0,23,90,5,3,1,1,1.0,DET202308040
Reese Olson,olsor001,2023-08-10,2023,DET,MIN,8,6.0,23,77,2,3,0,1,1.0,DET202308100
Reese Olson,olsor001,2023-08-16,2023,DET,MIN,3,2.7,16,54,8,1,0,0,1.0,MIN202308160
Reese Olson,olsor001,2023-08-22,2023,DET,CHN,7,4.7,22,87,4,3,2,1,1.0,DET202308220
Reese Olson,olsor001,2023-08-28,2023,DET,NYA,10,4.3,21,90,3,4,0,1,1.0,DET202308280
Reese Olson,olsor001,2023-09-02,2023,DET,CHA,1,7.0,22,75,4,0,0,0,0.99,CHA202309020
Reese Olson,olsor001,2023-09-08,2023,DET,CHA,5,6.7,23,104,2,1,1,1,1.0,DET202309080
Reese Olson,olsor001,2023-09-14,2023,DET,CIN,7,6.0,22,83,2,4,1,1,1.0,DET202309140
Reese Olson,olsor001,2023-09-20,2023,DET,LAN,5,6.0,22,91,2,2,1,0,1.03,LAN202309200
Reese Olson,olsor001,2023-09-26,2023,DET,KCA,7,5.7,23,85,5,2,0,1,1.0,DET202309260
Kaleb Ort,ort-k001,2023-06-18,2023,BOS,NYA,4,2.3,9,32,2,1,1,1,0.98,BOS202306181
Kaleb Ort,ort-k001,2023-06-28,2023,BOS,MIA,1,2.0,8,24,2,0,1,1,0.98,BOS202306280
Luis Ortiz,ortil003,2023-05-09,2023,PIT,COL,1,5.0,24,72,7,1,1,1,1.0,PIT202305090
Luis Ortiz,ortil003,2023-05-16,2023,PIT,DET,3,3.0,20,79,7,4,0,0,1.0,DET202305160
Luis Ortiz,ortil003,2023-05-22,2023,PIT,TEX,4,7.7,28,90,5,2,0,1,1.0,PIT202305220
Luis Ortiz,ortil003,2023-05-28,2023,PIT,SEA,6,5.0,24,85,5,4,2,0,1.04,SEA202305280
Luis Ortiz,ortil003,2023-06-03,2023,PIT,SLN,1,2.0,8,24,1,2,1,1,1.0,PIT202306030
Luis Ortiz,ortil003,2023-06-13,2023,PIT,CHN,4,5.3,23,79,6,2,1,0,0.97,CHN202306130
Luis Ortiz,ortil003,2023-06-18,2023,PIT,MIL,6,4.7,21,73,4,3,0,0,1.05,MIL202306180
Luis Ortiz,ortil003,2023-06-23,2023,PIT,MIA,5,8.0,32,87,7,2,0,0,0.98,MIA202306230
Luis Ortiz,ortil003,2023-06-29,2023,PIT,SDN,0,4.7,23,60,6,3,2,1,1.0,PIT202306290
Luis Ortiz,ortil003,2023-07-04,2023,PIT,LAN,3,3.3,20,65,9,1,3,0,1.03,LAN202307040
Luis Ortiz,ortil003,2023-08-23,2023,PIT,SLN,5,3.3,22,61,7,5,0,1,1.0,PIT202308230
Luis Ortiz,ortil003,2023-09-04,2023,PIT,MIL,4,6.0,25,73,5,3,0,1,1.0,PIT202309040
Luis Ortiz,ortil003,2023-09-10,2023,PIT,ATL,0,5.3,21,70,3,2,0,0,1.02,ATL202309100
Luis Ortiz,ortil003,2023-09-16,2023,PIT,NYA,2,4.7,26,83,6,6,1,1,1.0,PIT202309160
Luis Ortiz,ortil003,2023-09-28,2023,PIT,PHI,4,5.0,21,66,4,2,1,0,1.01,PHI202309280
Connor Overton,overc001,2023-04-03,2023,CIN,CHN,5,4.0,21,76,8,1,1,1,1.0,CIN202304030
Connor Overton,overc001,2023-04-09,2023,CIN,PHI,4,4.0,18,65,6,3,1,0,1.01,PHI202304090
Connor Overton,overc001,2023-04-14,2023,CIN,PHI,0,3.0,16,55,5,3,1,1,1.0,CIN202304140
Johan Oviedo,oviej001,2023-04-03,2023,PIT,BOS,4,4.7,25,92,6,4,3,0,0.98,BOS202304030
Johan Oviedo,oviej001,2023-04-09,2023,PIT,CHA,5,6.7,25,89,5,0,0,1,1.0,PIT202304090
Johan Oviedo,oviej001,2023-04-14,2023,PIT,SLN,10,7.0,28,88,6,1,0,0,1.0,SLN202304140
Johan Oviedo,oviej001,2023-04-19,2023,PIT,COL,6,6.0,25,76,3,3,0,0,0.92,COL202304190
Johan Oviedo,oviej001,2023-04-25,2023,PIT,LAN,4,5.3,26,92,6,2,0,1,1.0,PIT202304250
Johan Oviedo,oviej001,2023-04-30,2023,PIT,WAS,1,2.3,18,58,9,2,0,0,1.01,WAS202304300
Johan Oviedo,oviej001,2023-05-06,2023,PIT,TOR,3,5.0,27,85,10,3,0,1,1.0,PIT202305060
Johan Oviedo,oviej001,2023-05-12,2023,PIT,BAL,3,5.0,23,80,4,5,0,0,1.0,BAL202305120
Johan Oviedo,oviej001,2023-05-19,2023,PIT,ARI,7,6.0,24,90,2,3,1,1,1.0,PIT202305190
Johan Oviedo,oviej001,2023-05-24,2023,PIT,TEX,5,5.7,27,89,6,2,1,1,1.0,PIT202305240
Johan Oviedo,oviej001,2023-05-30,2023,PIT,SFN,5,4.3,20,77,3,5,0,0,1.03,SFN202305300
Johan Oviedo,oviej001,2023-06-05,2023,PIT,OAK,5,7.0,29,91,4,2,0,1,1.0,PIT202306050
Johan Oviedo,oviej001,2023-06-10,2023,PIT,NYN,5,6.3,24,86,4,2,0,1,1.0,PIT202306100
Johan Oviedo,oviej001,2023-06-15,2023,PIT,CHN,8,4.3,23,81,8,1,0,0,0.97,CHN202306150
Johan Oviedo,oviej001,2023-06-20,2023,PIT,CHN,3,6.0,23,86,5,0,1,1,1.0,PIT202306200
Johan Oviedo,oviej001,2023-06-25,2023,PIT,MIA,6,7.0,27,90,6,0,1,0,0.98,MIA202306250
Johan Oviedo,oviej001,2023-07-01,2023,PIT,MIL,1,5.0,27,82,9,3,1,1,1.0,PIT202307010
Johan Oviedo,oviej001,2023-07-06,2023,PIT,LAN,6,6.7,28,90,6,2,2,0,1.03,LAN202307060
Johan Oviedo,oviej001,2023-07-15,2023,PIT,SFN,10,7.0,26,94,1,3,1,1,1.0,PIT202307150
Johan Oviedo,oviej001,2023-07-21,2023,PIT,ANA,4,4.0,18,56,3,3,2,0,0.99,ANA202307210
Johan Oviedo,oviej001,2023-07-26,2023,PIT,SDN,5,6.0,23,76,3,3,0,0,1.08,SDN202307260
Johan Oviedo,oviej001,2023-08-01,2023,PIT,DET,5,7.0,27,88,6,2,0,1,1.0,PIT202308010
Johan Oviedo,oviej001,2023-08-06,2023,PIT,MIL,6,7.0,24,90,2,3,0,0,1.05,MIL202308060
Johan Oviedo,oviej001,2023-08-11,2023,PIT,CIN,4,5.0,25,80,5,2,1,1,1.0,PIT202308110
Johan Oviedo,oviej001,2023-08-16,2023,PIT,NYN,3,4.0,21,63,5,5,1,0,1.06,NYN202308160
Johan Oviedo,oviej001,2023-08-22,2023,PIT,SLN,5,5.0,20,87,4,1,1,1,1.0,PIT202308220
Johan Oviedo,oviej001,2023-08-28,2023,PIT,KCA,5,9.0,30,90,2,2,0,0,0.96,KCA202308280
Johan Oviedo,oviej001,2023-09-03,2023,PIT,SLN,2,3.7,22,84,4,6,1,0,1.0,SLN202309030
Johan Oviedo,oviej001,2023-09-09,2023,PIT,ATL,4,3.7,21,89,9,1,0,0,1.02,ATL202309090
Johan Oviedo,oviej001,2023-09-15,2023,PIT,NYA,7,5.0,23,88,4,5,0,1,1.0,PIT202309150
Johan Oviedo,oviej001,2023-09-21,2023,PIT,CHN,5,6.0,28,79,4,5,0,0,0.97,CHN202309210
Johan Oviedo,oviej001,2023-09-27,2023,PIT,PHI,6,5.0,24,91,7,2,2,0,1.01,PHI202309270
Emilio Pagán,pagae001,2023-09-30,2023,MIN,COL,0,1.0,3,14,0,0,0,0,0.92,COL202309300
Wes Parsons,parsw001,2023-10-01,2023,TOR,TBA,3,4.0,26,83,10,3,2,1,1.0,TOR202310010
Luis Patiño,patil001,2023-09-27,2023,CHA,ARI,3,2.3,12,45,3,2,0,1,0.99,CHA202309270
James Paxton,paxtj001,2023-05-12,2023,BOS,SLN,9,5.0,20,76,4,1,1,1,0.98,BOS202305120
James Paxton,paxtj001,2023-05-19,2023,BOS,SDN,5,6.0,24,98,5,2,1,0,1.08,SDN202305190
James Paxton,paxtj001,2023-05-24,2023,BOS,ANA,5,3.0,16,59,4,3,2,0,0.99,ANA202305240
James Paxton,paxtj001,2023-05-31,2023,BOS,CIN,8,5.0,20,70,4,1,0,1,0.98,BOS202305310
James Paxton,paxtj001,2023-06-06,2023,BOS,CLE,9,7.0,29,101,6,2,0,0,1.04,CLE202306060
James Paxton,paxtj001,2023-06-12,2023,BOS,COL,8,6.0,24,87,4,1,0,1,0.98,BOS202306120
James Paxton,paxtj001,2023-06-19,2023,BOS,MIN,7,6.3,23,84,3,1,1,0,1.0,MIN202306190
James Paxton,paxtj001,2023-06-24,2023,BOS,CHA,3,4.0,14,47,2,0,1,0,0.99,CHA202306240
James Paxton,paxtj001,2023-06-30,2023,BOS,TOR,7,7.7,26,101,3,2,0,0,1.0,TOR202306300
James Paxton,paxtj001,2023-07-08,2023,BOS,OAK,3,6.0,24,70,6,1,2,1,0.98,BOS202307080
James Paxton,paxtj001,2023-07-15,2023,BOS,CHN,4,3.0,16,58,3,3,1,0,0.97,CHN202307150
James Paxton,paxtj001,2023-07-22,2023,BOS,NYN,7,6.0,22,78,3,1,0,1,0.98,BOS202307220
James Paxton,paxtj001,2023-07-29,2023,BOS,SFN,5,5.0,24,99,8,2,0,0,1.03,SFN202307290
James Paxton,paxtj001,2023-08-04,2023,BOS,TOR,4,5.0,26,91,9,2,3,1,0.98,BOS202308040
James Paxton,paxtj001,2023-08-10,2023,BOS,KCA,6,5.3,21,86,6,0,0,1,0.98,BOS202308100
James Paxton,paxtj001,2023-08-16,2023,BOS,WAS,3,6.0,24,88,5,1,2,0,1.01,WAS202308160
James Paxton,paxtj001,2023-08-21,2023,BOS,HOU,4,4.0,26,91,9,3,1,0,1.02,HOU202308210
James Paxton,paxtj001,2023-08-26,2023,BOS,LAN,4,4.3,22,86,4,5,1,1,0.98,BOS202308260
James Paxton,paxtj001,2023-09-01,2023,BOS,KCA,0,1.3,10,36,5,2,2,0,0.96,KCA202309010
Ryan Pepiot,pepir001,2023-08-30,2023,LAN,ARI,3,5.0,19,69,2,1,0,1,1.03,LAN202308300
Ryan Pepiot,pepir001,2023-09-07,2023,LAN,MIA,3,7.0,22,75,1,0,0,0,0.98,MIA202309070
Ryan Pepiot,pepir001,2023-09-13,2023,LAN,SDN,5,6.0,23,84,6,0,2,1,1.03,LAN202309130
Freddy Peralta,peraf001,2023-04-03,2023,MIL,NYN,7,6.0,22,83,2,3,0,1,1.05,MIL202304030
Freddy Peralta,peraf001,2023-04-09,2023,MIL,SLN,7,6.0,26,90,4,3,0,1,1.05,MIL202304090
Freddy Peralta,peraf001,2023-04-15,2023,MIL,SDN,5,5.0,25,91,9,1,1,0,1.08,SDN202304150
Freddy Peralta,peraf001,2023-04-21,2023,MIL,BOS,4,5.7,24,83,5,2,1,1,1.05,MIL202304210
Freddy Peralta,peraf001,2023-04-26,2023,MIL,DET,8,6.0,24,92,5,0,0,1,1.05,MIL202304260
Freddy Peralta,peraf001,2023-05-02,2023,MIL,COL,10,6.0,26,87,7,3,2,0,0.92,COL202305020
Freddy Peralta,peraf001,2023-05-08,2023,MIL,LAN,5,6.0,23,91,3,2,0,1,1.05,MIL202305080
Freddy Peralta,peraf001,2023-05-15,2023,MIL,SLN,4,5.3,27,87,6,5,1,0,1.0,SLN202305150
Freddy Peralta,peraf001,2023-05-21,2023,MIL,TBA,4,6.0,25,91,5,3,1,0,1.05,TBA202305210
Freddy Peralta,peraf001,2023-05-26,2023,MIL,SFN,4,2.3,18,65,8,1,2,1,1.05,MIL202305260
Freddy Peralta,peraf001,2023-06-01,2023,MIL,TOR,3,6.0,25,70,6,2,2,0,1.0,TOR202306010
Freddy Peralta,peraf001,2023-06-06,2023,MIL,BAL,9,5.0,21,72,6,0,1,1,1.05,MIL202306060
Freddy Peralta,peraf001,2023-06-11,2023,MIL,OAK,5,5.0,21,77,3,2,2,1,1.05,MIL202306110
Freddy Peralta,peraf001,2023-06-18,2023,MIL,PIT,9,6.0,23,86,2,3,1,1,1.05,MIL202306180
Freddy Peralta,peraf001,2023-06-24,2023,MIL,CLE,5,5.0,21,85,4,3,0,0,1.04,CLE202306240
Freddy Peralta,peraf001,2023-06-30,2023,MIL,PIT,8,5.3,21,91,3,2,1,0,1.0,PIT202306300
Freddy Peralta,peraf001,2023-07-06,2023,MIL,CHN,10,5.3,24,94,4,3,1,1,1.05,MIL202307060
Freddy Peralta,peraf001,2023-07-15,2023,MIL,CIN,6,6.0,21,73,1,2,0,0,1.0,CIN202307150
Freddy Peralta,peraf001,2023-07-21,2023,MIL,ATL,5,5.0,25,95,6,3,2,1,1.05,MIL202307210
Freddy Peralta,peraf001,2023-07-26,2023,MIL,CIN,13,6.0,21,79,4,0,0,1,1.05,MIL202307260
Freddy Peralta,peraf001,2023-08-01,2023,MIL,WAS,7,6.0,24,84,6,2,0,0,1.01,WAS202308010
Freddy Peralta,peraf001,2023-08-07,2023,MIL,COL,13,7.0,22,82,1,0,1,1,1.05,MIL202308070
Freddy Peralta,peraf001,2023-08-13,2023,MIL,CHA,6,6.0,25,86,4,3,0,0,0.99,CHA202308130
Freddy Peralta,peraf001,2023-08-19,2023,MIL,TEX,11,5.7,23,102,4,2,0,0,0.99,TEX202308190
Freddy Peralta,peraf001,2023-08-26,2023,MIL,SDN,9,5.3,21,78,2,3,1,1,1.05,MIL202308260
Freddy Peralta,peraf001,2023-09-01,2023,MIL,PHI,10,6.0,20,91,2,0,1,1,1.05,MIL202309010
Freddy Peralta,peraf001,2023-09-06,2023,MIL,PIT,4,5.3,22,74,4,1,1,0,1.0,PIT202309060
Freddy Peralta,peraf001,2023-09-12,2023,MIL,MIA,9,6.3,21,76,2,0,1,1,1.05,MIL202309120
Freddy Peralta,peraf001,2023-09-18,2023,MIL,SLN,6,6.0,22,82,4,0,1,0,1.0,SLN202309180
Freddy Peralta,peraf001,2023-09-24,2023,MIL,MIA,4,3.0,17,55,9,0,2,0,0.98,MIA202309240
Eury Pérez,peree004,2023-05-12,2023,MIA,CIN,7,4.7,20,78,4,2,2,1,0.98,MIA202305120
Eury Pérez,peree004,2023-05-18,2023,MIA,WAS,6,5.0,19,70,3,1,1,1,0.98,MIA202305180
Eury Pérez,peree004,2023-05-23,2023,MIA,COL,3,4.3,20,82,4,3,0,0,0.92,COL202305230
Eury Pérez,peree004,2023-05-28,2023,MIA,ANA,3,5.0,20,65,2,4,0,0,0.99,ANA202305280
Eury Pérez,peree004,2023-06-03,2023,MIA,OAK,5,5.0,20,81,4,1,0,1,0.98,MIA202306030
Eury Pérez,peree004,2023-06-09,2023,MIA,CHA,6,5.0,22,78,5,2,1,0,0.99,CHA202306090
Eury Pérez,peree004,2023-06-14,2023,MIA,SEA,6,6.0,21,72,2,1,0,0,1.04,SEA202306140
Eury Pérez,peree004,2023-06-20,2023,MIA,TOR,9,6.0,20,63,3,0,0,1,0.98,MIA202306200
Eury Pérez,peree004,2023-06-25,2023,MIA,PIT,9,6.0,23,68,4,1,0,1,0.98,MIA202306250
Eury Pérez,peree004,2023-07-01,2023,MIA,ATL,0,0.3,8,35,7,0,2,0,1.02,ATL202307010
Eury Pérez,peree004,2023-07-06,2023,MIA,SLN,7,6.0,22,83,3,2,1,1,0.98,MIA202307060
Eury Pérez,peree004,2023-08-07,2023,MIA,CIN,7,4.7,21,72,5,2,2,0,1.0,CIN202308070
Eury Pérez,peree004,2023-08-13,2023,MIA,NYA,5,4.0,19,73,4,2,1,1,0.98,MIA202308130
Eury Pérez,peree004,2023-08-19,2023,MIA,LAN,10,6.0,20,83,2,0,0,0,1.03,LAN202308191
Eury Pérez,peree004,2023-08-26,2023,MIA,WAS,7,6.0,21,64,3,1,0,1,0.98,MIA202308260
Eury Pérez,peree004,2023-09-01,2023,MIA,WAS,5,4.7,22,75,5,3,3,0,1.01,WAS202309010
Eury Pérez,peree004,2023-09-08,2023,MIA,PHI,4,5.0,22,75,4,3,1,0,1.01,PHI202309080
Eury Pérez,peree004,2023-09-14,2023,MIA,MIL,7,4.7,19,73,5,0,0,0,1.05,MIL202309140
Eury Pérez,peree004,2023-09-20,2023,MIA,NYN,2,3.0,15,59,3,3,1,1,0.98,MIA202309200
Francisco Pérez,peref002,2023-08-18,2023,OAK,BAL,1,1.0,7,23,4,0,0,1,1.0,OAK202308180
Martín Pérez,perem004,2023-04-02,2023,TEX,PHI,7,5.7,26,90,8,3,0,1,0.99,TEX202304020
Martín Pérez,perem004,2023-04-08,2023,TEX,CHN,5,5.0,20,68,5,0,1,0,0.97,CHN202304080
Martín Pérez,perem004,2023-04-14,2023,TEX,HOU,4,5.0,23,84,5,4,2,0,1.02,HOU202304140
Martín Pérez,perem004,2023-04-19,2023,TEX,KCA,3,5.7,25,82,8,0,1,0,0.96,KCA202304190
Martín Pérez,perem004,2023-04-25,2023,TEX,CIN,5,6.3,26,88,6,1,0,0,1.0,CIN202304250
Martín Pérez,perem004,2023-04-30,2023,TEX,NYA,2,6.0,23,67,6,1,0,1,0.99,TEX202304300
Martín Pérez,perem004,2023-05-07,2023,TEX,ANA,2,3.7,21,57,8,3,1,0,0.99,ANA202305070
Martín Pérez,perem004,2023-05-12,2023,TEX,OAK,3,5.0,25,83,8,2,3,0,1.0,OAK202305120
Martín Pérez,perem004,2023-05-19,2023,TEX,COL,7,7.0,28,93,7,0,0,1,0.99,TEX202305190
Martín Pérez,perem004,2023-05-24,2023,TEX,PIT,3,7.0,28,88,6,2,0,0,1.0,PIT202305240
Martín Pérez,perem004,2023-05-30,2023,TEX,DET,3,4.7,25,78,7,4,2,0,1.0,DET202305300
Martín Pérez,perem004,2023-06-05,2023,TEX,SLN,5,7.0,25,69,3,1,0,1,0.99,TEX202306050
Martín Pérez,perem004,2023-06-11,2023,TEX,TBA,2,3.3,21,66,10,3,1,0,1.05,TBA202306110
Martín Pérez,perem004,2023-06-16,2023,TEX,TOR,3,6.0,23,83,3,2,1,1,0.99,TEX202306160
Martín Pérez,perem004,2023-06-21,2023,TEX,CHA,2,7.0,28,81,4,2,1,0,0.99,CHA202306210
Martín Pérez,perem004,2023-06-27,2023,TEX,DET,4,6.0,23,84,4,2,0,1,0.99,TEX202306270
Martín Pérez,perem004,2023-07-03,2023,TEX,HOU,0,1.3,12,46,6,2,3,1,0.99,TEX202307030
Martín Pérez,perem004,2023-07-16,2023,TEX,CLE,2,5.0,23,83,5,4,1,1,0.99,TEX202307160
Martín Pérez,perem004,2023-07-23,2023,TEX,LAN,6,6.0,26,90,6,2,1,1,0.99,TEX202307230
Martín Pérez,perem004,2023-07-29,2023,TEX,SDN,1,5.7,27,91,9,3,0,0,1.08,SDN202307290
David Peterson,peted003,2023-03-31,2023,NYN,MIA,5,5.0,22,76,8,1,1,0,0.98,MIA202303310
David Peterson,peted003,2023-04-05,2023,NYN,MIL,5,4.0,21,79,5,5,1,0,1.05,MIL202304050
David Peterson,peted003,2023-04-11,2023,NYN,SDN,6,5.7,24,82,6,2,0,1,1.06,NYN202304110
David Peterson,peted003,2023-04-17,2023,NYN,LAN,6,6.0,25,89,7,0,3,0,1.03,LAN202304170
David Peterson,peted003,2023-04-22,2023,NYN,SFN,8,5.0,25,82,7,1,2,0,1.03,SFN202304220
David Peterson,peted003,2023-04-28,2023,NYN,ATL,6,5.0,21,68,5,1,1,1,1.06,NYN202304280
David Peterson,peted003,2023-05-09,2023,NYN,CIN,4,3.3,19,87,7,2,0,0,1.0,CIN202305090
David Peterson,peted003,2023-05-15,2023,NYN,WAS,5,5.0,25,86,9,2,0,0,1.01,WAS202305150
David Peterson,peted003,2023-06-27,2023,NYN,MIL,5,6.0,24,85,5,3,0,1,1.06,NYN202306270
David Peterson,peted003,2023-07-02,2023,NYN,SFN,3,4.0,17,61,3,3,0,1,1.06,NYN202307020
David Peterson,peted003,2023-07-08,2023,NYN,SDN,7,5.3,24,84,5,2,1,0,1.08,SDN202307080
David Peterson,peted003,2023-08-04,2023,NYN,BAL,1,3.0,12,38,1,3,0,0,1.0,BAL202308040
David Peterson,peted003,2023-08-09,2023,NYN,CHN,5,3.7,16,59,4,2,1,1,1.06,NYN202308090
David Peterson,peted003,2023-08-15,2023,NYN,PIT,5,3.7,20,91,3,6,1,1,1.06,NYN202308150
David Peterson,peted003,2023-08-21,2023,NYN,ATL,4,4.7,22,83,7,2,2,0,1.02,ATL202308210
David Peterson,peted003,2023-08-27,2023,NYN,ANA,8,7.0,27,89,3,3,0,1,1.06,NYN202308270
David Peterson,peted003,2023-09-02,2023,NYN,SEA,4,4.0,19,65,7,0,1,1,1.06,NYN202309020
David Peterson,peted003,2023-09-09,2023,NYN,MIN,8,6.0,26,79,8,1,0,0,1.0,MIN202309090
David Peterson,peted003,2023-09-15,2023,NYN,CIN,10,5.7,25,89,6,2,1,1,1.06,NYN202309150
David Peterson,peted003,2023-09-21,2023,NYN,PHI,7,4.0,19,87,5,2,1,0,1.01,PHI202309210
David Peterson,peted003,2023-09-28,2023,NYN,MIA,8,7.0,27,95,4,4,0,1,1.06,NYN202309280
Brandon Pfaadt,pfaab001,2023-05-03,2023,ARI,TEX,3,4.7,23,78,9,1,4,0,0.99,TEX202305030
Brandon Pfaadt,pfaab001,2023-05-09,2023,ARI,MIA,3,5.0,23,86,7,2,2,1,1.03,ARI202305090
Brandon Pfaadt,pfaab001,2023-05-14,2023,ARI,SFN,5,5.0,19,70,1,3,1,1,1.03,ARI202305140
Brandon Pfaadt,pfaab001,2023-05-20,2023,ARI,PIT,3,5.3,23,82,6,2,0,0,1.0,PIT202305200
Brandon Pfaadt,pfaab001,2023-05-26,2023,ARI,BOS,4,3.7,19,87,8,0,1,1,1.03,ARI202305260
Brandon Pfaadt,pfaab001,2023-06-29,2023,ARI,TBA,3,2.0,15,59,7,2,1,1,1.03,ARI202306290
Brandon Pfaadt,pfaab001,2023-07-22,2023,ARI,CIN,6,6.0,24,83,4,0,3,0,1.0,CIN202307220
Brandon Pfaadt,pfaab001,2023-07-29,2023,ARI,SEA,3,5.7,25,85,8,1,1,1,1.03,ARI202307290
Brandon Pfaadt,pfaab001,2023-08-03,2023,ARI,SFN,7,7.0,24,61,2,1,1,0,1.03,SFN202308030
Brandon Pfaadt,pfaab001,2023-08-08,2023,ARI,LAN,5,4.7,22,80,6,2,0,1,1.03,ARI202308080
Brandon Pfaadt,pfaab001,2023-08-13,2023,ARI,SDN,8,5.7,27,83,9,2,0,1,1.03,ARI202308130
Brandon Pfaadt,pfaab001,2023-08-18,2023,ARI,SDN,5,7.0,24,99,1,3,0,0,1.08,SDN202308180
Brandon Pfaadt,pfaab001,2023-08-25,2023,ARI,CIN,5,5.3,20,63,3,1,1,1,1.03,ARI202308250
Brandon Pfaadt,pfaab001,2023-08-30,2023,ARI,LAN,4,4.0,23,88,8,2,2,0,1.03,LAN202308300
Brandon Pfaadt,pfaab001,2023-09-05,2023,ARI,COL,4,3.7,20,61,6,2,0,1,1.03,ARI202309050
Brandon Pfaadt,pfaab001,2023-09-15,2023,ARI,CHN,6,5.3,20,64,4,1,0,1,1.03,ARI202309150
Brandon Pfaadt,pfaab001,2023-09-22,2023,ARI,NYA,8,4.3,22,76,8,0,2,0,0.99,NYA202309220
Brandon Pfaadt,pfaab001,2023-09-27,2023,ARI,CHA,8,5.7,23,80,5,0,0,0,0.99,CHA202309270
Connor Phillips,philc001,2023-09-05,2023,CIN,SEA,7,4.7,22,76,6,2,2,1,1.0,CIN202309050
Connor Phillips,philc001,2023-09-13,2023,CIN,DET,3,4.0,21,70,4,4,1,0,1.0,DET202309130
Connor Phillips,philc001,2023-09-18,2023,CIN,MIN,7,7.0,26,76,3,1,2,1,1.0,CIN202309180
Connor Phillips,philc001,2023-09-23,2023,CIN,PIT,9,5.0,24,87,5,3,0,1,1.0,CIN202309230
Connor Phillips,philc001,2023-09-30,2023,CIN,SLN,0,0.0,3,12,0,3,0,0,1.0,SLN202309300
Nick Pivetta,piven001,2023-04-04,2023,BOS,PIT,6,5.0,22,87,3,3,2,1,0.98,BOS202304040
Nick Pivetta,piven001,2023-04-10,2023,BOS,TBA,6,5.0,20,80,3,2,0,0,1.05,TBA202304100
Nick Pivetta,piven001,2023-04-15,2023,BOS,ANA,4,4.0,22,81,5,3,1,1,0.98,BOS202304150
Nick Pivetta,piven001,2023-04-21,2023,BOS,MIL,7,5.7,24,80,7,1,1,0,1.05,MIL202304210
Nick Pivetta,piven001,2023-04-28,2023,BOS,CLE,5,5.0,22,98,5,2,1,1,0.98,BOS202304280
Nick Pivetta,piven001,2023-05-03,2023,BOS,TOR,6,6.0,24,84,6,1,2,1,0.98,BOS202305030
Nick Pivetta,piven001,2023-05-09,2023,BOS,ATL,2,4.0,24,90,8,3,1,0,1.02,ATL202305090
Nick Pivetta,piven001,2023-05-16,2023,BOS,SEA,6,5.3,25,91,6,4,1,1,0.98,BOS202305160
Nick Pivetta,piven001,2023-07-31,2023,BOS,SEA,10,7.3,26,84,5,0,2,0,1.04,SEA202307310
Nick Pivetta,piven001,2023-08-09,2023,BOS,KCA,8,5.0,21,78,4,2,2,1,0.98,BOS202308090
Nick Pivetta,piven001,2023-08-15,2023,BOS,WAS,7,4.3,21,86,5,3,0,0,1.01,WAS202308150
Nick Pivetta,piven001,2023-09-06,2023,BOS,TBA,5,4.7,22,70,7,2,2,0,1.05,TBA202309060
Nick Pivetta,piven001,2023-09-12,2023,BOS,NYA,10,5.3,22,73,4,1,0,1,0.98,BOS202309121
Nick Pivetta,piven001,2023-09-17,2023,BOS,TOR,6,6.3,24,81,4,0,1,0,1.0,TOR202309170
Nick Pivetta,piven001,2023-09-23,2023,BOS,CHA,7,7.0,24,82,3,1,0,1,0.98,BOS202309230
Nick Pivetta,piven001,2023-09-29,2023,BOS,BAL,10,7.0,23,81,2,1,0,0,1.0,BAL202309290
Michael Plassmeyer,plasm001,2023-09-30,2023,PHI,NYN,4,3.7,23,84,8,0,3,0,1.06,NYN202309302
Zach Plesac,plesz001,2023-04-03,2023,CLE,OAK,1,1.0,11,53,7,1,1,0,1.0,OAK202304030
Zach Plesac,plesz001,2023-04-09,2023,CLE,SEA,6,7.0,27,91,5,1,1,1,1.04,CLE202304090
Zach Plesac,plesz001,2023-04-15,2023,CLE,WAS,1,5.0,22,73,7,0,0,0,1.01,WAS202304150
Zach Plesac,plesz001,2023-04-22,2023,CLE,MIA,5,5.0,27,84,10,2,0,1,1.04,CLE202304222
Zach Plesac,plesz001,2023-04-29,2023,CLE,BOS,1,3.3,18,57,8,1,1,0,0.98,BOS202304290
Quinn Priester,prieq001,2023-07-17,2023,PIT,CLE,2,5.3,25,63,7,2,2,1,1.0,PIT202307170
Quinn Priester,prieq001,2023-07-24,2023,PIT,SDN,4,5.3,23,81,4,3,2,0,1.08,SDN202307240
Quinn Priester,prieq001,2023-07-29,2023,PIT,PHI,7,5.0,25,79,5,6,0,1,1.0,PIT202307290
Quinn Priester,prieq001,2023-08-04,2023,PIT,MIL,3,4.0,21,87,5,3,1,0,1.05,MIL202308040
Quinn Priester,prieq001,2023-08-09,2023,PIT,ATL,4,4.0,21,75,9,1,0,1,1.0,PIT202308090
Quinn Priester,prieq001,2023-08-14,2023,PIT,NYN,3,5.0,25,91,7,3,2,0,1.06,NYN202308140
Quinn Priester,prieq001,2023-09-24,2023,PIT,CIN,4,6.0,25,79,2,5,1,0,1.0,CIN202309240
Quinn Priester,prieq001,2023-09-30,2023,PIT,MIA,3,5.3,27,74,10,1,1,1,1.0,PIT202309300
Austin Pruitt,pruia001,2023-05-24,2023,OAK,SEA,0,1.0,4,17,2,0,0,0,1.04,SEA202305240
Austin Pruitt,pruia001,2023-05-27,2023,OAK,HOU,1,1.0,7,29,3,0,1,1,1.0,OAK202305270
Austin Pruitt,pruia001,2023-07-05,2023,OAK,DET,1,3.0,9,28,0,0,0,0,1.0,DET202307050
Austin Pruitt,pruia001,2023-07-08,2023,OAK,BOS,0,1.7,9,32,4,0,1,0,0.98,BOS202307080
Austin Pruitt,pruia001,2023-07-15,2023,OAK,MIN,2,1.0,6,21,2,1,0,1,1.0,OAK202307150
Austin Pruitt,pruia001,2023-08-09,2023,OAK,TEX,2,2.0,7,33,0,1,0,1,1.0,OAK202308090
Cal Quantrill,quanc001,2023-04-02,2023,CLE,SEA,3,4.7,24,74,8,2,1,0,1.04,SEA202304020
Cal Quantrill,quanc001,2023-04-08,2023,CLE,SEA,3,5.0,23,74,7,1,0,1,1.04,CLE202304080
Cal Quantrill,quanc001,2023-04-14,2023,CLE,WAS,3,6.0,28,104,6,2,1,0,1.01,WAS202304140
Cal Quantrill,quanc001,2023-04-19,2023,CLE,DET,4,6.0,22,76,4,1,0,0,1.0,DET202304190
Cal Quantrill,quanc001,2023-04-24,2023,CLE,COL,2,3.3,20,80,8,2,1,1,1.04,CLE202304240
Cal Quantrill,quanc001,2023-05-01,2023,CLE,NYA,2,7.3,28,93,6,1,1,0,0.99,NYA202305010
Cal Quantrill,quanc001,2023-05-07,2023,CLE,MIN,4,7.0,25,79,1,3,0,1,1.04,CLE202305070
Cal Quantrill,quanc001,2023-05-13,2023,CLE,ANA,2,6.0,27,100,6,3,1,1,1.04,CLE202305130
Cal Quantrill,quanc001,2023-05-19,2023,CLE,NYN,6,5.7,26,91,6,0,2,0,1.06,NYN202305190
Cal Quantrill,quanc001,2023-05-24,2023,CLE,CHA,2,4.0,19,60,4,3,0,1,1.04,CLE202305240
Cal Quantrill,quanc001,2023-05-30,2023,CLE,BAL,3,4.3,23,55,8,2,0,0,1.0,BAL202305300
Cal Quantrill,quanc001,2023-06-30,2023,CLE,CHN,1,3.3,19,62,8,2,0,0,0.97,CHN202306300
Cal Quantrill,quanc001,2023-07-05,2023,CLE,ATL,3,4.3,23,93,11,0,1,1,1.04,CLE202307050
Cal Quantrill,quanc001,2023-09-01,2023,CLE,TBA,2,6.0,23,73,2,3,0,1,1.04,CLE202309010
Cal Quantrill,quanc001,2023-09-07,2023,CLE,ANA,6,6.0,23,72,3,2,0,0,0.99,ANA202309070
Cal Quantrill,quanc001,2023-09-12,2023,CLE,SFN,2,6.0,24,80,5,3,1,0,1.03,SFN202309120
Cal Quantrill,quanc001,2023-09-18,2023,CLE,KCA,3,5.7,22,85,5,0,1,0,0.96,KCA202309180
Cal Quantrill,quanc001,2023-09-23,2023,CLE,BAL,4,4.0,21,78,5,4,0,1,1.04,CLE202309230
Cal Quantrill,quanc001,2023-09-29,2023,CLE,DET,3,5.0,24,89,8,1,1,0,1.0,DET202309290
Jose Quintana,quinj001,2023-07-20,2023,NYN,CHA,3,5.0,20,60,6,0,0,1,1.06,NYN202307200
Jose Quintana,quinj001,2023-07-26,2023,NYN,NYA,5,6.0,26,76,6,3,0,0,0.99,NYA202307260
Jose Quintana,quinj001,2023-08-01,2023,NYN,KCA,2,6.7,27,77,6,2,0,0,0.96,KCA202308010
Jose Quintana,quinj001,2023-08-06,2023,NYN,BAL,6,6.0,26,66,6,2,0,0,1.0,BAL202308060
Jose Quintana,quinj001,2023-08-12,2023,NYN,ATL,4,6.0,24,93,4,3,0,1,1.06,NYN202308122
Jose Quintana,quinj001,2023-08-17,2023,NYN,SLN,5,6.0,25,87,3,4,1,0,1.0,SLN202308170
Jose Quintana,quinj001,2023-08-23,2023,NYN,ATL,5,5.3,25,91,9,3,0,0,1.02,ATL202308230
Jose Quintana,quinj001,2023-08-29,2023,NYN,TEX,5,6.0,22,79,3,3,0,1,1.06,NYN202308290
Jose Quintana,quinj001,2023-09-05,2023,NYN,WAS,4,7.0,25,89,4,1,0,0,1.01,WAS202309050
Jose Quintana,quinj001,2023-09-11,2023,NYN,ARI,4,5.0,22,70,5,2,0,1,1.06,NYN202309110
Jose Quintana,quinj001,2023-09-17,2023,NYN,CIN,2,6.7,28,91,8,1,1,1,1.06,NYN202309170
Jose Quintana,quinj001,2023-09-23,2023,NYN,PHI,10,6.0,28,88,8,0,2,0,1.01,PHI202309230
Jose Quintana,quinj001,2023-09-30,2023,NYN,PHI,5,4.0,21,86,7,0,1,1,1.06,NYN202309302
Cole Ragans,ragac001,2023-07-15,2023,KCA,TBA,3,5.0,20,69,4,2,0,1,0.96,KCA202307152
Cole Ragans,ragac001,2023-08-02,2023,KCA,NYN,8,6.0,25,82,7,1,0,1,0.96,KCA202308020
Cole Ragans,ragac001,2023-08-07,2023,KCA,BOS,11,6.7,25,84,4,1,0,0,0.98,BOS202308070
Cole Ragans,ragac001,2023-08-12,2023,KCA,SLN,5,5.0,24,82,6,4,1,1,0.96,KCA202308120
Cole Ragans,ragac001,2023-08-18,2023,KCA,CHN,9,6.0,27,86,8,2,0,0,0.97,CHN202308180
Cole Ragans,ragac001,2023-08-23,2023,KCA,OAK,11,6.0,20,83,2,0,0,0,1.0,OAK202308230
Cole Ragans,ragac001,2023-08-29,2023,KCA,PIT,9,7.0,24,100,3,1,0,1,0.96,KCA202308290
Cole Ragans,ragac001,2023-09-04,2023,KCA,CHA,7,6.0,19,67,1,0,0,1,0.96,KCA202309040
Cole Ragans,ragac001,2023-09-10,2023,KCA,TOR,6,5.7,23,94,1,6,0,0,1.0,TOR202309100
Cole Ragans,ragac001,2023-09-16,2023,KCA,HOU,7,6.0,27,97,6,2,1,1,0.96,KCA202309160
Cole Ragans,ragac001,2023-09-22,2023,KCA,HOU,5,6.0,25,78,3,4,1,0,1.02,HOU202309220
Cole Ragans,ragac001,2023-09-28,2023,KCA,DET,8,6.3,27,90,5,4,0,0,1.0,DET202309280
Erasmo Ramírez,ramie004,2023-08-06,2023,TBA,DET,3,3.0,12,54,3,1,0,0,1.0,DET202308060
Erasmo Ramírez,ramie004,2023-08-18,2023,TBA,ANA,3,3.3,16,43,5,1,1,0,0.99,ANA202308180
Drew Rasmussen,rasmd002,2023-04-03,2023,TBA,WAS,7,6.0,20,66,2,0,0,0,1.01,WAS202304030
Drew Rasmussen,rasmd002,2023-04-09,2023,TBA,OAK,8,7.0,22,68,1,0,0,1,1.05,TBA202304090
Drew Rasmussen,rasmd002,2023-04-14,2023,TBA,TOR,4,4.3,23,93,8,4,1,0,1.0,TOR202304140
Drew Rasmussen,rasmd002,2023-04-19,2023,TBA,CIN,7,5.0,20,75,3,3,0,0,1.0,CIN202304190
Drew Rasmussen,rasmd002,2023-04-25,2023,TBA,HOU,5,4.7,25,80,9,2,0,1,1.05,TBA202304250
Drew Rasmussen,rasmd002,2023-04-30,2023,TBA,CHA,3,5.0,23,81,9,0,1,0,0.99,CHA202304300
Drew Rasmussen,rasmd002,2023-05-06,2023,TBA,NYA,6,5.7,21,78,2,2,0,1,1.05,TBA202305060
Drew Rasmussen,rasmd002,2023-05-11,2023,TBA,NYA,7,7.0,23,60,2,0,0,0,0.99,NYA202305110
Robbie Ray,ray-r002,2023-03-31,2023,SEA,CLE,3,3.3,19,91,4,5,0,1,1.04,SEA202303310
Colin Rea,rea-c001,2023-04-13,2023,MIL,SDN,6,5.7,19,77,2,1,1,0,1.08,SDN202304130
Colin Rea,rea-c001,2023-04-18,2023,MIL,SEA,2,5.0,23,73,5,2,0,0,1.04,SEA202304180
Colin Rea,rea-c001,2023-04-24,2023,MIL,DET,1,5.0,21,72,5,4,1,1,1.05,MIL202304240
Colin Rea,rea-c001,2023-04-30,2023,MIL,ANA,9,5.0,19,65,3,1,2,1,1.05,MIL202304300
Colin Rea,rea-c001,2023-05-06,2023,MIL,SFN,4,6.0,23,79,4,1,1,0,1.03,SFN202305060
Colin Rea,rea-c001,2023-05-14,2023,MIL,KCA,3,3.7,19,71,6,2,1,1,1.05,MIL202305140
Colin Rea,rea-c001,2023-05-23,2023,MIL,HOU,4,5.3,22,75,4,2,0,1,1.05,MIL202305230
Colin Rea,rea-c001,2023-05-28,2023,MIL,SFN,6,6.0,24,65,5,0,2,1,1.05,MIL202305280
Colin Rea,rea-c001,2023-06-03,2023,MIL,CIN,5,5.0,24,89,6,3,1,0,1.0,CIN202306030
Colin Rea,rea-c001,2023-06-08,2023,MIL,BAL,8,5.0,19,77,3,1,0,1,1.05,MIL202306080
Colin Rea,rea-c001,2023-06-14,2023,MIL,MIN,4,5.0,22,78,5,3,0,0,1.0,MIN202306140
Colin Rea,rea-c001,2023-06-20,2023,MIL,ARI,2,5.3,24,62,7,1,1,1,1.05,MIL202306200
Colin Rea,rea-c001,2023-06-26,2023,MIL,NYN,3,6.3,24,75,3,1,0,0,1.06,NYN202306260
Colin Rea,rea-c001,2023-07-02,2023,MIL,PIT,3,6.7,27,78,5,1,1,0,1.0,PIT202307020
Colin Rea,rea-c001,2023-07-08,2023,MIL,CIN,7,4.7,22,87,7,1,2,1,1.05,MIL202307080
Colin Rea,rea-c001,2023-07-19,2023,MIL,PHI,3,5.0,21,72,5,0,1,0,1.01,PHI202307190
Colin Rea,rea-c001,2023-07-24,2023,MIL,CIN,5,6.0,23,77,5,1,1,1,1.05,MIL202307240
Colin Rea,rea-c001,2023-07-30,2023,MIL,ATL,8,5.0,21,73,5,2,2,0,1.02,ATL202307300
Colin Rea,rea-c001,2023-08-04,2023,MIL,PIT,2,4.0,23,90,8,3,2,1,1.05,MIL202308040
Colin Rea,rea-c001,2023-09-02,2023,MIL,PHI,6,4.3,16,57,3,0,2,1,1.05,MIL202309020
Colin Rea,rea-c001,2023-09-08,2023,MIL,NYA,6,4.7,19,76,3,2,1,0,0.99,NYA202309080
Colin Rea,rea-c001,2023-09-29,2023,MIL,CHN,6,5.0,16,46,2,0,0,1,1.05,MIL202309290
Denyi Reyes,reyed002,2023-05-01,2023,NYN,ATL,1,1.0,9,37,5,1,2,1,1.06,NYN202305011
Denyi Reyes,reyed002,2023-08-12,2023,NYN,ATL,4,4.7,26,106,8,4,0,1,1.06,NYN202308121
Denyi Reyes,reyed002,2023-08-30,2023,NYN,TEX,3,5.3,19,69,3,0,1,1,1.06,NYN202308300
Lyon Richardson,richl001,2023-08-06,2023,CIN,WAS,2,3.0,16,59,4,3,2,1,1.0,CIN202308060
Lyon Richardson,richl001,2023-08-23,2023,CIN,ANA,3,4.3,20,67,4,3,0,0,0.99,ANA202308232
Lyon Richardson,richl001,2023-09-01,2023,CIN,CHN,4,4.7,20,82,2,5,1,1,1.0,CIN202309012
Lyon Richardson,richl001,2023-09-06,2023,CIN,SEA,3,4.7,25,77,7,4,3,1,1.0,CIN202309060
Trevor Richards,richt001,2023-06-10,2023,TOR,MIN,7,3.0,11,36,1,1,0,1,1.0,TOR202306100
Trevor Richards,richt001,2023-06-17,2023,TOR,TEX,2,3.0,13,49,3,1,2,0,0.99,TEX202306170
Trevor Richards,richt001,2023-06-28,2023,TOR,SFN,5,3.0,11,40,1,1,0,1,1.0,TOR202306280
Nick Robertson,roben002,2023-09-14,2023,BOS,NYA,1,1.0,4,15,0,1,0,1,0.98,BOS202309142
Carlos Rodón,rodoc001,2023-07-07,2023,NYA,CHN,2,5.3,22,69,4,2,1,1,0.99,NYA202307070
Carlos Rodón,rodoc001,2023-07-14,2023,NYA,COL,6,5.0,21,88,4,2,1,0,0.92,COL202307140
Carlos Rodón,rodoc001,2023-07-19,2023,NYA,ANA,3,4.3,22,68,4,5,2,0,0.99,ANA202307190
Carlos Rodón,rodoc001,2023-07-26,2023,NYA,NYN,4,5.7,25,73,4,3,0,1,0.99,NYA202307260
Carlos Rodón,rodoc001,2023-08-01,2023,NYA,TBA,5,4.0,19,90,4,4,2,1,0.99,NYA202308010
Carlos Rodón,rodoc001,2023-08-06,2023,NYA,HOU,5,2.7,13,47,3,2,2,1,0.99,NYA202308060
Carlos Rodón,rodoc001,2023-08-22,2023,NYA,WAS,1,6.0,22,55,6,0,1,1,0.99,NYA202308220
Carlos Rodón,rodoc001,2023-08-27,2023,NYA,TBA,7,4.7,21,75,4,2,1,0,1.05,TBA202308270
Carlos Rodón,rodoc001,2023-09-01,2023,NYA,HOU,4,5.0,20,80,3,1,1,0,1.02,HOU202309010
Carlos Rodón,rodoc001,2023-09-07,2023,NYA,DET,4,3.7,19,59,8,0,1,1,0.99,NYA202309070
Carlos Rodón,rodoc001,2023-09-12,2023,NYA,BOS,9,5.0,23,77,4,4,1,0,0.98,BOS202309122
Carlos Rodón,rodoc001,2023-09-17,2023,NYA,PIT,10,6.7,27,96,6,0,1,0,1.0,PIT202309170
Carlos Rodón,rodoc001,2023-09-24,2023,NYA,ARI,4,6.3,24,77,5,1,0,1,0.99,NYA202309240
Carlos Rodón,rodoc001,2023-09-29,2023,NYA,KCA,0,0.0,8,23,6,2,1,0,0.96,KCA202309290
Eduardo Rodríguez,rodre004,2023-03-30,2023,DET,TBA,5,5.3,21,88,3,2,1,0,1.05,TBA202303300
Eduardo Rodríguez,rodre004,2023-04-05,2023,DET,HOU,1,4.7,22,86,6,2,2,0,1.02,HOU202304050
Eduardo Rodríguez,rodre004,2023-04-12,2023,DET,TOR,3,6.0,23,96,7,1,0,0,1.0,TOR202304120
Eduardo Rodríguez,rodre004,2023-04-18,2023,DET,CLE,10,8.0,27,94,4,0,0,1,1.0,DET202304182
Eduardo Rodríguez,rodre004,2023-04-23,2023,DET,BAL,6,7.0,22,71,1,0,0,0,1.0,BAL202304230
Eduardo Rodríguez,rodre004,2023-04-29,2023,DET,BAL,5,5.7,22,77,4,2,1,1,1.0,DET202304291
Eduardo Rodríguez,rodre004,2023-05-04,2023,DET,NYN,9,8.0,26,80,2,1,0,1,1.0,DET202305040
Eduardo Rodríguez,rodre004,2023-05-10,2023,DET,CLE,8,7.0,27,99,4,2,0,0,1.04,CLE202305100
Eduardo Rodríguez,rodre004,2023-05-17,2023,DET,PIT,5,5.0,23,84,6,2,1,1,1.0,DET202305170
Eduardo Rodríguez,rodre004,2023-05-23,2023,DET,KCA,9,5.0,26,82,8,2,0,0,0.96,KCA202305230
Eduardo Rodríguez,rodre004,2023-05-28,2023,DET,CHA,6,6.0,24,75,5,2,1,1,1.0,DET202305280
Eduardo Rodríguez,rodre004,2023-07-05,2023,DET,OAK,7,4.0,18,72,6,0,2,1,1.0,DET202307050
Eduardo Rodríguez,rodre004,2023-07-14,2023,DET,SEA,7,5.0,21,85,3,2,0,0,1.04,SEA202307140
Eduardo Rodríguez,rodre004,2023-07-19,2023,DET,KCA,7,7.0,26,72,4,0,0,0,0.96,KCA202307190
Eduardo Rodríguez,rodre004,2023-07-25,2023,DET,ANA,3,4.7,24,85,7,3,0,1,1.0,DET202307250
Eduardo Rodríguez,rodre004,2023-08-02,2023,DET,PIT,5,6.0,25,89,7,1,0,0,1.0,PIT202308020
Eduardo Rodríguez,rodre004,2023-08-08,2023,DET,MIN,5,7.0,27,89,4,3,0,1,1.0,DET202308080
Eduardo Rodríguez,rodre004,2023-08-13,2023,DET,BOS,8,5.0,26,73,10,1,2,0,0.98,BOS202308130
Eduardo Rodríguez,rodre004,2023-08-20,2023,DET,CLE,6,6.7,24,87,4,1,0,0,1.04,CLE202308200
Eduardo Rodríguez,rodre004,2023-08-26,2023,DET,HOU,1,4.7,24,76,5,4,1,1,1.0,DET202308260
Eduardo Rodríguez,rodre004,2023-09-01,2023,DET,CHA,7,6.7,26,82,6,2,0,0,0.99,CHA202309010
Eduardo Rodríguez,rodre004,2023-09-07,2023,DET,NYA,4,6.0,24,76,4,4,1,0,0.99,NYA202309070
Eduardo Rodríguez,rodre004,2023-09-13,2023,DET,CIN,5,5.3,24,76,4,5,0,1,1.0,DET202309130
Eduardo Rodríguez,rodre004,2023-09-18,2023,DET,LAN,1,3.0,15,49,5,1,2,0,1.03,LAN202309180
Eduardo Rodríguez,rodre004,2023-09-24,2023,DET,OAK,5,7.0,27,95,5,4,0,0,1.0,OAK202309240
Eduardo Rodríguez,rodre004,2023-10-01,2023,DET,CLE,5,7.0,27,90,4,1,1,1,1.0,DET202310010
Grayson Rodriguez,rodrg003,2023-04-05,2023,BAL,TEX,5,5.0,20,77,4,1,0,0,0.99,TEX202304050
Grayson Rodriguez,rodrg003,2023-04-11,2023,BAL,OAK,6,4.3,23,90,6,4,0,1,1.0,BAL202304110
Grayson Rodriguez,rodrg003,2023-04-16,2023,BAL,CHA,8,5.0,22,86,6,2,2,0,0.99,CHA202304160
Grayson Rodriguez,rodrg003,2023-04-23,2023,BAL,DET,6,5.0,22,84,5,3,0,1,1.0,BAL202304230
Grayson Rodriguez,rodrg003,2023-04-29,2023,BAL,DET,9,5.0,18,78,2,1,0,0,1.0,DET202304292
Grayson Rodriguez,rodrg003,2023-05-04,2023,BAL,KCA,3,3.7,19,68,8,1,3,0,0.96,KCA202305040
Grayson Rodriguez,rodrg003,2023-05-09,2023,BAL,TBA,4,5.7,24,95,7,2,2,1,1.0,BAL202305090
Grayson Rodriguez,rodrg003,2023-05-15,2023,BAL,ANA,3,3.3,22,73,9,3,2,1,1.0,BAL202305150
Grayson Rodriguez,rodrg003,2023-05-20,2023,BAL,TOR,6,5.0,21,82,5,1,1,0,1.0,TOR202305200
Grayson Rodriguez,rodrg003,2023-05-26,2023,BAL,TEX,6,3.3,20,74,6,3,3,1,1.0,BAL202305260
Grayson Rodriguez,rodrg003,2023-07-17,2023,BAL,LAN,4,5.0,22,88,7,2,0,1,1.0,BAL202307170
Grayson Rodriguez,rodrg003,2023-07-22,2023,BAL,TBA,6,5.7,20,77,3,2,0,0,1.05,TBA202307220
Grayson Rodriguez,rodrg003,2023-07-28,2023,BAL,NYA,4,6.3,23,91,3,2,0,1,1.0,BAL202307280
Grayson Rodriguez,rodrg003,2023-08-02,2023,BAL,TOR,6,5.7,21,93,2,2,0,0,1.0,TOR202308020
Grayson Rodriguez,rodrg003,2023-08-08,2023,BAL,HOU,4,6.0,27,88,6,2,0,1,1.0,BAL202308080
Grayson Rodriguez,rodrg003,2023-08-14,2023,BAL,SDN,6,7.0,24,81,3,1,1,0,1.08,SDN202308140
Grayson Rodriguez,rodrg003,2023-08-22,2023,BAL,TOR,5,6.0,26,90,8,2,1,1,1.0,BAL202308220
Grayson Rodriguez,rodrg003,2023-08-28,2023,BAL,CHA,6,6.0,20,87,1,1,0,1,1.0,BAL202308280
Grayson Rodriguez,rodrg003,2023-09-04,2023,BAL,ANA,7,6.0,24,73,7,2,1,0,0.99,ANA202309040
Grayson Rodriguez,rodrg003,2023-09-10,2023,BAL,BOS,6,4.3,24,76,7,2,0,0,0.98,BOS202309100
Grayson Rodriguez,rodrg003,2023-09-16,2023,BAL,TBA,7,8.0,29,86,5,0,0,1,1.0,BAL202309160
Grayson Rodriguez,rodrg003,2023-09-21,2023,BAL,CLE,7,5.0,22,88,5,3,0,0,1.04,CLE202309210
Grayson Rodriguez,rodrg003,2023-09-27,2023,BAL,WAS,5,5.7,22,80,6,0,0,1,1.0,BAL202309270
Yerry Rodríguez,rodry002,2023-07-25,2023,TEX,HOU,3,2.0,9,34,2,1,0,0,1.02,HOU202307250
Trevor Rogers,roget003,2023-04-02,2023,MIA,NYN,4,4.3,21,78,4,2,1,1,0.98,MIA202304020
Trevor Rogers,roget003,2023-04-08,2023,MIA,NYN,5,4.7,22,73,4,2,1,0,1.06,NYN202304080
Trevor Rogers,roget003,2023-04-14,2023,MIA,ARI,7,6.0,24,90,5,1,0,1,0.98,MIA202304140
Trevor Rogers,roget003,2023-04-19,2023,MIA,SFN,3,3.0,12,53,3,1,0,1,0.98,MIA202304190
Drew Rom,rom-d001,2023-08-21,2023,SLN,PIT,4,3.7,24,90,8,4,1,0,1.0,PIT202308210
Drew Rom,rom-d001,2023-08-27,2023,SLN,PHI,6,5.3,22,89,5,1,1,0,1.01,PHI202308270
Drew Rom,rom-d001,2023-09-02,2023,SLN,PIT,1,4.7,21,84,5,3,0,1,1.0,SLN202309020
Drew Rom,rom-d001,2023-09-08,2023,SLN,CIN,0,3.7,19,71,7,2,2,0,1.0,CIN202309080
Drew Rom,rom-d001,2023-09-13,2023,SLN,BAL,7,5.3,21,75,2,3,0,0,1.0,BAL202309130
Drew Rom,rom-d001,2023-09-19,2023,SLN,MIL,3,3.3,18,62,6,2,1,1,1.0,SLN202309190
Drew Rom,rom-d001,2023-09-24,2023,SLN,SDN,4,3.3,23,78,11,1,1,0,1.08,SDN202309240
Drew Rom,rom-d001,2023-09-30,2023,SLN,CIN,7,4.3,22,77,7,3,1,1,1.0,SLN202309300
Kenny Rosenberg,rosek001,2023-09-04,2023,ANA,BAL,4,6.0,26,78,7,2,0,1,0.99,ANA202309040
Kenny Rosenberg,rosek001,2023-09-10,2023,ANA,CLE,4,5.0,21,71,6,1,1,1,0.99,ANA202309100
Kenny Rosenberg,rosek001,2023-09-23,2023,ANA,MIN,5,5.0,21,70,5,2,0,0,1.0,MIN202309230
Drew Rucinski,rucid001,2023-04-28,2023,OAK,CIN,1,5.7,28,84,11,1,1,1,1.0,OAK202304280
Drew Rucinski,rucid001,2023-05-04,2023,OAK,SEA,3,3.7,19,68,4,5,1,1,1.0,OAK202305040
Drew Rucinski,rucid001,2023-05-09,2023,OAK,NYA,2,5.0,26,91,6,3,1,0,0.99,NYA202305090
Drew Rucinski,rucid001,2023-05-15,2023,OAK,ARI,0,3.7,22,84,6,5,2,1,1.0,OAK202305150
José Ruiz,ruizj001,2023-07-23,2023,ARI,CIN,1,1.7,9,28,5,0,2,0,1.0,CIN202307230
Jackson Rutledge,rutlj002,2023-09-13,2023,WAS,PIT,2,3.7,21,90,10,1,1,0,1.0,PIT202309130
Jackson Rutledge,rutlj002,2023-09-19,2023,WAS,CHA,2,6.3,24,78,6,1,2,1,1.01,WAS202309190
Jackson Rutledge,rutlj002,2023-09-24,2023,WAS,ATL,4,5.0,19,81,3,2,0,1,1.01,WAS202309241
Jackson Rutledge,rutlj002,2023-10-01,2023,WAS,ATL,4,5.0,24,90,5,2,1,0,1.02,ATL202310010
Joe Ryan,ryanj002,2023-04-02,2023,MIN,KCA,6,6.0,23,80,3,2,1,0,0.96,KCA202304020
Joe Ryan,ryanj002,2023-04-08,2023,MIN,HOU,10,6.0,23,80,3,1,1,1,1.0,MIN202304080
Joe Ryan,ryanj002,2023-04-13,2023,MIN,NYA,10,7.0,24,92,3,0,1,0,0.99,NYA202304130
Joe Ryan,ryanj002,2023-04-19,2023,MIN,BOS,3,6.0,25,98,6,1,1,0,0.98,BOS202304190
Joe Ryan,ryanj002,2023-04-25,2023,MIN,NYA,7,7.0,28,89,7,0,0,1,1.0,MIN202304250
Joe Ryan,ryanj002,2023-05-02,2023,MIN,CHA,7,6.0,20,77,1,2,0,0,0.99,CHA202305020
Joe Ryan,ryanj002,2023-05-07,2023,MIN,CLE,4,6.0,26,97,8,0,0,0,1.04,CLE202305070
Joe Ryan,ryanj002,2023-05-13,2023,MIN,CHN,10,6.0,23,89,4,1,0,1,1.0,MIN202305130
Joe Ryan,ryanj002,2023-05-19,2023,MIN,ANA,9,6.0,25,88,7,1,0,0,0.99,ANA202305190
Joe Ryan,ryanj002,2023-05-24,2023,MIN,SFN,4,5.0,25,99,6,2,0,1,1.0,MIN202305240
Joe Ryan,ryanj002,2023-05-30,2023,MIN,HOU,6,4.0,19,78,4,3,2,0,1.02,HOU202305300
Joe Ryan,ryanj002,2023-06-04,2023,MIN,CLE,4,6.7,22,71,2,1,0,1,1.0,MIN202306040
Joe Ryan,ryanj002,2023-06-10,2023,MIN,TOR,4,6.0,25,79,6,1,0,0,1.0,TOR202306100
Joe Ryan,ryanj002,2023-06-16,2023,MIN,DET,7,7.0,28,90,7,0,2,1,1.0,MIN202306160
Joe Ryan,ryanj002,2023-06-22,2023,MIN,BOS,9,9.0,30,95,3,0,0,1,1.0,MIN202306220
Joe Ryan,ryanj002,2023-06-27,2023,MIN,ATL,5,3.0,18,69,9,0,5,0,1.02,ATL202306270
Joe Ryan,ryanj002,2023-07-03,2023,MIN,KCA,9,6.0,25,81,6,1,1,1,1.0,MIN202307030
Joe Ryan,ryanj002,2023-07-09,2023,MIN,BAL,10,4.3,21,83,5,2,2,1,1.0,MIN202307090
Joe Ryan,ryanj002,2023-07-16,2023,MIN,OAK,7,5.3,24,79,5,3,1,0,1.0,OAK202307160
Joe Ryan,ryanj002,2023-07-21,2023,MIN,CHA,10,6.0,26,91,7,1,2,1,1.0,MIN202307210
Joe Ryan,ryanj002,2023-07-26,2023,MIN,SEA,7,3.7,20,72,7,2,2,1,1.0,MIN202307260
Joe Ryan,ryanj002,2023-08-02,2023,MIN,SLN,4,4.0,23,87,9,1,4,0,1.0,SLN202308020
Joe Ryan,ryanj002,2023-08-26,2023,MIN,TEX,7,5.0,20,65,5,2,1,1,1.0,MIN202308260
Joe Ryan,ryanj002,2023-09-01,2023,MIN,TEX,7,6.0,21,56,3,0,1,0,0.99,TEX202309010
Joe Ryan,ryanj002,2023-09-06,2023,MIN,CLE,3,4.0,17,78,4,1,0,0,1.04,CLE202309060
Joe Ryan,ryanj002,2023-09-12,2023,MIN,TBA,7,4.7,21,85,5,2,1,1,1.0,MIN202309120
Joe Ryan,ryanj002,2023-09-18,2023,MIN,CIN,5,5.0,23,72,5,3,1,0,1.0,CIN202309180
Joe Ryan,ryanj002,2023-09-24,2023,MIN,ANA,10,6.0,24,76,7,0,0,1,1.0,MIN202309240
Joe Ryan,ryanj002,2023-09-29,2023,MIN,COL,6,5.0,23,79,8,1,3,0,0.92,COL202309290
Hyun Jin Ryu,ryu-h001,2023-08-01,2023,TOR,BAL,3,5.0,23,73,9,1,1,1,1.0,TOR202308010
Hyun Jin Ryu,ryu-h001,2023-08-07,2023,TOR,CLE,2,4.0,13,34,0,1,0,0,1.04,CLE202308070
Hyun Jin Ryu,ryu-h001,2023-08-13,2023,TOR,CHN,3,5.0,19,73,2,2,0,1,1.0,TOR202308130
Hyun Jin Ryu,ryu-h001,2023-08-20,2023,TOR,CIN,7,5.0,21,77,4,1,0,0,1.0,CIN202308200
Hyun Jin Ryu,ryu-h001,2023-08-26,2023,TOR,CLE,5,5.0,21,61,4,0,2,1,1.0,TOR202308260
Hyun Jin Ryu,ryu-h001,2023-09-01,2023,TOR,COL,3,5.0,20,67,4,2,1,0,0.92,COL202309010
Hyun Jin Ryu,ryu-h001,2023-09-06,2023,TOR,OAK,5,5.0,21,74,5,1,1,0,1.0,OAK202309060
Hyun Jin Ryu,ryu-h001,2023-09-12,2023,TOR,TEX,5,6.0,24,66,5,1,1,1,1.0,TOR202309120
Hyun Jin Ryu,ryu-h001,2023-09-17,2023,TOR,BOS,2,4.7,22,81,6,2,0,1,1.0,TOR202309170
Hyun Jin Ryu,ryu-h001,2023-09-23,2023,TOR,TBA,2,4.3,24,82,7,3,3,0,1.05,TBA202309230
Hyun Jin Ryu,ryu-h001,2023-09-30,2023,TOR,TBA,1,3.0,16,44,7,0,0,1,1.0,TOR202309300
Chris Sale,salec001,2023-04-01,2023,BOS,BAL,6,3.0,19,64,7,2,3,1,0.98,BOS202304010
Chris Sale,salec001,2023-04-06,2023,BOS,DET,7,5.0,23,66,4,3,1,0,1.0,DET202304060
Chris Sale,salec001,2023-04-12,2023,BOS,TBA,6,4.0,22,81,7,2,1,0,1.05,TBA202304120
Chris Sale,salec001,2023-04-18,2023,BOS,MIN,11,6.0,25,94,3,2,0,1,0.98,BOS202304180
Chris Sale,salec001,2023-04-24,2023,BOS,BAL,0,5.0,21,76,9,1,0,0,1.0,BAL202304240
Chris Sale,salec001,2023-04-30,2023,BOS,CLE,5,6.3,24,93,3,0,0,1,0.98,BOS202304300
Chris Sale,salec001,2023-05-05,2023,BOS,PHI,10,6.0,26,96,7,1,0,0,1.01,PHI202305050
Chris Sale,salec001,2023-05-13,2023,BOS,SLN,9,8.0,28,87,3,1,1,1,0.98,BOS202305130
Chris Sale,salec001,2023-05-20,2023,BOS,SDN,8,7.0,26,100,3,1,2,0,1.08,SDN202305200
Chris Sale,salec001,2023-05-26,2023,BOS,ARI,3,5.0,19,68,4,1,0,0,1.03,ARI202305260
Chris Sale,salec001,2023-06-01,2023,BOS,CIN,6,3.7,16,48,5,1,0,1,0.98,BOS202306010
Chris Sale,salec001,2023-08-11,2023,BOS,DET,7,4.7,16,45,1,0,1,1,0.98,BOS202308110
Chris Sale,salec001,2023-08-17,2023,BOS,WAS,3,4.3,19,54,2,3,0,0,1.01,WAS202308170
Chris Sale,salec001,2023-08-23,2023,BOS,HOU,9,5.0,22,68,6,1,1,0,1.02,HOU202308230
Chris Sale,salec001,2023-08-28,2023,BOS,HOU,6,4.7,23,84,7,2,1,1,0.98,BOS202308280
Chris Sale,salec001,2023-09-03,2023,BOS,KCA,5,5.0,19,78,2,2,0,0,0.96,KCA202309030
Chris Sale,salec001,2023-09-09,2023,BOS,BAL,5,4.0,20,73,6,2,2,1,0.98,BOS202309090
Chris Sale,salec001,2023-09-16,2023,BOS,TOR,10,6.0,21,81,2,2,1,0,1.0,TOR202309160
Chris Sale,salec001,2023-09-22,2023,BOS,CHA,7,5.0,19,79,3,1,0,1,0.98,BOS202309220
Chris Sale,salec001,2023-09-28,2023,BOS,BAL,2,5.0,17,50,3,1,1,0,1.0,BAL202309280
Cristopher Sánchez,sancc002,2023-04-22,2023,PHI,COL,5,4.3,20,67,5,2,0,1,1.01,PHI202304220
Cristopher Sánchez,sancc002,2023-06-17,2023,PHI,OAK,5,4.0,14,50,1,1,0,0,1.0,OAK202306170
Cristopher Sánchez,sancc002,2023-06-24,2023,PHI,NYN,4,5.0,19,75,5,0,1,1,1.01,PHI202306240
Cristopher Sánchez,sancc002,2023-06-30,2023,PHI,WAS,6,6.0,25,84,7,1,1,1,1.01,PHI202306300
Cristopher Sánchez,sancc002,2023-07-06,2023,PHI,TBA,2,6.0,21,75,4,0,1,0,1.05,TBA202307060
Cristopher Sánchez,sancc002,2023-07-14,2023,PHI,SDN,5,5.0,19,66,3,1,2,1,1.01,PHI202307140
Cristopher Sánchez,sancc002,2023-07-19,2023,PHI,MIL,3,5.0,22,76,6,1,0,1,1.01,PHI202307190
Cristopher Sánchez,sancc002,2023-07-24,2023,PHI,BAL,8,7.0,26,79,4,0,2,1,1.01,PHI202307240
Cristopher Sánchez,sancc002,2023-07-30,2023,PHI,PIT,3,5.0,18,64,0,2,0,0,1.0,PIT202307300
Cristopher Sánchez,sancc002,2023-08-05,2023,PHI,KCA,7,5.0,22,70,6,1,2,1,1.01,PHI202308050
Cristopher Sánchez,sancc002,2023-08-11,2023,PHI,MIN,5,6.0,25,95,6,3,2,1,1.01,PHI202308110
Cristopher Sánchez,sancc002,2023-08-19,2023,PHI,WAS,5,6.0,25,73,7,0,0,0,1.01,WAS202308190
Cristopher Sánchez,sancc002,2023-08-25,2023,PHI,SLN,6,6.0,23,78,5,0,1,1,1.01,PHI202308250
Cristopher Sánchez,sancc002,2023-08-30,2023,PHI,ANA,5,4.7,21,47,7,0,1,1,1.01,PHI202308300
Cristopher Sánchez,sancc002,2023-09-08,2023,PHI,MIA,4,5.0,20,69,4,1,0,1,1.01,PHI202309080
Cristopher Sánchez,sancc002,2023-09-13,2023,PHI,ATL,10,7.3,31,82,8,1,1,1,1.01,PHI202309130
Cristopher Sánchez,sancc002,2023-09-19,2023,PHI,ATL,2,4.0,18,56,7,1,1,0,1.02,ATL202309190
Cristopher Sánchez,sancc002,2023-09-24,2023,PHI,NYN,10,7.0,24,73,3,1,1,1,1.01,PHI202309240
Patrick Sandoval,sandp002,2023-04-01,2023,ANA,OAK,2,5.0,20,75,2,2,1,0,1.0,OAK202304010
Patrick Sandoval,sandp002,2023-04-07,2023,ANA,TOR,2,6.0,24,89,6,1,0,1,0.99,ANA202304070
Patrick Sandoval,sandp002,2023-04-14,2023,ANA,BOS,6,3.7,19,80,3,3,0,0,0.98,BOS202304140
Patrick Sandoval,sandp002,2023-04-20,2023,ANA,NYA,5,4.0,22,93,4,6,0,0,0.99,NYA202304200
Patrick Sandoval,sandp002,2023-04-26,2023,ANA,OAK,5,7.0,28,94,6,0,1,1,0.99,ANA202304260
Patrick Sandoval,sandp002,2023-05-02,2023,ANA,SLN,4,5.0,21,79,3,3,0,0,1.0,SLN202305020
Patrick Sandoval,sandp002,2023-05-08,2023,ANA,HOU,2,6.3,26,88,7,0,1,1,0.99,ANA202305080
Patrick Sandoval,sandp002,2023-05-14,2023,ANA,CLE,5,7.7,30,96,5,1,0,0,1.04,CLE202305140
Patrick Sandoval,sandp002,2023-05-20,2023,ANA,MIN,3,4.7,23,89,5,4,0,1,0.99,ANA202305200
Patrick Sandoval,sandp002,2023-05-28,2023,ANA,MIA,2,6.0,26,85,8,2,1,1,0.99,ANA202305280
Patrick Sandoval,sandp002,2023-06-03,2023,ANA,HOU,4,3.3,21,67,7,3,0,0,1.02,HOU202306030
Patrick Sandoval,sandp002,2023-06-10,2023,ANA,SEA,8,5.0,24,72,10,0,1,1,0.99,ANA202306100
Patrick Sandoval,sandp002,2023-06-16,2023,ANA,KCA,6,7.0,28,98,4,4,0,0,0.96,KCA202306160
Patrick Sandoval,sandp002,2023-06-23,2023,ANA,COL,3,5.0,26,86,10,1,1,0,0.92,COL202306230
Patrick Sandoval,sandp002,2023-06-29,2023,ANA,CHA,8,5.0,26,92,8,2,0,1,0.99,ANA202306290
Patrick Sandoval,sandp002,2023-07-05,2023,ANA,SDN,5,5.0,21,72,2,4,0,0,1.08,SDN202307050
Patrick Sandoval,sandp002,2023-07-18,2023,ANA,NYA,7,7.3,27,87,2,3,1,1,0.99,ANA202307180
Patrick Sandoval,sandp002,2023-07-27,2023,ANA,DET,4,5.0,20,72,4,2,0,0,1.0,DET202307272
Patrick Sandoval,sandp002,2023-08-01,2023,ANA,ATL,3,5.0,20,85,3,4,1,0,1.02,ATL202308010
Patrick Sandoval,sandp002,2023-08-07,2023,ANA,SFN,8,6.7,26,92,5,1,1,1,0.99,ANA202308070
Patrick Sandoval,sandp002,2023-08-14,2023,ANA,TEX,6,2.7,19,72,4,6,0,0,0.99,TEX202308140
Patrick Sandoval,sandp002,2023-08-19,2023,ANA,TBA,4,4.7,24,100,7,3,0,1,0.99,ANA202308192
Patrick Sandoval,sandp002,2023-08-25,2023,ANA,NYN,7,6.0,24,72,2,4,1,0,1.06,NYN202308250
Patrick Sandoval,sandp002,2023-09-01,2023,ANA,OAK,3,3.7,19,67,5,3,0,0,1.0,OAK202309010
Patrick Sandoval,sandp002,2023-09-06,2023,ANA,BAL,3,5.0,27,91,7,4,0,1,0.99,ANA202309060
Patrick Sandoval,sandp002,2023-09-12,2023,ANA,SEA,4,5.0,25,73,9,0,1,0,1.04,SEA202309120
Patrick Sandoval,sandp002,2023-09-19,2023,ANA,TBA,7,5.0,21,84,5,3,1,0,1.05,TBA202309190
Patrick Sandoval,sandp002,2023-09-25,2023,ANA,TEX,2,3.0,15,58,2,5,0,1,0.99,ANA202309250
Max Scherzer,schem001,2023-03-30,2023,NYN,MIA,6,6.0,22,63,4,2,1,0,0.98,MIA202303300
Max Scherzer,schem001,2023-04-04,2023,NYN,MIL,2,5.3,25,83,8,2,3,0,1.05,MIL202304040
Max Scherzer,schem001,2023-04-10,2023,NYN,SDN,6,5.0,18,70,1,3,0,1,1.06,NYN202304100
Max Scherzer,schem001,2023-04-19,2023,NYN,LAN,3,3.0,12,46,1,2,0,0,1.03,LAN202304190
Max Scherzer,schem001,2023-05-03,2023,NYN,DET,3,3.3,19,63,8,1,2,0,1.0,DET202305032
Max Scherzer,schem001,2023-05-14,2023,NYN,WAS,6,5.0,20,75,2,2,0,0,1.01,WAS202305140
Max Scherzer,schem001,2023-05-21,2023,NYN,CLE,5,6.0,21,81,3,1,0,1,1.06,NYN202305211
Max Scherzer,schem001,2023-05-26,2023,NYN,COL,8,7.0,27,95,6,0,1,0,0.92,COL202305260
Max Scherzer,schem001,2023-06-01,2023,NYN,PHI,9,7.0,26,95,5,1,0,1,1.06,NYN202306010
Max Scherzer,schem001,2023-06-07,2023,NYN,ATL,10,5.7,28,98,11,0,1,0,1.02,ATL202306070
Max Scherzer,schem001,2023-06-13,2023,NYN,NYA,2,3.3,19,66,7,0,2,1,1.06,NYN202306130
Max Scherzer,schem001,2023-06-19,2023,NYN,HOU,8,8.0,28,85,4,1,1,0,1.02,HOU202306190
Max Scherzer,schem001,2023-06-24,2023,NYN,PHI,8,6.0,25,104,7,1,1,0,1.01,PHI202306240
Max Scherzer,schem001,2023-06-29,2023,NYN,MIL,9,6.0,27,92,7,2,1,1,1.06,NYN202306290
Max Scherzer,schem001,2023-07-04,2023,NYN,ARI,9,6.0,25,93,5,2,3,0,1.03,ARI202307040
Max Scherzer,schem001,2023-07-09,2023,NYN,SDN,7,5.0,24,80,6,3,2,0,1.08,SDN202307090
Max Scherzer,schem001,2023-07-16,2023,NYN,LAN,6,7.0,24,91,1,3,0,1,1.06,NYN202307160
Max Scherzer,schem001,2023-07-22,2023,NYN,BOS,7,6.0,26,78,6,2,4,0,0.98,BOS202307220
Max Scherzer,schem001,2023-07-28,2023,NYN,WAS,7,7.0,28,95,6,2,1,1,1.06,NYN202307280
Max Scherzer,schem001,2023-08-03,2023,TEX,CHA,9,6.0,26,98,7,2,0,1,0.99,TEX202308030
Max Scherzer,schem001,2023-08-08,2023,TEX,OAK,6,7.0,26,81,3,2,1,0,1.0,OAK202308080
Max Scherzer,schem001,2023-08-14,2023,TEX,ANA,11,7.0,22,83,1,1,0,1,0.99,TEX202308140
Max Scherzer,schem001,2023-08-20,2023,TEX,MIL,4,3.7,19,73,3,4,0,1,0.99,TEX202308200
Max Scherzer,schem001,2023-08-26,2023,TEX,MIN,10,7.0,26,82,4,1,1,0,1.0,MIN202308260
Max Scherzer,schem001,2023-09-01,2023,TEX,MIN,7,6.0,21,60,1,2,0,1,0.99,TEX202309010
Max Scherzer,schem001,2023-09-06,2023,TEX,HOU,4,3.0,18,55,6,2,3,1,0.99,TEX202309060
Max Scherzer,schem001,2023-09-12,2023,TEX,TOR,2,5.3,19,71,3,1,0,0,1.0,TOR202309120
Clarke Schmidt,schmc002,2023-04-01,2023,NYA,SFN,5,3.3,16,67,5,1,2,1,0.99,NYA202304010
Clarke Schmidt,schmc002,2023-04-07,2023,NYA,BAL,3,3.3,19,69,5,3,0,0,1.0,BAL202304070
Clarke Schmidt,schmc002,2023-04-12,2023,NYA,CLE,3,4.0,18,72,6,1,1,0,1.04,CLE202304120
Clarke Schmidt,schmc002,2023-04-18,2023,NYA,ANA,5,3.7,17,59,6,0,1,1,0.99,NYA202304180
Clarke Schmidt,schmc002,2023-04-23,2023,NYA,TOR,8,5.7,22,70,3,1,2,1,0.99,NYA202304230
Clarke Schmidt,schmc002,2023-04-28,2023,NYA,TEX,8,5.0,27,84,10,1,1,0,0.99,TEX202304280
Clarke Schmidt,schmc002,2023-05-03,2023,NYA,CLE,4,4.3,21,73,6,2,0,1,0.99,NYA202305030
Clarke Schmidt,schmc002,2023-05-09,2023,NYA,OAK,7,6.0,24,73,5,2,1,1,0.99,NYA202305090
Clarke Schmidt,schmc002,2023-05-14,2023,NYA,TBA,5,4.7,23,72,6,3,0,1,0.99,NYA202305140
Clarke Schmidt,schmc002,2023-05-19,2023,NYA,CIN,6,5.0,20,81,5,2,0,0,1.0,CIN202305190
Clarke Schmidt,schmc002,2023-05-25,2023,NYA,BAL,4,5.0,22,79,5,2,0,1,0.99,NYA202305250
Clarke Schmidt,schmc002,2023-05-31,2023,NYA,SEA,7,5.7,21,66,3,1,0,0,1.04,SEA202305310
Clarke Schmidt,schmc002,2023-06-06,2023,NYA,CHA,1,6.0,22,75,6,0,2,1,0.99,NYA202306060
Clarke Schmidt,schmc002,2023-06-11,2023,NYA,BOS,4,5.3,19,73,4,0,1,1,0.99,NYA202306110
Clarke Schmidt,schmc002,2023-06-18,2023,NYA,BOS,3,4.7,22,84,5,3,0,0,0.98,BOS202306181
Clarke Schmidt,schmc002,2023-06-23,2023,NYA,TEX,3,5.3,25,78,6,1,0,1,0.99,NYA202306230
Clarke Schmidt,schmc002,2023-06-29,2023,NYA,OAK,3,5.3,24,81,5,3,0,0,1.0,OAK202306290
Clarke Schmidt,schmc002,2023-07-04,2023,NYA,BAL,7,5.0,20,72,5,0,2,1,0.99,NYA202307040
Clarke Schmidt,schmc002,2023-07-15,2023,NYA,COL,8,6.0,23,78,3,1,1,0,0.92,COL202307150
Clarke Schmidt,schmc002,2023-07-21,2023,NYA,KCA,2,5.7,24,60,5,1,1,1,0.99,NYA202307210
Clarke Schmidt,schmc002,2023-07-29,2023,NYA,BAL,2,5.0,22,68,5,1,1,0,1.0,BAL202307290
Clarke Schmidt,schmc002,2023-08-03,2023,NYA,HOU,4,5.0,20,78,4,1,0,1,0.99,NYA202308030
Clarke Schmidt,schmc002,2023-08-08,2023,NYA,CHA,7,5.3,22,84,4,1,1,0,0.99,CHA202308080
Clarke Schmidt,schmc002,2023-08-14,2023,NYA,ATL,3,2.3,18,63,9,2,1,0,1.02,ATL202308140
Clarke Schmidt,schmc002,2023-08-20,2023,NYA,BOS,8,5.7,23,77,4,2,1,1,0.99,NYA202308200
Clarke Schmidt,schmc002,2023-08-26,2023,NYA,TBA,5,6.7,27,86,6,0,0,0,1.05,TBA202308260
Clarke Schmidt,schmc002,2023-08-31,2023,NYA,DET,7,4.7,23,82,6,3,1,0,1.0,DET202308310
Clarke Schmidt,schmc002,2023-09-06,2023,NYA,DET,6,6.3,24,94,5,0,0,1,0.99,NYA202309060
Clarke Schmidt,schmc002,2023-09-14,2023,NYA,BOS,3,5.3,25,66,7,3,1,0,0.98,BOS202309142
Clarke Schmidt,schmc002,2023-09-19,2023,NYA,TOR,1,5.0,21,82,4,2,2,1,0.99,NYA202309190
Clarke Schmidt,schmc002,2023-09-25,2023,NYA,ARI,3,4.0,19,71,3,3,0,1,0.99,NYA202309250
Clarke Schmidt,schmc002,2023-09-30,2023,NYA,KCA,3,4.0,19,59,8,0,1,0,0.96,KCA202309300
Jesse Scholtens,schoj002,2023-05-27,2023,CHA,DET,3,4.7,20,63,4,2,0,0,1.0,DET202305270
Jesse Scholtens,schoj002,2023-07-06,2023,CHA,TOR,1,4.0,21,64,11,0,2,1,0.99,CHA202307062
Jesse Scholtens,schoj002,2023-08-01,2023,CHA,TEX,6,6.0,20,65,3,1,1,0,0.99,TEX202308010
Jesse Scholtens,schoj002,2023-08-06,2023,CHA,CLE,6,6.0,23,83,6,1,1,0,1.04,CLE202308060
Jesse Scholtens,schoj002,2023-08-12,2023,CHA,MIL,5,6.3,27,86,6,3,0,1,0.99,CHA202308120
Jesse Scholtens,schoj002,2023-08-19,2023,CHA,COL,2,3.0,20,81,5,5,0,0,0.92,COL202308190
Jesse Scholtens,schoj002,2023-08-24,2023,CHA,OAK,4,5.7,24,63,6,0,3,1,0.99,CHA202308240
Jesse Scholtens,schoj002,2023-08-29,2023,CHA,BAL,1,5.3,22,79,6,0,0,0,1.0,BAL202308290
Jesse Scholtens,schoj002,2023-09-04,2023,CHA,KCA,1,3.7,20,70,9,1,2,0,0.96,KCA202309040
Jesse Scholtens,schoj002,2023-09-10,2023,CHA,DET,4,5.0,24,86,8,2,0,0,1.0,DET202309100
Jesse Scholtens,schoj002,2023-09-15,2023,CHA,MIN,5,4.0,23,63,7,3,1,1,0.99,CHA202309150
John Schreiber,schrj001,2023-07-25,2023,BOS,ATL,0,1.0,6,24,2,1,0,1,0.98,BOS202307250
John Schreiber,schrj001,2023-08-05,2023,BOS,TOR,1,1.0,5,13,1,0,0,1,0.98,BOS202308050
Tayler Scott,scott004,2023-07-09,2023,BOS,OAK,0,1.0,5,12,2,0,0,1,0.98,BOS202307090
Tayler Scott,scott004,2023-07-25,2023,OAK,SFN,2,1.0,4,12,1,0,0,0,1.03,SFN202307250
Connor Seabold,seabc001,2023-05-04,2023,COL,MIL,1,5.0,20,71,7,0,3,1,0.92,COL202305040
Connor Seabold,seabc001,2023-05-09,2023,COL,PIT,3,5.0,22,75,3,3,0,0,1.0,PIT202305090
Connor Seabold,seabc001,2023-05-15,2023,COL,CIN,3,4.3,24,80,8,3,0,1,0.92,COL202305150
Connor Seabold,seabc001,2023-05-21,2023,COL,TEX,5,3.7,18,71,5,2,2,0,0.99,TEX202305210
Connor Seabold,seabc001,2023-05-26,2023,COL,NYN,2,4.7,23,90,4,2,1,1,0.92,COL202305260
Connor Seabold,seabc001,2023-06-01,2023,COL,ARI,5,5.3,21,69,3,2,0,0,1.03,ARI202306010
Connor Seabold,seabc001,2023-06-07,2023,COL,SFN,4,6.0,23,75,2,2,0,1,0.92,COL202306070
Connor Seabold,seabc001,2023-06-12,2023,COL,BOS,6,6.0,23,74,6,1,0,0,0.98,BOS202306120
Connor Seabold,seabc001,2023-06-17,2023,COL,ATL,1,3.0,19,53,9,1,4,0,1.02,ATL202306170
Connor Seabold,seabc001,2023-06-27,2023,COL,LAN,3,5.0,22,90,5,1,1,1,0.92,COL202306270
Connor Seabold,seabc001,2023-07-02,2023,COL,DET,4,5.0,23,65,7,1,3,1,0.92,COL202307020
Connor Seabold,seabc001,2023-07-08,2023,COL,SFN,3,3.7,18,65,7,1,1,0,1.03,SFN202307080
Connor Seabold,seabc001,2023-07-15,2023,COL,NYA,1,2.3,15,41,6,2,1,1,0.92,COL202307150
JP Sears,searj001,2023-04-04,2023,OAK,CLE,5,4.7,21,98,8,1,1,1,1.0,OAK202304040
JP Sears,searj001,2023-04-10,2023,OAK,BAL,4,5.0,20,72,3,1,2,0,1.0,BAL202304100
JP Sears,searj001,2023-04-16,2023,OAK,NYN,3,6.0,22,75,4,0,2,1,1.0,OAK202304160
JP Sears,searj001,2023-04-21,2023,OAK,TEX,11,6.0,24,92,5,2,1,0,0.99,TEX202304210
JP Sears,searj001,2023-04-27,2023,OAK,ANA,4,4.3,22,79,6,2,1,0,0.99,ANA202304270
JP Sears,searj001,2023-05-03,2023,OAK,SEA,7,6.0,23,91,4,2,0,1,1.0,OAK202305030
JP Sears,searj001,2023-05-08,2023,OAK,NYA,4,5.3,22,65,6,0,3,0,0.99,NYA202305080
JP Sears,searj001,2023-05-14,2023,OAK,TEX,6,5.3,25,84,5,1,1,1,1.0,OAK202305140
JP Sears,searj001,2023-05-20,2023,OAK,HOU,7,6.0,24,88,5,1,0,0,1.02,HOU202305200
JP Sears,searj001,2023-05-25,2023,OAK,SEA,1,5.0,19,47,3,0,1,0,1.04,SEA202305250
JP Sears,searj001,2023-05-30,2023,OAK,ATL,2,6.0,21,79,4,1,1,1,1.0,OAK202305300
JP Sears,searj001,2023-06-05,2023,OAK,PIT,6,4.7,21,101,2,5,0,0,1.0,PIT202306050
JP Sears,searj001,2023-06-11,2023,OAK,MIL,5,5.0,21,81,6,0,1,0,1.05,MIL202306110
JP Sears,searj001,2023-06-16,2023,OAK,PHI,7,7.0,26,88,4,0,3,1,1.0,OAK202306160
JP Sears,searj001,2023-06-22,2023,OAK,CLE,8,7.0,24,89,4,1,1,0,1.04,CLE202306220
JP Sears,searj001,2023-06-28,2023,OAK,NYA,5,4.0,21,79,5,3,1,1,1.0,OAK202306280
JP Sears,searj001,2023-07-04,2023,OAK,DET,4,7.3,27,77,5,0,0,0,1.0,DET202307040
JP Sears,searj001,2023-07-09,2023,OAK,BOS,4,5.0,21,89,2,3,0,0,0.98,BOS202307090
JP Sears,searj001,2023-07-16,2023,OAK,MIN,7,6.3,24,72,4,0,2,1,1.0,OAK202307160
JP Sears,searj001,2023-07-21,2023,OAK,HOU,1,5.7,26,85,8,1,3,1,1.0,OAK202307210
JP Sears,searj001,2023-07-28,2023,OAK,COL,5,5.0,21,75,4,1,1,0,0.92,COL202307280
JP Sears,searj001,2023-08-03,2023,OAK,LAN,5,5.0,26,95,6,3,0,0,1.03,LAN202308030
JP Sears,searj001,2023-08-08,2023,OAK,TEX,6,4.0,22,77,9,1,0,1,1.0,OAK202308080
JP Sears,searj001,2023-08-14,2023,OAK,SLN,6,5.0,24,79,6,4,1,0,1.0,SLN202308140
JP Sears,searj001,2023-08-20,2023,OAK,BAL,4,4.0,22,61,9,2,2,1,1.0,OAK202308200
JP Sears,searj001,2023-08-26,2023,OAK,CHA,8,6.0,28,90,9,2,3,0,0.99,CHA202308260
JP Sears,searj001,2023-09-01,2023,OAK,ANA,3,6.0,24,74,4,2,0,1,1.0,OAK202309010
JP Sears,searj001,2023-09-06,2023,OAK,TOR,3,5.0,22,75,4,4,0,1,1.0,OAK202309060
JP Sears,searj001,2023-09-12,2023,OAK,HOU,3,6.0,24,74,5,2,0,0,1.02,HOU202309120
JP Sears,searj001,2023-09-18,2023,OAK,SEA,6,5.7,27,81,6,4,1,1,1.0,OAK202309180
JP Sears,searj001,2023-09-24,2023,OAK,DET,7,5.0,23,83,6,2,0,1,1.0,OAK202309240
JP Sears,searj001,2023-10-01,2023,OAK,ANA,4,4.0,18,52,4,2,2,0,0.99,ANA202310010
Colin Selby,selbc001,2023-08-26,2023,PIT,CHN,3,2.0,6,13,0,0,0,1,1.0,PIT202308260
Colin Selby,selbc001,2023-08-29,2023,PIT,KCA,1,2.0,6,18,0,0,0,0,0.96,KCA202308290
Colin Selby,selbc001,2023-09-06,2023,PIT,MIL,2,1.0,7,35,1,3,1,1,1.0,PIT202309060
Colin Selby,selbc001,2023-09-13,2023,PIT,WAS,3,1.0,5,20,2,0,0,1,1.0,PIT202309130
Colin Selby,selbc001,2023-09-17,2023,PIT,NYA,0,2.0,7,12,0,1,0,1,1.0,PIT202309170
Kodai Senga,sengk001,2023-04-02,2023,NYN,MIA,8,5.3,21,80,3,3,0,0,0.98,MIA202304020
Kodai Senga,sengk001,2023-04-08,2023,NYN,MIA,6,6.0,24,84,3,3,1,1,1.06,NYN202304080
Kodai Senga,sengk001,2023-04-14,2023,NYN,OAK,7,4.7,25,96,7,4,2,0,1.0,OAK202304140
Kodai Senga,sengk001,2023-04-20,2023,NYN,SFN,4,5.0,24,66,5,4,2,0,1.03,SFN202304200
Kodai Senga,sengk001,2023-04-26,2023,NYN,WAS,7,5.0,23,83,5,4,0,1,1.06,NYN202304260
Kodai Senga,sengk001,2023-05-05,2023,NYN,COL,4,6.0,24,93,2,4,0,1,1.06,NYN202305050
Kodai Senga,sengk001,2023-05-11,2023,NYN,CIN,7,5.0,22,92,8,1,1,0,1.0,CIN202305110
Kodai Senga,sengk001,2023-05-17,2023,NYN,TBA,12,6.0,24,104,3,3,0,1,1.06,NYN202305170
Kodai Senga,sengk001,2023-05-24,2023,NYN,CHN,6,5.0,26,96,6,5,0,0,0.97,CHN202305240
Kodai Senga,sengk001,2023-05-30,2023,NYN,PHI,9,7.0,22,92,1,0,0,1,1.06,NYN202305300
Kodai Senga,sengk001,2023-06-04,2023,NYN,TOR,3,2.7,16,62,4,5,1,1,1.06,NYN202306040
Kodai Senga,sengk001,2023-06-10,2023,NYN,PIT,6,7.0,28,88,2,4,0,0,1.0,PIT202306100
Kodai Senga,sengk001,2023-06-17,2023,NYN,SLN,8,6.7,28,83,5,1,2,1,1.06,NYN202306170
Kodai Senga,sengk001,2023-06-23,2023,NYN,PHI,6,5.3,25,97,5,3,0,0,1.01,PHI202306230
Kodai Senga,sengk001,2023-06-28,2023,NYN,MIL,8,5.0,23,95,5,2,0,1,1.06,NYN202306280
Kodai Senga,sengk001,2023-07-05,2023,NYN,ARI,12,8.0,28,96,4,1,1,0,1.03,ARI202307050
Kodai Senga,sengk001,2023-07-15,2023,NYN,LAN,9,6.0,24,95,4,2,1,1,1.06,NYN202307150
Kodai Senga,sengk001,2023-07-21,2023,NYN,BOS,3,3.3,14,51,3,1,0,0,0.98,BOS202307210
Kodai Senga,sengk001,2023-07-27,2023,NYN,WAS,5,6.0,25,90,2,3,0,1,1.06,NYN202307270
Kodai Senga,sengk001,2023-08-02,2023,NYN,KCA,6,5.7,28,86,11,2,0,0,0.96,KCA202308020
Kodai Senga,sengk001,2023-08-07,2023,NYN,CHN,6,6.0,26,72,7,2,0,1,1.06,NYN202308070
Kodai Senga,sengk001,2023-08-13,2023,NYN,ATL,7,6.0,24,96,4,2,0,1,1.06,NYN202308130
Kodai Senga,sengk001,2023-08-19,2023,NYN,SLN,5,7.0,24,93,2,2,1,0,1.0,SLN202308190
Kodai Senga,sengk001,2023-08-25,2023,NYN,ANA,10,6.7,27,90,4,3,0,1,1.06,NYN202308250
Kodai Senga,sengk001,2023-09-01,2023,NYN,SEA,12,7.0,26,98,5,2,1,1,1.06,NYN202309010
Kodai Senga,sengk001,2023-09-08,2023,NYN,MIN,5,6.0,25,77,4,4,1,0,1.0,MIN202309080
Kodai Senga,sengk001,2023-09-14,2023,NYN,ARI,10,6.0,22,87,2,2,0,1,1.06,NYN202309140
Kodai Senga,sengk001,2023-09-20,2023,NYN,MIA,3,6.0,25,85,7,2,1,0,0.98,MIA202309200
Kodai Senga,sengk001,2023-09-27,2023,NYN,MIA,8,5.0,21,75,3,3,2,1,1.06,NYN202309272
Antonio Senzatela,senza001,2023-05-05,2023,COL,NYN,3,5.0,18,60,3,1,1,0,1.06,NYN202305050
Antonio Senzatela,senza001,2023-05-10,2023,COL,PIT,1,2.7,12,51,4,1,2,0,1.0,PIT202305100
Luis Severino,sevel001,2023-05-21,2023,NYA,CIN,5,4.7,18,59,4,1,0,0,1.0,CIN202305210
Luis Severino,sevel001,2023-05-27,2023,NYA,SDN,5,6.7,25,70,1,3,1,1,0.99,NYA202305270
Luis Severino,sevel001,2023-06-02,2023,NYA,LAN,2,4.0,21,74,9,1,3,0,1.03,LAN202306020
Luis Severino,sevel001,2023-06-08,2023,NYA,CHA,6,5.0,25,69,6,2,3,1,0.99,NYA202306081
Luis Severino,sevel001,2023-06-13,2023,NYA,NYN,4,4.7,26,102,7,3,1,0,1.06,NYN202306130
Luis Severino,sevel001,2023-06-18,2023,NYA,BOS,6,5.0,25,74,7,3,0,0,0.98,BOS202306182
Luis Severino,sevel001,2023-06-24,2023,NYA,TEX,4,6.0,24,87,5,2,0,1,0.99,NYA202306240
Luis Severino,sevel001,2023-07-01,2023,NYA,SLN,2,4.0,25,76,9,3,2,0,1.0,SLN202307011
Luis Severino,sevel001,2023-07-06,2023,NYA,BAL,3,2.7,19,65,10,1,1,1,0.99,NYA202307060
Luis Severino,sevel001,2023-07-17,2023,NYA,ANA,3,6.0,25,81,6,3,1,0,0.99,ANA202307170
Luis Severino,sevel001,2023-07-23,2023,NYA,KCA,5,5.7,23,94,8,0,2,1,0.99,NYA202307230
Luis Severino,sevel001,2023-07-30,2023,NYA,BAL,5,3.3,22,67,10,2,1,0,1.0,BAL202307300
Luis Severino,sevel001,2023-08-04,2023,NYA,HOU,4,4.0,21,70,5,3,2,1,0.99,NYA202308040
Luis Severino,sevel001,2023-08-15,2023,NYA,ATL,5,4.0,21,76,5,2,2,0,1.02,ATL202308150
Luis Severino,sevel001,2023-08-23,2023,NYA,WAS,2,6.7,24,77,1,2,0,1,0.99,NYA202308230
Luis Severino,sevel001,2023-08-28,2023,NYA,DET,8,7.0,26,85,5,0,0,0,1.0,DET202308280
Luis Severino,sevel001,2023-09-02,2023,NYA,HOU,3,4.0,18,96,6,1,2,0,1.02,HOU202309020
Luis Severino,sevel001,2023-09-08,2023,NYA,MIL,5,4.0,17,70,4,1,1,1,0.99,NYA202309080
Emmet Sheehan,sheee001,2023-06-16,2023,LAN,SFN,3,6.0,20,58,0,2,0,1,1.03,LAN202306160
Emmet Sheehan,sheee001,2023-06-23,2023,LAN,HOU,4,6.0,22,83,3,2,2,1,1.03,LAN202306230
Emmet Sheehan,sheee001,2023-06-29,2023,LAN,COL,5,5.0,21,80,7,0,0,0,0.92,COL202306290
Emmet Sheehan,sheee001,2023-07-04,2023,LAN,PIT,4,3.7,19,72,4,4,1,1,1.03,LAN202307040
Emmet Sheehan,sheee001,2023-07-17,2023,LAN,BAL,2,5.0,23,89,5,3,1,0,1.0,BAL202307170
Emmet Sheehan,sheee001,2023-07-23,2023,LAN,TEX,4,3.7,24,76,8,5,0,0,0.99,TEX202307230
Emmet Sheehan,sheee001,2023-07-29,2023,LAN,CIN,5,5.0,18,70,2,1,0,1,1.03,LAN202307290
Emmet Sheehan,sheee001,2023-09-02,2023,LAN,ATL,6,4.0,16,67,3,3,1,1,1.03,LAN202309020
Emmet Sheehan,sheee001,2023-09-08,2023,LAN,WAS,4,4.3,20,70,6,1,2,0,1.01,WAS202309080
Emmet Sheehan,sheee001,2023-09-21,2023,LAN,SFN,9,4.7,18,78,0,4,0,1,1.03,LAN202309210
Emmet Sheehan,sheee001,2023-09-27,2023,LAN,COL,10,6.0,23,75,5,0,2,0,0.92,COL202309270
Jared Shuster,shusj001,2023-04-02,2023,ATL,WAS,1,4.7,23,79,6,5,0,0,1.01,WAS202304020
Jared Shuster,shusj001,2023-04-07,2023,ATL,SDN,4,4.0,22,79,6,4,0,1,1.02,ATL202304070
Jared Shuster,shusj001,2023-05-16,2023,ATL,TEX,3,5.0,19,61,3,2,1,0,0.99,TEX202305160
Jared Shuster,shusj001,2023-05-21,2023,ATL,SEA,7,6.0,21,82,1,1,1,1,1.02,ATL202305210
Jared Shuster,shusj001,2023-05-26,2023,ATL,PHI,5,5.7,23,75,3,3,0,1,1.02,ATL202305260
Jared Shuster,shusj001,2023-05-31,2023,ATL,OAK,1,5.3,22,60,3,4,0,0,1.0,OAK202305310
Jared Shuster,shusj001,2023-06-10,2023,ATL,WAS,0,5.0,22,69,8,0,0,1,1.02,ATL202306100
Jared Shuster,shusj001,2023-06-16,2023,ATL,COL,2,5.7,23,82,5,3,0,1,1.02,ATL202306160
Jared Shuster,shusj001,2023-06-24,2023,ATL,CIN,2,3.7,18,67,7,0,2,0,1.0,CIN202306240
Jared Shuster,shusj001,2023-08-27,2023,ATL,SFN,3,4.7,20,63,4,2,1,0,1.03,SFN202308270
Jared Shuster,shusj001,2023-09-16,2023,ATL,MIA,2,3.0,17,54,7,2,2,0,0.98,MIA202309160
Chase Silseth,silsc001,2023-05-16,2023,ANA,BAL,5,3.3,17,77,6,1,1,0,1.0,BAL202305160
Chase Silseth,silsc001,2023-07-19,2023,ANA,NYA,10,5.7,23,78,4,2,1,1,0.99,ANA202307190
Chase Silseth,silsc001,2023-07-31,2023,ANA,ATL,4,5.0,17,52,3,0,1,0,1.02,ATL202307310
Chase Silseth,silsc001,2023-08-06,2023,ANA,SEA,12,7.0,27,66,4,1,2,1,0.99,ANA202308060
Chase Silseth,silsc001,2023-08-13,2023,ANA,HOU,5,5.0,21,79,4,2,0,0,1.02,HOU202308130
Chase Silseth,silsc001,2023-08-19,2023,ANA,TBA,4,3.7,20,64,5,3,2,1,0.99,ANA202308191
Chase Silseth,silsc001,2023-08-26,2023,ANA,NYN,3,3.3,13,42,2,2,0,0,1.06,NYN202308260
Chase Silseth,silsc001,2023-09-29,2023,ANA,OAK,3,4.0,16,58,2,3,0,1,0.99,ANA202309290
Brady Singer,singb001,2023-04-03,2023,KCA,TOR,3,5.0,19,76,2,3,0,1,0.96,KCA202304030
Brady Singer,singb001,2023-04-08,2023,KCA,SFN,4,6.0,25,76,8,0,1,0,1.03,SFN202304080
Brady Singer,singb001,2023-04-14,2023,KCA,ATL,8,5.0,25,85,10,0,4,1,0.96,KCA202304140
Brady Singer,singb001,2023-04-19,2023,KCA,TEX,4,5.0,24,86,6,3,0,1,0.96,KCA202304190
Brady Singer,singb001,2023-04-25,2023,KCA,ARI,5,6.0,23,70,5,0,0,0,1.03,ARI202304250
Brady Singer,singb001,2023-04-30,2023,KCA,MIN,5,2.7,17,57,5,3,1,0,1.0,MIN202304300
Brady Singer,singb001,2023-05-06,2023,KCA,OAK,4,4.0,23,87,6,3,1,1,0.96,KCA202305060
Brady Singer,singb001,2023-05-11,2023,KCA,CHA,4,6.0,24,80,5,2,0,1,0.96,KCA202305110
Brady Singer,singb001,2023-05-16,2023,KCA,SDN,3,6.0,26,98,7,2,0,0,1.08,SDN202305160
Brady Singer,singb001,2023-05-22,2023,KCA,DET,3,3.7,22,74,7,4,1,1,0.96,KCA202305220
Brady Singer,singb001,2023-05-27,2023,KCA,WAS,6,5.0,23,85,4,3,0,1,0.96,KCA202305270
Brady Singer,singb001,2023-06-04,2023,KCA,COL,7,5.7,22,83,5,0,0,1,0.96,KCA202306040
Brady Singer,singb001,2023-06-10,2023,KCA,BAL,4,4.3,22,71,6,3,1,0,1.0,BAL202306100
Brady Singer,singb001,2023-06-16,2023,KCA,ANA,5,5.3,24,76,8,2,0,1,0.96,KCA202306160
Brady Singer,singb001,2023-06-21,2023,KCA,DET,2,7.0,28,92,7,1,1,0,1.0,DET202306210
Brady Singer,singb001,2023-06-27,2023,KCA,CLE,3,6.0,23,81,4,2,0,1,0.96,KCA202306270
Brady Singer,singb001,2023-07-02,2023,KCA,LAN,4,7.0,28,92,4,3,0,1,0.96,KCA202307020
Brady Singer,singb001,2023-07-08,2023,KCA,CLE,3,5.0,28,77,13,1,0,0,1.04,CLE202307080
Brady Singer,singb001,2023-07-16,2023,KCA,TBA,4,8.0,30,80,7,0,2,1,0.96,KCA202307160
Brady Singer,singb001,2023-07-22,2023,KCA,NYA,9,6.0,23,86,5,1,0,0,0.99,NYA202307220
Brady Singer,singb001,2023-07-28,2023,KCA,MIN,10,5.0,24,90,4,2,0,1,0.96,KCA202307280
Brady Singer,singb001,2023-08-03,2023,KCA,NYN,4,8.0,26,82,3,0,0,1,0.96,KCA202308030
Brady Singer,singb001,2023-08-08,2023,KCA,BOS,4,6.7,27,79,5,2,1,0,0.98,BOS202308080
Brady Singer,singb001,2023-08-14,2023,KCA,SEA,8,7.3,26,99,2,1,0,1,0.96,KCA202308140
Brady Singer,singb001,2023-08-19,2023,KCA,CHN,3,3.7,23,83,9,2,2,0,0.97,CHN202308190
Brady Singer,singb001,2023-08-25,2023,KCA,SEA,6,4.0,22,66,9,1,1,0,1.04,SEA202308250
Brady Singer,singb001,2023-09-05,2023,KCA,CHA,2,5.0,24,59,9,1,3,1,0.96,KCA202309050
Brady Singer,singb001,2023-09-12,2023,KCA,CHA,2,5.3,26,73,9,2,0,0,0.99,CHA202309121
Brady Singer,singb001,2023-09-18,2023,KCA,CLE,4,6.0,25,74,8,2,1,1,0.96,KCA202309180
Tarik Skubal,skubt001,2023-07-04,2023,DET,OAK,6,4.0,13,42,0,0,0,1,1.0,DET202307040
Tarik Skubal,skubt001,2023-07-09,2023,DET,TOR,5,4.0,15,56,2,2,0,1,1.0,DET202307090
Tarik Skubal,skubt001,2023-07-18,2023,DET,KCA,3,4.0,20,60,8,1,0,0,0.96,KCA202307180
Tarik Skubal,skubt001,2023-07-24,2023,DET,SFN,9,5.0,17,70,2,0,0,1,1.0,DET202307240
Tarik Skubal,skubt001,2023-07-30,2023,DET,MIA,4,4.7,19,64,6,0,0,0,0.98,MIA202307300
Tarik Skubal,skubt001,2023-08-05,2023,DET,TBA,6,5.3,22,83,6,1,0,1,1.0,DET202308050
Tarik Skubal,skubt001,2023-08-11,2023,DET,BOS,3,5.3,24,82,7,2,1,0,0.98,BOS202308110
Tarik Skubal,skubt001,2023-08-18,2023,DET,CLE,7,6.0,22,77,3,1,0,0,1.04,CLE202308181
Tarik Skubal,skubt001,2023-08-23,2023,DET,CHN,7,6.0,25,76,6,1,0,1,1.0,DET202308230
Tarik Skubal,skubt001,2023-08-29,2023,DET,NYA,9,6.0,24,92,4,2,2,1,1.0,DET202308290
Tarik Skubal,skubt001,2023-09-03,2023,DET,CHA,7,7.0,28,81,5,2,0,0,0.99,CHA202309030
Tarik Skubal,skubt001,2023-09-09,2023,DET,CHA,9,5.0,19,76,2,1,0,1,1.0,DET202309090
Tarik Skubal,skubt001,2023-09-15,2023,DET,ANA,9,7.0,26,76,3,0,1,0,0.99,ANA202309150
Tarik Skubal,skubt001,2023-09-21,2023,DET,OAK,10,7.0,22,71,2,1,0,0,1.0,OAK202309210
Tarik Skubal,skubt001,2023-09-27,2023,DET,KCA,8,4.0,14,43,2,0,0,1,1.0,DET202309270
Devin Smeltzer,smeld001,2023-04-22,2023,MIA,CLE,3,4.0,15,50,3,1,0,0,1.04,CLE202304221
AJ Smith-Shawver,smita001,2023-06-09,2023,ATL,WAS,2,5.3,20,78,3,2,0,1,1.02,ATL202306090
AJ Smith-Shawver,smita001,2023-06-15,2023,ATL,COL,6,5.7,24,76,6,1,2,1,1.02,ATL202306150
AJ Smith-Shawver,smita001,2023-06-23,2023,ATL,CIN,4,3.3,17,73,4,2,3,0,1.0,CIN202306230
AJ Smith-Shawver,smita001,2023-07-30,2023,ATL,MIL,3,5.0,23,93,4,4,2,1,1.02,ATL202307300
AJ Smith-Shawver,smita001,2023-09-28,2023,ATL,CHN,2,3.7,13,60,0,1,0,1,1.02,ATL202309280
Drew Smyly,smyld001,2023-04-03,2023,CHN,CIN,3,4.7,26,93,9,2,1,0,1.0,CIN202304030
Drew Smyly,smyld001,2023-04-10,2023,CHN,SEA,7,5.0,18,74,2,1,0,1,0.97,CHN202304100
Drew Smyly,smyld001,2023-04-16,2023,CHN,LAN,3,5.7,22,81,4,2,1,0,1.03,LAN202304160
Drew Smyly,smyld001,2023-04-21,2023,CHN,LAN,10,7.7,24,93,1,0,0,1,0.97,CHN202304210
Drew Smyly,smyld001,2023-04-26,2023,CHN,SDN,4,5.0,20,87,4,1,0,1,0.97,CHN202304260
Drew Smyly,smyld001,2023-05-01,2023,CHN,WAS,2,7.0,26,77,6,0,1,0,1.01,WAS202305010
Drew Smyly,smyld001,2023-05-06,2023,CHN,MIA,5,3.3,16,70,3,3,1,1,0.97,CHN202305060
Drew Smyly,smyld001,2023-05-12,2023,CHN,MIN,4,6.0,24,71,5,1,0,0,1.0,MIN202305120
Drew Smyly,smyld001,2023-05-17,2023,CHN,HOU,8,6.0,22,81,4,0,1,0,1.02,HOU202305170
Drew Smyly,smyld001,2023-05-23,2023,CHN,NYN,5,5.0,21,72,4,2,1,1,0.97,CHN202305230
Drew Smyly,smyld001,2023-05-28,2023,CHN,CIN,2,4.7,22,81,7,2,0,1,0.97,CHN202305280
Drew Smyly,smyld001,2023-06-03,2023,CHN,SDN,4,5.7,27,78,7,3,1,0,1.08,SDN202306030
Drew Smyly,smyld001,2023-06-08,2023,CHN,ANA,4,6.0,29,82,7,3,1,0,0.99,ANA202306080
Drew Smyly,smyld001,2023-06-14,2023,CHN,PIT,4,6.0,27,77,9,1,3,1,0.97,CHN202306140
Drew Smyly,smyld001,2023-06-19,2023,CHN,PIT,4,5.0,22,83,3,5,0,0,1.0,PIT202306190
Drew Smyly,smyld001,2023-06-28,2023,CHN,PHI,2,3.7,22,81,9,1,2,1,0.97,CHN202306280
Drew Smyly,smyld001,2023-07-03,2023,CHN,MIL,5,3.7,18,64,3,3,0,0,1.05,MIL202307030
Drew Smyly,smyld001,2023-07-08,2023,CHN,NYA,3,4.0,19,83,6,4,2,0,0.99,NYA202307080
Drew Smyly,smyld001,2023-07-17,2023,CHN,WAS,7,6.0,28,90,8,1,1,1,0.97,CHN202307170
Drew Smyly,smyld001,2023-08-02,2023,CHN,CIN,7,4.7,20,64,6,0,3,1,0.97,CHN202308020
Drew Smyly,smyld001,2023-08-07,2023,CHN,NYN,5,5.0,27,87,8,2,2,0,1.06,NYN202308070
Drew Smyly,smyld001,2023-08-22,2023,CHN,DET,4,3.7,22,68,8,3,2,0,1.0,DET202308220
Drew Smyly,smyld001,2023-10-01,2023,CHN,MIL,0,0.3,6,28,2,3,0,0,1.05,MIL202310010
Blake Snell,snelb001,2023-03-30,2023,SDN,COL,9,4.3,21,85,6,1,0,1,1.08,SDN202303300
Blake Snell,snelb001,2023-04-06,2023,SDN,ATL,2,3.7,20,85,6,4,1,0,1.02,ATL202304060
Blake Snell,snelb001,2023-04-12,2023,SDN,NYN,5,5.0,25,100,6,5,2,0,1.06,NYN202304120
Blake Snell,snelb001,2023-04-18,2023,SDN,ATL,5,5.0,20,93,3,3,1,1,1.08,SDN202304180
Blake Snell,snelb001,2023-04-25,2023,SDN,CHN,5,5.0,23,102,4,5,1,0,0.97,CHN202304250
Blake Snell,snelb001,2023-05-01,2023,SDN,CIN,7,6.0,26,91,8,0,1,1,1.08,SDN202305010
Blake Snell,snelb001,2023-05-06,2023,SDN,LAN,6,6.0,22,83,1,3,1,1,1.08,SDN202305060
Blake Snell,snelb001,2023-05-12,2023,SDN,LAN,4,6.0,26,98,4,4,0,0,1.03,LAN202305120
Blake Snell,snelb001,2023-05-19,2023,SDN,BOS,5,4.0,19,74,5,2,2,1,1.08,SDN202305190
Blake Snell,snelb001,2023-05-25,2023,SDN,WAS,6,5.0,24,96,4,4,0,0,1.01,WAS202305250
Blake Snell,snelb001,2023-05-31,2023,SDN,MIA,7,6.0,22,71,3,3,0,0,0.98,MIA202305310
Blake Snell,snelb001,2023-06-05,2023,SDN,CHN,8,6.0,23,96,2,3,0,1,1.08,SDN202306050
Blake Snell,snelb001,2023-06-11,2023,SDN,COL,12,7.0,23,74,3,0,1,0,0.92,COL202306110
Blake Snell,snelb001,2023-06-17,2023,SDN,TBA,12,6.0,24,95,2,3,0,1,1.08,SDN202306170
Blake Snell,snelb001,2023-06-22,2023,SDN,SFN,11,6.0,21,77,3,0,0,0,1.03,SFN202306220
Blake Snell,snelb001,2023-06-28,2023,SDN,PIT,10,6.0,23,94,3,2,1,0,1.0,PIT202306280
Blake Snell,snelb001,2023-07-03,2023,SDN,ANA,7,5.0,24,95,7,4,0,1,1.08,SDN202307030
Blake Snell,snelb001,2023-07-08,2023,SDN,NYN,11,6.0,22,79,1,3,0,1,1.08,SDN202307080
Blake Snell,snelb001,2023-07-15,2023,SDN,PHI,7,5.0,21,69,3,3,0,0,1.01,PHI202307151
Blake Snell,snelb001,2023-07-20,2023,SDN,TOR,4,5.0,24,97,5,7,0,0,1.0,TOR202307200
Blake Snell,snelb001,2023-07-25,2023,SDN,PIT,4,6.0,25,99,2,5,0,1,1.08,SDN202307250
Blake Snell,snelb001,2023-07-30,2023,SDN,TEX,9,5.0,23,95,4,4,0,1,1.08,SDN202307300
Blake Snell,snelb001,2023-08-05,2023,SDN,LAN,8,5.0,23,95,4,4,1,1,1.08,SDN202308050
Blake Snell,snelb001,2023-08-11,2023,SDN,ARI,7,6.0,22,87,2,4,1,0,1.03,ARI202308110
Blake Snell,snelb001,2023-08-16,2023,SDN,BAL,5,6.0,22,75,3,2,1,1,1.08,SDN202308160
Blake Snell,snelb001,2023-08-22,2023,SDN,MIA,8,6.0,25,79,6,2,1,1,1.08,SDN202308220
Blake Snell,snelb001,2023-08-28,2023,SDN,SLN,9,7.0,28,92,2,5,0,0,1.0,SLN202308280
Blake Snell,snelb001,2023-09-02,2023,SDN,SFN,8,6.0,25,106,3,4,0,1,1.08,SDN202309020
Blake Snell,snelb001,2023-09-08,2023,SDN,HOU,8,6.0,26,94,5,3,0,0,1.02,HOU202309080
Blake Snell,snelb001,2023-09-13,2023,SDN,LAN,8,6.0,20,86,1,1,0,0,1.03,LAN202309130
Blake Snell,snelb001,2023-09-19,2023,SDN,COL,10,7.0,25,100,0,4,0,1,1.08,SDN202309190
Blake Snell,snelb001,2023-09-25,2023,SDN,SFN,7,6.0,25,86,4,2,0,0,1.03,SFN202309250
Collin Snider,snidc001,2023-09-08,2023,KCA,TOR,1,2.0,7,20,1,1,0,0,1.0,TOR202309080
George Soriano,sorig001,2023-08-05,2023,MIA,TEX,4,3.0,15,51,3,3,1,0,0.99,TEX202308050
Michael Soroka,sorom001,2023-05-29,2023,ATL,OAK,3,6.0,26,65,5,2,1,0,1.0,OAK202305290
Michael Soroka,sorom001,2023-06-04,2023,ATL,ARI,2,3.7,22,75,7,4,2,0,1.03,ARI202306040
Michael Soroka,sorom001,2023-06-30,2023,ATL,MIA,7,6.0,24,77,6,0,2,1,1.02,ATL202306300
Michael Soroka,sorom001,2023-07-05,2023,ATL,CLE,4,4.7,24,95,5,3,0,0,1.04,CLE202307050
Michael Soroka,sorom001,2023-07-21,2023,ATL,MIL,4,6.0,24,80,6,2,1,0,1.05,MIL202307210
Michael Soroka,sorom001,2023-09-05,2023,ATL,SLN,6,3.0,14,51,4,1,2,1,1.02,ATL202309050
Carson Spiers,spiec001,2023-09-03,2023,CIN,CHN,7,4.0,18,76,5,2,0,1,1.0,CIN202309030
Carson Spiers,spiec001,2023-09-09,2023,CIN,SLN,1,3.0,16,69,5,3,1,1,1.0,CIN202309090
Jeffrey Springs,sprij001,2023-04-02,2023,TBA,DET,12,6.0,19,74,0,1,0,1,1.05,TBA202304020
Jeffrey Springs,sprij001,2023-04-08,2023,TBA,OAK,7,7.0,26,83,3,3,0,1,1.05,TBA202304080
Jeffrey Springs,sprij001,2023-04-13,2023,TBA,BOS,5,3.0,10,41,1,0,1,1,1.05,TBA202304130
Josh Staumont,stauj001,2023-05-29,2023,KCA,SLN,2,1.0,3,11,0,0,0,0,1.0,SLN202305290
Justin Steele,steej002,2023-04-01,2023,CHN,MIL,8,6.0,21,77,3,1,0,1,0.97,CHN202304010
Justin Steele,steej002,2023-04-08,2023,CHN,TEX,3,6.0,26,90,4,4,0,1,0.97,CHN202304080
Justin Steele,steej002,2023-04-14,2023,CHN,LAN,8,7.0,25,99,3,1,2,0,1.03,LAN202304140
Justin Steele,steej002,2023-04-19,2023,CHN,OAK,5,6.0,23,70,4,2,0,0,1.0,OAK202304190
Justin Steele,steej002,2023-04-25,2023,CHN,SDN,5,5.3,20,83,3,2,0,1,0.97,CHN202304250
Justin Steele,steej002,2023-04-30,2023,CHN,MIA,3,6.0,24,81,7,1,0,0,0.98,MIA202304300
Justin Steele,steej002,2023-05-05,2023,CHN,MIA,4,7.0,26,80,6,0,0,1,0.97,CHN202305050
Justin Steele,steej002,2023-05-10,2023,CHN,SLN,3,6.0,27,64,7,3,0,1,0.97,CHN202305100
Justin Steele,steej002,2023-05-16,2023,CHN,HOU,8,6.0,25,75,5,1,0,0,1.02,HOU202305160
Justin Steele,steej002,2023-05-21,2023,CHN,PHI,6,6.0,23,82,4,1,0,0,1.01,PHI202305210
Justin Steele,steej002,2023-05-26,2023,CHN,CIN,4,3.7,22,68,10,0,0,1,0.97,CHN202305260
Justin Steele,steej002,2023-05-31,2023,CHN,TBA,1,3.0,9,27,0,0,0,1,0.97,CHN202305310
Justin Steele,steej002,2023-06-17,2023,CHN,BAL,4,5.0,21,66,5,1,1,1,0.97,CHN202306170
Justin Steele,steej002,2023-06-24,2023,CHN,SLN,8,6.0,24,84,5,1,0,0,1.0,SLN202306240
Justin Steele,steej002,2023-06-30,2023,CHN,CLE,6,6.3,25,92,3,1,0,1,0.97,CHN202306300
Justin Steele,steej002,2023-07-05,2023,CHN,MIL,5,6.0,27,82,9,0,1,0,1.05,MIL202307050
Justin Steele,steej002,2023-07-16,2023,CHN,BOS,6,6.0,28,67,9,1,2,1,0.97,CHN202307160
Justin Steele,steej002,2023-07-21,2023,CHN,SLN,9,6.3,27,95,6,1,0,1,0.97,CHN202307210
Justin Steele,steej002,2023-07-27,2023,CHN,SLN,4,6.0,25,92,5,3,1,0,1.0,SLN202307270
Justin Steele,steej002,2023-08-01,2023,CHN,CIN,6,6.0,27,91,8,0,1,1,0.97,CHN202308010
Justin Steele,steej002,2023-08-06,2023,CHN,ATL,7,5.3,27,110,8,4,1,1,0.97,CHN202308060
Justin Steele,steej002,2023-08-12,2023,CHN,TOR,7,5.0,21,84,6,0,1,0,1.0,TOR202308120
Justin Steele,steej002,2023-08-19,2023,CHN,KCA,7,6.0,24,83,6,0,0,1,0.97,CHN202308190
Justin Steele,steej002,2023-08-24,2023,CHN,PIT,6,6.0,26,92,6,2,1,0,1.0,PIT202308240
Justin Steele,steej002,2023-08-29,2023,CHN,MIL,8,6.0,24,96,6,1,0,1,0.97,CHN202308290
Justin Steele,steej002,2023-09-04,2023,CHN,SFN,12,8.0,27,87,2,2,0,1,0.97,CHN202309040
Justin Steele,steej002,2023-09-09,2023,CHN,ARI,6,7.0,26,85,6,0,0,1,0.97,CHN202309090
Justin Steele,steej002,2023-09-15,2023,CHN,ARI,5,6.0,27,76,7,2,2,0,1.03,ARI202309150
Justin Steele,steej002,2023-09-20,2023,CHN,PIT,6,3.0,17,69,8,0,0,1,0.97,CHN202309200
Justin Steele,steej002,2023-09-26,2023,CHN,ATL,6,5.3,22,88,6,1,1,0,1.02,ATL202309260
Gavin Stone,stong001,2023-05-03,2023,LAN,PHI,1,4.0,23,72,8,2,0,1,1.03,LAN202305030
Gavin Stone,stong001,2023-05-22,2023,LAN,ATL,1,4.0,20,65,5,5,1,0,1.02,ATL202305220
Gavin Stone,stong001,2023-05-28,2023,LAN,TBA,3,2.0,16,57,10,0,0,0,1.05,TBA202305280
Gavin Stone,stong001,2023-09-11,2023,LAN,SDN,2,5.3,25,65,9,1,2,1,1.03,LAN202309110
Levi Stoudt,stoul001,2023-04-19,2023,CIN,TBA,3,4.0,21,84,9,1,1,1,1.0,CIN202304190
Levi Stoudt,stoul001,2023-06-25,2023,CIN,ATL,2,3.0,17,64,4,3,0,1,1.0,CIN202306250
Matt Strahm,stram001,2023-04-04,2023,PHI,NYA,3,4.0,14,61,1,1,0,0,0.99,NYA202304040
Matt Strahm,stram001,2023-04-10,2023,PHI,MIA,6,5.0,20,46,4,1,0,1,1.01,PHI202304100
Matt Strahm,stram001,2023-04-15,2023,PHI,CIN,6,2.7,13,63,2,3,1,0,1.0,CIN202304150
Matt Strahm,stram001,2023-04-20,2023,PHI,COL,11,5.3,21,82,3,2,1,1,1.01,PHI202304200
Matt Strahm,stram001,2023-04-27,2023,PHI,SEA,5,5.3,18,56,2,0,0,1,1.01,PHI202304270
Matt Strahm,stram001,2023-05-02,2023,PHI,LAN,5,3.3,17,73,6,1,0,0,1.03,LAN202305020
Matt Strahm,stram001,2023-05-23,2023,PHI,ARI,3,2.0,8,20,3,0,1,1,1.01,PHI202305230
Matt Strahm,stram001,2023-06-03,2023,PHI,WAS,1,2.0,6,22,0,0,0,0,1.01,WAS202306030
Matt Strahm,stram001,2023-06-12,2023,PHI,ARI,1,2.7,15,38,4,1,0,0,1.03,ARI202306120
Matt Strahm,stram001,2023-10-01,2023,PHI,NYN,2,1.0,3,11,0,0,0,0,1.06,NYN202310010
Ross Stripling,strir001,2023-04-02,2023,SFN,NYA,3,5.0,23,87,6,2,3,0,0.99,NYA202304020
Ross Stripling,strir001,2023-04-23,2023,SFN,NYN,1,3.3,17,63,6,1,0,1,1.03,SFN202304230
Ross Stripling,strir001,2023-05-01,2023,SFN,HOU,5,5.0,20,64,5,0,0,0,1.02,HOU202305010
Ross Stripling,strir001,2023-05-07,2023,SFN,MIL,3,5.0,23,82,7,2,2,1,1.03,SFN202305070
Ross Stripling,strir001,2023-05-17,2023,SFN,PHI,2,3.3,15,46,4,1,0,1,1.03,SFN202305170
Ross Stripling,strir001,2023-07-02,2023,SFN,NYN,2,2.0,7,24,0,1,0,0,1.06,NYN202307020
Ross Stripling,strir001,2023-07-07,2023,SFN,COL,3,3.7,14,52,4,0,1,1,1.03,SFN202307070
Ross Stripling,strir001,2023-07-14,2023,SFN,PIT,6,4.7,18,62,5,0,1,0,1.0,PIT202307140
Ross Stripling,strir001,2023-07-19,2023,SFN,CIN,2,6.0,22,69,4,0,1,0,1.0,CIN202307190
Ross Stripling,strir001,2023-07-24,2023,SFN,DET,3,6.0,27,81,10,0,0,0,1.0,DET202307240
Ross Stripling,strir001,2023-08-05,2023,SFN,OAK,7,5.3,19,58,3,0,1,0,1.0,OAK202308050
Spencer Strider,stris002,2023-04-01,2023,ATL,WAS,9,6.0,23,94,3,3,0,0,1.01,WAS202304010
Spencer Strider,stris002,2023-04-06,2023,ATL,SDN,9,5.0,22,79,4,3,1,1,1.02,ATL202304060
Spencer Strider,stris002,2023-04-12,2023,ATL,CIN,9,5.0,21,98,4,2,0,1,1.02,ATL202304120
Spencer Strider,stris002,2023-04-18,2023,ATL,SDN,9,6.0,22,76,1,3,0,0,1.08,SDN202304180
Spencer Strider,stris002,2023-04-24,2023,ATL,MIA,13,8.0,27,75,2,0,0,1,1.02,ATL202304240
Spencer Strider,stris002,2023-05-01,2023,ATL,NYN,8,5.0,24,107,5,3,1,0,1.06,NYN202305011
Spencer Strider,stris002,2023-05-06,2023,ATL,BAL,10,5.0,19,65,4,0,0,1,1.02,ATL202305060
Spencer Strider,stris002,2023-05-12,2023,ATL,TOR,12,6.7,26,98,5,1,0,0,1.0,TOR202305120
Spencer Strider,stris002,2023-05-17,2023,ATL,TEX,7,5.0,23,80,6,3,2,0,0.99,TEX202305170
Spencer Strider,stris002,2023-05-23,2023,ATL,LAN,11,6.0,27,98,5,3,1,1,1.02,ATL202305230
Spencer Strider,stris002,2023-05-28,2023,ATL,PHI,9,6.0,21,91,2,1,1,1,1.02,ATL202305280
Spencer Strider,stris002,2023-06-03,2023,ATL,ARI,7,6.0,23,87,3,4,1,0,1.03,ARI202306030
Spencer Strider,stris002,2023-06-08,2023,ATL,NYN,8,4.0,22,85,8,2,2,1,1.02,ATL202306080
Spencer Strider,stris002,2023-06-14,2023,ATL,DET,6,5.0,24,78,7,2,3,0,1.0,DET202306141
Spencer Strider,stris002,2023-06-20,2023,ATL,PHI,9,6.0,25,93,8,0,0,0,1.01,PHI202306200
Spencer Strider,stris002,2023-06-26,2023,ATL,MIN,10,7.0,26,75,3,2,1,1,1.02,ATL202306260
Spencer Strider,stris002,2023-07-02,2023,ATL,MIA,9,6.7,27,89,6,1,0,1,1.02,ATL202307020
Spencer Strider,stris002,2023-07-08,2023,ATL,TBA,11,6.3,25,90,4,1,0,0,1.05,TBA202307080
Spencer Strider,stris002,2023-07-15,2023,ATL,CHA,10,6.0,25,77,8,0,1,1,1.02,ATL202307150
Spencer Strider,stris002,2023-07-20,2023,ATL,ARI,13,6.0,24,91,4,1,2,1,1.02,ATL202307200
Spencer Strider,stris002,2023-07-26,2023,ATL,BOS,10,6.3,26,71,6,1,2,0,0.98,BOS202307260
Spencer Strider,stris002,2023-08-01,2023,ATL,ANA,9,6.7,27,98,5,2,0,1,1.02,ATL202308010
Spencer Strider,stris002,2023-08-07,2023,ATL,PIT,3,2.7,16,63,5,3,0,0,1.0,PIT202308070
Spencer Strider,stris002,2023-08-12,2023,ATL,NYN,6,7.0,27,82,3,4,0,0,1.06,NYN202308122
Spencer Strider,stris002,2023-08-18,2023,ATL,SFN,10,7.0,23,79,1,1,0,1,1.02,ATL202308180
Spencer Strider,stris002,2023-08-25,2023,ATL,SFN,9,7.0,25,74,3,1,0,0,1.03,SFN202308250
Spencer Strider,stris002,2023-08-31,2023,ATL,LAN,9,6.0,24,86,4,2,1,0,1.03,LAN202308310
Spencer Strider,stris002,2023-09-06,2023,ATL,SLN,5,2.7,17,63,6,3,1,1,1.02,ATL202309060
Spencer Strider,stris002,2023-09-13,2023,ATL,PHI,9,7.0,27,94,4,2,0,0,1.01,PHI202309130
Spencer Strider,stris002,2023-09-19,2023,ATL,PHI,11,7.0,25,80,4,0,1,1,1.02,ATL202309190
Spencer Strider,stris002,2023-09-24,2023,ATL,WAS,4,5.7,25,78,7,1,1,0,1.01,WAS202309242
Spencer Strider,stris002,2023-09-30,2023,ATL,WAS,7,5.0,25,88,6,3,0,1,1.02,ATL202309300
Marcus Stroman,strom001,2023-03-30,2023,CHN,MIL,8,6.0,23,83,3,3,0,1,0.97,CHN202303300
Marcus Stroman,strom001,2023-04-07,2023,CHN,TEX,6,6.0,23,77,2,3,0,1,0.97,CHN202304070
Marcus Stroman,strom001,2023-04-12,2023,CHN,SEA,6,6.0,25,98,5,2,0,1,0.97,CHN202304120
Marcus Stroman,strom001,2023-04-18,2023,CHN,OAK,5,6.0,22,82,2,2,0,0,1.0,OAK202304180
Marcus Stroman,strom001,2023-04-23,2023,CHN,LAN,5,5.0,22,95,6,1,3,1,0.97,CHN202304230
Marcus Stroman,strom001,2023-04-28,2023,CHN,MIA,3,6.3,24,85,6,2,0,0,0.98,MIA202304280
Marcus Stroman,strom001,2023-05-03,2023,CHN,WAS,5,6.0,24,90,5,3,0,0,1.01,WAS202305030
Marcus Stroman,strom001,2023-05-08,2023,CHN,SLN,6,6.0,23,82,4,1,0,1,0.97,CHN202305080
Marcus Stroman,strom001,2023-05-14,2023,CHN,MIN,3,2.7,17,61,7,2,1,0,1.0,MIN202305140
Marcus Stroman,strom001,2023-05-19,2023,CHN,PHI,4,6.0,24,79,3,2,0,0,1.01,PHI202305190
Marcus Stroman,strom001,2023-05-24,2023,CHN,NYN,3,8.0,27,85,4,2,1,1,0.97,CHN202305240
Marcus Stroman,strom001,2023-05-29,2023,CHN,TBA,8,9.0,29,85,1,1,0,1,0.97,CHN202305290
Marcus Stroman,strom001,2023-06-04,2023,CHN,SDN,6,6.0,26,81,4,3,0,0,1.08,SDN202306040
Marcus Stroman,strom001,2023-06-09,2023,CHN,SFN,5,6.7,28,80,6,4,0,0,1.03,SFN202306090
Marcus Stroman,strom001,2023-06-15,2023,CHN,PIT,5,6.0,24,78,4,2,0,1,0.97,CHN202306150
Marcus Stroman,strom001,2023-06-20,2023,CHN,PIT,5,7.0,27,85,5,1,0,0,1.0,PIT202306200
Marcus Stroman,strom001,2023-06-25,2023,CHN,SLN,2,3.3,20,59,8,1,0,0,1.0,SLN202306250
Marcus Stroman,strom001,2023-07-01,2023,CHN,CLE,7,5.7,24,85,5,2,0,1,0.97,CHN202307010
Marcus Stroman,strom001,2023-07-06,2023,CHN,MIL,6,5.0,22,81,4,4,1,0,1.05,MIL202307060
Marcus Stroman,strom001,2023-07-15,2023,CHN,BOS,3,6.0,21,91,3,1,0,1,0.97,CHN202307150
Marcus Stroman,strom001,2023-07-20,2023,CHN,SLN,4,3.7,23,92,7,4,1,1,0.97,CHN202307200
Marcus Stroman,strom001,2023-07-26,2023,CHN,CHA,4,3.3,22,77,9,2,1,0,0.99,CHA202307260
Marcus Stroman,strom001,2023-07-31,2023,CHN,CIN,2,3.0,17,71,6,2,0,1,0.97,CHN202307310
Marcus Stroman,strom001,2023-09-23,2023,CHN,COL,2,3.0,15,64,5,1,0,1,0.97,CHN202309230
Marcus Stroman,strom001,2023-09-28,2023,CHN,ATL,2,2.0,11,38,4,0,1,0,1.02,ATL202309280
José Suarez,suarj001,2023-04-04,2023,ANA,SEA,4,4.3,22,77,8,0,2,0,1.04,SEA202304040
José Suarez,suarj001,2023-04-10,2023,ANA,WAS,2,4.0,23,80,10,1,0,1,0.99,ANA202304100
José Suarez,suarj001,2023-04-18,2023,ANA,NYA,1,3.3,18,73,3,6,0,0,0.99,NYA202304180
José Suarez,suarj001,2023-04-24,2023,ANA,OAK,5,5.0,23,65,8,2,5,1,0.99,ANA202304240
José Suarez,suarj001,2023-04-30,2023,ANA,MIL,6,5.0,19,69,2,3,0,0,1.05,MIL202304300
José Suarez,suarj001,2023-05-07,2023,ANA,TEX,3,2.7,18,71,6,3,2,1,0.99,ANA202305070
José Suarez,suarj001,2023-09-22,2023,ANA,MIN,3,1.7,9,27,2,2,0,0,1.0,MIN202309220
Ranger Suárez,suarr001,2023-05-13,2023,PHI,COL,4,4.0,20,69,7,1,0,0,0.92,COL202305130
Ranger Suárez,suarr001,2023-05-19,2023,PHI,CHN,4,2.0,14,66,5,3,0,1,1.01,PHI202305190
Ranger Suárez,suarr001,2023-05-24,2023,PHI,ARI,5,5.0,21,66,5,1,1,1,1.01,PHI202305240
Ranger Suárez,suarr001,2023-05-30,2023,PHI,NYN,4,6.7,26,86,5,2,1,0,1.06,NYN202305300
Ranger Suárez,suarr001,2023-06-04,2023,PHI,WAS,3,7.0,28,88,8,1,0,0,1.01,WAS202306040
Ranger Suárez,suarr001,2023-06-09,2023,PHI,LAN,8,6.0,24,97,4,2,0,1,1.01,PHI202306090
Ranger Suárez,suarr001,2023-06-14,2023,PHI,ARI,7,7.0,26,89,4,2,0,0,1.03,ARI202306140
Ranger Suárez,suarr001,2023-06-20,2023,PHI,ATL,7,6.0,24,90,4,2,1,1,1.01,PHI202306200
Ranger Suárez,suarr001,2023-06-27,2023,PHI,CHN,8,7.3,27,94,4,1,0,0,0.97,CHN202306270
Ranger Suárez,suarr001,2023-07-02,2023,PHI,WAS,5,5.3,25,77,7,3,2,1,1.01,PHI202307020
Ranger Suárez,suarr001,2023-07-08,2023,PHI,MIA,4,5.7,28,79,8,4,1,0,0.98,MIA202307080
Ranger Suárez,suarr001,2023-07-15,2023,PHI,SDN,3,6.0,25,85,6,3,1,1,1.01,PHI202307151
Ranger Suárez,suarr001,2023-07-21,2023,PHI,CLE,5,5.0,25,89,8,2,0,0,1.04,CLE202307210
Ranger Suárez,suarr001,2023-07-26,2023,PHI,BAL,6,6.0,25,81,7,1,1,1,1.01,PHI202307260
Ranger Suárez,suarr001,2023-08-01,2023,PHI,MIA,3,6.3,28,77,10,2,0,0,0.98,MIA202308010
Ranger Suárez,suarr001,2023-08-08,2023,PHI,WAS,5,5.7,25,68,6,2,1,1,1.01,PHI202308082
Ranger Suárez,suarr001,2023-08-13,2023,PHI,MIN,8,6.3,27,85,6,3,1,1,1.01,PHI202308130
Ranger Suárez,suarr001,2023-09-03,2023,PHI,MIL,5,4.0,19,63,5,2,2,0,1.05,MIL202309030
Ranger Suárez,suarr001,2023-09-10,2023,PHI,MIA,10,6.3,24,79,2,3,0,1,1.01,PHI202309100
Ranger Suárez,suarr001,2023-09-16,2023,PHI,SLN,5,6.0,26,98,4,4,0,0,1.0,SLN202309160
Ranger Suárez,suarr001,2023-09-21,2023,PHI,NYN,6,6.7,29,85,5,2,1,1,1.01,PHI202309210
Ranger Suárez,suarr001,2023-09-27,2023,PHI,PIT,4,4.7,24,90,9,2,0,1,1.01,PHI202309270
Brent Suter,suteb001,2023-09-16,2023,COL,SFN,1,2.0,10,22,2,2,0,1,0.92,COL202309161
Brent Suter,suteb001,2023-10-01,2023,COL,MIN,1,1.0,3,8,0,0,0,1,0.92,COL202310010
Noah Syndergaard,syndn001,2023-04-02,2023,LAN,ARI,6,6.0,22,75,4,0,0,1,1.03,LAN202304020
Noah Syndergaard,syndn001,2023-04-08,2023,LAN,ARI,2,4.0,22,72,8,0,2,0,1.03,ARI202304080
Noah Syndergaard,syndn001,2023-04-14,2023,LAN,CHN,9,6.0,26,92,6,2,1,1,1.03,LAN202304140
Noah Syndergaard,syndn001,2023-04-19,2023,LAN,NYN,2,6.0,23,66,5,2,1,1,1.03,LAN202304190
Noah Syndergaard,syndn001,2023-04-25,2023,LAN,PIT,2,4.0,22,69,9,0,1,0,1.0,PIT202304250
Noah Syndergaard,syndn001,2023-04-30,2023,LAN,SLN,0,5.3,23,68,8,0,0,1,1.03,LAN202304300
Noah Syndergaard,syndn001,2023-05-09,2023,LAN,MIL,0,1.0,4,14,1,1,0,0,1.05,MIL202305090
Noah Syndergaard,syndn001,2023-05-15,2023,LAN,MIN,5,4.0,16,56,4,0,1,1,1.03,LAN202305150
Noah Syndergaard,syndn001,2023-05-20,2023,LAN,SLN,4,5.0,20,78,4,1,0,0,1.0,SLN202305200
Noah Syndergaard,syndn001,2023-05-26,2023,LAN,TBA,3,6.0,27,89,8,1,1,0,1.05,TBA202305260
Noah Syndergaard,syndn001,2023-05-31,2023,LAN,WAS,2,5.0,24,93,7,2,3,1,1.03,LAN202305310
Noah Syndergaard,syndn001,2023-06-07,2023,LAN,CIN,3,3.0,17,59,7,0,2,0,1.0,CIN202306070
Noah Syndergaard,syndn001,2023-07-31,2023,CLE,HOU,0,5.3,20,59,2,2,0,0,1.02,HOU202307310
Noah Syndergaard,syndn001,2023-08-05,2023,CLE,CHA,3,6.0,27,83,9,0,4,1,1.04,CLE202308050
Noah Syndergaard,syndn001,2023-08-10,2023,CLE,TOR,5,5.7,25,76,6,2,0,1,1.04,CLE202308100
Noah Syndergaard,syndn001,2023-08-16,2023,CLE,CIN,3,4.3,25,94,8,2,2,0,1.0,CIN202308160
Noah Syndergaard,syndn001,2023-08-22,2023,CLE,LAN,4,6.0,23,90,4,1,1,1,1.04,CLE202308220
Noah Syndergaard,syndn001,2023-08-27,2023,CLE,TOR,3,6.0,25,88,4,3,3,0,1.0,TOR202308270
Jameson Taillon,tailj001,2023-04-02,2023,CHN,MIL,2,4.0,19,58,7,1,0,1,0.97,CHN202304020
Jameson Taillon,tailj001,2023-04-09,2023,CHN,TEX,7,5.0,24,83,6,1,0,1,0.97,CHN202304090
Jameson Taillon,tailj001,2023-04-15,2023,CHN,LAN,7,5.0,19,85,2,2,0,0,1.03,LAN202304150
Jameson Taillon,tailj001,2023-05-04,2023,CHN,WAS,4,3.0,12,33,3,0,1,0,1.01,WAS202305040
Jameson Taillon,tailj001,2023-05-09,2023,CHN,SLN,5,2.7,15,60,5,2,2,1,0.97,CHN202305090
Jameson Taillon,tailj001,2023-05-15,2023,CHN,HOU,1,4.7,21,67,7,1,0,0,1.02,HOU202305150
Jameson Taillon,tailj001,2023-05-20,2023,CHN,PHI,1,2.3,17,59,6,3,2,0,1.01,PHI202305200
Jameson Taillon,tailj001,2023-05-27,2023,CHN,CIN,5,4.7,20,78,6,1,0,1,0.97,CHN202305270
Jameson Taillon,tailj001,2023-06-02,2023,CHN,SDN,3,5.7,20,71,3,0,0,0,1.08,SDN202306020
Jameson Taillon,tailj001,2023-06-07,2023,CHN,ANA,5,5.3,24,93,5,4,2,0,0.99,ANA202306070
Jameson Taillon,tailj001,2023-06-13,2023,CHN,PIT,4,6.0,24,79,6,2,2,1,0.97,CHN202306130
Jameson Taillon,tailj001,2023-06-18,2023,CHN,BAL,1,5.3,24,81,8,2,1,1,0.97,CHN202306180
Jameson Taillon,tailj001,2023-06-27,2023,CHN,PHI,8,5.0,22,87,7,1,2,1,0.97,CHN202306270
Jameson Taillon,tailj001,2023-07-02,2023,CHN,CLE,6,5.0,24,85,6,0,1,1,0.97,CHN202307020
Jameson Taillon,tailj001,2023-07-07,2023,CHN,NYA,4,8.0,26,86,1,2,0,0,0.99,NYA202307070
Jameson Taillon,tailj001,2023-07-18,2023,CHN,WAS,4,5.7,24,90,7,1,1,1,0.97,CHN202307180
Jameson Taillon,tailj001,2023-07-23,2023,CHN,SLN,6,5.7,25,100,8,1,0,1,0.97,CHN202307230
Jameson Taillon,tailj001,2023-07-29,2023,CHN,SLN,4,6.0,23,77,2,4,0,0,1.0,SLN202307290
Jameson Taillon,tailj001,2023-08-03,2023,CHN,CIN,5,5.0,23,85,7,2,1,1,0.97,CHN202308030
Jameson Taillon,tailj001,2023-08-08,2023,CHN,NYN,7,7.0,24,79,3,0,1,0,1.06,NYN202308080
Jameson Taillon,tailj001,2023-08-13,2023,CHN,TOR,2,3.0,21,83,8,2,1,0,1.0,TOR202308130
Jameson Taillon,tailj001,2023-08-18,2023,CHN,KCA,3,6.0,23,74,6,0,1,1,0.97,CHN202308180
Jameson Taillon,tailj001,2023-08-23,2023,CHN,DET,6,5.7,22,85,4,1,1,0,1.0,DET202308230
Jameson Taillon,tailj001,2023-08-28,2023,CHN,MIL,6,6.0,27,81,8,0,2,1,0.97,CHN202308280
Jameson Taillon,tailj001,2023-09-03,2023,CHN,CIN,7,5.7,24,78,7,0,3,0,1.0,CIN202309030
Jameson Taillon,tailj001,2023-09-08,2023,CHN,ARI,9,6.0,20,62,1,1,0,1,0.97,CHN202309080
Jameson Taillon,tailj001,2023-09-13,2023,CHN,COL,5,5.0,24,68,7,1,2,0,0.92,COL202309130
Jameson Taillon,tailj001,2023-09-22,2023,CHN,COL,7,6.0,25,86,4,4,0,1,0.97,CHN202309220
Jameson Taillon,tailj001,2023-09-27,2023,CHN,ATL,3,6.0,23,64,3,1,1,0,1.02,ATL202309270
Freddy Tarnok,tarnf001,2023-07-26,2023,OAK,SFN,4,2.7,12,41,3,1,1,0,1.03,SFN202307260
Josh Taylor,taylj001,2023-05-12,2023,KCA,MIL,2,1.0,5,20,1,1,0,0,1.05,MIL202305120
Julio Teherán,tehej001,2023-05-25,2023,MIL,SFN,5,5.0,20,60,4,1,0,1,1.05,MIL202305250
Julio Teherán,tehej001,2023-05-31,2023,MIL,TOR,0,6.0,22,68,4,0,0,0,1.0,TOR202305310
Julio Teherán,tehej001,2023-06-05,2023,MIL,CIN,5,6.3,23,75,6,1,2,0,1.0,CIN202306050
Julio Teherán,tehej001,2023-06-10,2023,MIL,OAK,6,7.0,25,84,6,1,0,1,1.05,MIL202306100
Julio Teherán,tehej001,2023-06-16,2023,MIL,PIT,4,6.0,20,73,1,1,1,1,1.05,MIL202306160
Julio Teherán,tehej001,2023-06-21,2023,MIL,ARI,3,5.0,21,73,2,4,0,1,1.05,MIL202306210
Julio Teherán,tehej001,2023-06-27,2023,MIL,NYN,2,5.7,25,86,7,0,4,0,1.06,NYN202306270
Julio Teherán,tehej001,2023-07-03,2023,MIL,CHN,7,6.0,29,79,9,1,0,1,1.05,MIL202307030
Julio Teherán,tehej001,2023-07-18,2023,MIL,PHI,3,4.7,23,78,7,2,1,0,1.01,PHI202307180
Julio Teherán,tehej001,2023-07-23,2023,MIL,ATL,5,6.0,21,73,3,0,1,1,1.05,MIL202307230
Julio Teherán,tehej001,2023-07-29,2023,MIL,ATL,4,5.0,25,80,11,0,3,0,1.02,ATL202307290
Zack Thompson,thomz002,2023-08-06,2023,SLN,COL,8,4.0,15,57,2,1,0,1,1.0,SLN202308060
Zack Thompson,thomz002,2023-08-18,2023,SLN,NYN,5,5.0,22,64,6,1,1,1,1.0,SLN202308180
Zack Thompson,thomz002,2023-08-23,2023,SLN,PIT,5,5.0,22,78,6,1,1,0,1.0,PIT202308230
Zack Thompson,thomz002,2023-08-29,2023,SLN,SDN,3,4.0,21,79,5,4,0,1,1.0,SLN202308290
Zack Thompson,thomz002,2023-09-03,2023,SLN,PIT,6,7.0,27,92,7,0,1,1,1.0,SLN202309030
Zack Thompson,thomz002,2023-09-09,2023,SLN,CIN,6,5.0,22,85,5,3,0,0,1.0,CIN202309090
Zack Thompson,thomz002,2023-09-15,2023,SLN,PHI,4,5.0,20,77,5,2,1,1,1.0,SLN202309150
Zack Thompson,thomz002,2023-09-20,2023,SLN,MIL,4,5.0,21,72,5,1,2,1,1.0,SLN202309200
Zack Thompson,thomz002,2023-09-27,2023,SLN,MIL,5,5.3,23,81,5,1,0,0,1.05,MIL202309270
Trent Thornton,thort002,2023-09-09,2023,SEA,TBA,3,2.0,8,31,1,1,0,0,1.05,TBA202309090
Touki Toussaint,toust001,2023-06-16,2023,CLE,ARI,2,3.7,19,75,3,5,0,0,1.03,ARI202306160
Touki Toussaint,toust001,2023-07-02,2023,CHA,OAK,5,3.7,18,62,3,4,0,0,1.0,OAK202307020
Touki Toussaint,toust001,2023-07-08,2023,CHA,SLN,5,5.0,20,74,5,1,0,1,0.99,CHA202307080
Touki Toussaint,toust001,2023-07-19,2023,CHA,NYN,3,6.0,27,101,4,4,1,0,1.06,NYN202307190
Touki Toussaint,toust001,2023-07-28,2023,CHA,CLE,4,5.0,19,73,3,1,0,1,0.99,CHA202307280
Touki Toussaint,toust001,2023-08-03,2023,CHA,TEX,9,5.3,25,88,5,4,2,0,0.99,TEX202308030
Touki Toussaint,toust001,2023-08-08,2023,CHA,NYA,9,5.0,25,96,6,5,0,1,0.99,CHA202308080
Touki Toussaint,toust001,2023-08-15,2023,CHA,CHN,4,4.0,20,70,3,5,2,0,0.97,CHN202308150
Touki Toussaint,toust001,2023-08-21,2023,CHA,SEA,3,4.0,23,81,7,4,2,1,0.99,CHA202308210
Touki Toussaint,toust001,2023-08-26,2023,CHA,OAK,4,5.0,20,72,2,3,0,1,0.99,CHA202308260
Touki Toussaint,toust001,2023-09-01,2023,CHA,DET,6,5.3,24,92,5,2,0,1,0.99,CHA202309010
Touki Toussaint,toust001,2023-09-06,2023,CHA,KCA,6,6.0,22,81,2,3,1,0,0.96,KCA202309060
Touki Toussaint,toust001,2023-09-12,2023,CHA,KCA,1,1.0,13,46,6,2,1,1,0.99,CHA202309122
Touki Toussaint,toust001,2023-09-16,2023,CHA,MIN,8,5.0,18,65,3,1,0,1,0.99,CHA202309160
Touki Toussaint,toust001,2023-09-22,2023,CHA,BOS,2,6.3,25,79,5,2,0,0,0.98,BOS202309220
Touki Toussaint,toust001,2023-09-28,2023,CHA,ARI,4,4.0,18,76,3,3,0,1,0.99,CHA202309280
Spencer Turnbull,turns003,2023-04-01,2023,DET,TBA,3,2.3,18,63,8,3,0,0,1.05,TBA202304010
Spencer Turnbull,turns003,2023-04-06,2023,DET,BOS,1,5.7,22,72,5,2,1,1,1.0,DET202304060
Spencer Turnbull,turns003,2023-04-13,2023,DET,TOR,6,5.0,23,84,6,1,0,0,1.0,TOR202304130
Spencer Turnbull,turns003,2023-04-19,2023,DET,CLE,3,5.3,22,82,3,3,1,1,1.0,DET202304190
Spencer Turnbull,turns003,2023-04-25,2023,DET,MIL,2,4.0,18,62,3,3,0,0,1.05,MIL202304250
Spencer Turnbull,turns003,2023-04-30,2023,DET,BAL,3,4.0,20,65,5,2,1,1,1.0,DET202304300
Spencer Turnbull,turns003,2023-05-06,2023,DET,SLN,6,4.7,22,87,7,1,2,0,1.0,SLN202305060
José Ureña,urenj001,2023-04-01,2023,COL,SDN,0,2.3,16,63,5,4,1,0,1.08,SDN202304010
José Ureña,urenj001,2023-04-07,2023,COL,WAS,1,2.7,18,71,7,3,2,1,0.92,COL202304070
José Ureña,urenj001,2023-04-12,2023,COL,SLN,6,5.0,21,77,5,1,2,1,0.92,COL202304120
José Ureña,urenj001,2023-04-18,2023,COL,PIT,2,4.7,22,70,7,2,2,1,0.92,COL202304180
José Ureña,urenj001,2023-04-23,2023,COL,PHI,0,3.7,16,67,3,4,2,0,1.01,PHI202304230
José Ureña,urenj001,2023-09-09,2023,CHA,DET,3,4.0,19,65,4,2,0,0,1.0,DET202309090
José Ureña,urenj001,2023-09-14,2023,CHA,MIN,8,6.3,26,68,7,0,3,1,0.99,CHA202309140
José Ureña,urenj001,2023-09-19,2023,CHA,WAS,4,6.0,21,65,4,0,0,0,1.01,WAS202309190
José Ureña,urenj001,2023-09-26,2023,CHA,ARI,2,4.0,21,66,4,3,1,1,0.99,CHA202309260
José Ureña,urenj001,2023-10-01,2023,CHA,SDN,3,6.0,23,90,4,3,0,1,0.99,CHA202310010
Julio Urías,uriaj001,2023-03-30,2023,LAN,ARI,6,6.0,21,79,4,0,0,1,1.03,LAN202303300
Julio Urías,uriaj001,2023-04-04,2023,LAN,COL,6,6.0,22,70,5,0,0,1,1.03,LAN202304040
Julio Urías,uriaj001,2023-04-10,2023,LAN,SFN,8,6.0,23,75,4,2,1,0,1.03,SFN202304100
Julio Urías,uriaj001,2023-04-16,2023,LAN,CHN,6,5.7,26,90,8,1,2,1,1.03,LAN202304160
Julio Urías,uriaj001,2023-04-21,2023,LAN,CHN,4,3.3,19,85,7,2,2,0,0.97,CHN202304210
Julio Urías,uriaj001,2023-04-27,2023,LAN,PIT,5,5.7,25,85,7,2,2,0,1.0,PIT202304270
Julio Urías,uriaj001,2023-05-02,2023,LAN,PHI,10,7.0,24,87,1,1,1,1,1.03,LAN202305020
Julio Urías,uriaj001,2023-05-07,2023,LAN,SDN,3,5.7,25,80,8,1,0,0,1.08,SDN202305070
Julio Urías,uriaj001,2023-05-13,2023,LAN,SDN,4,7.0,25,70,3,0,2,1,1.03,LAN202305130
Julio Urías,uriaj001,2023-05-18,2023,LAN,SLN,1,3.0,17,64,6,2,4,0,1.0,SLN202305180
Julio Urías,uriaj001,2023-07-01,2023,LAN,KCA,2,3.0,17,66,6,2,0,0,0.96,KCA202307010
Julio Urías,uriaj001,2023-07-06,2023,LAN,PIT,8,6.0,22,77,3,1,0,1,1.03,LAN202307060
Julio Urías,uriaj001,2023-07-14,2023,LAN,NYN,7,6.0,22,79,1,1,0,0,1.06,NYN202307140
Julio Urías,uriaj001,2023-07-19,2023,LAN,BAL,2,5.0,25,86,8,2,1,0,1.0,BAL202307190
Julio Urías,uriaj001,2023-07-25,2023,LAN,TOR,5,6.0,28,102,8,2,1,1,1.03,LAN202307250
Julio Urías,uriaj001,2023-08-03,2023,LAN,OAK,5,5.0,18,54,3,1,0,1,1.03,LAN202308030
Julio Urías,uriaj001,2023-08-08,2023,LAN,ARI,5,6.0,22,93,4,1,0,0,1.03,ARI202308080
Julio Urías,uriaj001,2023-08-13,2023,LAN,COL,12,7.0,25,84,4,0,1,1,1.03,LAN202308130
Julio Urías,uriaj001,2023-08-19,2023,LAN,MIA,5,7.0,26,92,5,0,1,1,1.03,LAN202308192
Julio Urías,uriaj001,2023-08-26,2023,LAN,BOS,9,6.0,26,70,8,1,3,0,0.98,BOS202308260
Julio Urías,uriaj001,2023-09-01,2023,LAN,ATL,4,5.0,24,89,9,2,3,1,1.03,LAN202309010
José Urquidy,urquj001,2023-04-01,2023,HOU,CHA,5,4.0,20,80,7,1,2,1,1.02,HOU202304010
José Urquidy,urquj001,2023-04-07,2023,HOU,MIN,6,5.3,24,91,7,1,0,0,1.0,MIN202304070
José Urquidy,urquj001,2023-04-12,2023,HOU,PIT,2,6.0,21,93,2,3,0,0,1.0,PIT202304120
José Urquidy,urquj001,2023-04-18,2023,HOU,TOR,4,4.3,20,69,7,2,2,1,1.02,HOU202304180
José Urquidy,urquj001,2023-04-24,2023,HOU,TBA,3,2.7,17,70,7,2,0,0,1.05,TBA202304240
José Urquidy,urquj001,2023-04-30,2023,HOU,PHI,3,5.3,21,77,3,1,2,1,1.02,HOU202304300
José Urquidy,urquj001,2023-08-06,2023,HOU,NYA,1,3.3,16,59,3,3,1,0,0.99,NYA202308060
José Urquidy,urquj001,2023-08-13,2023,HOU,ANA,7,5.0,18,71,3,0,0,1,1.02,HOU202308130
José Urquidy,urquj001,2023-08-23,2023,HOU,BOS,1,4.7,25,82,8,3,0,1,1.02,HOU202308230
José Urquidy,urquj001,2023-09-29,2023,HOU,ARI,2,6.0,22,68,2,3,0,0,1.03,ARI202309290
Framber Valdez,valdf001,2023-03-30,2023,HOU,CHA,4,5.0,22,80,6,0,0,1,1.02,HOU202303300
Framber Valdez,valdf001,2023-04-04,2023,HOU,DET,9,7.0,28,103,8,1,0,1,1.02,HOU202304040
Framber Valdez,valdf001,2023-04-10,2023,HOU,PIT,5,7.0,27,95,3,5,1,0,1.0,PIT202304100
Framber Valdez,valdf001,2023-04-16,2023,HOU,TEX,7,6.0,25,90,4,2,0,1,1.02,HOU202304160
Framber Valdez,valdf001,2023-04-22,2023,HOU,ATL,9,7.0,29,87,8,0,2,0,1.02,ATL202304220
Framber Valdez,valdf001,2023-04-28,2023,HOU,PHI,3,7.0,28,102,8,0,1,1,1.02,HOU202304280
Framber Valdez,valdf001,2023-05-03,2023,HOU,SFN,8,6.0,22,75,5,2,0,1,1.02,HOU202305030
Framber Valdez,valdf001,2023-05-09,2023,HOU,ANA,12,8.0,29,90,3,0,1,0,0.99,ANA202305090
Framber Valdez,valdf001,2023-05-15,2023,HOU,CHN,8,4.0,21,84,7,2,1,1,1.02,HOU202305150
Framber Valdez,valdf001,2023-05-21,2023,HOU,OAK,7,9.0,30,100,4,0,0,1,1.02,HOU202305210
Framber Valdez,valdf001,2023-05-27,2023,HOU,OAK,5,6.0,25,80,4,3,0,0,1.0,OAK202305270
Framber Valdez,valdf001,2023-06-02,2023,HOU,ANA,7,7.0,26,82,5,1,0,1,1.02,HOU202306020
Framber Valdez,valdf001,2023-06-08,2023,HOU,TOR,5,5.0,24,83,4,4,0,0,1.0,TOR202306080
Framber Valdez,valdf001,2023-06-14,2023,HOU,WAS,6,7.0,26,89,5,0,0,1,1.02,HOU202306140
Framber Valdez,valdf001,2023-06-20,2023,HOU,NYN,9,8.0,28,84,4,1,0,1,1.02,HOU202306200
Framber Valdez,valdf001,2023-06-27,2023,HOU,SLN,6,6.0,28,88,8,3,1,0,1.0,SLN202306270
Framber Valdez,valdf001,2023-07-08,2023,HOU,SEA,6,6.0,25,87,5,2,0,1,1.02,HOU202307080
Framber Valdez,valdf001,2023-07-15,2023,HOU,ANA,13,6.3,28,90,7,2,2,0,0.99,ANA202307150
Framber Valdez,valdf001,2023-07-21,2023,HOU,OAK,4,5.0,24,83,6,2,0,0,1.0,OAK202307210
Framber Valdez,valdf001,2023-07-26,2023,HOU,TEX,1,3.7,21,73,8,2,2,1,1.02,HOU202307260
Framber Valdez,valdf001,2023-08-01,2023,HOU,CLE,7,9.0,27,88,0,1,0,1,1.02,HOU202308010
Framber Valdez,valdf001,2023-08-08,2023,HOU,BAL,3,7.0,29,89,8,2,2,0,1.0,BAL202308080
Framber Valdez,valdf001,2023-08-14,2023,HOU,MIA,4,7.7,30,89,6,1,2,0,0.98,MIA202308140
Framber Valdez,valdf001,2023-08-19,2023,HOU,SEA,5,5.0,26,73,10,2,1,1,1.02,HOU202308190
Framber Valdez,valdf001,2023-08-25,2023,HOU,DET,6,7.0,27,106,0,5,0,0,1.0,DET202308250
Framber Valdez,valdf001,2023-08-30,2023,HOU,BOS,5,6.0,23,67,5,0,0,0,0.98,BOS202308300
Framber Valdez,valdf001,2023-09-05,2023,HOU,TEX,4,7.0,30,91,6,4,0,0,0.99,TEX202309050
Framber Valdez,valdf001,2023-09-11,2023,HOU,OAK,10,7.0,25,91,4,1,2,1,1.02,HOU202309110
Framber Valdez,valdf001,2023-09-17,2023,HOU,KCA,5,7.0,26,85,6,1,0,0,0.96,KCA202309170
Framber Valdez,valdf001,2023-09-22,2023,HOU,KCA,10,5.3,27,85,4,3,0,1,1.02,HOU202309220
Framber Valdez,valdf001,2023-09-27,2023,HOU,SEA,7,4.0,22,68,5,5,1,0,1.04,SEA202309270
Louis Varland,varll001,2023-04-14,2023,MIN,NYA,8,6.0,25,77,6,1,3,0,0.99,NYA202304140
Louis Varland,varll001,2023-05-03,2023,MIN,CHA,6,4.7,22,72,7,2,1,0,0.99,CHA202305030
Louis Varland,varll001,2023-05-09,2023,MIN,SDN,6,6.0,24,77,5,2,0,1,1.0,MIN202305090
Louis Varland,varll001,2023-05-14,2023,MIN,CHN,7,6.3,24,82,4,1,2,1,1.0,MIN202305140
Louis Varland,varll001,2023-05-20,2023,MIN,ANA,4,5.0,23,82,6,1,1,0,0.99,ANA202305200
Louis Varland,varll001,2023-05-26,2023,MIN,TOR,3,6.0,25,83,7,0,2,1,1.0,MIN202305260
Louis Varland,varll001,2023-05-31,2023,MIN,HOU,5,7.0,25,75,4,1,0,0,1.02,HOU202305310
Louis Varland,varll001,2023-06-06,2023,MIN,TBA,5,6.0,28,83,6,4,2,0,1.05,TBA202306060
Louis Varland,varll001,2023-06-11,2023,MIN,TOR,6,4.7,22,71,6,2,1,0,1.0,TOR202306110
Louis Varland,varll001,2023-06-18,2023,MIN,DET,4,4.3,23,89,9,2,2,1,1.0,MIN202306180
Randy Vásquez,vasqr001,2023-05-26,2023,NYA,SDN,6,4.7,23,84,4,3,1,1,0.99,NYA202305260
Randy Vásquez,vasqr001,2023-06-08,2023,NYA,CHA,3,5.7,21,78,2,1,0,1,0.99,NYA202306082
Randy Vásquez,vasqr001,2023-07-05,2023,NYA,BAL,1,5.0,21,67,3,3,0,1,0.99,NYA202307050
Randy Vásquez,vasqr001,2023-08-16,2023,NYA,ATL,3,3.3,15,54,2,3,1,0,1.02,ATL202308160
Randy Vásquez,vasqr001,2023-09-12,2023,NYA,BOS,3,3.7,15,49,3,1,1,0,0.98,BOS202309121
Vince Velasquez,velav001,2023-04-02,2023,PIT,CIN,3,4.7,20,86,5,1,2,0,1.0,CIN202304020
Vince Velasquez,velav001,2023-04-08,2023,PIT,CHA,1,2.7,17,75,6,4,0,1,1.0,PIT202304080
Vince Velasquez,velav001,2023-04-13,2023,PIT,SLN,6,6.0,24,87,3,2,0,0,1.0,SLN202304130
Vince Velasquez,velav001,2023-04-18,2023,PIT,COL,7,6.0,27,93,5,3,1,0,0.92,COL202304180
Vince Velasquez,velav001,2023-04-23,2023,PIT,CIN,10,7.0,25,94,2,2,0,1,1.0,PIT202304230
Vince Velasquez,velav001,2023-04-29,2023,PIT,WAS,5,6.0,24,78,5,0,0,0,1.01,WAS202304292
Vince Velasquez,velav001,2023-05-04,2023,PIT,TBA,2,3.0,11,47,2,1,1,0,1.05,TBA202305040
Vince Velasquez,velav001,2023-05-27,2023,PIT,SEA,3,2.0,14,48,7,1,0,0,1.04,SEA202305270
Justin Verlander,verlj001,2023-05-04,2023,NYN,DET,5,5.0,20,68,5,1,2,0,1.0,DET202305040
Justin Verlander,verlj001,2023-05-10,2023,NYN,CIN,7,7.0,24,100,2,2,0,0,1.0,CIN202305100
Justin Verlander,verlj001,2023-05-16,2023,NYN,TBA,3,5.0,25,89,8,2,2,1,1.06,NYN202305160
Justin Verlander,verlj001,2023-05-21,2023,NYN,CLE,5,8.0,27,93,3,0,1,1,1.06,NYN202305212
Justin Verlander,verlj001,2023-05-27,2023,NYN,COL,2,5.0,25,68,9,1,0,0,0.92,COL202305270
Justin Verlander,verlj001,2023-06-02,2023,NYN,TOR,8,6.0,25,100,5,3,1,1,1.06,NYN202306020
Justin Verlander,verlj001,2023-06-08,2023,NYN,ATL,3,3.0,20,80,7,4,1,0,1.02,ATL202306080
Justin Verlander,verlj001,2023-06-14,2023,NYN,NYA,6,6.0,20,91,3,0,0,1,1.06,NYN202306140
Justin Verlander,verlj001,2023-06-20,2023,NYN,HOU,5,7.0,29,83,8,0,1,0,1.02,HOU202306200
Justin Verlander,verlj001,2023-06-26,2023,NYN,MIL,5,5.0,23,84,5,2,0,1,1.06,NYN202306260
Justin Verlander,verlj001,2023-07-01,2023,NYN,SFN,6,7.0,26,95,5,1,0,1,1.06,NYN202307010
Justin Verlander,verlj001,2023-07-07,2023,NYN,SDN,2,6.0,26,94,5,3,0,0,1.08,SDN202307070
Justin Verlander,verlj001,2023-07-14,2023,NYN,LAN,6,5.0,22,95,2,6,0,1,1.06,NYN202307140
Justin Verlander,verlj001,2023-07-19,2023,NYN,CHA,7,8.0,28,84,3,1,1,1,1.06,NYN202307190
Justin Verlander,verlj001,2023-07-25,2023,NYN,NYA,6,6.0,24,71,2,4,0,0,0.99,NYA202307250
Justin Verlander,verlj001,2023-07-30,2023,NYN,WAS,5,5.3,22,97,5,1,0,1,1.06,NYN202307300
Justin Verlander,verlj001,2023-08-05,2023,HOU,NYA,4,7.0,29,97,7,2,1,0,0.99,NYA202308050
Justin Verlander,verlj001,2023-08-11,2023,HOU,ANA,7,6.0,24,80,6,0,1,1,1.02,HOU202308110
Justin Verlander,verlj001,2023-08-16,2023,HOU,MIA,2,5.0,26,78,9,2,0,0,0.98,MIA202308160
Justin Verlander,verlj001,2023-08-22,2023,HOU,BOS,9,6.0,26,80,5,1,0,1,1.02,HOU202308220
Justin Verlander,verlj001,2023-08-27,2023,HOU,DET,7,5.0,22,92,2,2,0,0,1.0,DET202308270
Justin Verlander,verlj001,2023-09-01,2023,HOU,NYA,3,6.0,26,88,8,1,4,1,1.02,HOU202309010
Justin Verlander,verlj001,2023-09-06,2023,HOU,TEX,6,7.0,27,86,4,1,1,0,0.99,TEX202309060
Justin Verlander,verlj001,2023-09-12,2023,HOU,OAK,7,7.0,29,85,8,0,2,1,1.02,HOU202309120
Justin Verlander,verlj001,2023-09-18,2023,HOU,BAL,5,6.0,27,82,8,1,0,1,1.02,HOU202309180
Justin Verlander,verlj001,2023-09-25,2023,HOU,SEA,8,8.0,27,91,3,1,0,0,1.04,SEA202309250
Justin Verlander,verlj001,2023-09-30,2023,HOU,ARI,5,5.0,20,87,2,3,0,0,1.03,ARI202309300
Alex Vesia,vesia001,2023-07-08,2023,LAN,ANA,2,1.0,4,10,1,0,0,1,1.03,LAN202307080
Will Vest,vestw001,2023-06-11,2023,DET,ARI,0,1.0,4,11,1,0,0,1,1.0,DET202306110
Will Vest,vestw001,2023-06-16,2023,DET,MIN,2,1.0,3,11,0,0,0,0,1.0,MIN202306160
Will Vest,vestw001,2023-06-18,2023,DET,MIN,0,0.7,4,13,2,0,0,0,1.0,MIN202306180
Will Vest,vestw001,2023-09-30,2023,DET,CLE,0,1.0,4,14,1,0,0,1,1.0,DET202309300
Darius Vines,vined001,2023-08-30,2023,ATL,COL,5,6.0,25,78,4,1,0,0,0.92,COL202308300
Darius Vines,vined001,2023-09-27,2023,ATL,CHN,5,6.0,24,76,4,2,2,1,1.02,ATL202309270
Michael Wacha,wachm001,2023-04-01,2023,SDN,COL,2,6.0,26,81,6,3,1,1,1.08,SDN202304010
Michael Wacha,wachm001,2023-04-08,2023,SDN,ATL,10,6.0,21,87,2,1,0,0,1.02,ATL202304080
Michael Wacha,wachm001,2023-04-14,2023,SDN,MIL,3,4.3,23,93,11,1,2,1,1.08,SDN202304140
Michael Wacha,wachm001,2023-04-20,2023,SDN,ARI,3,4.0,23,81,10,1,0,0,1.03,ARI202304200
Michael Wacha,wachm001,2023-04-26,2023,SDN,CHN,5,5.0,20,88,4,1,1,0,0.97,CHN202304260
Michael Wacha,wachm001,2023-05-02,2023,SDN,CIN,3,6.0,24,84,2,2,0,1,1.08,SDN202305020
Michael Wacha,wachm001,2023-05-09,2023,SDN,MIN,4,6.0,24,78,3,3,0,0,1.0,MIN202305090
Michael Wacha,wachm001,2023-05-15,2023,SDN,KCA,11,7.0,24,95,1,1,0,1,1.08,SDN202305150
Michael Wacha,wachm001,2023-05-21,2023,SDN,BOS,4,6.0,22,71,5,1,0,1,1.08,SDN202305210
Michael Wacha,wachm001,2023-05-27,2023,SDN,NYA,4,7.0,24,80,5,0,1,0,0.99,NYA202305270
Michael Wacha,wachm001,2023-06-02,2023,SDN,CHN,8,4.7,22,92,3,5,1,1,1.08,SDN202306020
Michael Wacha,wachm001,2023-06-07,2023,SDN,SEA,7,6.0,21,69,2,1,0,1,1.08,SDN202306070
Michael Wacha,wachm001,2023-06-14,2023,SDN,CLE,5,6.7,24,89,4,1,0,1,1.08,SDN202306140
Michael Wacha,wachm001,2023-06-19,2023,SDN,SFN,0,6.0,24,73,4,2,2,0,1.03,SFN202306190
Michael Wacha,wachm001,2023-07-01,2023,SDN,CIN,4,5.0,21,82,5,2,0,0,1.0,CIN202307010
Michael Wacha,wachm001,2023-08-15,2023,SDN,BAL,5,5.0,20,71,3,1,0,1,1.08,SDN202308150
Michael Wacha,wachm001,2023-08-21,2023,SDN,MIA,7,5.3,22,92,5,2,1,1,1.08,SDN202308210
Michael Wacha,wachm001,2023-08-27,2023,SDN,MIL,5,5.3,25,86,4,5,1,0,1.05,MIL202308270
Michael Wacha,wachm001,2023-09-01,2023,SDN,SFN,6,6.0,26,104,6,2,1,1,1.08,SDN202309010
Michael Wacha,wachm001,2023-09-06,2023,SDN,PHI,6,4.0,22,86,7,3,1,1,1.08,SDN202309060
Michael Wacha,wachm001,2023-09-12,2023,SDN,LAN,3,4.0,22,79,7,3,2,0,1.03,LAN202309120
Michael Wacha,wachm001,2023-09-18,2023,SDN,COL,6,5.0,21,88,5,0,0,1,1.08,SDN202309180
Michael Wacha,wachm001,2023-09-24,2023,SDN,SLN,6,7.0,27,85,6,1,1,1,1.08,SDN202309240
Michael Wacha,wachm001,2023-09-30,2023,SDN,CHA,7,7.0,25,84,3,1,0,0,0.99,CHA202309300
Adam Wainwright,waina001,2023-05-06,2023,SLN,DET,5,5.0,23,83,8,0,0,1,1.0,SLN202305060
Adam Wainwright,waina001,2023-05-12,2023,SLN,BOS,2,5.0,22,69,7,2,2,0,0.98,BOS202305120
Adam Wainwright,waina001,2023-05-18,2023,SLN,LAN,1,5.7,27,96,5,3,0,1,1.0,SLN202305180
Adam Wainwright,waina001,2023-05-23,2023,SLN,CIN,2,5.7,26,70,8,1,1,0,1.0,CIN202305230
Adam Wainwright,waina001,2023-05-29,2023,SLN,KCA,6,5.0,26,100,9,2,0,1,1.0,SLN202305290
Adam Wainwright,waina001,2023-06-05,2023,SLN,TEX,3,5.3,26,90,8,2,0,0,0.99,TEX202306050
Adam Wainwright,waina001,2023-06-11,2023,SLN,CIN,2,5.7,25,95,8,1,1,1,1.0,SLN202306110
Adam Wainwright,waina001,2023-06-17,2023,SLN,NYN,3,6.3,26,83,7,2,2,0,1.06,NYN202306170
Adam Wainwright,waina001,2023-06-24,2023,SLN,CHN,0,3.0,19,72,11,1,2,1,1.0,SLN202306240
Adam Wainwright,waina001,2023-06-29,2023,SLN,HOU,1,1.7,14,49,6,3,0,1,1.0,SLN202306290
Adam Wainwright,waina001,2023-07-04,2023,SLN,MIA,3,3.3,20,60,7,2,2,0,0.98,MIA202307040
Adam Wainwright,waina001,2023-07-24,2023,SLN,ARI,3,5.0,21,55,4,2,0,0,1.03,ARI202307240
Adam Wainwright,waina001,2023-07-29,2023,SLN,CHN,3,6.0,25,79,7,3,2,1,1.0,SLN202307290
Adam Wainwright,waina001,2023-08-04,2023,SLN,COL,5,3.0,20,75,9,2,0,1,1.0,SLN202308040
Adam Wainwright,waina001,2023-08-11,2023,SLN,KCA,0,1.0,11,39,9,0,2,0,0.96,KCA202308110
Adam Wainwright,waina001,2023-08-17,2023,SLN,NYN,2,6.0,25,86,4,3,1,1,1.0,SLN202308170
Adam Wainwright,waina001,2023-08-22,2023,SLN,PIT,3,4.7,22,67,7,1,1,0,1.0,PIT202308220
Adam Wainwright,waina001,2023-08-28,2023,SLN,SDN,1,6.0,28,85,8,3,0,1,1.0,SLN202308280
Adam Wainwright,waina001,2023-09-07,2023,SLN,ATL,4,5.7,28,99,8,3,4,0,1.02,ATL202309070
Adam Wainwright,waina001,2023-09-12,2023,SLN,BAL,3,5.0,25,84,7,3,0,0,1.0,BAL202309120
Adam Wainwright,waina001,2023-09-18,2023,SLN,MIL,3,7.0,25,88,4,2,0,1,1.0,SLN202309180
Ken Waldichuk,waldk003,2023-04-02,2023,OAK,ANA,4,5.7,27,87,9,1,3,1,1.0,OAK202304020
Ken Waldichuk,waldk003,2023-04-07,2023,OAK,TBA,3,3.0,20,67,8,3,4,0,1.05,TBA202304070
Ken Waldichuk,waldk003,2023-04-12,2023,OAK,BAL,4,6.3,26,87,5,3,0,0,1.0,BAL202304120
Ken Waldichuk,waldk003,2023-04-18,2023,OAK,CHN,5,5.0,23,89,5,3,0,1,1.0,OAK202304180
Ken Waldichuk,waldk003,2023-04-24,2023,OAK,ANA,2,5.3,23,72,6,1,2,0,0.99,ANA202304240
Ken Waldichuk,waldk003,2023-04-30,2023,OAK,CIN,7,5.7,25,86,6,1,1,1,1.0,OAK202304300
Ken Waldichuk,waldk003,2023-05-06,2023,OAK,KCA,6,5.0,27,108,6,6,2,0,0.96,KCA202305060
Ken Waldichuk,waldk003,2023-05-12,2023,OAK,TEX,5,5.0,26,92,7,5,0,1,1.0,OAK202305120
Ken Waldichuk,waldk003,2023-05-19,2023,OAK,HOU,3,5.0,23,86,5,5,1,0,1.02,HOU202305190
Ken Waldichuk,waldk003,2023-05-28,2023,OAK,HOU,2,1.0,4,12,1,0,1,1,1.0,OAK202305280
Ken Waldichuk,waldk003,2023-06-20,2023,OAK,CLE,2,1.7,7,26,2,0,0,0,1.04,CLE202306200
Ken Waldichuk,waldk003,2023-07-14,2023,OAK,MIN,5,3.7,16,53,3,2,0,1,1.0,OAK202307140
Ken Waldichuk,waldk003,2023-07-19,2023,OAK,BOS,5,4.3,20,81,5,3,1,1,1.0,OAK202307190
Ken Waldichuk,waldk003,2023-08-01,2023,OAK,LAN,5,3.7,16,81,1,3,0,0,1.03,LAN202308010
Ken Waldichuk,waldk003,2023-08-07,2023,OAK,TEX,7,6.0,25,76,6,1,0,1,1.0,OAK202308070
Ken Waldichuk,waldk003,2023-08-13,2023,OAK,WAS,4,5.0,24,83,7,1,0,0,1.01,WAS202308130
Ken Waldichuk,waldk003,2023-08-19,2023,OAK,BAL,7,5.7,24,68,4,3,2,1,1.0,OAK202308190
Ken Waldichuk,waldk003,2023-08-24,2023,OAK,CHA,4,5.0,22,76,7,0,3,0,0.99,CHA202308240
Ken Waldichuk,waldk003,2023-08-29,2023,OAK,SEA,3,4.0,19,71,1,5,0,0,1.04,SEA202308290
Ken Waldichuk,waldk003,2023-09-05,2023,OAK,TOR,3,6.0,22,84,4,3,0,1,1.0,OAK202309050
Ken Waldichuk,waldk003,2023-09-22,2023,OAK,DET,7,6.0,22,82,4,0,1,1,1.0,OAK202309220
Ken Waldichuk,waldk003,2023-09-29,2023,OAK,ANA,3,5.0,26,83,7,3,1,0,0.99,ANA202309290
Matt Waldron,waldm003,2023-06-24,2023,SDN,WAS,2,4.7,19,54,4,1,2,1,1.08,SDN202306240
Matt Waldron,waldm003,2023-08-19,2023,SDN,ARI,5,5.0,23,80,5,3,1,1,1.08,SDN202308191
Matt Waldron,waldm003,2023-09-10,2023,SDN,HOU,1,5.0,21,81,4,2,1,0,1.02,HOU202309100
Matt Waldron,waldm003,2023-09-16,2023,SDN,OAK,5,5.3,23,75,7,1,1,0,1.0,OAK202309160
Matt Waldron,waldm003,2023-09-22,2023,SDN,SLN,9,5.7,22,86,3,2,1,1,1.08,SDN202309220
Matt Waldron,waldm003,2023-09-27,2023,SDN,SFN,2,6.0,24,78,5,2,1,0,1.03,SFN202309270
Ryan Walker,walkr001,2023-06-19,2023,SFN,SDN,0,1.7,8,23,3,1,1,1,1.03,SFN202306190
Ryan Walker,walkr001,2023-06-21,2023,SFN,SDN,1,1.0,4,11,0,2,0,1,1.03,SFN202306210
Ryan Walker,walkr001,2023-06-24,2023,SFN,ARI,2,1.0,6,20,2,1,1,1,1.03,SFN202306240
Ryan Walker,walkr001,2023-06-27,2023,SFN,TOR,3,1.0,5,24,2,0,0,0,1.0,TOR202306270
Ryan Walker,walkr001,2023-07-08,2023,SFN,COL,4,2.0,10,45,3,1,1,1,1.03,SFN202307080
Ryan Walker,walkr001,2023-07-26,2023,SFN,OAK,3,2.7,9,34,1,1,0,1,1.03,SFN202307260
Ryan Walker,walkr001,2023-07-29,2023,SFN,BOS,3,2.7,9,27,1,0,0,1,1.03,SFN202307290
Ryan Walker,walkr001,2023-08-09,2023,SFN,ANA,3,1.0,5,13,1,0,0,0,0.99,ANA202308090
Ryan Walker,walkr001,2023-08-14,2023,SFN,TBA,4,2.0,8,34,2,1,0,1,1.03,SFN202308140
Ryan Walker,walkr001,2023-08-16,2023,SFN,TBA,2,1.0,5,14,1,1,0,1,1.03,SFN202308160
Ryan Walker,walkr001,2023-08-26,2023,SFN,ATL,3,1.7,8,26,1,2,0,1,1.03,SFN202308260
Ryan Walker,walkr001,2023-09-05,2023,SFN,CHN,2,1.7,9,28,2,2,0,0,0.97,CHN202309050
Ryan Walker,walkr001,2023-09-24,2023,SFN,LAN,2,1.0,3,9,0,0,0,0,1.03,LAN202309240
Taijuan Walker,walkt004,2023-04-03,2023,PHI,NYA,5,4.3,20,87,4,3,1,0,0.99,NYA202304030
Taijuan Walker,walkt004,2023-04-09,2023,PHI,CIN,5,4.7,21,105,3,5,0,1,1.01,PHI202304090
Taijuan Walker,walkt004,2023-04-14,2023,PHI,CIN,4,6.0,24,91,4,2,0,0,1.0,CIN202304140
Taijuan Walker,walkt004,2023-04-19,2023,PHI,CHA,3,6.3,24,85,5,2,1,0,0.99,CHA202304190
Taijuan Walker,walkt004,2023-04-26,2023,PHI,SEA,6,4.0,19,65,5,2,2,1,1.01,PHI202304260
Taijuan Walker,walkt004,2023-05-01,2023,PHI,LAN,6,3.3,21,78,8,3,3,0,1.03,LAN202305010
Taijuan Walker,walkt004,2023-05-07,2023,PHI,BOS,6,6.0,19,71,3,0,1,1,1.01,PHI202305070
Taijuan Walker,walkt004,2023-05-12,2023,PHI,COL,3,6.0,25,69,7,0,0,0,0.92,COL202305120
Taijuan Walker,walkt004,2023-05-17,2023,PHI,SFN,1,0.7,8,35,4,2,0,0,1.03,SFN202305170
Taijuan Walker,walkt004,2023-05-21,2023,PHI,CHN,3,5.3,19,78,2,3,0,1,1.01,PHI202305210
Taijuan Walker,walkt004,2023-05-26,2023,PHI,ATL,1,6.7,28,83,10,1,1,0,1.02,ATL202305260
Taijuan Walker,walkt004,2023-06-01,2023,PHI,NYN,2,4.0,18,67,2,3,1,0,1.06,NYN202306010
Taijuan Walker,walkt004,2023-06-06,2023,PHI,DET,8,7.0,26,79,2,3,0,1,1.01,PHI202306060
Taijuan Walker,walkt004,2023-06-11,2023,PHI,LAN,5,5.0,19,80,2,2,0,1,1.01,PHI202306110
Taijuan Walker,walkt004,2023-06-16,2023,PHI,OAK,8,8.0,30,90,7,0,0,0,1.0,OAK202306160
Taijuan Walker,walkt004,2023-06-23,2023,PHI,NYN,5,6.0,22,81,3,1,1,1,1.01,PHI202306230
Taijuan Walker,walkt004,2023-06-29,2023,PHI,CHN,6,6.0,27,79,6,1,0,0,0.97,CHN202306290
Taijuan Walker,walkt004,2023-07-05,2023,PHI,TBA,8,7.0,28,96,5,5,1,0,1.05,TBA202307050
Taijuan Walker,walkt004,2023-07-15,2023,PHI,SDN,3,5.0,20,91,3,3,0,1,1.01,PHI202307152
Taijuan Walker,walkt004,2023-07-20,2023,PHI,MIL,6,6.0,25,84,6,2,1,1,1.01,PHI202307200
Taijuan Walker,walkt004,2023-07-25,2023,PHI,BAL,4,5.7,25,80,6,3,0,1,1.01,PHI202307250
Taijuan Walker,walkt004,2023-07-31,2023,PHI,MIA,4,6.7,27,95,6,2,1,0,0.98,MIA202307310
Taijuan Walker,walkt004,2023-08-06,2023,PHI,KCA,2,7.0,30,84,7,1,1,1,1.01,PHI202308060
Taijuan Walker,walkt004,2023-08-12,2023,PHI,MIN,2,5.0,24,72,3,6,2,1,1.01,PHI202308120
Taijuan Walker,walkt004,2023-08-22,2023,PHI,SFN,7,5.0,23,81,6,2,0,1,1.01,PHI202308220
Taijuan Walker,walkt004,2023-08-28,2023,PHI,ANA,6,5.7,28,79,8,2,0,1,1.01,PHI202308280
Taijuan Walker,walkt004,2023-09-04,2023,PHI,SDN,4,5.0,24,97,5,3,1,0,1.08,SDN202309040
Taijuan Walker,walkt004,2023-09-11,2023,PHI,ATL,5,5.3,26,97,6,3,0,1,1.01,PHI202309111
Taijuan Walker,walkt004,2023-09-17,2023,PHI,SLN,3,7.0,30,102,8,1,1,0,1.0,SLN202309170
Taijuan Walker,walkt004,2023-09-22,2023,PHI,NYN,4,6.0,23,85,5,1,0,1,1.01,PHI202309220
Taijuan Walker,walkt004,2023-09-30,2023,PHI,NYN,3,7.0,30,99,4,4,1,0,1.06,NYN202309301
Andrew Wantz,wanta001,2023-09-13,2023,ANA,SEA,1,2.0,7,29,1,0,0,0,1.04,SEA202309130
Andrew Wantz,wanta001,2023-09-24,2023,ANA,MIN,1,2.0,9,30,2,1,0,0,1.0,MIN202309240
Andrew Wantz,wanta001,2023-09-30,2023,ANA,OAK,2,2.0,8,23,1,1,1,1,0.99,ANA202309300
Spenser Watkins,watks003,2023-08-15,2023,OAK,SLN,4,4.3,21,76,7,2,2,0,1.0,SLN202308150
Ryan Weathers,weatr001,2023-04-03,2023,SDN,ARI,2,5.0,20,90,5,1,0,1,1.08,SDN202304030
Ryan Weathers,weatr001,2023-04-11,2023,SDN,NYN,3,5.0,18,82,3,2,0,0,1.06,NYN202304110
Ryan Weathers,weatr001,2023-04-17,2023,SDN,ATL,5,6.0,25,94,6,2,1,1,1.08,SDN202304170
Ryan Weathers,weatr001,2023-05-14,2023,SDN,LAN,3,5.7,22,86,3,4,1,0,1.03,LAN202305140
Ryan Weathers,weatr001,2023-05-24,2023,SDN,WAS,4,6.0,26,74,7,2,0,0,1.01,WAS202305240
Ryan Weathers,weatr001,2023-05-30,2023,SDN,MIA,4,4.0,21,88,7,3,1,0,0.98,MIA202305300
Ryan Weathers,weatr001,2023-06-04,2023,SDN,CHN,1,1.7,12,44,7,1,2,1,1.08,SDN202306040
Ryan Weathers,weatr001,2023-06-10,2023,SDN,COL,2,3.0,11,41,3,0,1,0,0.92,COL202306100
Ryan Weathers,weatr001,2023-06-15,2023,SDN,CLE,2,1.7,12,43,7,0,1,1,1.08,SDN202306150
Ryan Weathers,weatr001,2023-07-15,2023,SDN,PHI,2,4.7,22,71,6,2,2,0,1.01,PHI202307152
Ryan Weathers,weatr001,2023-08-21,2023,MIA,SDN,4,3.3,18,80,5,5,1,0,1.08,SDN202308210
Ryan Weathers,weatr001,2023-10-01,2023,MIA,PIT,5,6.0,22,99,2,3,0,0,1.0,PIT202310010
Luke Weaver,weavl001,2023-04-20,2023,CIN,PIT,8,6.0,23,84,4,2,2,0,1.0,PIT202304200
Luke Weaver,weavl001,2023-04-25,2023,CIN,TEX,8,5.7,28,90,8,2,3,1,1.0,CIN202304250
Luke Weaver,weavl001,2023-05-01,2023,CIN,SDN,3,4.3,22,69,9,2,0,0,1.08,SDN202305010
Luke Weaver,weavl001,2023-05-09,2023,CIN,NYN,2,6.0,23,79,4,1,3,1,1.0,CIN202305090
Luke Weaver,weavl001,2023-05-14,2023,CIN,MIA,6,5.3,24,81,7,1,0,0,0.98,MIA202305140
Luke Weaver,weavl001,2023-05-20,2023,CIN,NYA,4,4.3,20,73,8,0,1,1,1.0,CIN202305200
Luke Weaver,weavl001,2023-05-25,2023,CIN,SLN,6,6.3,24,67,3,1,0,1,1.0,CIN202305250
Luke Weaver,weavl001,2023-05-31,2023,CIN,BOS,5,5.7,23,74,7,0,2,0,0.98,BOS202305310
Luke Weaver,weavl001,2023-06-06,2023,CIN,LAN,4,3.7,19,81,6,2,1,1,1.0,CIN202306060
Luke Weaver,weavl001,2023-06-12,2023,CIN,KCA,3,4.7,22,79,5,4,0,0,0.96,KCA202306120
Luke Weaver,weavl001,2023-06-18,2023,CIN,HOU,1,5.0,28,92,10,2,1,0,1.02,HOU202306180
Luke Weaver,weavl001,2023-06-23,2023,CIN,ATL,3,3.3,18,77,7,1,1,1,1.0,CIN202306230
Luke Weaver,weavl001,2023-06-28,2023,CIN,BAL,2,4.3,21,65,6,2,0,0,1.0,BAL202306280
Luke Weaver,weavl001,2023-07-03,2023,CIN,WAS,2,5.0,22,74,6,1,1,0,1.01,WAS202307030
Luke Weaver,weavl001,2023-07-08,2023,CIN,MIL,1,3.7,18,71,6,2,2,0,1.05,MIL202307080
Luke Weaver,weavl001,2023-07-18,2023,CIN,SFN,6,2.7,13,46,4,1,2,1,1.0,CIN202307180
Luke Weaver,weavl001,2023-07-23,2023,CIN,ARI,1,4.0,22,63,8,2,1,1,1.0,CIN202307230
Luke Weaver,weavl001,2023-07-29,2023,CIN,LAN,2,6.0,23,84,2,2,2,0,1.03,LAN202307290
Luke Weaver,weavl001,2023-08-03,2023,CIN,CHN,5,3.0,18,74,4,4,0,0,0.97,CHN202308030
Luke Weaver,weavl001,2023-08-08,2023,CIN,MIA,6,4.3,19,73,5,1,0,1,1.0,CIN202308080
Luke Weaver,weavl001,2023-08-13,2023,CIN,PIT,7,3.7,18,68,6,1,2,0,1.0,PIT202308132
Luke Weaver,weavl001,2023-08-29,2023,SEA,OAK,0,3.7,17,57,7,0,2,1,1.04,SEA202308290
Luke Weaver,weavl001,2023-09-16,2023,NYA,PIT,7,4.0,18,72,4,2,1,0,1.0,PIT202309160
Luke Weaver,weavl001,2023-09-22,2023,NYA,ARI,3,5.3,20,67,4,0,0,1,0.99,NYA202309220
Luke Weaver,weavl001,2023-09-28,2023,NYA,TOR,6,4.0,19,77,6,1,2,0,1.0,TOR202309280
Logan Webb,webbl001,2023-03-30,2023,SFN,NYA,12,6.0,24,80,4,2,2,0,0.99,NYA202303300
Logan Webb,webbl001,2023-04-05,2023,SFN,CHA,4,5.0,22,76,9,0,0,0,0.99,CHA202304050
Logan Webb,webbl001,2023-04-10,2023,SFN,LAN,6,6.0,24,94,5,1,2,1,1.03,SFN202304100
Logan Webb,webbl001,2023-04-17,2023,SFN,MIA,6,6.7,27,96,8,0,1,0,0.98,MIA202304170
Logan Webb,webbl001,2023-04-22,2023,SFN,NYN,8,7.0,25,85,5,1,1,1,1.03,SFN202304220
Logan Webb,webbl001,2023-04-27,2023,SFN,SLN,7,6.7,27,86,7,1,1,1,1.03,SFN202304270
Logan Webb,webbl001,2023-05-03,2023,SFN,HOU,5,7.7,29,87,5,2,1,0,1.02,HOU202305030
Logan Webb,webbl001,2023-05-09,2023,SFN,WAS,7,7.0,30,103,9,1,0,1,1.03,SFN202305090
Logan Webb,webbl001,2023-05-14,2023,SFN,ARI,3,7.0,27,87,3,3,0,0,1.03,ARI202305140
Logan Webb,webbl001,2023-05-20,2023,SFN,MIA,7,6.0,22,74,4,2,0,1,1.03,SFN202305200
Logan Webb,webbl001,2023-05-27,2023,SFN,MIL,11,7.0,26,92,4,1,0,0,1.05,MIL202305270
Logan Webb,webbl001,2023-06-02,2023,SFN,BAL,6,7.0,26,71,4,1,1,1,1.03,SFN202306020
Logan Webb,webbl001,2023-06-07,2023,SFN,COL,3,5.3,25,96,8,2,1,0,0.92,COL202306070
Logan Webb,webbl001,2023-06-12,2023,SFN,SLN,6,7.0,27,88,7,0,2,0,1.0,SLN202306120
Logan Webb,webbl001,2023-06-18,2023,SFN,LAN,5,7.0,31,91,8,2,0,0,1.03,LAN202306180
Logan Webb,webbl001,2023-06-23,2023,SFN,ARI,5,7.0,28,84,5,2,1,1,1.03,SFN202306230
Logan Webb,webbl001,2023-06-28,2023,SFN,TOR,5,5.0,22,84,8,0,0,0,1.0,TOR202306280
Logan Webb,webbl001,2023-07-03,2023,SFN,SEA,11,6.7,29,91,7,2,0,1,1.03,SFN202307030
Logan Webb,webbl001,2023-07-09,2023,SFN,COL,10,9.0,31,92,7,0,0,1,1.03,SFN202307090
Logan Webb,webbl001,2023-07-17,2023,SFN,CIN,7,7.0,24,81,4,0,2,0,1.0,CIN202307170
Logan Webb,webbl001,2023-07-22,2023,SFN,WAS,2,1.3,10,51,5,1,1,0,1.01,WAS202307220
Logan Webb,webbl001,2023-07-28,2023,SFN,BOS,4,7.3,27,73,6,0,1,1,1.03,SFN202307280
Logan Webb,webbl001,2023-08-02,2023,SFN,ARI,5,7.0,24,94,4,1,0,1,1.03,SFN202308020
Logan Webb,webbl001,2023-08-07,2023,SFN,ANA,6,5.7,24,92,7,0,0,0,0.99,ANA202308070
Logan Webb,webbl001,2023-08-13,2023,SFN,TEX,6,8.7,33,97,6,1,0,1,1.03,SFN202308130
Logan Webb,webbl001,2023-08-19,2023,SFN,ATL,5,6.0,26,88,9,0,1,0,1.02,ATL202308190
Logan Webb,webbl001,2023-08-25,2023,SFN,ATL,1,5.3,21,88,6,1,1,1,1.03,SFN202308250
Logan Webb,webbl001,2023-08-30,2023,SFN,CIN,6,6.0,24,81,7,0,0,1,1.03,SFN202308300
Logan Webb,webbl001,2023-09-04,2023,SFN,CHN,4,6.7,26,77,5,1,1,0,0.97,CHN202309040
Logan Webb,webbl001,2023-09-09,2023,SFN,COL,4,6.0,21,77,3,1,0,1,1.03,SFN202309090
Logan Webb,webbl001,2023-09-15,2023,SFN,COL,6,8.0,27,88,4,0,0,0,0.92,COL202309150
Logan Webb,webbl001,2023-09-20,2023,SFN,ARI,4,6.0,27,83,9,2,0,0,1.03,ARI202309200
Logan Webb,webbl001,2023-09-25,2023,SFN,SDN,7,9.0,34,97,9,0,0,1,1.03,SFN202309250
Tyler Wells,wellt003,2023-04-09,2023,BAL,NYA,6,6.0,23,82,6,0,2,1,1.0,BAL202304090
Tyler Wells,wellt003,2023-04-14,2023,BAL,CHA,3,5.3,22,85,5,1,1,0,0.99,CHA202304140
Tyler Wells,wellt003,2023-04-21,2023,BAL,DET,5,7.0,23,82,3,1,0,1,1.0,BAL202304210
Tyler Wells,wellt003,2023-04-26,2023,BAL,BOS,7,5.7,21,89,4,1,1,1,1.0,BAL202304260
Tyler Wells,wellt003,2023-05-02,2023,BAL,KCA,4,6.0,25,82,3,3,3,0,0.96,KCA202305020
Tyler Wells,wellt003,2023-05-07,2023,BAL,ATL,4,5.0,20,96,3,1,1,0,1.02,ATL202305070
Tyler Wells,wellt003,2023-05-13,2023,BAL,PIT,8,7.0,24,88,1,2,0,1,1.0,BAL202305130
Tyler Wells,wellt003,2023-05-18,2023,BAL,ANA,7,5.0,22,77,6,1,2,1,1.0,BAL202305180
Tyler Wells,wellt003,2023-05-24,2023,BAL,NYA,8,5.0,22,67,5,2,3,0,0.99,NYA202305240
Tyler Wells,wellt003,2023-05-29,2023,BAL,CLE,7,6.0,23,97,4,0,0,1,1.0,BAL202305290
Tyler Wells,wellt003,2023-06-04,2023,BAL,SFN,9,5.3,22,84,4,2,1,0,1.03,SFN202306040
Tyler Wells,wellt003,2023-06-09,2023,BAL,KCA,4,6.7,26,80,5,1,0,1,1.0,BAL202306090
Tyler Wells,wellt003,2023-06-15,2023,BAL,TOR,8,6.7,25,83,5,1,2,1,1.0,BAL202306150
Tyler Wells,wellt003,2023-06-21,2023,BAL,TBA,6,5.0,21,90,4,3,2,0,1.05,TBA202306210
Tyler Wells,wellt003,2023-06-27,2023,BAL,CIN,7,6.0,23,90,4,1,1,1,1.0,BAL202306270
Tyler Wells,wellt003,2023-07-03,2023,BAL,NYA,4,6.0,24,81,5,2,2,0,0.99,NYA202307030
Tyler Wells,wellt003,2023-07-08,2023,BAL,MIN,4,6.0,24,75,6,2,0,0,1.0,MIN202307080
Tyler Wells,wellt003,2023-07-18,2023,BAL,LAN,2,2.0,14,54,6,2,1,1,1.0,BAL202307180
Tyler Wells,wellt003,2023-07-23,2023,BAL,TBA,5,4.3,20,71,1,4,1,0,1.05,TBA202307230
Tyler Wells,wellt003,2023-07-29,2023,BAL,NYA,1,2.7,14,48,3,3,2,1,1.0,BAL202307290
Joey Wentz,wentj001,2023-04-02,2023,DET,TBA,3,5.3,21,67,4,1,1,0,1.05,TBA202304020
Joey Wentz,wentj001,2023-04-08,2023,DET,BOS,0,1.7,10,36,1,4,0,1,1.0,DET202304080
Joey Wentz,wentj001,2023-04-14,2023,DET,SFN,7,5.7,23,94,6,1,1,1,1.0,DET202304140
Joey Wentz,wentj001,2023-04-22,2023,DET,BAL,4,4.0,20,68,6,2,1,0,1.0,BAL202304220
Joey Wentz,wentj001,2023-04-27,2023,DET,BAL,6,5.7,22,73,4,1,0,1,1.0,DET202304270
Joey Wentz,wentj001,2023-05-03,2023,DET,NYN,2,6.0,26,79,9,1,3,1,1.0,DET202305031
Joey Wentz,wentj001,2023-05-08,2023,DET,CLE,5,5.7,22,90,3,3,1,0,1.04,CLE202305080
Joey Wentz,wentj001,2023-05-14,2023,DET,SEA,3,2.7,16,49,6,1,0,1,1.0,DET202305140
Joey Wentz,wentj001,2023-05-21,2023,DET,WAS,1,2.0,16,50,10,0,2,0,1.01,WAS202305210
Joey Wentz,wentj001,2023-05-26,2023,DET,CHA,4,4.0,20,73,6,2,0,1,1.0,DET202305260
Joey Wentz,wentj001,2023-05-31,2023,DET,TEX,5,4.3,21,70,7,1,0,1,1.0,DET202305310
Joey Wentz,wentj001,2023-06-05,2023,DET,PHI,4,4.7,24,81,7,5,2,0,1.01,PHI202306050
Joey Wentz,wentj001,2023-06-17,2023,DET,MIN,9,6.0,21,84,2,1,0,0,1.0,MIN202306170
Joey Wentz,wentj001,2023-06-23,2023,DET,MIN,4,5.0,25,85,5,4,2,1,1.0,DET202306230
Joey Wentz,wentj001,2023-06-28,2023,DET,TEX,5,4.7,27,84,9,2,2,0,0.99,TEX202306280
Joey Wentz,wentj001,2023-08-07,2023,DET,MIN,2,3.0,20,65,10,1,2,1,1.0,DET202308070
Joey Wentz,wentj001,2023-08-18,2023,DET,CLE,3,5.0,21,71,4,2,0,0,1.04,CLE202308182
Joey Wentz,wentj001,2023-09-12,2023,DET,CIN,1,2.7,18,69,6,3,0,1,1.0,DET202309120
Joey Wentz,wentj001,2023-09-29,2023,DET,CLE,2,2.3,18,52,8,3,2,1,1.0,DET202309290
Hayden Wesneski,wesnh001,2023-04-04,2023,CHN,CIN,4,4.7,20,87,6,2,2,0,1.0,CIN202304040
Hayden Wesneski,wesnh001,2023-04-11,2023,CHN,SEA,0,1.3,15,56,6,4,1,1,0.97,CHN202304110
Hayden Wesneski,wesnh001,2023-04-17,2023,CHN,OAK,7,7.0,26,76,5,0,0,0,1.0,OAK202304170
Hayden Wesneski,wesnh001,2023-04-22,2023,CHN,LAN,1,4.3,19,62,5,1,1,1,0.97,CHN202304220
Hayden Wesneski,wesnh001,2023-04-27,2023,CHN,SDN,3,5.0,20,66,4,1,1,1,0.97,CHN202304270
Hayden Wesneski,wesnh001,2023-05-02,2023,CHN,WAS,2,6.0,23,62,5,0,0,0,1.01,WAS202305020
Hayden Wesneski,wesnh001,2023-05-07,2023,CHN,MIA,6,6.0,22,73,5,0,1,1,0.97,CHN202305070
Hayden Wesneski,wesnh001,2023-05-13,2023,CHN,MIN,5,5.0,23,92,7,1,4,0,1.0,MIN202305130
Hayden Wesneski,wesnh001,2023-06-06,2023,CHN,ANA,4,4.7,19,70,2,1,1,0,0.99,ANA202306060
Hayden Wesneski,wesnh001,2023-06-11,2023,CHN,SFN,4,3.0,15,41,4,1,2,0,1.03,SFN202306110
Hayden Wesneski,wesnh001,2023-07-28,2023,CHN,SLN,4,2.0,9,32,2,1,1,0,1.0,SLN202307280
Zack Wheeler,wheez001,2023-04-01,2023,PHI,TEX,7,4.3,22,90,7,1,1,0,0.99,TEX202304010
Zack Wheeler,wheez001,2023-04-07,2023,PHI,CIN,5,5.3,22,89,5,3,0,1,1.01,PHI202304070
Zack Wheeler,wheez001,2023-04-12,2023,PHI,MIA,6,6.0,24,83,3,3,0,1,1.01,PHI202304120
Zack Wheeler,wheez001,2023-04-18,2023,PHI,CHA,5,5.0,24,94,8,0,0,0,0.99,CHA202304181
Zack Wheeler,wheez001,2023-04-23,2023,PHI,COL,11,6.0,25,96,3,3,0,1,1.01,PHI202304230
Zack Wheeler,wheez001,2023-04-29,2023,PHI,HOU,7,6.0,23,86,3,1,0,0,1.02,HOU202304290
Zack Wheeler,wheez001,2023-05-05,2023,PHI,BOS,5,5.3,25,95,7,0,0,1,1.01,PHI202305050
Zack Wheeler,wheez001,2023-05-10,2023,PHI,TOR,7,7.0,25,95,3,1,1,1,1.01,PHI202305100
Zack Wheeler,wheez001,2023-05-16,2023,PHI,SFN,8,6.0,28,79,9,1,0,0,1.03,SFN202305160
Zack Wheeler,wheez001,2023-05-22,2023,PHI,ARI,3,6.0,27,76,8,1,2,1,1.01,PHI202305220
Zack Wheeler,wheez001,2023-05-27,2023,PHI,ATL,12,8.0,29,102,3,1,0,0,1.02,ATL202305270
Zack Wheeler,wheez001,2023-06-02,2023,PHI,WAS,3,3.7,20,87,8,1,1,0,1.01,WAS202306020
Zack Wheeler,wheez001,2023-06-08,2023,PHI,DET,8,7.3,26,100,2,1,0,1,1.01,PHI202306080
Zack Wheeler,wheez001,2023-06-13,2023,PHI,ARI,7,6.0,23,84,4,1,0,0,1.03,ARI202306130
Zack Wheeler,wheez001,2023-06-18,2023,PHI,OAK,4,6.0,25,99,6,2,0,0,1.0,OAK202306180
Zack Wheeler,wheez001,2023-06-25,2023,PHI,NYN,8,5.3,28,96,9,2,1,1,1.01,PHI202306250
Zack Wheeler,wheez001,2023-07-01,2023,PHI,WAS,6,5.0,22,73,7,0,1,1,1.01,PHI202307010
Zack Wheeler,wheez001,2023-07-07,2023,PHI,MIA,7,6.0,25,89,7,0,1,0,0.98,MIA202307070
Zack Wheeler,wheez001,2023-07-16,2023,PHI,SDN,7,7.0,26,81,5,0,2,1,1.01,PHI202307160
Zack Wheeler,wheez001,2023-07-22,2023,PHI,CLE,8,7.0,26,98,5,1,0,0,1.04,CLE202307220
Zack Wheeler,wheez001,2023-07-28,2023,PHI,PIT,11,6.7,24,82,3,1,0,0,1.0,PIT202307280
Zack Wheeler,wheez001,2023-08-02,2023,PHI,MIA,4,6.0,25,88,5,1,2,0,0.98,MIA202308020
Zack Wheeler,wheez001,2023-08-08,2023,PHI,WAS,6,6.0,26,83,7,0,2,1,1.01,PHI202308081
Zack Wheeler,wheez001,2023-08-15,2023,PHI,TOR,5,7.0,26,92,3,4,0,0,1.0,TOR202308150
Zack Wheeler,wheez001,2023-08-20,2023,PHI,WAS,5,7.0,28,90,7,1,0,0,1.01,WAS202308200
Zack Wheeler,wheez001,2023-08-26,2023,PHI,SLN,10,7.0,24,76,3,0,1,1,1.01,PHI202308260
Zack Wheeler,wheez001,2023-09-01,2023,PHI,MIL,10,6.0,23,91,5,0,1,0,1.05,MIL202309010
Zack Wheeler,wheez001,2023-09-06,2023,PHI,SDN,7,6.0,21,85,1,2,0,0,1.08,SDN202309060
Zack Wheeler,wheez001,2023-09-12,2023,PHI,ATL,4,5.0,25,88,7,3,3,1,1.01,PHI202309120
Zack Wheeler,wheez001,2023-09-18,2023,PHI,ATL,5,6.0,23,85,3,2,1,0,1.02,ATL202309180
Zack Wheeler,wheez001,2023-09-23,2023,PHI,NYN,6,7.0,30,76,8,1,0,1,1.01,PHI202309230
Zack Wheeler,wheez001,2023-09-28,2023,PHI,PIT,5,4.0,17,57,4,1,0,1,1.01,PHI202309280
Brendan White,whitb002,2023-07-01,2023,DET,COL,1,1.3,6,24,1,1,0,0,0.92,COL202307010
Brendan White,whitb002,2023-08-30,2023,DET,NYA,2,0.7,7,24,2,1,0,1,1.0,DET202308300
Garrett Whitlock,whitg002,2023-04-11,2023,BOS,TBA,5,5.0,21,80,8,0,3,0,1.05,TBA202304110
Garrett Whitlock,whitg002,2023-04-16,2023,BOS,ANA,5,7.0,23,92,3,2,0,1,0.98,BOS202304160
Garrett Whitlock,whitg002,2023-04-22,2023,BOS,MIL,1,4.0,21,73,8,1,1,0,1.05,MIL202304220
Garrett Whitlock,whitg002,2023-05-27,2023,BOS,ARI,4,5.0,18,83,3,0,1,0,1.03,ARI202305270
Garrett Whitlock,whitg002,2023-06-03,2023,BOS,TBA,5,4.7,23,94,6,2,0,1,0.98,BOS202306031
Garrett Whitlock,whitg002,2023-06-09,2023,BOS,NYA,6,6.3,26,80,7,1,1,0,0.99,NYA202306090
Garrett Whitlock,whitg002,2023-06-14,2023,BOS,COL,7,7.0,26,75,6,1,0,1,0.98,BOS202306140
Garrett Whitlock,whitg002,2023-06-21,2023,BOS,MIN,6,7.0,28,84,8,0,1,0,1.0,MIN202306210
Garrett Whitlock,whitg002,2023-06-27,2023,BOS,MIA,7,4.7,26,83,11,0,2,1,0.98,BOS202306270
Garrett Whitlock,whitg002,2023-07-02,2023,BOS,TOR,1,1.0,4,18,1,0,1,0,1.0,TOR202307020
Jordan Wicks,wickj001,2023-08-26,2023,CHN,PIT,9,5.0,18,76,2,1,1,0,1.0,PIT202308260
Jordan Wicks,wickj001,2023-09-01,2023,CHN,CIN,3,5.0,23,74,5,3,0,0,1.0,CIN202309011
Jordan Wicks,wickj001,2023-09-06,2023,CHN,SFN,1,6.7,27,83,9,0,0,1,0.97,CHN202309060
Jordan Wicks,wickj001,2023-09-11,2023,CHN,COL,2,6.0,21,81,3,1,0,0,0.92,COL202309110
Jordan Wicks,wickj001,2023-09-17,2023,CHN,ARI,5,4.3,23,86,4,4,0,0,1.03,ARI202309170
Jordan Wicks,wickj001,2023-09-24,2023,CHN,COL,3,6.0,23,67,4,1,2,1,0.97,CHN202309240
Jordan Wicks,wickj001,2023-09-30,2023,CHN,MIL,1,1.7,12,37,6,1,2,0,1.05,MIL202309300
Brandon Williamson,willb003,2023-05-16,2023,CIN,COL,6,5.7,20,61,2,2,1,0,0.92,COL202305160
Brandon Williamson,willb003,2023-05-22,2023,CIN,SLN,3,4.3,21,75,4,4,1,1,1.0,CIN202305220
Brandon Williamson,willb003,2023-05-27,2023,CIN,CHN,3,4.3,22,77,6,3,0,0,0.97,CHN202305270
Brandon Williamson,willb003,2023-06-02,2023,CIN,MIL,6,6.7,28,77,5,2,1,1,1.0,CIN202306020
Brandon Williamson,willb003,2023-06-07,2023,CIN,LAN,3,5.7,27,91,8,2,3,1,1.0,CIN202306070
Brandon Williamson,willb003,2023-06-13,2023,CIN,KCA,1,5.0,20,73,7,0,1,0,0.96,KCA202306130
Brandon Williamson,willb003,2023-06-19,2023,CIN,COL,5,5.0,21,71,6,0,1,1,1.0,CIN202306190
Brandon Williamson,willb003,2023-06-26,2023,CIN,BAL,2,2.0,12,60,2,4,0,0,1.0,BAL202306260
Brandon Williamson,willb003,2023-07-01,2023,CIN,SDN,5,5.0,18,70,3,1,0,1,1.0,CIN202307010
Brandon Williamson,willb003,2023-07-06,2023,CIN,WAS,4,3.0,11,41,1,1,0,0,1.01,WAS202307060
Brandon Williamson,willb003,2023-07-17,2023,CIN,SFN,3,6.0,24,77,4,3,2,1,1.0,CIN202307170
Brandon Williamson,willb003,2023-07-22,2023,CIN,ARI,5,6.0,21,68,3,1,0,1,1.0,CIN202307220
Brandon Williamson,willb003,2023-07-28,2023,CIN,LAN,2,5.7,24,68,8,4,0,0,1.03,LAN202307280
Brandon Williamson,willb003,2023-08-02,2023,CIN,CHN,7,4.3,19,68,4,2,2,0,0.97,CHN202308020
Brandon Williamson,willb003,2023-08-07,2023,CIN,MIA,9,6.7,24,75,3,0,1,1,1.0,CIN202308070
Brandon Williamson,willb003,2023-08-13,2023,CIN,PIT,6,5.7,21,76,2,2,0,0,1.0,PIT202308131
Brandon Williamson,willb003,2023-08-19,2023,CIN,TOR,6,5.7,27,94,9,1,1,1,1.0,CIN202308190
Brandon Williamson,willb003,2023-08-24,2023,CIN,ARI,6,6.0,25,73,6,1,0,0,1.03,ARI202308240
Brandon Williamson,willb003,2023-08-29,2023,CIN,SFN,5,6.0,24,91,6,0,1,0,1.03,SFN202308290
Brandon Williamson,willb003,2023-09-12,2023,CIN,DET,4,4.0,20,74,7,2,1,0,1.0,DET202309120
Brandon Williamson,willb003,2023-09-17,2023,CIN,NYN,2,4.0,20,67,6,1,0,0,1.06,NYN202309170
Brandon Williamson,willb003,2023-09-24,2023,CIN,PIT,3,4.3,18,64,4,1,1,1,1.0,CIN202309240
Brandon Williamson,willb003,2023-09-29,2023,CIN,SLN,2,6.0,24,77,5,2,1,0,1.0,SLN202309290
Gavin Williams,willg004,2023-06-21,2023,CLE,OAK,4,5.7,23,67,4,3,1,1,1.04,CLE202306210
Gavin Williams,willg004,2023-06-27,2023,CLE,KCA,6,7.0,23,81,1,1,0,0,0.96,KCA202306270
Gavin Williams,willg004,2023-07-03,2023,CLE,ATL,2,6.3,26,77,7,2,3,1,1.04,CLE202307030
Gavin Williams,willg004,2023-07-08,2023,CLE,KCA,7,5.7,26,82,8,1,0,1,1.04,CLE202307080
Gavin Williams,willg004,2023-07-15,2023,CLE,TEX,4,5.0,22,84,4,4,0,0,0.99,TEX202307150
Gavin Williams,willg004,2023-07-21,2023,CLE,PHI,3,4.0,20,66,5,4,0,1,1.04,CLE202307210
Gavin Williams,willg004,2023-07-26,2023,CLE,KCA,5,4.0,17,64,3,2,0,1,1.04,CLE202307260
Gavin Williams,willg004,2023-08-01,2023,CLE,HOU,6,5.0,22,82,4,4,0,0,1.02,HOU202308010
Gavin Williams,willg004,2023-08-07,2023,CLE,TOR,12,7.0,23,83,1,1,0,1,1.04,CLE202308070
Gavin Williams,willg004,2023-08-12,2023,CLE,TBA,10,5.0,20,80,5,0,1,0,1.05,TBA202308120
Gavin Williams,willg004,2023-08-18,2023,CLE,DET,4,5.0,23,82,6,2,1,1,1.04,CLE202308181
Gavin Williams,willg004,2023-08-24,2023,CLE,LAN,5,4.3,24,86,8,2,1,1,1.04,CLE202308240
Gavin Williams,willg004,2023-08-29,2023,CLE,MIN,0,1.0,6,30,0,1,0,0,1.0,MIN202308290
Gavin Williams,willg004,2023-09-06,2023,CLE,MIN,4,5.0,20,58,1,4,0,1,1.04,CLE202309060
Gavin Williams,willg004,2023-09-11,2023,CLE,SFN,2,6.0,26,88,5,4,1,0,1.03,SFN202309110
Gavin Williams,willg004,2023-09-17,2023,CLE,TEX,7,6.0,24,86,4,2,0,1,1.04,CLE202309170
Trevor Williams,willt002,2023-04-03,2023,WAS,TBA,3,5.0,22,93,6,1,2,1,1.01,WAS202304030
Trevor Williams,willt002,2023-04-08,2023,WAS,COL,4,5.3,21,73,5,0,0,0,0.92,COL202304080
Trevor Williams,willt002,2023-04-14,2023,WAS,CLE,2,5.0,21,95,4,2,0,1,1.01,WAS202304140
Trevor Williams,willt002,2023-04-21,2023,WAS,MIN,4,6.0,22,78,4,1,1,0,1.0,MIN202304210
Trevor Williams,willt002,2023-04-27,2023,WAS,NYN,4,5.0,27,85,9,2,1,0,1.06,NYN202304270
Trevor Williams,willt002,2023-05-02,2023,WAS,CHN,4,5.3,21,82,4,1,0,1,1.01,WAS202305020
Trevor Williams,willt002,2023-05-07,2023,WAS,ARI,5,4.3,21,66,7,2,2,0,1.03,ARI202305070
Trevor Williams,willt002,2023-05-13,2023,WAS,NYN,1,2.3,9,35,2,0,0,1,1.01,WAS202305130
Trevor Williams,willt002,2023-05-18,2023,WAS,MIA,5,6.0,25,92,5,1,1,0,0.98,MIA202305180
Trevor Williams,willt002,2023-05-24,2023,WAS,SDN,5,5.7,23,64,3,3,2,1,1.01,WAS202305240
Trevor Williams,willt002,2023-05-29,2023,WAS,LAN,3,5.0,24,79,6,3,1,0,1.03,LAN202305290
Trevor Williams,willt002,2023-06-04,2023,WAS,PHI,6,5.7,27,96,6,4,2,1,1.01,WAS202306040
Trevor Williams,willt002,2023-06-11,2023,WAS,ATL,6,5.0,23,78,7,1,1,0,1.02,ATL202306110
Trevor Williams,willt002,2023-06-16,2023,WAS,MIA,2,4.3,22,78,7,3,1,1,1.01,WAS202306160
Trevor Williams,willt002,2023-06-21,2023,WAS,SLN,4,6.0,21,71,5,0,0,1,1.01,WAS202306210
Trevor Williams,willt002,2023-06-26,2023,WAS,SEA,4,4.0,21,73,8,1,2,0,1.04,SEA202306260
Trevor Williams,willt002,2023-07-02,2023,WAS,PHI,1,5.0,23,75,6,2,2,0,1.01,PHI202307020
Trevor Williams,willt002,2023-07-07,2023,WAS,TEX,5,6.0,28,102,7,3,0,1,1.01,WAS202307070
Trevor Williams,willt002,2023-07-14,2023,WAS,SLN,5,2.7,11,44,1,1,1,0,1.0,SLN202307140
Trevor Williams,willt002,2023-07-19,2023,WAS,CHN,1,5.0,23,82,7,2,1,0,0.97,CHN202307190
Trevor Williams,willt002,2023-07-25,2023,WAS,COL,3,6.0,25,82,9,0,1,1,1.01,WAS202307250
Trevor Williams,willt002,2023-07-30,2023,WAS,NYN,2,4.0,23,75,7,4,1,0,1.06,NYN202307300
Trevor Williams,willt002,2023-08-08,2023,WAS,PHI,7,4.7,23,85,8,1,3,0,1.01,PHI202308081
Trevor Williams,willt002,2023-08-13,2023,WAS,OAK,4,4.3,21,81,6,2,3,1,1.01,WAS202308130
Trevor Williams,willt002,2023-08-20,2023,WAS,PHI,4,6.0,23,91,2,3,0,1,1.01,WAS202308200
Trevor Williams,willt002,2023-08-27,2023,WAS,MIA,5,7.0,28,91,5,2,1,0,0.98,MIA202308270
Trevor Williams,willt002,2023-09-02,2023,WAS,MIA,3,4.0,24,69,12,0,4,1,1.01,WAS202309020
Trevor Williams,willt002,2023-09-10,2023,WAS,LAN,4,4.3,25,96,8,4,1,1,1.01,WAS202309100
Trevor Williams,willt002,2023-09-16,2023,WAS,MIL,1,2.0,12,64,5,2,0,0,1.05,MIL202309160
Trevor Williams,willt002,2023-09-29,2023,WAS,ATL,4,3.3,20,75,7,2,0,0,1.02,ATL202309290
Allan Winans,winaa001,2023-07-22,2023,ATL,MIL,5,4.3,18,66,5,1,0,0,1.05,MIL202307220
Allan Winans,winaa001,2023-08-12,2023,ATL,NYN,9,7.0,28,97,4,2,0,0,1.06,NYN202308121
Allan Winans,winaa001,2023-08-21,2023,ATL,NYN,4,4.3,23,79,9,1,2,1,1.02,ATL202308210
Allan Winans,winaa001,2023-09-10,2023,ATL,PIT,8,6.3,25,86,6,0,0,1,1.02,ATL202309100
Allan Winans,winaa001,2023-09-24,2023,ATL,WAS,6,5.0,23,83,7,2,0,0,1.01,WAS202309241
Allan Winans,winaa001,2023-09-29,2023,ATL,WAS,2,5.3,24,83,6,2,3,1,1.02,ATL202309290
Josh Winckowski,wincj001,2023-08-20,2023,BOS,NYA,2,1.0,4,12,0,1,0,0,0.99,NYA202308200
Keaton Winn,winnk001,2023-06-29,2023,SFN,TOR,3,6.0,23,62,3,1,1,0,1.0,TOR202306290
Keaton Winn,winnk001,2023-07-04,2023,SFN,SEA,2,4.0,20,62,6,1,1,1,1.03,SFN202307040
Keaton Winn,winnk001,2023-09-10,2023,SFN,COL,9,6.0,23,57,5,0,0,1,1.03,SFN202309100
Keaton Winn,winnk001,2023-09-16,2023,SFN,COL,5,4.0,17,67,3,2,0,0,0.92,COL202309161
Keaton Winn,winnk001,2023-09-29,2023,SFN,LAN,5,5.3,22,72,6,0,3,1,1.03,SFN202309290
Jackson Wolf,wolfj001,2023-07-22,2023,SDN,DET,1,5.0,22,74,6,1,0,0,1.0,DET202307220
Bryan Woo,woo-b001,2023-06-03,2023,SEA,TEX,4,2.0,14,41,7,1,0,0,0.99,TEX202306030
Bryan Woo,woo-b001,2023-06-10,2023,SEA,ANA,7,4.7,19,64,4,1,1,0,0.99,ANA202306100
Bryan Woo,woo-b001,2023-06-16,2023,SEA,CHA,9,5.7,20,76,3,0,2,1,1.04,SEA202306160
Bryan Woo,woo-b001,2023-06-22,2023,SEA,NYA,5,5.3,21,84,2,3,0,0,0.99,NYA202306220
Bryan Woo,woo-b001,2023-06-27,2023,SEA,WAS,7,5.0,22,88,6,1,0,1,1.04,SEA202306270
Bryan Woo,woo-b001,2023-07-03,2023,SEA,SFN,7,6.0,23,66,3,2,1,0,1.03,SFN202307030
Bryan Woo,woo-b001,2023-07-08,2023,SEA,HOU,4,6.0,22,76,3,1,0,0,1.02,HOU202307080
Bryan Woo,woo-b001,2023-07-18,2023,SEA,MIN,4,3.3,22,81,8,3,2,1,1.04,SEA202307180
Bryan Woo,woo-b001,2023-07-23,2023,SEA,TOR,7,6.0,24,82,4,1,2,1,1.04,SEA202307230
Bryan Woo,woo-b001,2023-07-29,2023,SEA,ARI,0,5.0,22,71,7,2,0,0,1.03,ARI202307290
Bryan Woo,woo-b001,2023-08-03,2023,SEA,ANA,6,6.0,23,76,4,2,0,0,0.99,ANA202308030
Bryan Woo,woo-b001,2023-08-22,2023,SEA,CHA,3,4.0,17,63,3,1,0,0,0.99,CHA202308220
Bryan Woo,woo-b001,2023-08-28,2023,SEA,OAK,5,6.0,20,53,3,1,0,1,1.04,SEA202308280
Bryan Woo,woo-b001,2023-09-04,2023,SEA,CIN,0,5.0,26,72,4,3,1,0,1.0,CIN202309040
Bryan Woo,woo-b001,2023-09-12,2023,SEA,ANA,8,5.7,21,66,4,0,0,1,1.04,SEA202309120
Bryan Woo,woo-b001,2023-09-18,2023,SEA,OAK,6,5.0,21,79,3,4,0,0,1.0,OAK202309180
Bryan Woo,woo-b001,2023-09-24,2023,SEA,TEX,6,3.3,17,65,5,2,4,0,0.99,TEX202309240
Bryan Woo,woo-b001,2023-09-29,2023,SEA,TEX,5,3.7,17,65,2,3,0,1,1.04,SEA202309290
Alex Wood,wooda002,2023-04-06,2023,SFN,CHA,3,3.0,18,71,6,2,0,0,0.99,CHA202304060
Alex Wood,wooda002,2023-04-11,2023,SFN,LAN,5,4.7,20,74,1,3,0,1,1.03,SFN202304110
Alex Wood,wooda002,2023-04-18,2023,SFN,MIA,3,2.3,9,29,1,1,0,0,0.98,MIA202304180
Alex Wood,wooda002,2023-05-15,2023,SFN,PHI,4,4.7,19,66,4,1,1,1,1.03,SFN202305150
Alex Wood,wooda002,2023-05-21,2023,SFN,MIA,5,4.3,19,50,6,0,2,1,1.03,SFN202305210
Alex Wood,wooda002,2023-05-26,2023,SFN,MIL,5,5.7,24,76,3,5,0,0,1.05,MIL202305260
Alex Wood,wooda002,2023-05-31,2023,SFN,PIT,4,4.3,24,81,8,3,0,1,1.03,SFN202305310
Alex Wood,wooda002,2023-06-17,2023,SFN,LAN,4,5.0,18,62,3,0,0,0,1.03,LAN202306170
Alex Wood,wooda002,2023-06-22,2023,SFN,SDN,2,3.3,18,54,4,4,2,1,1.03,SFN202306220
Alex Wood,wooda002,2023-07-16,2023,SFN,PIT,1,3.7,18,55,5,3,0,0,1.0,PIT202307160
Alex Wood,wooda002,2023-07-21,2023,SFN,WAS,1,4.0,19,69,5,2,2,0,1.01,WAS202307210
Alex Wood,wooda002,2023-09-06,2023,SFN,CHN,2,2.3,13,46,5,1,0,0,0.97,CHN202309060
Brandon Woodruff,woodb005,2023-04-01,2023,MIL,CHN,8,6.0,22,91,3,1,1,0,0.97,CHN202304010
Brandon Woodruff,woodb005,2023-04-07,2023,MIL,SLN,4,5.3,20,74,4,2,0,1,1.05,MIL202304070
Brandon Woodruff,woodb005,2023-08-06,2023,MIL,PIT,9,5.0,18,78,4,0,2,1,1.05,MIL202308060
Brandon Woodruff,woodb005,2023-08-12,2023,MIL,CHA,5,6.3,25,83,4,1,1,0,0.99,CHA202308120
Brandon Woodruff,woodb005,2023-08-18,2023,MIL,TEX,4,5.3,21,90,3,2,2,0,0.99,TEX202308180
Brandon Woodruff,woodb005,2023-08-25,2023,MIL,SDN,11,6.0,23,94,3,3,1,1,1.05,MIL202308250
Brandon Woodruff,woodb005,2023-08-30,2023,MIL,CHN,8,6.0,23,80,2,1,0,0,0.97,CHN202308300
Brandon Woodruff,woodb005,2023-09-05,2023,MIL,PIT,6,7.0,24,80,2,2,0,0,1.0,PIT202309050
Brandon Woodruff,woodb005,2023-09-11,2023,MIL,MIA,7,9.0,33,96,6,1,0,1,1.05,MIL202309110
Brandon Woodruff,woodb005,2023-09-17,2023,MIL,WAS,6,6.0,21,77,3,0,1,1,1.05,MIL202309170
Brandon Woodruff,woodb005,2023-09-23,2023,MIL,MIA,6,5.0,23,87,6,2,1,0,0.98,MIA202309230
Jake Woodford,woodj003,2023-04-03,2023,SLN,ATL,3,4.3,22,95,7,3,3,1,1.0,SLN202304030
Jake Woodford,woodj003,2023-04-09,2023,SLN,MIL,5,4.7,21,87,6,1,1,0,1.05,MIL202304090
Jake Woodford,woodj003,2023-04-14,2023,SLN,PIT,3,5.3,22,76,7,1,0,1,1.0,SLN202304140
Jake Woodford,woodj003,2023-04-19,2023,SLN,ARI,1,5.0,23,73,7,1,2,1,1.0,SLN202304190
Jake Woodford,woodj003,2023-04-25,2023,SLN,SFN,4,5.3,21,78,5,1,1,0,1.03,SFN202304250
Jake Woodford,woodj003,2023-04-30,2023,SLN,LAN,2,3.7,19,85,4,3,0,0,1.03,LAN202304300
Jake Woodford,woodj003,2023-09-23,2023,SLN,SDN,1,3.7,17,61,4,2,0,0,1.08,SDN202309230
Jake Woodford,woodj003,2023-09-29,2023,SLN,CIN,0,1.7,12,45,6,1,3,1,1.0,SLN202309290
Kyle Wright,wrigk001,2023-04-11,2023,ATL,CIN,3,3.0,19,75,4,4,0,1,1.02,ATL202304110
Kyle Wright,wrigk001,2023-04-16,2023,ATL,KCA,6,5.7,24,83,4,3,0,0,0.96,KCA202304160
Kyle Wright,wrigk001,2023-04-22,2023,ATL,HOU,2,5.0,24,90,7,1,2,1,1.02,ATL202304220
Kyle Wright,wrigk001,2023-04-27,2023,ATL,MIA,6,3.0,12,43,2,1,0,1,1.02,ATL202304270
Kyle Wright,wrigk001,2023-05-03,2023,ATL,MIA,3,2.0,14,55,6,1,0,0,0.98,MIA202305030
Kyle Wright,wrigk001,2023-09-11,2023,ATL,PHI,3,3.0,18,59,6,2,0,0,1.01,PHI202309112
Kyle Wright,wrigk001,2023-09-18,2023,ATL,PHI,5,4.0,21,69,5,4,3,1,1.02,ATL202309180
Ryan Yarbrough,yarbr001,2023-04-26,2023,KCA,ARI,2,4.0,16,64,4,1,0,0,1.03,ARI202304260
Ryan Yarbrough,yarbr001,2023-05-02,2023,KCA,BAL,5,3.7,18,57,5,3,1,1,0.96,KCA202305020
Ryan Yarbrough,yarbr001,2023-05-07,2023,KCA,OAK,2,5.7,20,59,3,0,0,1,0.96,KCA202305070
Ryan Yarbrough,yarbr001,2023-07-09,2023,KCA,CLE,5,6.0,24,72,6,1,0,0,1.04,CLE202307090
Ryan Yarbrough,yarbr001,2023-07-19,2023,KCA,DET,4,5.7,24,74,6,1,1,1,0.96,KCA202307190
Ryan Yarbrough,yarbr001,2023-07-24,2023,KCA,CLE,1,6.0,24,94,6,0,0,0,1.04,CLE202307240
Ryan Yarbrough,yarbr001,2023-07-30,2023,KCA,MIN,5,7.0,27,78,7,0,1,1,0.96,KCA202307300
Ryan Yarbrough,yarbr001,2023-09-10,2023,LAN,WAS,5,4.0,18,71,5,0,0,0,1.01,WAS202309100
Ryan Yarbrough,yarbr001,2023-09-28,2023,LAN,COL,2,4.0,24,72,11,1,3,0,0.92,COL202309280
Rob Zastryzny,zastr001,2023-08-24,2023,PIT,CHN,1,1.0,4,20,2,0,0,1,1.0,PIT202308240
Angel Zerpa,zerpa001,2023-08-17,2023,KCA,SEA,6,4.0,20,82,5,2,0,1,0.96,KCA202308170
Angel Zerpa,zerpa001,2023-08-22,2023,KCA,OAK,4,3.0,16,53,5,1,1,0,1.0,OAK202308220
Angel Zerpa,zerpa001,2023-08-30,2023,KCA,PIT,3,5.7,22,71,5,2,1,1,0.96,KCA202308300
