pitcher_name,pitcher_id,game_date,season,team,opponent,strikeouts,innings_pitched,batters_faced,pitches_thrown,hits,walks,home_runs,is_home,park_k_factor,game_id
Andrew Abbott,abboa001,2024-04-01,2024,CIN,PHI,4,5.3,21,90,3,2,0,0,1.01,PHI202404010
Andrew Abbott,abboa001,2024-04-07,2024,CIN,NYN,4,5.0,24,95,7,2,1,1,1.0,CIN202404070
Andrew Abbott,abboa001,2024-04-12,2024,CIN,CHA,3,7.0,24,103,4,0,0,0,0.99,CHA202404120
Andrew Abbott,abboa001,2024-04-17,2024,CIN,SEA,6,6.0,25,104,4,3,2,0,1.04,SEA202404170
Andrew Abbott,abboa001,2024-04-23,2024,CIN,PHI,3,4.3,19,79,2,4,0,1,1.0,CIN202404230
Andrew Abbott,abboa001,2024-04-28,2024,CIN,TEX,7,5.3,21,85,6,0,2,0,0.99,TEX202404280
Andrew Abbott,abboa001,2024-05-04,2024,CIN,BAL,8,5.0,22,84,7,0,2,1,1.0,CIN202405040
Andrew Abbott,abboa001,2024-05-10,2024,CIN,SFN,2,5.0,22,88,6,1,1,0,1.03,SFN202405100
Andrew Abbott,abboa001,2024-05-15,2024,CIN,ARI,4,7.0,26,95,4,2,1,0,1.03,ARI202405150
Andrew Abbott,abboa001,2024-05-21,2024,CIN,SDN,2,7.0,25,92,4,1,0,1,1.0,CIN202405210
Andrew Abbott,abboa001,2024-05-28,2024,CIN,SLN,3,6.0,27,94,7,2,2,1,1.0,CIN202405280
Andrew Abbott,abboa001,2024-06-03,2024,CIN,COL,6,6.0,26,96,7,1,1,0,0.92,COL202406030
Andrew Abbott,abboa001,2024-06-08,2024,CIN,CHN,5,5.0,24,99,5,4,0,1,1.0,CIN202406080
Andrew Abbott,abboa001,2024-06-15,2024,CIN,MIL,3,5.0,22,94,4,3,1,0,1.05,MIL202406150
Andrew Abbott,abboa001,2024-06-21,2024,CIN,BOS,10,5.7,22,90,4,1,2,1,1.0,CIN202406210
Andrew Abbott,abboa001,2024-06-27,2024,CIN,SLN,2,5.0,23,102,2,6,1,0,1.0,SLN202406270
Andrew Abbott,abboa001,2024-07-03,2024,CIN,NYA,2,6.3,26,98,3,4,0,0,0.99,NYA202407030
Andrew Abbott,abboa001,2024-07-08,2024,CIN,COL,8,7.0,25,106,3,2,0,1,1.0,CIN202407080
Andrew Abbott,abboa001,2024-07-13,2024,CIN,MIA,4,3.3,19,78,7,2,2,1,1.0,CIN202407130
Andrew Abbott,abboa001,2024-07-21,2024,CIN,WAS,1,6.7,28,103,6,3,0,0,1.01,WAS202407210
Andrew Abbott,abboa001,2024-07-27,2024,CIN,TBA,2,4.0,21,88,8,2,2,0,1.05,TBA202407270
Andrew Abbott,abboa001,2024-08-02,2024,CIN,SFN,8,4.3,21,90,7,1,1,1,1.0,CIN202408020
Andrew Abbott,abboa001,2024-08-07,2024,CIN,MIA,7,5.0,23,104,6,3,3,0,0.98,MIA202408070
Andrew Abbott,abboa001,2024-08-12,2024,CIN,SLN,6,6.7,28,93,5,2,0,1,1.0,CIN202408120
Andrew Abbott,abboa001,2024-08-18,2024,CIN,KCA,4,5.0,22,83,6,1,1,1,1.0,CIN202408180
Joan Adon,adonj001,2024-04-09,2024,WAS,SFN,2,4.0,18,72,3,3,0,0,1.03,SFN202404090
Julian Aguiar,aguij002,2024-08-19,2024,CIN,TOR,2,4.0,18,57,4,1,1,0,1.0,TOR202408190
Julian Aguiar,aguij002,2024-08-24,2024,CIN,PIT,4,6.0,23,91,3,2,1,0,1.0,PIT202408240
Julian Aguiar,aguij002,2024-08-29,2024,CIN,OAK,1,4.0,22,78,10,1,3,1,1.0,CIN202408290
Julian Aguiar,aguij002,2024-09-02,2024,CIN,HOU,2,2.7,13,53,2,2,0,1,1.0,CIN202409020
Julian Aguiar,aguij002,2024-09-08,2024,CIN,NYN,2,4.7,19,90,2,2,0,0,1.06,NYN202409080
Julian Aguiar,aguij002,2024-09-13,2024,CIN,MIN,4,6.3,24,86,3,2,1,0,1.0,MIN202409130
Julian Aguiar,aguij002,2024-09-19,2024,CIN,ATL,4,4.0,21,75,6,2,2,1,1.0,CIN202409190
Sam Aldegheri,aldes001,2024-08-30,2024,ANA,SEA,3,5.0,27,79,6,2,1,1,0.99,ANA202408300
Sam Aldegheri,aldes001,2024-09-06,2024,ANA,TEX,7,6.0,24,90,3,3,0,0,0.99,TEX202409060
Sam Aldegheri,aldes001,2024-09-13,2024,ANA,HOU,0,2.0,16,53,6,5,1,1,0.99,ANA202409130
Tyler Alexander,alext001,2024-04-06,2024,TBA,COL,4,4.3,23,93,8,2,2,0,0.92,COL202404060
Tyler Alexander,alext001,2024-04-19,2024,TBA,NYA,4,5.3,20,79,2,1,0,0,0.99,NYA202404190
Tyler Alexander,alext001,2024-04-30,2024,TBA,MIL,3,4.0,19,84,6,2,0,0,1.05,MIL202404300
Tyler Alexander,alext001,2024-05-06,2024,TBA,CHA,7,4.0,19,75,4,1,1,1,1.05,TBA202405060
Tyler Alexander,alext001,2024-05-12,2024,TBA,NYA,3,7.0,29,90,7,2,3,1,1.05,TBA202405120
Tyler Alexander,alext001,2024-05-17,2024,TBA,TOR,4,7.3,25,105,3,0,1,0,1.0,TOR202405170
Tyler Alexander,alext001,2024-08-23,2024,TBA,LAN,1,4.3,18,69,5,2,1,0,1.03,LAN202408230
Tyler Alexander,alext001,2024-09-20,2024,TBA,TOR,6,4.3,17,65,2,1,0,1,1.05,TBA202409200
Tyler Alexander,alext001,2024-09-26,2024,TBA,DET,6,5.0,19,74,4,0,0,0,1.0,DET202409260
Kolby Allard,allak001,2024-07-28,2024,PHI,CLE,1,4.0,17,63,6,0,1,1,1.01,PHI202407280
Kolby Allard,allak001,2024-08-08,2024,PHI,ARI,3,5.0,18,59,6,0,1,0,1.03,ARI202408080
Kolby Allard,allak001,2024-08-25,2024,PHI,KCA,5,5.0,23,81,8,0,2,0,0.96,KCA202408250
Kolby Allard,allak001,2024-09-14,2024,PHI,NYN,3,3.0,17,67,6,3,0,1,1.01,PHI202409140
Logan Allen,allel003,2024-03-29,2024,CLE,OAK,3,5.0,21,82,6,0,2,0,1.0,OAK202403290
Logan Allen,allel003,2024-04-03,2024,CLE,SEA,6,6.7,26,93,4,3,0,0,1.04,SEA202404030
Logan Allen,allel003,2024-04-09,2024,CLE,CHA,4,4.0,20,76,7,1,0,1,1.04,CLE202404090
Logan Allen,allel003,2024-04-14,2024,CLE,NYA,4,5.7,23,92,6,2,2,1,1.04,CLE202404140
Logan Allen,allel003,2024-04-20,2024,CLE,OAK,4,5.3,23,93,5,3,2,1,1.04,CLE202404200
Logan Allen,allel003,2024-04-26,2024,CLE,ATL,5,4.7,22,91,5,2,0,0,1.02,ATL202404260
Logan Allen,allel003,2024-05-02,2024,CLE,HOU,5,5.7,25,98,7,1,1,0,1.02,HOU202405020
Logan Allen,allel003,2024-05-07,2024,CLE,DET,2,2.3,15,67,7,2,2,1,1.04,CLE202405070
Logan Allen,allel003,2024-05-12,2024,CLE,CHA,3,6.0,24,87,6,1,0,0,0.99,CHA202405120
Logan Allen,allel003,2024-05-18,2024,CLE,MIN,7,6.0,22,89,5,1,0,1,1.04,CLE202405180
Logan Allen,allel003,2024-05-24,2024,CLE,ANA,7,5.7,25,99,7,2,2,0,0.99,ANA202405240
Logan Allen,allel003,2024-05-29,2024,CLE,COL,1,1.7,13,59,6,2,1,0,0.92,COL202405290
Logan Allen,allel003,2024-06-07,2024,CLE,MIA,3,6.0,25,83,4,3,2,0,0.98,MIA202406070
Logan Allen,allel003,2024-06-14,2024,CLE,TOR,3,5.0,19,84,3,3,0,0,1.0,TOR202406140
Logan Allen,allel003,2024-06-20,2024,CLE,SEA,2,6.0,25,87,4,4,1,1,1.04,CLE202406200
Logan Allen,allel003,2024-06-25,2024,CLE,BAL,5,3.0,18,60,9,1,3,0,1.0,BAL202406250
Logan Allen,allel003,2024-06-30,2024,CLE,KCA,3,4.3,19,72,6,0,0,0,0.96,KCA202406300
Logan Allen,allel003,2024-07-06,2024,CLE,SFN,9,4.3,21,93,3,4,0,1,1.04,CLE202407060
Logan Allen,allel003,2024-08-05,2024,CLE,ARI,2,5.0,21,84,5,2,2,1,1.04,CLE202408050
Logan Allen,allel003,2024-08-26,2024,CLE,KCA,1,5.0,25,76,8,4,2,1,1.04,CLE202408262
Dan Altavilla,altad001,2024-06-12,2024,KCA,NYA,1,0.3,6,27,3,2,0,1,0.96,KCA202406120
Chase Anderson,andec001,2024-04-25,2024,BOS,CLE,0,1.7,12,53,3,3,2,0,1.04,CLE202404250
Shaun Anderson,andes002,2024-06-14,2024,MIA,WAS,1,2.0,15,37,9,0,1,0,1.01,WAS202406140
Shaun Anderson,andes002,2024-06-22,2024,MIA,SEA,3,3.3,20,70,8,0,0,1,0.98,MIA202406220
Tyler Anderson,andet002,2024-04-02,2024,ANA,MIA,5,7.0,26,83,4,2,0,0,0.98,MIA202404020
Tyler Anderson,andet002,2024-04-08,2024,ANA,TBA,3,7.0,25,91,4,1,0,1,0.99,ANA202404080
Tyler Anderson,andet002,2024-04-14,2024,ANA,BOS,4,4.3,20,93,4,3,2,0,0.98,BOS202404140
Tyler Anderson,andet002,2024-04-19,2024,ANA,CIN,2,7.0,27,95,3,3,1,0,1.0,CIN202404190
Tyler Anderson,andet002,2024-04-24,2024,ANA,BAL,7,5.0,24,105,4,4,1,1,0.99,ANA202404240
Tyler Anderson,andet002,2024-04-30,2024,ANA,PHI,6,6.0,24,92,5,2,1,1,0.99,ANA202404300
Tyler Anderson,andet002,2024-05-06,2024,ANA,PIT,5,6.3,28,93,6,3,1,0,1.0,PIT202405060
Tyler Anderson,andet002,2024-05-11,2024,ANA,KCA,4,6.7,27,93,7,1,0,1,0.99,ANA202405110
Tyler Anderson,andet002,2024-05-17,2024,ANA,TEX,4,7.0,25,96,2,2,1,0,0.99,TEX202405170
Tyler Anderson,andet002,2024-05-22,2024,ANA,HOU,4,8.0,31,95,6,2,0,0,1.02,HOU202405220
Tyler Anderson,andet002,2024-05-29,2024,ANA,NYA,4,5.0,23,95,4,6,1,1,0.99,ANA202405290
Tyler Anderson,andet002,2024-06-03,2024,ANA,SDN,2,6.7,26,91,5,3,1,1,0.99,ANA202406030
Tyler Anderson,andet002,2024-06-08,2024,ANA,HOU,3,6.0,26,90,7,1,1,1,0.99,ANA202406080
Tyler Anderson,andet002,2024-06-14,2024,ANA,SFN,5,5.3,25,105,5,5,0,0,1.03,SFN202406140
Tyler Anderson,andet002,2024-06-19,2024,ANA,MIL,5,7.0,27,99,4,3,0,1,0.99,ANA202406190
Tyler Anderson,andet002,2024-06-25,2024,ANA,OAK,2,5.0,25,109,5,5,1,1,0.99,ANA202406250
Tyler Anderson,andet002,2024-06-30,2024,ANA,DET,2,4.7,22,88,7,1,1,1,0.99,ANA202406300
Tyler Anderson,andet002,2024-07-06,2024,ANA,CHN,10,8.0,27,98,3,0,0,0,0.97,CHN202407060
Tyler Anderson,andet002,2024-07-12,2024,ANA,SEA,4,6.0,24,92,6,0,2,1,0.99,ANA202407120
Tyler Anderson,andet002,2024-07-22,2024,ANA,SEA,8,5.7,22,96,3,1,0,0,1.04,SEA202407220
Tyler Anderson,andet002,2024-07-27,2024,ANA,OAK,10,7.0,27,101,6,1,1,1,0.99,ANA202407270
Tyler Anderson,andet002,2024-08-02,2024,ANA,NYN,3,5.0,26,100,8,2,1,1,0.99,ANA202408020
Tyler Anderson,andet002,2024-08-08,2024,ANA,NYA,7,6.0,22,95,3,1,1,0,0.99,NYA202408080
Tyler Anderson,andet002,2024-08-14,2024,ANA,TOR,8,5.7,28,98,6,4,2,1,0.99,ANA202408140
Tyler Anderson,andet002,2024-08-20,2024,ANA,KCA,2,6.0,30,95,11,2,0,0,0.96,KCA202408200
Tyler Anderson,andet002,2024-08-25,2024,ANA,TOR,3,5.0,23,97,4,4,0,0,1.0,TOR202408250
Tyler Anderson,andet002,2024-08-31,2024,ANA,SEA,3,4.0,21,83,6,3,2,1,0.99,ANA202408310
Tyler Anderson,andet002,2024-09-07,2024,ANA,TEX,7,5.0,19,92,1,2,0,0,0.99,TEX202409070
Tyler Anderson,andet002,2024-09-14,2024,ANA,HOU,4,5.0,25,97,7,3,1,1,0.99,ANA202409140
Tyler Anderson,andet002,2024-09-20,2024,ANA,HOU,4,2.7,18,75,8,0,2,0,1.02,HOU202409200
Tyler Anderson,andet002,2024-09-26,2024,ANA,CHA,2,4.3,22,82,4,3,0,0,0.99,CHA202409260
Shawn Armstrong,armss001,2024-03-31,2024,TBA,TOR,1,1.0,6,26,3,1,0,1,1.05,TBA202403310
Shawn Armstrong,armss001,2024-04-14,2024,TBA,SFN,5,2.0,8,30,2,0,0,1,1.05,TBA202404140
Shawn Armstrong,armss001,2024-04-24,2024,TBA,DET,2,1.0,5,23,1,1,0,1,1.05,TBA202404240
Shawn Armstrong,armss001,2024-05-24,2024,TBA,KCA,3,2.0,6,32,0,0,0,1,1.05,TBA202405240
Shawn Armstrong,armss001,2024-05-30,2024,TBA,OAK,1,2.0,8,26,2,0,0,1,1.05,TBA202405300
Shawn Armstrong,armss001,2024-07-23,2024,TBA,TOR,4,2.0,8,34,1,1,0,0,1.0,TOR202407230
Shawn Armstrong,armss001,2024-07-28,2024,TBA,CIN,1,2.0,9,29,3,0,0,1,1.05,TBA202407280
Spencer Arrighetti,arris001,2024-04-10,2024,HOU,KCA,3,3.0,19,79,7,3,0,0,0.96,KCA202404100
Spencer Arrighetti,arris001,2024-04-15,2024,HOU,ATL,5,4.0,19,87,4,2,0,1,1.02,HOU202404150
Spencer Arrighetti,arris001,2024-04-24,2024,HOU,CHN,7,3.7,20,90,7,2,1,0,0.97,CHN202404240
Spencer Arrighetti,arris001,2024-05-02,2024,HOU,CLE,6,5.7,23,94,4,3,0,1,1.02,HOU202405020
Spencer Arrighetti,arris001,2024-05-08,2024,HOU,NYA,4,5.0,25,88,8,3,3,0,0.99,NYA202405080
Spencer Arrighetti,arris001,2024-05-13,2024,HOU,OAK,5,5.0,21,86,5,2,0,1,1.02,HOU202405130
Spencer Arrighetti,arris001,2024-05-19,2024,HOU,MIL,6,6.3,27,99,7,2,0,1,1.02,HOU202405190
Spencer Arrighetti,arris001,2024-05-25,2024,HOU,OAK,7,5.0,23,97,5,3,0,0,1.0,OAK202405250
Spencer Arrighetti,arris001,2024-05-30,2024,HOU,SEA,8,6.0,23,90,2,3,0,0,1.04,SEA202405300
Spencer Arrighetti,arris001,2024-06-04,2024,HOU,SLN,4,3.0,15,64,3,3,1,1,1.02,HOU202406040
Spencer Arrighetti,arris001,2024-06-10,2024,HOU,SFN,6,5.7,24,99,4,3,0,0,1.03,SFN202406100
Spencer Arrighetti,arris001,2024-06-15,2024,HOU,DET,2,1.3,12,48,5,2,3,1,1.02,HOU202406150
Spencer Arrighetti,arris001,2024-06-20,2024,HOU,CHA,2,4.3,22,80,5,4,0,0,0.99,CHA202406200
Spencer Arrighetti,arris001,2024-06-26,2024,HOU,COL,10,7.0,24,89,3,0,0,1,1.02,HOU202406260
Spencer Arrighetti,arris001,2024-07-02,2024,HOU,TOR,5,4.0,21,89,6,4,2,0,1.0,TOR202407020
Spencer Arrighetti,arris001,2024-07-07,2024,HOU,MIN,6,5.0,24,101,7,2,0,0,1.0,MIN202407070
Spencer Arrighetti,arris001,2024-07-13,2024,HOU,TEX,7,6.0,24,85,2,3,1,1,1.02,HOU202407130
Spencer Arrighetti,arris001,2024-07-22,2024,HOU,OAK,3,6.0,26,94,7,1,0,0,1.0,OAK202407220
Spencer Arrighetti,arris001,2024-07-28,2024,HOU,LAN,8,6.0,24,97,4,2,2,1,1.02,HOU202407280
Spencer Arrighetti,arris001,2024-08-04,2024,HOU,TBA,12,6.0,23,100,5,2,0,1,1.02,HOU202408040
Spencer Arrighetti,arris001,2024-08-10,2024,HOU,BOS,13,7.0,24,92,2,1,2,0,0.98,BOS202408100
Spencer Arrighetti,arris001,2024-08-16,2024,HOU,CHA,5,5.7,25,93,7,2,2,1,1.02,HOU202408160
Spencer Arrighetti,arris001,2024-08-22,2024,HOU,BAL,6,6.0,22,94,3,1,0,0,1.0,BAL202408220
Spencer Arrighetti,arris001,2024-08-28,2024,HOU,PHI,11,7.7,29,103,2,4,0,0,1.01,PHI202408280
Spencer Arrighetti,arris001,2024-09-04,2024,HOU,CIN,0,0.7,11,38,5,3,1,0,1.0,CIN202409040
Spencer Arrighetti,arris001,2024-09-10,2024,HOU,OAK,7,6.7,27,97,7,1,1,1,1.02,HOU202409100
Spencer Arrighetti,arris001,2024-09-16,2024,HOU,SDN,3,5.0,22,102,8,1,1,0,1.08,SDN202409160
Spencer Arrighetti,arris001,2024-09-22,2024,HOU,ANA,6,6.0,22,78,5,0,1,1,1.02,HOU202409220
Aaron Ashby,ashba003,2024-04-08,2024,MIL,CIN,2,3.7,22,82,6,2,1,0,1.0,CIN202404080
Aaron Ashby,ashba003,2024-06-05,2024,MIL,PHI,3,5.0,21,91,2,5,1,0,1.01,PHI202406050
Graham Ashcraft,ashcg001,2024-04-02,2024,CIN,PHI,5,6.0,24,85,4,1,2,0,1.01,PHI202404020
Graham Ashcraft,ashcg001,2024-04-08,2024,CIN,MIL,6,5.7,27,99,9,1,1,1,1.0,CIN202404080
Graham Ashcraft,ashcg001,2024-04-14,2024,CIN,CHA,8,5.7,24,104,5,2,0,0,0.99,CHA202404140
Graham Ashcraft,ashcg001,2024-04-20,2024,CIN,ANA,4,5.0,23,88,5,3,1,1,1.0,CIN202404200
Graham Ashcraft,ashcg001,2024-04-26,2024,CIN,TEX,3,6.3,24,89,7,0,1,0,0.99,TEX202404260
Graham Ashcraft,ashcg001,2024-05-01,2024,CIN,SDN,4,6.0,26,99,5,2,0,0,1.08,SDN202405010
Graham Ashcraft,ashcg001,2024-05-08,2024,CIN,ARI,2,5.0,24,86,6,3,0,1,1.0,CIN202405080
Graham Ashcraft,ashcg001,2024-05-13,2024,CIN,ARI,3,4.0,21,94,7,3,2,0,1.03,ARI202405130
Graham Ashcraft,ashcg001,2024-05-18,2024,CIN,LAN,5,5.0,21,106,3,3,0,0,1.03,LAN202405180
Graham Ashcraft,ashcg001,2024-05-24,2024,CIN,LAN,3,5.3,27,89,8,1,1,1,1.0,CIN202405240
Graham Ashcraft,ashcg001,2024-05-31,2024,CIN,CHN,4,4.7,22,83,5,2,1,0,0.97,CHN202405310
Graham Ashcraft,ashcg001,2024-06-05,2024,CIN,COL,2,3.7,18,73,6,0,0,0,0.92,COL202406050
Graham Ashcraft,ashcg001,2024-06-26,2024,CIN,PIT,3,5.3,25,89,9,1,2,1,1.0,CIN202406260
Graham Ashcraft,ashcg001,2024-07-02,2024,CIN,NYA,3,5.0,23,78,4,2,0,0,0.99,NYA202407020
Graham Ashcraft,ashcg001,2024-07-07,2024,CIN,DET,2,4.7,21,80,6,3,0,1,1.0,CIN202407070
Javier Assad,assaj001,2024-04-02,2024,CHN,COL,5,6.0,22,89,4,1,0,1,0.97,CHN202404020
Javier Assad,assaj001,2024-04-08,2024,CHN,SDN,7,5.0,21,104,3,3,1,0,1.08,SDN202404080
Javier Assad,assaj001,2024-04-14,2024,CHN,SEA,6,5.7,21,87,4,1,1,0,1.04,SEA202404140
Javier Assad,assaj001,2024-04-20,2024,CHN,MIA,3,4.7,20,87,3,3,0,1,0.97,CHN202404201
Javier Assad,assaj001,2024-04-25,2024,CHN,HOU,5,5.7,22,85,4,1,0,1,0.97,CHN202404250
Javier Assad,assaj001,2024-04-30,2024,CHN,NYN,1,5.0,20,78,5,0,0,0,1.06,NYN202404300
Javier Assad,assaj001,2024-05-05,2024,CHN,MIL,4,6.0,25,94,4,3,0,1,0.97,CHN202405050
Javier Assad,assaj001,2024-05-10,2024,CHN,PIT,4,4.3,20,89,4,2,0,0,1.0,PIT202405100
Javier Assad,assaj001,2024-05-15,2024,CHN,ATL,7,6.0,23,86,4,1,0,0,1.02,ATL202405150
Javier Assad,assaj001,2024-05-21,2024,CHN,ATL,4,4.7,24,102,4,5,2,1,0.97,CHN202405210
Javier Assad,assaj001,2024-05-26,2024,CHN,SLN,8,5.0,23,81,5,3,2,0,1.0,SLN202405260
Javier Assad,assaj001,2024-05-31,2024,CHN,CIN,7,5.3,22,98,5,3,0,1,0.97,CHN202405310
Javier Assad,assaj001,2024-06-06,2024,CHN,CIN,7,5.7,27,92,7,2,1,0,1.0,CIN202406060
Javier Assad,assaj001,2024-06-12,2024,CHN,TBA,4,4.7,22,90,5,2,1,0,1.05,TBA202406120
Javier Assad,assaj001,2024-06-17,2024,CHN,SFN,7,5.0,22,92,5,2,0,1,0.97,CHN202406170
Javier Assad,assaj001,2024-06-23,2024,CHN,NYN,0,4.3,20,90,7,1,2,1,0.97,CHN202406230
Javier Assad,assaj001,2024-07-13,2024,CHN,SLN,0,2.3,15,44,7,2,2,0,1.0,SLN202407132
Javier Assad,assaj001,2024-07-22,2024,CHN,MIL,2,3.3,17,76,1,6,0,1,0.97,CHN202407220
Javier Assad,assaj001,2024-07-28,2024,CHN,KCA,5,6.0,24,81,5,1,1,0,0.96,KCA202407280
Javier Assad,assaj001,2024-08-02,2024,CHN,SLN,3,4.0,18,97,4,3,0,1,0.97,CHN202408020
Javier Assad,assaj001,2024-08-07,2024,CHN,MIN,1,4.0,18,75,3,2,0,1,0.97,CHN202408070
Javier Assad,assaj001,2024-08-13,2024,CHN,CLE,2,4.7,21,85,5,2,0,0,1.04,CLE202408130
Javier Assad,assaj001,2024-08-20,2024,CHN,DET,7,5.7,23,95,6,1,0,1,0.97,CHN202408200
Javier Assad,assaj001,2024-08-25,2024,CHN,MIA,3,7.0,27,87,6,1,2,0,0.98,MIA202408250
Javier Assad,assaj001,2024-08-31,2024,CHN,WAS,4,6.0,25,90,8,2,1,0,1.01,WAS202408310
Javier Assad,assaj001,2024-09-07,2024,CHN,NYA,5,5.7,24,90,3,3,0,1,0.97,CHN202409070
Javier Assad,assaj001,2024-09-13,2024,CHN,COL,5,6.0,26,93,7,3,1,0,0.92,COL202409130
Javier Assad,assaj001,2024-09-19,2024,CHN,WAS,5,5.0,22,91,7,1,0,1,0.97,CHN202409190
Javier Assad,assaj001,2024-09-25,2024,CHN,PHI,3,4.3,24,90,8,3,3,0,1.01,PHI202409250
Anthony Banda,banda001,2024-07-11,2024,LAN,PHI,2,1.0,6,19,3,0,1,0,1.01,PHI202407110
Anthony Banda,banda001,2024-09-29,2024,LAN,COL,0,1.0,3,14,0,0,0,0,0.92,COL202409290
Tanner Banks,bankt001,2024-04-08,2024,CHA,CLE,5,2.3,10,43,2,0,0,0,1.04,CLE202404080
Tanner Banks,bankt001,2024-09-24,2024,PHI,CHN,1,1.3,8,20,3,0,0,1,1.01,PHI202409240
Brady Basso,bassb002,2024-09-07,2024,OAK,DET,6,6.0,22,85,3,1,0,1,1.0,OAK202409070
Brady Basso,bassb002,2024-09-13,2024,OAK,CHA,2,5.3,21,77,5,1,0,0,0.99,CHA202409130
Brady Basso,bassb002,2024-09-18,2024,OAK,CHN,5,4.7,22,93,6,2,0,0,0.97,CHN202409180
Brady Basso,bassb002,2024-09-25,2024,OAK,TEX,3,3.0,16,54,6,1,2,1,1.0,OAK202409250
Chris Bassitt,bassc001,2024-03-29,2024,TOR,TBA,6,5.0,24,95,6,2,1,0,1.05,TBA202403290
Chris Bassitt,bassc001,2024-04-03,2024,TOR,HOU,3,4.3,24,91,9,3,1,0,1.02,HOU202404030
Chris Bassitt,bassc001,2024-04-09,2024,TOR,SEA,8,6.7,27,115,5,4,1,1,1.0,TOR202404090
Chris Bassitt,bassc001,2024-04-15,2024,TOR,NYA,5,6.3,23,97,4,2,0,1,1.0,TOR202404150
Chris Bassitt,bassc001,2024-04-21,2024,TOR,SDN,4,5.3,23,93,6,3,1,0,1.08,SDN202404210
Chris Bassitt,bassc001,2024-04-26,2024,TOR,LAN,4,2.7,19,77,9,3,2,1,1.0,TOR202404260
Chris Bassitt,bassc001,2024-05-01,2024,TOR,KCA,4,6.0,24,92,4,1,0,1,1.0,TOR202405010
Chris Bassitt,bassc001,2024-05-08,2024,TOR,PHI,6,6.3,24,102,3,2,0,0,1.01,PHI202405080
Chris Bassitt,bassc001,2024-05-17,2024,TOR,TBA,5,5.7,24,103,5,3,1,1,1.0,TOR202405170
Chris Bassitt,bassc001,2024-05-22,2024,TOR,CHA,4,7.0,27,107,5,2,0,1,1.0,TOR202405220
Chris Bassitt,bassc001,2024-05-27,2024,TOR,CHA,7,5.0,22,81,5,0,0,0,0.99,CHA202405270
Chris Bassitt,bassc001,2024-06-02,2024,TOR,PIT,7,5.0,27,100,8,1,0,1,1.0,TOR202406020
Chris Bassitt,bassc001,2024-06-07,2024,TOR,OAK,7,8.0,29,102,4,2,0,0,1.0,OAK202406070
Chris Bassitt,bassc001,2024-06-12,2024,TOR,MIL,5,5.0,24,100,5,4,0,0,1.05,MIL202406120
Chris Bassitt,bassc001,2024-06-18,2024,TOR,BOS,6,6.0,26,99,7,2,0,1,1.0,TOR202406180
Chris Bassitt,bassc001,2024-06-24,2024,TOR,BOS,2,7.0,26,102,5,1,1,0,0.98,BOS202406240
Chris Bassitt,bassc001,2024-06-29,2024,TOR,NYA,8,6.0,25,94,6,2,0,1,1.0,TOR202406290
Chris Bassitt,bassc001,2024-07-04,2024,TOR,HOU,3,5.0,27,105,8,4,0,1,1.0,TOR202407040
Chris Bassitt,bassc001,2024-07-10,2024,TOR,SFN,6,5.0,24,99,5,4,0,0,1.03,SFN202407100
Chris Bassitt,bassc001,2024-07-19,2024,TOR,DET,6,6.7,28,95,7,1,2,1,1.0,TOR202407190
Chris Bassitt,bassc001,2024-07-25,2024,TOR,TBA,6,5.0,23,97,5,1,1,1,1.0,TOR202407250
Chris Bassitt,bassc001,2024-07-30,2024,TOR,BAL,3,4.0,20,90,9,1,1,0,1.0,BAL202407300
Chris Bassitt,bassc001,2024-08-06,2024,TOR,BAL,9,7.0,25,100,3,2,1,1,1.0,TOR202408060
Chris Bassitt,bassc001,2024-08-11,2024,TOR,OAK,5,4.0,22,86,8,2,2,1,1.0,TOR202408110
Chris Bassitt,bassc001,2024-08-17,2024,TOR,CHN,5,5.0,21,76,5,2,1,0,0.97,CHN202408170
Chris Bassitt,bassc001,2024-08-23,2024,TOR,ANA,6,6.0,24,98,4,2,0,1,1.0,TOR202408230
Chris Bassitt,bassc001,2024-08-28,2024,TOR,BOS,9,6.7,27,102,5,1,0,0,0.98,BOS202408280
Chris Bassitt,bassc001,2024-09-03,2024,TOR,PHI,7,5.3,27,92,10,2,2,1,1.0,TOR202409030
Chris Bassitt,bassc001,2024-09-10,2024,TOR,NYN,8,6.0,26,101,5,1,0,1,1.0,TOR202409100
Chris Bassitt,bassc001,2024-09-17,2024,TOR,TEX,2,3.7,23,80,6,3,0,0,0.99,TEX202409170
Chris Bassitt,bassc001,2024-09-23,2024,TOR,BOS,2,4.3,23,88,4,7,0,1,1.0,TOR202409230
Shane Baz,baz-s001,2024-07-05,2024,TBA,TEX,6,6.0,25,92,7,1,0,0,0.99,TEX202407050
Shane Baz,baz-s001,2024-07-11,2024,TBA,NYA,5,4.3,20,68,6,1,2,1,1.05,TBA202407110
Shane Baz,baz-s001,2024-07-21,2024,TBA,NYA,1,3.3,18,76,4,5,0,0,0.99,NYA202407210
Shane Baz,baz-s001,2024-07-26,2024,TBA,CIN,7,6.0,22,86,2,2,0,1,1.05,TBA202407260
Shane Baz,baz-s001,2024-08-02,2024,TBA,HOU,5,5.3,23,80,6,1,0,0,1.02,HOU202408020
Shane Baz,baz-s001,2024-08-08,2024,TBA,SLN,2,4.3,22,91,6,2,0,0,1.0,SLN202408080
Shane Baz,baz-s001,2024-08-13,2024,TBA,HOU,6,7.0,29,97,7,2,2,1,1.05,TBA202408130
Shane Baz,baz-s001,2024-08-20,2024,TBA,OAK,4,7.7,27,92,3,3,0,0,1.0,OAK202408200
Shane Baz,baz-s001,2024-08-31,2024,TBA,SDN,5,5.0,20,78,2,3,1,1,1.05,TBA202408310
Shane Baz,baz-s001,2024-09-06,2024,TBA,BAL,5,6.0,22,103,2,3,1,0,1.0,BAL202409060
Shane Baz,baz-s001,2024-09-11,2024,TBA,PHI,4,5.3,20,78,3,1,1,0,1.01,PHI202409110
Shane Baz,baz-s001,2024-09-17,2024,TBA,BOS,6,7.0,24,96,2,1,1,1,1.05,TBA202409170
Shane Baz,baz-s001,2024-09-22,2024,TBA,TOR,6,6.0,24,83,4,1,0,1,1.05,TBA202409220
Shane Baz,baz-s001,2024-09-28,2024,TBA,BOS,7,6.0,23,86,3,1,1,0,0.98,BOS202409280
Tristan Beck,beckt002,2024-09-28,2024,SFN,SLN,3,4.0,18,72,4,2,0,1,1.03,SFN202409280
Brayan Bello,bellb002,2024-03-28,2024,BOS,SEA,2,5.0,20,84,5,0,1,0,1.04,SEA202403280
Brayan Bello,bellb002,2024-04-02,2024,BOS,OAK,6,5.0,22,87,5,1,2,0,1.0,OAK202404020
Brayan Bello,bellb002,2024-04-09,2024,BOS,BAL,3,5.3,23,89,4,2,0,1,0.98,BOS202404090
Brayan Bello,bellb002,2024-04-14,2024,BOS,ANA,8,5.3,23,107,6,2,1,1,0.98,BOS202404140
Brayan Bello,bellb002,2024-04-19,2024,BOS,PIT,7,6.0,22,96,1,2,0,0,1.0,PIT202404190
Brayan Bello,bellb002,2024-05-12,2024,BOS,WAS,1,5.0,19,68,4,2,1,1,0.98,BOS202405120
Brayan Bello,bellb002,2024-05-17,2024,BOS,SLN,4,4.7,21,100,7,0,3,0,1.0,SLN202405170
Brayan Bello,bellb002,2024-05-22,2024,BOS,TBA,6,6.0,25,94,4,4,0,0,1.05,TBA202405220
Brayan Bello,bellb002,2024-05-28,2024,BOS,BAL,7,5.0,24,90,5,2,0,0,1.0,BAL202405280
Brayan Bello,bellb002,2024-06-02,2024,BOS,DET,5,6.3,29,95,8,3,0,1,0.98,BOS202406020
Brayan Bello,bellb002,2024-06-08,2024,BOS,CHA,2,4.7,25,95,9,3,1,0,0.99,CHA202406080
Brayan Bello,bellb002,2024-06-14,2024,BOS,NYA,5,4.7,23,92,6,3,1,1,0.98,BOS202406140
Brayan Bello,bellb002,2024-06-19,2024,BOS,TOR,6,6.0,28,88,7,2,0,0,1.0,TOR202406190
Brayan Bello,bellb002,2024-06-25,2024,BOS,TOR,2,2.3,14,52,5,3,1,1,0.98,BOS202406250
Brayan Bello,bellb002,2024-07-03,2024,BOS,MIA,7,6.7,27,91,7,1,0,0,0.98,MIA202407030
Brayan Bello,bellb002,2024-07-09,2024,BOS,OAK,11,5.3,26,105,9,2,1,1,0.98,BOS202407090
Brayan Bello,bellb002,2024-07-14,2024,BOS,KCA,3,6.3,26,85,7,1,2,1,0.98,BOS202407140
Brayan Bello,bellb002,2024-07-20,2024,BOS,LAN,7,6.0,24,82,5,1,1,0,1.03,LAN202407200
Brayan Bello,bellb002,2024-07-26,2024,BOS,NYA,4,5.0,21,80,5,2,1,1,0.98,BOS202407260
Brayan Bello,bellb002,2024-07-31,2024,BOS,SEA,7,6.3,28,98,7,2,1,1,0.98,BOS202407310
Brayan Bello,bellb002,2024-08-06,2024,BOS,KCA,6,4.7,22,89,5,3,1,0,0.96,KCA202408060
Brayan Bello,bellb002,2024-08-12,2024,BOS,TEX,5,6.0,25,95,4,3,0,1,0.98,BOS202408120
Brayan Bello,bellb002,2024-08-17,2024,BOS,BAL,6,6.0,23,97,2,3,1,0,1.0,BAL202408170
Brayan Bello,bellb002,2024-08-23,2024,BOS,ARI,2,5.3,26,88,7,4,0,1,0.98,BOS202408230
Brayan Bello,bellb002,2024-08-28,2024,BOS,TOR,9,8.0,26,97,2,1,0,1,0.98,BOS202408280
Brayan Bello,bellb002,2024-09-02,2024,BOS,NYN,4,5.0,23,91,7,1,0,0,1.06,NYN202409020
Brayan Bello,bellb002,2024-09-09,2024,BOS,BAL,5,5.3,26,101,3,5,0,1,0.98,BOS202409090
Brayan Bello,bellb002,2024-09-14,2024,BOS,NYA,2,5.3,21,98,4,2,0,0,0.99,NYA202409140
Brayan Bello,bellb002,2024-09-19,2024,BOS,TBA,7,5.7,24,101,5,2,0,0,1.05,TBA202409190
Brayan Bello,bellb002,2024-09-24,2024,BOS,TOR,4,4.0,16,75,2,2,0,0,1.0,TOR202409240
Valente Bellozo,bellv001,2024-06-26,2024,MIA,KCA,2,5.0,18,72,2,0,0,0,0.96,KCA202406260
Valente Bellozo,bellv001,2024-07-02,2024,MIA,BOS,8,5.0,23,98,7,1,1,1,0.98,MIA202407020
Valente Bellozo,bellv001,2024-08-02,2024,MIA,ATL,5,5.0,18,66,2,2,1,0,1.02,ATL202408020
Valente Bellozo,bellv001,2024-08-07,2024,MIA,CIN,4,5.7,24,92,5,2,0,1,0.98,MIA202408070
Valente Bellozo,bellv001,2024-08-13,2024,MIA,PHI,4,7.0,26,95,4,1,0,0,1.01,PHI202408130
Valente Bellozo,bellv001,2024-08-18,2024,MIA,NYN,4,5.3,23,83,7,2,1,0,1.06,NYN202408180
Valente Bellozo,bellv001,2024-08-24,2024,MIA,CHN,1,4.7,27,83,7,5,3,1,0.98,MIA202408240
Valente Bellozo,bellv001,2024-08-29,2024,MIA,COL,4,4.0,21,74,7,2,3,0,0.92,COL202408290
Valente Bellozo,bellv001,2024-09-04,2024,MIA,WAS,1,6.0,22,85,3,2,0,1,0.98,MIA202409040
Valente Bellozo,bellv001,2024-09-09,2024,MIA,PIT,2,5.3,25,91,6,1,1,0,1.0,PIT202409090
Valente Bellozo,bellv001,2024-09-14,2024,MIA,WAS,4,5.3,23,92,6,1,2,0,1.01,WAS202409140
Valente Bellozo,bellv001,2024-09-20,2024,MIA,ATL,3,5.3,24,89,7,1,2,1,0.98,MIA202409200
Valente Bellozo,bellv001,2024-09-26,2024,MIA,MIN,2,5.0,21,74,6,1,1,0,1.0,MIN202409260
Jonathan Bermúdez,bermj001,2024-09-11,2024,MIA,PIT,0,2.0,12,46,3,1,1,0,1.0,PIT202409110
Brennan Bernardino,bernb001,2024-04-18,2024,BOS,CLE,2,2.0,6,21,0,1,0,1,0.98,BOS202404180
Brennan Bernardino,bernb001,2024-05-04,2024,BOS,MIN,1,1.0,5,12,1,0,0,0,1.0,MIN202405040
Brennan Bernardino,bernb001,2024-08-16,2024,BOS,BAL,2,0.7,3,13,0,1,0,0,1.0,BAL202408160
José Berríos,berrj001,2024-03-28,2024,TOR,TBA,6,6.0,23,91,6,1,1,0,1.05,TBA202403280
José Berríos,berrj001,2024-04-02,2024,TOR,HOU,2,6.0,24,88,6,3,1,0,1.02,HOU202404020
José Berríos,berrj001,2024-04-08,2024,TOR,SEA,6,6.7,25,101,4,1,0,1,1.0,TOR202404080
José Berríos,berrj001,2024-04-14,2024,TOR,COL,7,7.0,27,100,2,2,0,1,1.0,TOR202404140
José Berríos,berrj001,2024-04-20,2024,TOR,SDN,6,6.0,25,91,5,2,0,0,1.08,SDN202404200
José Berríos,berrj001,2024-04-25,2024,TOR,KCA,1,5.0,20,67,3,3,1,0,0.96,KCA202404250
José Berríos,berrj001,2024-04-30,2024,TOR,KCA,3,7.0,25,92,5,1,1,1,1.0,TOR202404300
José Berríos,berrj001,2024-05-07,2024,TOR,PHI,7,3.7,21,90,7,2,2,0,1.01,PHI202405070
José Berríos,berrj001,2024-05-13,2024,TOR,BAL,4,7.0,25,94,3,1,2,0,1.0,BAL202405130
José Berríos,berrj001,2024-05-20,2024,TOR,CHA,6,6.0,25,100,8,2,1,1,1.0,TOR202405200
José Berríos,berrj001,2024-05-25,2024,TOR,DET,5,7.0,25,83,7,0,1,0,1.0,DET202405250
José Berríos,berrj001,2024-05-31,2024,TOR,PIT,5,7.0,27,101,6,0,0,1,1.0,TOR202405310
José Berríos,berrj001,2024-06-05,2024,TOR,BAL,2,6.0,25,97,6,3,1,1,1.0,TOR202406050
José Berríos,berrj001,2024-06-10,2024,TOR,MIL,4,5.7,22,105,5,1,2,0,1.05,MIL202406100
José Berríos,berrj001,2024-06-16,2024,TOR,CLE,1,6.0,26,97,8,0,1,1,1.0,TOR202406160
José Berríos,berrj001,2024-06-22,2024,TOR,CLE,3,5.0,23,86,6,1,3,0,1.04,CLE202406220
José Berríos,berrj001,2024-06-27,2024,TOR,NYA,8,7.0,27,93,2,3,1,1,1.0,TOR202406270
José Berríos,berrj001,2024-07-02,2024,TOR,HOU,1,5.0,22,60,5,2,1,1,1.0,TOR202407020
José Berríos,berrj001,2024-07-07,2024,TOR,SEA,10,6.0,28,98,7,1,2,0,1.04,SEA202407070
José Berríos,berrj001,2024-07-13,2024,TOR,ARI,0,4.0,24,90,7,4,0,0,1.03,ARI202407130
José Berríos,berrj001,2024-07-23,2024,TOR,TBA,5,4.7,22,97,3,6,1,1,1.0,TOR202407230
José Berríos,berrj001,2024-07-28,2024,TOR,TEX,5,7.0,28,100,6,0,0,1,1.0,TOR202407280
José Berríos,berrj001,2024-08-03,2024,TOR,NYA,6,5.0,26,93,7,3,3,0,0.99,NYA202408030
José Berríos,berrj001,2024-08-09,2024,TOR,OAK,8,7.0,28,103,6,1,1,1,1.0,TOR202408090
José Berríos,berrj001,2024-08-14,2024,TOR,ANA,5,7.0,24,84,2,1,1,0,0.99,ANA202408140
José Berríos,berrj001,2024-08-20,2024,TOR,CIN,7,7.0,28,96,6,2,0,1,1.0,TOR202408200
José Berríos,berrj001,2024-08-26,2024,TOR,BOS,6,7.7,29,98,8,0,1,0,0.98,BOS202408260
José Berríos,berrj001,2024-08-31,2024,TOR,MIN,5,6.0,22,63,3,1,0,0,1.0,MIN202408310
José Berríos,berrj001,2024-09-07,2024,TOR,ATL,5,6.0,23,90,5,1,0,0,1.02,ATL202409070
José Berríos,berrj001,2024-09-14,2024,TOR,SLN,4,7.0,25,97,2,2,1,1,1.0,TOR202409140
José Berríos,berrj001,2024-09-20,2024,TOR,TBA,6,6.0,24,97,6,1,1,0,1.05,TBA202409200
José Berríos,berrj001,2024-09-27,2024,TOR,MIA,4,3.0,18,72,6,3,1,1,1.0,TOR202409270
Tanner Bibee,bibet001,2024-03-30,2024,CLE,OAK,4,4.0,22,88,6,5,0,0,1.0,OAK202403300
Tanner Bibee,bibet001,2024-04-04,2024,CLE,MIN,9,5.3,23,91,5,0,1,0,1.0,MIN202404040
Tanner Bibee,bibet001,2024-04-10,2024,CLE,CHA,2,4.3,20,84,6,3,1,1,1.04,CLE202404100
Tanner Bibee,bibet001,2024-04-16,2024,CLE,BOS,3,5.0,21,92,5,2,1,0,0.98,BOS202404160
Tanner Bibee,bibet001,2024-04-21,2024,CLE,OAK,8,5.7,25,97,5,2,1,1,1.04,CLE202404210
Tanner Bibee,bibet001,2024-04-27,2024,CLE,ATL,9,7.0,22,91,2,0,0,0,1.02,ATL202404270
Tanner Bibee,bibet001,2024-05-03,2024,CLE,ANA,4,5.0,23,91,8,1,2,1,1.04,CLE202405030
Tanner Bibee,bibet001,2024-05-08,2024,CLE,DET,5,4.0,18,82,5,0,0,1,1.04,CLE202405080
Tanner Bibee,bibet001,2024-05-13,2024,CLE,TEX,4,5.3,21,94,3,2,0,0,0.99,TEX202405130
Tanner Bibee,bibet001,2024-05-19,2024,CLE,MIN,8,7.0,26,95,4,1,1,1,1.04,CLE202405190
Tanner Bibee,bibet001,2024-05-25,2024,CLE,ANA,6,6.0,25,91,6,1,1,0,0.99,ANA202405250
Tanner Bibee,bibet001,2024-05-31,2024,CLE,WAS,7,6.3,24,89,3,1,0,1,1.04,CLE202405310
Tanner Bibee,bibet001,2024-06-06,2024,CLE,KCA,7,5.0,24,94,6,1,0,1,1.04,CLE202406060
Tanner Bibee,bibet001,2024-06-12,2024,CLE,CIN,11,5.3,21,102,4,1,2,0,1.0,CIN202406120
Tanner Bibee,bibet001,2024-06-19,2024,CLE,SEA,12,6.0,22,93,3,1,0,1,1.04,CLE202406190
Tanner Bibee,bibet001,2024-06-24,2024,CLE,BAL,7,6.0,25,96,5,1,0,0,1.0,BAL202406240
Tanner Bibee,bibet001,2024-06-29,2024,CLE,KCA,3,6.0,20,89,4,0,2,0,0.96,KCA202406290
Tanner Bibee,bibet001,2024-07-05,2024,CLE,SFN,6,4.7,23,99,6,2,0,1,1.04,CLE202407050
Tanner Bibee,bibet001,2024-07-10,2024,CLE,DET,8,7.0,28,106,5,3,1,0,1.0,DET202407100
Tanner Bibee,bibet001,2024-07-19,2024,CLE,SDN,3,5.7,21,102,2,3,0,1,1.04,CLE202407190
Tanner Bibee,bibet001,2024-07-24,2024,CLE,DET,4,5.0,17,67,2,1,1,1,1.04,CLE202407240
Tanner Bibee,bibet001,2024-07-29,2024,CLE,DET,2,6.0,24,95,7,0,0,0,1.0,DET202407290
Tanner Bibee,bibet001,2024-08-11,2024,CLE,MIN,5,5.7,23,84,6,0,1,0,1.0,MIN202408110
Tanner Bibee,bibet001,2024-08-17,2024,CLE,MIL,7,5.0,18,83,3,1,1,0,1.05,MIL202408170
Tanner Bibee,bibet001,2024-08-23,2024,CLE,TEX,6,5.7,26,94,8,1,0,1,1.04,CLE202408230
Tanner Bibee,bibet001,2024-08-28,2024,CLE,KCA,6,5.0,25,99,8,2,3,1,1.04,CLE202408280
Tanner Bibee,bibet001,2024-09-03,2024,CLE,KCA,6,6.0,24,91,2,3,0,0,0.96,KCA202409030
Tanner Bibee,bibet001,2024-09-08,2024,CLE,LAN,4,5.0,21,94,4,3,1,0,1.03,LAN202409080
Tanner Bibee,bibet001,2024-09-13,2024,CLE,TBA,9,6.0,25,91,8,0,2,1,1.04,CLE202409130
Tanner Bibee,bibet001,2024-09-18,2024,CLE,MIN,5,6.7,27,96,5,1,0,1,1.04,CLE202409180
Tanner Bibee,bibet001,2024-09-24,2024,CLE,CIN,7,7.0,26,88,4,2,0,1,1.04,CLE202409240
Osvaldo Bido,bidoo001,2024-05-08,2024,OAK,TEX,4,2.7,14,57,3,2,0,1,1.0,OAK202405082
Osvaldo Bido,bidoo001,2024-07-23,2024,OAK,HOU,6,5.0,19,70,4,0,1,1,1.0,OAK202407230
Osvaldo Bido,bidoo001,2024-07-28,2024,OAK,ANA,6,3.7,21,79,6,4,1,0,0.99,ANA202407280
Osvaldo Bido,bidoo001,2024-08-04,2024,OAK,LAN,6,6.0,26,100,6,3,0,1,1.0,OAK202408040
Osvaldo Bido,bidoo001,2024-08-10,2024,OAK,TOR,5,6.0,21,89,2,1,0,0,1.0,TOR202408100
Osvaldo Bido,bidoo001,2024-08-17,2024,OAK,SFN,6,6.0,21,91,1,2,0,1,1.0,OAK202408170
Osvaldo Bido,bidoo001,2024-08-22,2024,OAK,TBA,6,5.0,20,92,2,3,0,1,1.0,OAK202408220
Osvaldo Bido,bidoo001,2024-08-28,2024,OAK,CIN,5,6.0,21,84,3,0,0,0,1.0,CIN202408280
Osvaldo Bido,bidoo001,2024-09-02,2024,OAK,SEA,4,5.3,23,91,6,1,1,1,1.0,OAK202409020
Shane Bieber,biebs001,2024-03-28,2024,CLE,OAK,11,6.0,22,83,4,1,0,0,1.0,OAK202403280
Shane Bieber,biebs001,2024-04-02,2024,CLE,SEA,9,6.0,23,83,6,0,0,0,1.04,SEA202404020
Hunter Bigge,biggh001,2024-08-04,2024,TBA,HOU,1,0.7,5,22,1,2,0,0,1.02,HOU202408040
Hayden Birdsong,birdh001,2024-06-26,2024,SFN,CHN,5,4.7,22,97,6,3,1,1,1.03,SFN202406260
Hayden Birdsong,birdh001,2024-07-02,2024,SFN,ATL,5,5.0,20,87,4,2,2,0,1.02,ATL202407020
Hayden Birdsong,birdh001,2024-07-07,2024,SFN,CLE,5,4.7,20,85,5,2,0,0,1.04,CLE202407070
Hayden Birdsong,birdh001,2024-07-13,2024,SFN,MIN,3,5.0,22,80,2,3,0,1,1.03,SFN202407130
Hayden Birdsong,birdh001,2024-07-21,2024,SFN,COL,12,6.0,22,98,2,2,1,0,0.92,COL202407210
Hayden Birdsong,birdh001,2024-07-27,2024,SFN,COL,8,5.0,20,106,3,3,0,1,1.03,SFN202407272
Hayden Birdsong,birdh001,2024-08-06,2024,SFN,WAS,1,2.0,14,66,5,3,2,0,1.01,WAS202408060
Hayden Birdsong,birdh001,2024-08-11,2024,SFN,DET,5,4.3,19,85,5,1,2,1,1.03,SFN202408110
Hayden Birdsong,birdh001,2024-08-17,2024,SFN,OAK,5,4.7,19,78,3,3,0,0,1.0,OAK202408170
Hayden Birdsong,birdh001,2024-08-23,2024,SFN,SEA,5,4.0,18,80,1,4,0,0,1.04,SEA202408230
Hayden Birdsong,birdh001,2024-08-29,2024,SFN,MIL,6,3.7,19,92,4,4,1,0,1.05,MIL202408290
Hayden Birdsong,birdh001,2024-09-04,2024,SFN,ARI,4,3.0,18,77,3,5,1,1,1.03,SFN202409040
Hayden Birdsong,birdh001,2024-09-12,2024,SFN,MIL,4,5.0,17,68,2,1,0,1,1.03,SFN202409120
Hayden Birdsong,birdh001,2024-09-18,2024,SFN,BAL,3,5.7,23,96,4,2,0,0,1.0,BAL202409180
Hayden Birdsong,birdh001,2024-09-23,2024,SFN,ARI,6,5.0,22,95,4,2,0,0,1.03,ARI202409230
Hayden Birdsong,birdh001,2024-09-29,2024,SFN,SLN,11,4.3,20,98,4,3,1,1,1.03,SFN202409290
Spencer Bivens,bives001,2024-06-30,2024,SFN,LAN,3,5.0,19,60,4,0,1,1,1.03,SFN202406300
Spencer Bivens,bives001,2024-09-08,2024,SFN,SDN,3,4.3,18,63,4,1,1,0,1.08,SDN202409080
Mason Black,blacm001,2024-05-06,2024,SFN,PHI,4,4.3,24,84,8,3,1,0,1.01,PHI202405060
Mason Black,blacm001,2024-05-11,2024,SFN,CIN,2,4.3,18,78,4,2,1,1,1.03,SFN202405110
Mason Black,blacm001,2024-05-17,2024,SFN,COL,2,3.0,16,50,6,0,1,1,1.03,SFN202405170
Mason Black,blacm001,2024-08-31,2024,SFN,MIA,6,5.0,18,74,4,0,1,1,1.03,SFN202408310
Mason Black,blacm001,2024-09-06,2024,SFN,SDN,6,4.7,21,93,6,1,1,0,1.08,SDN202409060
Mason Black,blacm001,2024-09-14,2024,SFN,SDN,2,4.0,19,79,6,1,1,1,1.03,SFN202409140
Mason Black,blacm001,2024-09-20,2024,SFN,KCA,4,5.7,22,84,4,1,0,0,0.96,KCA202409200
Mason Black,blacm001,2024-09-25,2024,SFN,ARI,3,2.7,17,70,5,5,0,0,1.03,ARI202409250
Paul Blackburn,blacp001,2024-03-31,2024,OAK,CLE,3,7.0,25,88,3,1,0,1,1.0,OAK202403310
Paul Blackburn,blacp001,2024-04-06,2024,OAK,DET,4,6.0,22,85,3,0,0,0,1.0,DET202404060
Paul Blackburn,blacp001,2024-04-12,2024,OAK,WAS,4,6.3,24,90,5,2,0,1,1.0,OAK202404120
Paul Blackburn,blacp001,2024-04-17,2024,OAK,SLN,7,5.7,26,98,6,5,0,1,1.0,OAK202404170
Paul Blackburn,blacp001,2024-04-23,2024,OAK,NYA,5,6.0,23,98,5,0,1,0,0.99,NYA202404230
Paul Blackburn,blacp001,2024-04-28,2024,OAK,BAL,5,4.0,20,79,7,1,3,0,1.0,BAL202404280
Paul Blackburn,blacp001,2024-05-04,2024,OAK,MIA,3,7.0,25,105,4,1,1,1,1.0,OAK202405040
Paul Blackburn,blacp001,2024-05-10,2024,OAK,SEA,5,4.0,23,89,7,3,1,0,1.04,SEA202405100
Paul Blackburn,blacp001,2024-07-26,2024,OAK,ANA,2,5.0,20,72,5,1,2,0,0.99,ANA202407260
Paul Blackburn,blacp001,2024-08-02,2024,NYN,ANA,6,6.0,24,82,6,2,0,0,0.99,ANA202408020
Paul Blackburn,blacp001,2024-08-07,2024,NYN,COL,6,6.0,26,93,5,2,1,0,0.92,COL202408070
Paul Blackburn,blacp001,2024-08-13,2024,NYN,OAK,4,4.0,21,82,6,2,1,1,1.06,NYN202408130
Paul Blackburn,blacp001,2024-08-18,2024,NYN,MIA,4,6.0,21,92,4,1,0,1,1.06,NYN202408180
Paul Blackburn,blacp001,2024-08-23,2024,NYN,SDN,1,2.3,16,59,10,0,2,0,1.08,SDN202408230
Ty Blach,blact002,2024-04-24,2024,COL,SDN,0,5.0,21,76,5,2,0,1,0.92,COL202404240
Ty Blach,blact002,2024-05-12,2024,COL,TEX,2,5.0,20,70,7,0,0,1,0.92,COL202405120
Ty Blach,blact002,2024-05-18,2024,COL,SFN,3,3.0,17,64,7,1,1,0,1.03,SFN202405180
Ty Blach,blact002,2024-05-24,2024,COL,PHI,2,6.7,26,78,5,1,2,1,0.92,COL202405240
Ty Blach,blact002,2024-05-29,2024,COL,CLE,5,7.0,28,94,6,2,0,1,0.92,COL202405290
Ty Blach,blact002,2024-06-04,2024,COL,CIN,2,5.0,25,87,10,0,1,1,0.92,COL202406040
Ty Blach,blact002,2024-06-09,2024,COL,SLN,3,5.0,25,79,8,1,1,0,1.0,SLN202406090
Ty Blach,blact002,2024-06-15,2024,COL,PIT,5,5.7,25,78,7,1,1,1,0.92,COL202406150
Ty Blach,blact002,2024-06-20,2024,COL,LAN,2,4.0,23,76,10,1,3,1,0.92,COL202406200
Ty Blach,blact002,2024-07-23,2024,COL,BOS,1,2.3,15,59,7,1,2,1,0.92,COL202407230
Ty Blach,blact002,2024-09-01,2024,COL,BAL,1,4.0,19,63,5,2,1,1,0.92,COL202409010
Ty Blach,blact002,2024-09-07,2024,COL,MIL,1,3.7,16,57,6,0,3,0,1.05,MIL202409070
Bradley Blalock,blalb001,2024-08-12,2024,COL,ARI,4,5.7,23,96,6,0,0,0,1.03,ARI202408120
Bradley Blalock,blalb001,2024-08-18,2024,COL,SDN,2,5.7,26,87,6,3,0,1,0.92,COL202408180
Bradley Blalock,blalb001,2024-08-24,2024,COL,NYA,5,5.3,24,96,5,4,1,0,0.99,NYA202408240
Bradley Blalock,blalb001,2024-08-29,2024,COL,MIA,3,4.0,24,72,9,1,1,1,0.92,COL202408290
Bradley Blalock,blalb001,2024-09-04,2024,COL,ATL,2,5.0,25,96,4,6,1,0,1.02,ATL202409040
Bradley Blalock,blalb001,2024-09-10,2024,COL,DET,4,4.0,21,82,5,5,1,0,1.0,DET202409100
Ronel Blanco,blanr001,2024-04-01,2024,HOU,TOR,7,9.0,29,105,0,2,0,1,1.02,HOU202404010
Ronel Blanco,blanr001,2024-04-07,2024,HOU,TEX,4,6.0,23,90,1,4,0,0,0.99,TEX202404070
Ronel Blanco,blanr001,2024-04-13,2024,HOU,TEX,5,6.0,24,93,5,3,0,1,1.02,HOU202404130
Ronel Blanco,blanr001,2024-04-20,2024,HOU,WAS,6,6.0,26,98,5,3,1,0,1.01,WAS202404200
Ronel Blanco,blanr001,2024-04-27,2024,HOU,COL,8,5.7,26,102,5,2,1,0,0.92,COL202404270
Ronel Blanco,blanr001,2024-05-03,2024,HOU,SEA,6,6.0,24,94,5,2,2,1,1.02,HOU202405030
Ronel Blanco,blanr001,2024-05-09,2024,HOU,NYA,5,5.7,24,107,4,4,1,0,0.99,NYA202405090
Ronel Blanco,blanr001,2024-05-14,2024,HOU,OAK,4,3.0,14,54,4,1,0,1,1.02,HOU202405140
Ronel Blanco,blanr001,2024-05-26,2024,HOU,OAK,6,7.0,25,104,4,1,1,0,1.0,OAK202405260
Ronel Blanco,blanr001,2024-05-31,2024,HOU,MIN,6,4.7,20,95,3,3,1,1,1.02,HOU202405310
Ronel Blanco,blanr001,2024-06-05,2024,HOU,SLN,2,5.7,24,98,5,2,1,1,1.02,HOU202406050
Ronel Blanco,blanr001,2024-06-11,2024,HOU,SFN,8,6.0,22,96,3,1,1,0,1.03,SFN202406110
Ronel Blanco,blanr001,2024-06-16,2024,HOU,DET,8,7.0,25,94,0,3,0,1,1.02,HOU202406160
Ronel Blanco,blanr001,2024-06-22,2024,HOU,BAL,4,7.0,27,98,4,3,1,1,1.02,HOU202406220
Ronel Blanco,blanr001,2024-06-28,2024,HOU,NYN,5,5.7,26,98,6,3,3,0,1.06,NYN202406280
Ronel Blanco,blanr001,2024-07-03,2024,HOU,TOR,4,5.7,22,99,4,2,0,0,1.0,TOR202407030
Ronel Blanco,blanr001,2024-07-09,2024,HOU,MIA,7,7.0,25,87,4,1,2,1,1.02,HOU202407090
Ronel Blanco,blanr001,2024-07-14,2024,HOU,TEX,5,6.0,22,90,2,2,1,1,1.02,HOU202407140
Ronel Blanco,blanr001,2024-07-21,2024,HOU,SEA,5,5.7,24,100,6,1,1,0,1.04,SEA202407210
Ronel Blanco,blanr001,2024-07-27,2024,HOU,LAN,9,4.3,20,99,3,3,1,1,1.02,HOU202407270
Ronel Blanco,blanr001,2024-08-03,2024,HOU,TBA,7,5.0,23,89,6,2,1,1,1.02,HOU202408030
Ronel Blanco,blanr001,2024-08-09,2024,HOU,BOS,5,4.0,19,88,4,3,0,0,0.98,BOS202408090
Ronel Blanco,blanr001,2024-08-14,2024,HOU,TBA,4,6.0,20,73,2,0,0,0,1.05,TBA202408140
Ronel Blanco,blanr001,2024-08-20,2024,HOU,BOS,6,3.7,21,84,6,4,1,1,1.02,HOU202408200
Ronel Blanco,blanr001,2024-08-26,2024,HOU,PHI,5,5.7,25,91,7,2,1,0,1.01,PHI202408260
Ronel Blanco,blanr001,2024-09-01,2024,HOU,KCA,3,5.0,21,101,3,4,0,1,1.02,HOU202409010
Ronel Blanco,blanr001,2024-09-15,2024,HOU,ANA,5,6.0,23,92,4,2,0,0,0.99,ANA202409150
Ronel Blanco,blanr001,2024-09-21,2024,HOU,ANA,9,6.0,27,104,7,2,1,1,1.02,HOU202409210
Ronel Blanco,blanr001,2024-09-27,2024,HOU,CLE,3,5.0,17,86,1,2,0,0,1.04,CLE202409270
Jake Bloss,blosj001,2024-06-21,2024,HOU,BAL,2,3.7,18,79,6,1,0,1,1.02,HOU202406210
Jake Bloss,blosj001,2024-07-11,2024,HOU,MIA,4,4.0,18,82,4,1,1,1,1.02,HOU202407110
Jake Bloss,blosj001,2024-07-23,2024,HOU,OAK,5,4.0,19,77,6,1,4,0,1.0,OAK202407230
Jonathan Bowlan,bowlj001,2024-04-29,2024,KCA,TOR,3,2.7,17,68,6,3,3,0,1.0,TOR202404290
Matthew Bowman,bowmm001,2024-09-28,2024,BAL,MIN,2,1.3,5,19,1,0,0,0,1.0,MIN202409280
Matt Boyd,boydm001,2024-08-13,2024,CLE,CHN,6,5.3,19,80,3,0,0,1,1.04,CLE202408130
Matt Boyd,boydm001,2024-08-20,2024,CLE,NYA,2,5.3,24,85,4,4,2,0,0.99,NYA202408200
Matt Boyd,boydm001,2024-08-25,2024,CLE,TEX,4,6.0,22,80,3,1,0,1,1.04,CLE202408250
Matt Boyd,boydm001,2024-08-31,2024,CLE,PIT,8,6.0,21,90,4,0,0,1,1.04,CLE202408310
Matt Boyd,boydm001,2024-09-06,2024,CLE,LAN,6,6.0,22,87,3,0,1,0,1.03,LAN202409060
Matt Boyd,boydm001,2024-09-11,2024,CLE,CHA,9,4.3,23,95,6,2,0,0,0.99,CHA202409110
Matt Boyd,boydm001,2024-09-16,2024,CLE,MIN,5,2.7,16,64,5,3,0,1,1.04,CLE202409160
Matt Boyd,boydm001,2024-09-21,2024,CLE,SLN,6,4.0,19,88,4,3,1,0,1.0,SLN202409210
Joe Boyle,boylj001,2024-04-01,2024,OAK,BOS,4,2.7,21,84,8,4,0,1,1.0,OAK202404010
Joe Boyle,boylj001,2024-04-07,2024,OAK,DET,6,5.0,20,87,2,3,0,0,1.0,DET202404070
Joe Boyle,boylj001,2024-04-13,2024,OAK,WAS,5,5.0,20,86,5,1,0,1,1.0,OAK202404130
Joe Boyle,boylj001,2024-04-19,2024,OAK,CLE,3,6.0,25,87,5,4,1,0,1.04,CLE202404190
Joe Boyle,boylj001,2024-04-24,2024,OAK,NYA,6,3.0,17,85,3,4,1,0,0.99,NYA202404240
Joe Boyle,boylj001,2024-04-29,2024,OAK,PIT,4,5.0,19,91,1,4,0,1,1.0,OAK202404290
Joe Boyle,boylj001,2024-05-05,2024,OAK,MIA,1,1.0,7,35,1,3,1,1,1.0,OAK202405050
Joe Boyle,boylj001,2024-08-13,2024,OAK,NYN,6,4.0,23,85,7,3,0,0,1.06,NYN202408130
Joe Boyle,boylj001,2024-08-19,2024,OAK,TBA,6,6.0,24,104,2,3,0,1,1.0,OAK202408190
Joe Boyle,boylj001,2024-08-24,2024,OAK,MIL,8,5.0,24,104,5,4,1,1,1.0,OAK202408240
Cody Bradford,bradc003,2024-03-30,2024,TEX,CHN,6,5.0,18,76,3,1,1,1,0.99,TEX202403300
Cody Bradford,bradc003,2024-04-05,2024,TEX,HOU,4,7.7,26,97,2,0,0,1,0.99,TEX202404050
Cody Bradford,bradc003,2024-04-10,2024,TEX,OAK,7,6.7,27,94,5,1,0,1,0.99,TEX202404100
Cody Bradford,bradc003,2024-08-03,2024,TEX,BOS,5,3.7,16,59,4,1,2,1,0.99,TEX202408030
Cody Bradford,bradc003,2024-08-10,2024,TEX,NYA,7,5.0,20,92,5,0,0,0,0.99,NYA202408102
Cody Bradford,bradc003,2024-08-15,2024,TEX,MIN,2,6.0,26,104,6,2,1,1,0.99,TEX202408150
Cody Bradford,bradc003,2024-08-20,2024,TEX,PIT,8,7.0,26,96,5,0,0,1,0.99,TEX202408200
Cody Bradford,bradc003,2024-08-25,2024,TEX,CLE,3,6.0,23,85,3,2,1,0,1.04,CLE202408250
Cody Bradford,bradc003,2024-08-31,2024,TEX,OAK,8,7.0,25,97,4,0,1,1,0.99,TEX202408310
Cody Bradford,bradc003,2024-09-05,2024,TEX,ANA,4,6.0,22,90,2,2,0,1,0.99,TEX202409050
Cody Bradford,bradc003,2024-09-11,2024,TEX,ARI,4,3.7,20,59,9,0,3,0,1.03,ARI202409110
Cody Bradford,bradc003,2024-09-18,2024,TEX,TOR,6,7.0,26,90,5,0,0,1,0.99,TEX202409180
Cody Bradford,bradc003,2024-09-25,2024,TEX,OAK,4,3.7,21,90,6,3,0,0,1.0,OAK202409250
Kyle Bradish,bradk001,2024-05-02,2024,BAL,NYA,5,4.7,21,84,4,2,0,1,1.0,BAL202405020
Kyle Bradish,bradk001,2024-05-08,2024,BAL,WAS,9,5.0,22,90,4,2,0,0,1.01,WAS202405080
Kyle Bradish,bradk001,2024-05-15,2024,BAL,TOR,3,4.0,18,85,4,2,0,1,1.0,BAL202405150
Kyle Bradish,bradk001,2024-05-21,2024,BAL,SLN,6,5.0,21,72,4,1,0,0,1.0,SLN202405210
Kyle Bradish,bradk001,2024-05-26,2024,BAL,CHA,11,7.0,24,103,0,4,0,0,0.99,CHA202405260
Kyle Bradish,bradk001,2024-06-01,2024,BAL,TBA,6,2.7,19,75,7,3,0,1,1.0,BAL202406010
Kyle Bradish,bradk001,2024-06-08,2024,BAL,TBA,9,6.0,19,88,1,0,0,0,1.05,TBA202406080
Kyle Bradish,bradk001,2024-06-14,2024,BAL,PHI,4,5.0,19,74,3,1,2,1,1.0,BAL202406140
Taj Bradley,bradt002,2024-05-10,2024,TBA,NYA,7,6.0,24,93,4,2,0,1,1.05,TBA202405100
Taj Bradley,bradt002,2024-05-15,2024,TBA,BOS,6,5.0,20,83,4,1,1,0,0.98,BOS202405150
Taj Bradley,bradt002,2024-05-20,2024,TBA,BOS,10,7.0,27,92,6,0,2,1,1.05,TBA202405200
Taj Bradley,bradt002,2024-05-26,2024,TBA,KCA,6,5.0,19,95,1,3,0,1,1.05,TBA202405260
Taj Bradley,bradt002,2024-06-01,2024,TBA,BAL,3,3.3,22,79,9,3,4,0,1.0,BAL202406010
Taj Bradley,bradt002,2024-06-08,2024,TBA,BAL,7,5.0,19,99,3,1,1,1,1.05,TBA202406080
Taj Bradley,bradt002,2024-06-13,2024,TBA,CHN,11,7.0,27,103,3,2,0,1,1.05,TBA202406130
Taj Bradley,bradt002,2024-06-19,2024,TBA,MIN,3,6.0,26,104,7,2,1,0,1.0,MIN202406190
Taj Bradley,bradt002,2024-06-24,2024,TBA,SEA,8,5.3,22,88,2,4,1,1,1.05,TBA202406240
Taj Bradley,bradt002,2024-06-30,2024,TBA,WAS,11,5.7,22,99,3,2,0,1,1.05,TBA202406300
Taj Bradley,bradt002,2024-07-06,2024,TBA,TEX,5,6.0,24,79,5,2,0,0,0.99,TEX202407060
Taj Bradley,bradt002,2024-07-12,2024,TBA,CLE,8,7.0,27,97,5,2,0,1,1.05,TBA202407120
Taj Bradley,bradt002,2024-07-20,2024,TBA,NYA,5,7.0,23,99,1,2,0,0,0.99,NYA202407200
Taj Bradley,bradt002,2024-07-25,2024,TBA,TOR,7,6.0,21,83,2,1,0,0,1.0,TOR202407250
Taj Bradley,bradt002,2024-07-31,2024,TBA,MIA,6,5.0,20,94,4,1,2,1,1.05,TBA202407310
Taj Bradley,bradt002,2024-08-07,2024,TBA,SLN,3,4.7,26,92,9,3,0,0,1.0,SLN202408070
Taj Bradley,bradt002,2024-08-12,2024,TBA,HOU,6,4.3,24,93,8,2,2,1,1.05,TBA202408120
Taj Bradley,bradt002,2024-08-19,2024,TBA,OAK,2,6.0,24,89,5,3,1,0,1.0,OAK202408190
Taj Bradley,bradt002,2024-08-24,2024,TBA,LAN,5,6.0,25,99,7,0,2,0,1.03,LAN202408240
Taj Bradley,bradt002,2024-08-30,2024,TBA,SDN,2,2.3,17,71,8,2,1,1,1.05,TBA202408300
Taj Bradley,bradt002,2024-09-05,2024,TBA,MIN,10,7.0,27,100,6,1,2,1,1.05,TBA202409050
Taj Bradley,bradt002,2024-09-10,2024,TBA,PHI,6,6.0,26,90,6,2,2,0,1.01,PHI202409100
Taj Bradley,bradt002,2024-09-15,2024,TBA,CLE,6,4.3,21,99,5,3,0,0,1.04,CLE202409150
Taj Bradley,bradt002,2024-09-21,2024,TBA,TOR,4,5.0,23,103,6,2,0,1,1.05,TBA202409210
Taj Bradley,bradt002,2024-09-27,2024,TBA,BOS,7,6.0,22,71,3,1,0,0,0.98,BOS202409270
Ryan Brasier,brasr001,2024-04-02,2024,LAN,SFN,1,1.0,4,12,0,1,0,1,1.03,LAN202404020
Ryan Brasier,brasr001,2024-09-07,2024,LAN,CLE,0,1.0,4,16,1,0,0,1,1.03,LAN202409070
Ryan Brasier,brasr001,2024-09-20,2024,LAN,COL,1,1.0,3,12,0,0,0,1,1.03,LAN202409200
Ryan Brasier,brasr001,2024-09-27,2024,LAN,COL,2,1.0,5,23,1,1,0,0,0.92,COL202409270
Beau Brieske,brieb001,2024-07-14,2024,DET,LAN,0,1.0,6,27,4,0,0,1,1.0,DET202407140
Beau Brieske,brieb001,2024-07-29,2024,DET,CLE,1,0.7,7,30,5,0,0,1,1.0,DET202407290
Beau Brieske,brieb001,2024-08-09,2024,DET,SFN,5,3.0,10,49,0,1,0,0,1.03,SFN202408090
Beau Brieske,brieb001,2024-08-14,2024,DET,SEA,2,1.3,7,37,2,1,0,1,1.0,DET202408140
Beau Brieske,brieb001,2024-08-16,2024,DET,NYA,1,1.0,6,30,1,2,0,1,1.0,DET202408160
Beau Brieske,brieb001,2024-08-21,2024,DET,CHN,3,2.0,7,32,1,0,0,0,0.97,CHN202408210
Beau Brieske,brieb001,2024-08-25,2024,DET,CHA,0,1.0,6,25,2,1,0,0,0.99,CHA202408250
Beau Brieske,brieb001,2024-09-01,2024,DET,BOS,1,1.3,6,23,0,2,0,1,1.0,DET202409010
Beau Brieske,brieb001,2024-09-08,2024,DET,OAK,2,1.0,5,31,0,2,0,0,1.0,OAK202409080
Beau Brieske,brieb001,2024-09-13,2024,DET,BAL,1,1.3,4,16,0,0,0,1,1.0,DET202409130
Beau Brieske,brieb001,2024-09-14,2024,DET,BAL,1,1.0,4,23,0,2,0,1,1.0,DET202409140
Beau Brieske,brieb001,2024-09-28,2024,DET,CHA,1,2.0,7,31,1,0,1,1,1.0,DET202409280
Aaron Brooks,brooa001,2024-05-15,2024,OAK,HOU,5,7.0,28,84,7,1,0,0,1.02,HOU202405150
Aaron Brooks,brooa001,2024-05-21,2024,OAK,COL,3,6.0,27,85,6,1,2,1,1.0,OAK202405210
Aaron Brooks,brooa001,2024-05-26,2024,OAK,HOU,1,4.3,24,90,9,3,1,1,1.0,OAK202405260
Aaron Brooks,brooa001,2024-06-01,2024,OAK,ATL,1,4.3,21,79,7,1,1,0,1.02,ATL202406010
Ben Brown,browb006,2024-04-09,2024,CHN,SDN,5,4.7,16,77,3,1,0,0,1.08,SDN202404090
Ben Brown,browb006,2024-04-15,2024,CHN,ARI,4,6.0,21,84,1,2,0,0,1.03,ARI202404150
Ben Brown,browb006,2024-04-27,2024,CHN,BOS,4,3.7,18,61,7,0,1,0,0.98,BOS202404270
Ben Brown,browb006,2024-05-02,2024,CHN,NYN,5,4.7,21,89,3,5,0,0,1.06,NYN202405020
Ben Brown,browb006,2024-05-23,2024,CHN,ATL,6,4.0,15,66,1,2,0,1,0.97,CHN202405230
Ben Brown,browb006,2024-05-28,2024,CHN,MIL,10,7.0,23,93,0,2,0,0,1.05,MIL202405280
Ben Brown,browb006,2024-06-02,2024,CHN,CIN,6,5.0,22,76,6,1,1,1,0.97,CHN202406020
Ben Brown,browb006,2024-06-08,2024,CHN,CIN,3,4.0,16,65,3,1,2,0,1.0,CIN202406080
Hunter Brown,browh001,2024-03-30,2024,HOU,NYA,5,4.0,18,88,4,2,0,1,1.02,HOU202403300
Hunter Brown,browh001,2024-04-05,2024,HOU,TEX,3,3.0,21,80,8,4,1,0,0.99,TEX202404050
Hunter Brown,browh001,2024-04-11,2024,HOU,KCA,0,0.7,14,40,11,1,1,0,0.96,KCA202404110
Hunter Brown,browh001,2024-04-16,2024,HOU,ATL,3,6.0,23,88,5,3,1,1,1.02,HOU202404160
Hunter Brown,browh001,2024-04-21,2024,HOU,WAS,6,4.0,17,84,4,2,0,0,1.01,WAS202404210
Hunter Brown,browh001,2024-04-30,2024,HOU,CLE,7,5.3,22,97,5,2,2,1,1.02,HOU202404300
Hunter Brown,browh001,2024-05-05,2024,HOU,SEA,5,4.3,22,91,5,4,0,1,1.02,HOU202405050
Hunter Brown,browh001,2024-05-17,2024,HOU,MIL,5,5.0,21,93,4,3,2,1,1.02,HOU202405170
Hunter Brown,browh001,2024-05-22,2024,HOU,ANA,3,6.0,23,96,2,3,1,1,1.02,HOU202405220
Hunter Brown,browh001,2024-05-28,2024,HOU,SEA,9,6.0,22,87,4,0,0,0,1.04,SEA202405280
Hunter Brown,browh001,2024-06-02,2024,HOU,MIN,7,6.0,23,95,5,1,2,1,1.02,HOU202406020
Hunter Brown,browh001,2024-06-08,2024,HOU,ANA,7,6.0,25,98,2,4,0,0,0.99,ANA202406080
Hunter Brown,browh001,2024-06-14,2024,HOU,DET,9,7.0,25,96,5,0,0,1,1.02,HOU202406140
Hunter Brown,browh001,2024-06-19,2024,HOU,CHA,6,6.0,24,89,7,0,1,0,0.99,CHA202406190
Hunter Brown,browh001,2024-06-25,2024,HOU,COL,7,6.0,23,94,2,3,0,1,1.02,HOU202406250
Hunter Brown,browh001,2024-07-01,2024,HOU,TOR,5,6.0,23,99,2,3,0,0,1.0,TOR202407010
Hunter Brown,browh001,2024-07-06,2024,HOU,MIN,6,6.0,31,105,12,1,1,0,1.0,MIN202407060
Hunter Brown,browh001,2024-07-12,2024,HOU,TEX,5,6.0,24,93,5,2,1,1,1.02,HOU202407120
Hunter Brown,browh001,2024-07-19,2024,HOU,SEA,5,6.0,24,102,4,3,0,0,1.04,SEA202407190
Hunter Brown,browh001,2024-07-24,2024,HOU,OAK,8,6.0,26,97,8,1,0,0,1.0,OAK202407240
Hunter Brown,browh001,2024-07-30,2024,HOU,PIT,8,5.7,27,102,9,2,1,1,1.02,HOU202407300
Hunter Brown,browh001,2024-08-05,2024,HOU,TEX,4,6.0,23,97,3,2,0,0,0.99,TEX202408050
Hunter Brown,browh001,2024-08-11,2024,HOU,BOS,9,5.3,21,95,5,2,0,0,0.98,BOS202408110
Hunter Brown,browh001,2024-08-17,2024,HOU,CHA,6,7.0,25,102,4,2,0,1,1.02,HOU202408170
Hunter Brown,browh001,2024-08-23,2024,HOU,BAL,6,6.0,24,107,3,2,1,0,1.0,BAL202408230
Hunter Brown,browh001,2024-08-29,2024,HOU,KCA,4,6.7,24,97,2,2,0,1,1.02,HOU202408290
Hunter Brown,browh001,2024-09-05,2024,HOU,CIN,6,6.0,23,97,4,1,0,0,1.0,CIN202409050
Hunter Brown,browh001,2024-09-11,2024,HOU,OAK,7,5.0,26,97,9,1,1,1,1.02,HOU202409110
Hunter Brown,browh001,2024-09-17,2024,HOU,SDN,3,6.0,24,95,5,1,1,0,1.08,SDN202409170
Hunter Brown,browh001,2024-09-23,2024,HOU,SEA,8,6.0,23,103,3,3,0,1,1.02,HOU202409230
Walker Buehler,buehw001,2024-05-06,2024,LAN,MIA,4,4.0,18,77,6,0,1,1,1.03,LAN202405060
Walker Buehler,buehw001,2024-05-12,2024,LAN,SDN,2,3.3,18,77,5,2,2,0,1.08,SDN202405120
Walker Buehler,buehw001,2024-05-18,2024,LAN,CIN,7,6.0,21,78,3,0,0,1,1.03,LAN202405180
Walker Buehler,buehw001,2024-05-25,2024,LAN,CIN,4,5.7,21,91,6,1,2,0,1.0,CIN202405250
Walker Buehler,buehw001,2024-05-31,2024,LAN,COL,7,6.0,27,92,6,4,1,1,1.03,LAN202405310
Walker Buehler,buehw001,2024-06-06,2024,LAN,PIT,3,3.0,19,78,6,1,1,0,1.0,PIT202406060
Walker Buehler,buehw001,2024-06-12,2024,LAN,TEX,2,5.0,23,88,7,1,1,1,1.03,LAN202406120
Walker Buehler,buehw001,2024-06-18,2024,LAN,COL,2,4.0,21,70,7,1,2,0,0.92,COL202406180
Walker Buehler,buehw001,2024-08-14,2024,LAN,MIL,3,3.3,18,87,4,4,1,0,1.05,MIL202408140
Walker Buehler,buehw001,2024-08-20,2024,LAN,SEA,1,4.0,21,82,7,3,0,1,1.03,LAN202408200
Walker Buehler,buehw001,2024-08-28,2024,LAN,BAL,4,4.7,23,90,5,1,0,1,1.03,LAN202408280
Walker Buehler,buehw001,2024-09-03,2024,LAN,ANA,6,5.0,21,83,5,2,2,0,0.99,ANA202409030
Walker Buehler,buehw001,2024-09-09,2024,LAN,CHN,4,5.0,23,86,9,1,2,1,1.03,LAN202409090
Walker Buehler,buehw001,2024-09-15,2024,LAN,ATL,5,6.0,26,97,3,5,0,0,1.02,ATL202409150
Walker Buehler,buehw001,2024-09-21,2024,LAN,COL,9,5.3,24,89,5,1,1,1,1.03,LAN202409210
Walker Buehler,buehw001,2024-09-26,2024,LAN,SDN,1,5.0,20,71,5,1,0,1,1.03,LAN202409260
Brock Burke,burkb001,2024-08-22,2024,ANA,TOR,1,1.0,6,28,3,0,0,0,1.0,TOR202408220
Sean Burke,burks001,2024-09-15,2024,CHA,OAK,5,5.0,22,85,5,2,1,1,0.99,CHA202409150
Sean Burke,burks001,2024-09-22,2024,CHA,SDN,8,6.0,21,87,2,1,1,0,1.08,SDN202409220
Sean Burke,burks001,2024-09-28,2024,CHA,DET,6,5.0,19,84,2,3,0,0,1.0,DET202409280
Corbin Burnes,burnc002,2024-03-28,2024,BAL,ANA,11,6.0,19,82,1,0,1,1,1.0,BAL202403280
Corbin Burnes,burnc002,2024-04-03,2024,BAL,KCA,3,5.7,26,100,9,0,0,1,1.0,BAL202404030
Corbin Burnes,burnc002,2024-04-09,2024,BAL,BOS,6,7.0,25,90,2,2,1,0,0.98,BOS202404090
Corbin Burnes,burnc002,2024-04-14,2024,BAL,MIL,5,5.0,22,98,6,2,1,1,1.0,BAL202404140
Corbin Burnes,burnc002,2024-04-20,2024,BAL,KCA,4,5.7,22,98,4,1,1,0,0.96,KCA202404200
Corbin Burnes,burnc002,2024-04-26,2024,BAL,OAK,6,6.0,23,97,3,3,1,1,1.0,BAL202404260
Corbin Burnes,burnc002,2024-05-01,2024,BAL,NYA,6,6.0,22,95,4,1,1,1,1.0,BAL202405010
Corbin Burnes,burnc002,2024-05-07,2024,BAL,WAS,6,6.3,27,95,5,3,0,0,1.01,WAS202405070
Corbin Burnes,burnc002,2024-05-13,2024,BAL,TOR,2,6.0,24,85,6,2,0,1,1.0,BAL202405130
Corbin Burnes,burnc002,2024-05-19,2024,BAL,SEA,11,6.0,24,94,6,1,0,1,1.0,BAL202405190
Corbin Burnes,burnc002,2024-05-24,2024,BAL,CHA,6,6.0,27,92,7,2,0,0,0.99,CHA202405240
Corbin Burnes,burnc002,2024-05-29,2024,BAL,BOS,5,7.0,27,108,3,3,0,1,1.0,BAL202405290
Corbin Burnes,burnc002,2024-06-04,2024,BAL,TOR,5,7.0,26,99,4,1,1,0,1.0,TOR202406040
Corbin Burnes,burnc002,2024-06-10,2024,BAL,TBA,6,7.0,27,92,5,1,1,0,1.05,TBA202406100
Corbin Burnes,burnc002,2024-06-16,2024,BAL,PHI,7,6.0,27,93,7,2,0,1,1.0,BAL202406160
Corbin Burnes,burnc002,2024-06-22,2024,BAL,HOU,5,7.0,26,90,5,0,2,0,1.02,HOU202406220
Corbin Burnes,burnc002,2024-06-27,2024,BAL,TEX,5,7.0,29,88,9,0,1,1,1.0,BAL202406270
Corbin Burnes,burnc002,2024-07-04,2024,BAL,SEA,6,6.0,22,94,4,1,1,0,1.04,SEA202407040
Corbin Burnes,burnc002,2024-07-10,2024,BAL,CHN,5,6.0,27,97,9,0,1,1,1.0,BAL202407100
Corbin Burnes,burnc002,2024-07-19,2024,BAL,TEX,6,6.0,24,101,2,4,1,0,0.99,TEX202407190
Corbin Burnes,burnc002,2024-07-25,2024,BAL,MIA,5,7.3,29,96,6,1,1,0,0.98,MIA202407250
Corbin Burnes,burnc002,2024-07-30,2024,BAL,TOR,7,6.7,28,99,4,3,0,1,1.0,BAL202407300
Corbin Burnes,burnc002,2024-08-04,2024,BAL,CLE,4,5.0,23,92,7,1,1,0,1.04,CLE202408040
Corbin Burnes,burnc002,2024-08-10,2024,BAL,TBA,5,6.0,23,98,4,1,0,0,1.05,TBA202408100
Corbin Burnes,burnc002,2024-08-16,2024,BAL,BOS,7,4.0,25,95,10,3,2,1,1.0,BAL202408160
Corbin Burnes,burnc002,2024-08-22,2024,BAL,HOU,2,5.7,26,94,8,2,0,1,1.0,BAL202408220
Corbin Burnes,burnc002,2024-08-28,2024,BAL,LAN,4,5.0,22,94,5,0,2,0,1.03,LAN202408280
Corbin Burnes,burnc002,2024-09-02,2024,BAL,CHA,4,5.0,20,89,6,1,0,1,1.0,BAL202409020
Corbin Burnes,burnc002,2024-09-08,2024,BAL,TBA,3,6.0,26,93,7,2,1,1,1.0,BAL202409080
Corbin Burnes,burnc002,2024-09-14,2024,BAL,DET,7,7.0,23,97,2,1,0,0,1.0,DET202409140
Corbin Burnes,burnc002,2024-09-20,2024,BAL,DET,8,7.0,26,91,3,3,0,1,1.0,BAL202409200
Corbin Burnes,burnc002,2024-09-26,2024,BAL,NYA,9,5.0,17,69,2,1,1,0,0.99,NYA202409260
Ryan Burr,burrr002,2024-08-22,2024,TOR,ANA,2,1.0,6,29,2,1,0,1,1.0,TOR202408220
Ryan Burr,burrr002,2024-09-09,2024,TOR,NYN,3,2.0,7,30,0,0,0,1,1.0,TOR202409090
Ryan Burr,burrr002,2024-09-22,2024,TOR,TBA,3,1.3,5,28,1,0,0,0,1.05,TBA202409220
Ryan Burr,burrr002,2024-09-29,2024,TOR,MIA,1,1.0,6,30,3,0,0,1,1.0,TOR202409290
Ky Bush,bushk001,2024-08-05,2024,CHA,OAK,3,4.0,20,84,2,5,0,0,1.0,OAK202408050
Ky Bush,bushk001,2024-08-12,2024,CHA,NYA,2,4.7,26,97,6,7,0,1,0.99,CHA202408120
Ky Bush,bushk001,2024-08-18,2024,CHA,HOU,5,6.0,24,87,4,3,1,0,1.02,HOU202408180
Ky Bush,bushk001,2024-08-24,2024,CHA,DET,1,3.0,17,60,8,1,1,1,0.99,CHA202408240
José Buttó,buttj001,2024-04-04,2024,NYN,DET,6,6.0,23,90,3,3,0,1,1.06,NYN202404042
José Buttó,buttj001,2024-04-14,2024,NYN,KCA,9,6.0,21,91,2,1,0,1,1.06,NYN202404140
José Buttó,buttj001,2024-04-20,2024,NYN,LAN,6,4.3,22,95,3,5,0,0,1.03,LAN202404200
José Buttó,buttj001,2024-04-26,2024,NYN,SLN,4,5.7,24,94,4,3,2,1,1.06,NYN202404260
José Buttó,buttj001,2024-05-01,2024,NYN,CHN,6,6.0,23,95,4,2,0,1,1.06,NYN202405010
José Buttó,buttj001,2024-05-07,2024,NYN,SLN,3,5.0,22,89,5,3,1,0,1.0,SLN202405070
José Buttó,buttj001,2024-05-14,2024,NYN,PHI,4,5.0,21,97,1,4,0,1,1.06,NYN202405140
Edward Cabrera,cabre003,2024-04-15,2024,MIA,SFN,10,6.0,22,91,5,1,0,1,0.98,MIA202404150
Edward Cabrera,cabre003,2024-04-21,2024,MIA,CHN,7,5.0,25,96,7,3,0,0,0.97,CHN202404210
Edward Cabrera,cabre003,2024-04-27,2024,MIA,WAS,4,4.3,20,78,4,2,1,1,0.98,MIA202404270
Edward Cabrera,cabre003,2024-05-02,2024,MIA,COL,9,4.0,18,91,3,4,1,1,0.98,MIA202405020
Edward Cabrera,cabre003,2024-05-07,2024,MIA,LAN,1,2.0,12,58,1,4,1,0,1.03,LAN202405070
Edward Cabrera,cabre003,2024-07-07,2024,MIA,CHA,4,3.7,17,82,4,1,1,1,0.98,MIA202407070
Edward Cabrera,cabre003,2024-07-13,2024,MIA,CIN,7,3.3,17,63,6,0,4,0,1.0,CIN202407130
Edward Cabrera,cabre003,2024-07-19,2024,MIA,NYN,1,4.7,22,81,5,5,1,1,0.98,MIA202407190
Edward Cabrera,cabre003,2024-07-24,2024,MIA,BAL,6,5.3,23,90,3,4,0,1,0.98,MIA202407240
Edward Cabrera,cabre003,2024-07-30,2024,MIA,TBA,7,5.0,20,79,3,2,1,0,1.05,TBA202407300
Edward Cabrera,cabre003,2024-08-04,2024,MIA,ATL,8,5.0,19,98,3,2,0,0,1.02,ATL202408040
Edward Cabrera,cabre003,2024-08-09,2024,MIA,SDN,4,7.0,27,106,4,3,0,1,0.98,MIA202408090
Edward Cabrera,cabre003,2024-08-14,2024,MIA,PHI,2,4.0,20,82,6,4,1,0,1.01,PHI202408140
Edward Cabrera,cabre003,2024-08-20,2024,MIA,ARI,3,6.0,24,90,4,3,2,1,0.98,MIA202408200
Edward Cabrera,cabre003,2024-08-26,2024,MIA,COL,8,5.3,23,102,6,2,1,0,0.92,COL202408260
Edward Cabrera,cabre003,2024-08-31,2024,MIA,SFN,3,5.3,24,98,6,2,0,0,1.03,SFN202408310
Edward Cabrera,cabre003,2024-09-08,2024,MIA,PHI,6,7.0,24,97,3,1,0,1,0.98,MIA202409080
Edward Cabrera,cabre003,2024-09-13,2024,MIA,WAS,9,6.0,22,100,1,1,0,0,1.01,WAS202409130
Edward Cabrera,cabre003,2024-09-19,2024,MIA,LAN,3,2.3,17,73,4,5,0,1,0.98,MIA202409190
Edward Cabrera,cabre003,2024-09-25,2024,MIA,MIN,5,5.0,22,79,4,1,1,0,1.0,MIN202409250
Griffin Canning,canng001,2024-03-30,2024,ANA,BAL,2,5.0,23,96,7,1,1,0,1.0,BAL202403300
Griffin Canning,canng001,2024-04-05,2024,ANA,BOS,4,4.7,23,91,5,3,3,1,0.99,ANA202404050
Griffin Canning,canng001,2024-04-13,2024,ANA,BOS,6,4.0,20,70,9,0,1,0,0.98,BOS202404130
Griffin Canning,canng001,2024-04-18,2024,ANA,TBA,4,5.3,22,84,4,1,0,0,1.05,TBA202404180
Griffin Canning,canng001,2024-04-23,2024,ANA,BAL,4,5.0,22,85,5,2,0,1,0.99,ANA202404230
Griffin Canning,canng001,2024-04-29,2024,ANA,PHI,1,5.0,22,86,3,5,0,1,0.99,ANA202404290
Griffin Canning,canng001,2024-05-05,2024,ANA,CLE,5,6.0,23,87,4,1,1,0,1.04,CLE202405050
Griffin Canning,canng001,2024-05-10,2024,ANA,KCA,3,5.7,22,90,3,2,0,1,0.99,ANA202405100
Griffin Canning,canng001,2024-05-15,2024,ANA,SLN,5,6.0,25,99,5,3,1,1,0.99,ANA202405150
Griffin Canning,canng001,2024-05-21,2024,ANA,HOU,2,5.0,21,89,5,3,2,0,1.02,HOU202405210
Griffin Canning,canng001,2024-05-28,2024,ANA,NYA,5,5.0,26,90,9,2,1,1,0.99,ANA202405280
Griffin Canning,canng001,2024-06-02,2024,ANA,SEA,4,6.7,26,93,4,1,1,0,1.04,SEA202406020
Griffin Canning,canng001,2024-06-07,2024,ANA,HOU,2,6.3,28,80,7,2,0,1,0.99,ANA202406070
Griffin Canning,canng001,2024-06-13,2024,ANA,ARI,3,6.0,24,97,4,1,2,0,1.03,ARI202406130
Griffin Canning,canng001,2024-06-18,2024,ANA,MIL,4,5.0,24,100,8,2,1,1,0.99,ANA202406180
Griffin Canning,canng001,2024-06-24,2024,ANA,OAK,5,7.0,25,97,5,1,1,1,0.99,ANA202406240
Griffin Canning,canng001,2024-06-29,2024,ANA,DET,4,6.0,28,102,6,2,1,1,0.99,ANA202406290
Griffin Canning,canng001,2024-07-05,2024,ANA,CHN,4,4.3,21,89,6,2,1,0,0.97,CHN202407050
Griffin Canning,canng001,2024-07-10,2024,ANA,TEX,3,4.3,21,78,7,2,1,1,0.99,ANA202407100
Griffin Canning,canng001,2024-07-19,2024,ANA,OAK,3,3.3,18,62,6,2,1,0,1.0,OAK202407190
Griffin Canning,canng001,2024-07-24,2024,ANA,SEA,6,5.0,21,94,4,3,1,0,1.04,SEA202407240
Griffin Canning,canng001,2024-07-30,2024,ANA,COL,6,6.0,26,97,6,2,1,1,0.99,ANA202407300
Griffin Canning,canng001,2024-08-04,2024,ANA,NYN,8,5.0,22,97,3,4,0,1,0.99,ANA202408040
Griffin Canning,canng001,2024-08-10,2024,ANA,WAS,0,7.0,25,88,8,0,1,0,1.01,WAS202408100
Griffin Canning,canng001,2024-08-17,2024,ANA,ATL,3,4.3,21,94,8,1,2,1,0.99,ANA202408170
Griffin Canning,canng001,2024-08-28,2024,ANA,DET,4,5.0,22,93,5,4,1,0,1.0,DET202408280
Griffin Canning,canng001,2024-09-04,2024,ANA,LAN,7,6.7,26,98,4,4,0,1,0.99,ANA202409040
Griffin Canning,canng001,2024-09-10,2024,ANA,MIN,4,5.7,29,105,9,3,3,0,1.0,MIN202409100
Griffin Canning,canng001,2024-09-17,2024,ANA,CHA,6,6.0,21,88,3,2,0,1,0.99,ANA202409170
Griffin Canning,canng001,2024-09-22,2024,ANA,HOU,3,4.3,22,87,6,3,2,0,1.02,HOU202409220
Griffin Canning,canng001,2024-09-28,2024,ANA,TEX,4,5.0,20,89,4,2,1,1,0.99,ANA202409280
Jonathan Cannon,cannj001,2024-04-17,2024,CHA,KCA,3,5.0,19,79,3,1,0,1,0.99,CHA202404171
Jonathan Cannon,cannj001,2024-04-22,2024,CHA,MIN,5,3.7,20,75,9,1,0,0,1.0,MIN202404220
Jonathan Cannon,cannj001,2024-04-27,2024,CHA,TBA,5,5.0,24,102,8,2,2,1,0.99,CHA202404270
Jonathan Cannon,cannj001,2024-06-12,2024,CHA,SEA,7,7.0,25,104,4,1,1,0,1.04,SEA202406120
Jonathan Cannon,cannj001,2024-06-18,2024,CHA,HOU,4,8.7,33,106,7,1,0,1,0.99,CHA202406180
Jonathan Cannon,cannj001,2024-06-23,2024,CHA,DET,1,1.0,11,42,7,0,2,0,1.0,DET202406230
Jonathan Cannon,cannj001,2024-06-29,2024,CHA,COL,3,5.7,21,89,3,1,2,1,0.99,CHA202406290
Jonathan Cannon,cannj001,2024-07-07,2024,CHA,MIA,3,6.0,25,89,3,4,0,0,0.98,MIA202407070
Jonathan Cannon,cannj001,2024-07-20,2024,CHA,KCA,4,6.0,24,91,8,0,0,0,0.96,KCA202407200
Jonathan Cannon,cannj001,2024-07-25,2024,CHA,TEX,1,6.0,25,95,8,2,1,0,0.99,TEX202407250
Jonathan Cannon,cannj001,2024-07-30,2024,CHA,KCA,2,7.0,25,94,1,3,1,1,0.99,CHA202407300
Jonathan Cannon,cannj001,2024-08-06,2024,CHA,OAK,5,6.0,26,96,6,2,1,0,1.0,OAK202408060
Jonathan Cannon,cannj001,2024-08-13,2024,CHA,NYA,4,4.7,23,95,5,3,2,1,0.99,CHA202408130
Jonathan Cannon,cannj001,2024-08-19,2024,CHA,SFN,4,6.0,26,90,8,1,1,0,1.03,SFN202408190
Jonathan Cannon,cannj001,2024-08-25,2024,CHA,DET,4,4.0,24,93,8,4,0,1,0.99,CHA202408250
Jonathan Cannon,cannj001,2024-08-30,2024,CHA,NYN,3,5.0,23,92,5,4,1,1,0.99,CHA202408300
Jonathan Cannon,cannj001,2024-09-04,2024,CHA,BAL,4,5.7,20,95,5,1,1,0,1.0,BAL202409040
Jonathan Cannon,cannj001,2024-09-10,2024,CHA,CLE,4,5.3,22,91,7,1,0,1,0.99,CHA202409100
Jonathan Cannon,cannj001,2024-09-16,2024,CHA,ANA,7,6.7,25,100,3,2,2,0,0.99,ANA202409160
Jonathan Cannon,cannj001,2024-09-24,2024,CHA,ANA,7,6.0,21,78,3,1,0,1,0.99,CHA202409240
Jonathan Cannon,cannj001,2024-09-29,2024,CHA,DET,3,5.0,21,80,4,3,1,0,1.0,DET202409290
Joey Cantillo,cantj002,2024-07-28,2024,CLE,PHI,3,3.3,18,75,4,3,2,0,1.01,PHI202407280
Joey Cantillo,cantj002,2024-08-03,2024,CLE,BAL,4,4.0,18,88,6,0,0,1,1.04,CLE202408030
Joey Cantillo,cantj002,2024-08-09,2024,CLE,MIN,2,5.7,22,86,5,3,2,0,1.0,MIN202408091
Joey Cantillo,cantj002,2024-08-21,2024,CLE,NYA,5,4.0,20,88,6,3,2,0,0.99,NYA202408210
Joey Cantillo,cantj002,2024-09-09,2024,CLE,CHA,10,7.0,23,99,2,0,0,0,0.99,CHA202409090
Joey Cantillo,cantj002,2024-09-14,2024,CLE,TBA,6,5.0,18,78,3,1,0,1,1.04,CLE202409140
Joey Cantillo,cantj002,2024-09-19,2024,CLE,MIN,6,4.3,19,86,3,3,0,1,1.04,CLE202409190
Joey Cantillo,cantj002,2024-09-27,2024,CLE,HOU,7,3.7,20,93,6,2,0,1,1.04,CLE202409270
Carlos Carrasco,carrc003,2024-03-31,2024,CLE,OAK,3,5.0,21,79,6,1,0,0,1.0,OAK202403310
Carlos Carrasco,carrc003,2024-04-06,2024,CLE,MIN,6,3.0,13,78,1,3,0,0,1.0,MIN202404060
Carlos Carrasco,carrc003,2024-04-13,2024,CLE,NYA,2,4.7,21,88,5,5,0,1,1.04,CLE202404131
Carlos Carrasco,carrc003,2024-04-18,2024,CLE,BOS,5,5.7,26,89,4,3,0,0,0.98,BOS202404180
Carlos Carrasco,carrc003,2024-04-24,2024,CLE,BOS,4,5.0,25,89,9,1,3,1,1.04,CLE202404240
Carlos Carrasco,carrc003,2024-04-30,2024,CLE,HOU,3,4.0,20,76,6,2,2,0,1.02,HOU202404300
Carlos Carrasco,carrc003,2024-05-05,2024,CLE,ANA,3,6.0,23,71,6,2,0,1,1.04,CLE202405050
Carlos Carrasco,carrc003,2024-05-10,2024,CLE,CHA,5,7.0,29,93,6,0,2,0,0.99,CHA202405100
Carlos Carrasco,carrc003,2024-05-15,2024,CLE,TEX,3,5.0,20,75,5,1,1,0,0.99,TEX202405150
Carlos Carrasco,carrc003,2024-06-02,2024,CLE,WAS,5,4.0,20,71,7,1,0,1,1.04,CLE202406020
Carlos Carrasco,carrc003,2024-06-09,2024,CLE,MIA,3,4.7,18,55,4,0,1,0,0.98,MIA202406090
Carlos Carrasco,carrc003,2024-06-15,2024,CLE,TOR,2,5.0,24,81,6,2,0,0,1.0,TOR202406150
Carlos Carrasco,carrc003,2024-06-21,2024,CLE,TOR,7,6.0,21,79,4,0,1,1,1.04,CLE202406210
Carlos Carrasco,carrc003,2024-06-26,2024,CLE,BAL,3,5.0,21,91,6,2,1,0,1.0,BAL202406260
Carlos Carrasco,carrc003,2024-07-02,2024,CLE,CHA,7,6.0,22,70,4,1,2,1,1.04,CLE202407020
Carlos Carrasco,carrc003,2024-07-07,2024,CLE,SFN,4,5.0,21,86,6,1,1,1,1.04,CLE202407070
Carlos Carrasco,carrc003,2024-07-12,2024,CLE,TBA,3,5.0,22,82,6,1,0,0,1.05,TBA202407120
Carlos Carrasco,carrc003,2024-07-22,2024,CLE,DET,6,5.3,24,96,9,0,1,1,1.04,CLE202407220
Carlos Carrasco,carrc003,2024-07-27,2024,CLE,PHI,5,3.7,18,86,6,1,2,0,1.01,PHI202407270
Carlos Carrasco,carrc003,2024-08-02,2024,CLE,BAL,5,4.3,18,79,1,4,0,1,1.04,CLE202408020
Carlos Carrasco,carrc003,2024-08-07,2024,CLE,ARI,5,4.3,20,79,5,2,2,1,1.04,CLE202408072
Luis Castillo,castl003,2024-03-28,2024,SEA,BOS,5,5.0,23,91,6,2,1,1,1.04,SEA202403280
Luis Castillo,castl003,2024-04-02,2024,SEA,CLE,7,5.7,27,99,10,1,1,1,1.04,SEA202404020
Luis Castillo,castl003,2024-04-08,2024,SEA,TOR,6,5.0,25,101,9,1,0,0,1.0,TOR202404080
Luis Castillo,castl003,2024-04-14,2024,SEA,CHN,9,6.0,24,103,7,0,1,1,1.04,SEA202404140
Luis Castillo,castl003,2024-04-20,2024,SEA,COL,9,7.0,24,96,2,1,0,0,0.92,COL202404200
Luis Castillo,castl003,2024-04-25,2024,SEA,TEX,6,6.0,23,102,4,2,2,0,0.99,TEX202404250
Luis Castillo,castl003,2024-04-30,2024,SEA,ATL,7,7.0,25,103,3,1,0,1,1.04,SEA202404300
Luis Castillo,castl003,2024-05-06,2024,SEA,MIN,7,6.7,26,98,2,3,0,0,1.0,MIN202405060
Luis Castillo,castl003,2024-05-12,2024,SEA,OAK,8,6.0,24,100,7,0,2,1,1.04,SEA202405120
Luis Castillo,castl003,2024-05-18,2024,SEA,BAL,2,6.0,25,89,4,4,0,0,1.0,BAL202405180
Luis Castillo,castl003,2024-05-23,2024,SEA,NYA,3,5.0,24,91,7,3,2,0,0.99,NYA202405230
Luis Castillo,castl003,2024-05-28,2024,SEA,HOU,6,6.0,24,95,5,1,1,1,1.04,SEA202405280
Luis Castillo,castl003,2024-06-02,2024,SEA,ANA,6,7.0,26,102,2,3,0,1,1.04,SEA202406020
Luis Castillo,castl003,2024-06-08,2024,SEA,KCA,4,5.0,22,84,6,1,1,0,0.96,KCA202406080
Luis Castillo,castl003,2024-06-14,2024,SEA,TEX,7,6.0,23,99,4,1,0,1,1.04,SEA202406140
Luis Castillo,castl003,2024-06-20,2024,SEA,CLE,4,5.0,23,93,8,2,2,0,1.04,CLE202406200
Luis Castillo,castl003,2024-06-25,2024,SEA,TBA,4,5.3,24,103,5,4,1,0,1.05,TBA202406250
Luis Castillo,castl003,2024-06-30,2024,SEA,MIN,3,5.0,21,77,6,0,0,1,1.04,SEA202406300
Luis Castillo,castl003,2024-07-05,2024,SEA,TOR,8,6.7,23,104,2,2,1,1,1.04,SEA202407050
Luis Castillo,castl003,2024-07-11,2024,SEA,ANA,5,6.0,23,86,4,2,0,0,0.99,ANA202407110
Luis Castillo,castl003,2024-07-19,2024,SEA,HOU,3,7.0,28,90,6,1,0,1,1.04,SEA202407190
Luis Castillo,castl003,2024-07-24,2024,SEA,ANA,7,6.0,24,100,5,2,0,1,1.04,SEA202407240
Luis Castillo,castl003,2024-07-30,2024,SEA,BOS,4,6.0,26,100,6,1,1,0,0.98,BOS202407300
Luis Castillo,castl003,2024-08-06,2024,SEA,DET,9,6.0,26,99,8,0,0,1,1.04,SEA202408060
Luis Castillo,castl003,2024-08-11,2024,SEA,NYN,9,6.0,25,96,4,2,1,1,1.04,SEA202408110
Luis Castillo,castl003,2024-08-17,2024,SEA,PIT,6,5.3,23,103,5,3,2,0,1.0,PIT202408170
Luis Castillo,castl003,2024-08-23,2024,SEA,SFN,9,6.0,24,100,6,0,3,1,1.04,SEA202408230
Luis Castillo,castl003,2024-08-28,2024,SEA,TBA,4,5.7,24,97,6,2,1,1,1.04,SEA202408280
Luis Castillo,castl003,2024-09-03,2024,SEA,OAK,5,7.0,25,99,4,1,2,0,1.0,OAK202409030
Luis Castillo,castl003,2024-09-08,2024,SEA,SLN,3,3.0,15,59,5,1,0,0,1.0,SLN202409080
Dylan Cease,ceasd001,2024-03-30,2024,SDN,SFN,6,4.7,19,85,2,2,0,1,1.08,SDN202403300
Dylan Cease,ceasd001,2024-04-05,2024,SDN,SFN,7,6.0,24,102,4,2,0,0,1.03,SFN202404050
Dylan Cease,ceasd001,2024-04-10,2024,SDN,CHN,7,6.0,23,100,2,2,1,1,1.08,SDN202404100
Dylan Cease,ceasd001,2024-04-16,2024,SDN,MIL,7,6.0,24,110,2,5,0,0,1.05,MIL202404160
Dylan Cease,ceasd001,2024-04-22,2024,SDN,COL,8,7.0,22,90,1,0,0,0,0.92,COL202404220
Dylan Cease,ceasd001,2024-04-27,2024,SDN,PHI,5,6.0,27,91,6,3,1,1,1.08,SDN202404270
Dylan Cease,ceasd001,2024-05-03,2024,SDN,ARI,8,6.7,22,102,3,0,0,0,1.03,ARI202405030
Dylan Cease,ceasd001,2024-05-08,2024,SDN,CHN,12,7.0,24,113,1,2,0,0,0.97,CHN202405080
Dylan Cease,ceasd001,2024-05-14,2024,SDN,COL,8,5.7,23,98,5,1,1,1,1.08,SDN202405140
Dylan Cease,ceasd001,2024-05-20,2024,SDN,ATL,5,4.0,25,90,9,3,2,0,1.02,ATL202405201
Dylan Cease,ceasd001,2024-05-25,2024,SDN,NYA,9,6.7,28,107,8,0,1,1,1.08,SDN202405250
Dylan Cease,ceasd001,2024-05-31,2024,SDN,KCA,5,5.3,21,98,5,1,0,0,0.96,KCA202405310
Dylan Cease,ceasd001,2024-06-05,2024,SDN,ANA,6,6.0,23,104,4,1,2,0,0.99,ANA202406050
Dylan Cease,ceasd001,2024-06-10,2024,SDN,OAK,8,6.0,28,104,8,1,1,1,1.08,SDN202406100
Dylan Cease,ceasd001,2024-06-16,2024,SDN,NYN,5,3.7,21,90,7,3,2,0,1.06,NYN202406160
Dylan Cease,ceasd001,2024-06-21,2024,SDN,MIL,10,4.7,22,106,6,2,0,1,1.08,SDN202406210
Dylan Cease,ceasd001,2024-06-26,2024,SDN,WAS,9,7.0,23,102,1,2,0,1,1.08,SDN202406260
Dylan Cease,ceasd001,2024-07-02,2024,SDN,TEX,5,3.7,20,84,8,2,2,0,0.99,TEX202407020
Dylan Cease,ceasd001,2024-07-07,2024,SDN,ARI,8,7.0,26,103,5,1,2,1,1.08,SDN202407070
Dylan Cease,ceasd001,2024-07-13,2024,SDN,ATL,11,6.0,22,106,1,3,0,1,1.08,SDN202407130
Dylan Cease,ceasd001,2024-07-20,2024,SDN,CLE,10,7.0,22,97,1,1,0,0,1.04,CLE202407200
Dylan Cease,ceasd001,2024-07-25,2024,SDN,WAS,9,9.0,28,114,0,3,0,0,1.01,WAS202407250
Dylan Cease,ceasd001,2024-07-31,2024,SDN,LAN,6,5.7,22,101,3,3,0,1,1.08,SDN202407310
Dylan Cease,ceasd001,2024-08-06,2024,SDN,PIT,2,1.0,4,14,1,0,0,0,1.0,PIT202408060
Dylan Cease,ceasd001,2024-08-11,2024,SDN,MIA,5,5.0,24,91,6,2,1,0,0.98,MIA202408110
Dylan Cease,ceasd001,2024-08-17,2024,SDN,COL,5,5.7,24,101,3,5,1,0,0.92,COL202408170
Dylan Cease,ceasd001,2024-08-22,2024,SDN,NYN,7,6.3,28,106,9,1,0,1,1.08,SDN202408220
Dylan Cease,ceasd001,2024-08-27,2024,SDN,SLN,4,4.3,24,96,7,4,0,0,1.0,SLN202408270
Dylan Cease,ceasd001,2024-09-01,2024,SDN,TBA,4,5.0,20,84,2,3,0,0,1.05,TBA202409010
Dylan Cease,ceasd001,2024-09-07,2024,SDN,SFN,4,6.0,25,102,6,2,1,1,1.08,SDN202409070
Dylan Cease,ceasd001,2024-09-13,2024,SDN,SFN,10,6.0,23,97,4,2,0,0,1.03,SFN202409130
Dylan Cease,ceasd001,2024-09-18,2024,SDN,HOU,5,8.3,28,103,2,0,0,1,1.08,SDN202409180
Dylan Cease,ceasd001,2024-09-25,2024,SDN,LAN,4,5.0,23,97,5,3,0,0,1.03,LAN202409250
Slade Cecconi,ceccs001,2024-04-21,2024,ARI,SFN,3,6.0,21,64,2,0,1,0,1.03,SFN202404210
Slade Cecconi,ceccs001,2024-04-27,2024,ARI,SEA,8,6.0,22,84,3,1,0,0,1.04,SEA202404270
Slade Cecconi,ceccs001,2024-05-03,2024,ARI,SDN,4,4.3,20,85,5,2,2,1,1.03,ARI202405030
Slade Cecconi,ceccs001,2024-05-09,2024,ARI,CIN,2,5.3,21,78,3,3,1,0,1.0,CIN202405090
Slade Cecconi,ceccs001,2024-05-14,2024,ARI,CIN,3,5.7,25,89,7,1,1,1,1.03,ARI202405140
Slade Cecconi,ceccs001,2024-06-01,2024,ARI,NYN,4,4.7,18,71,5,0,1,0,1.06,NYN202406010
Slade Cecconi,ceccs001,2024-06-06,2024,ARI,SDN,3,4.3,21,81,7,1,1,0,1.08,SDN202406060
Slade Cecconi,ceccs001,2024-06-12,2024,ARI,ANA,4,3.0,18,75,10,0,2,1,1.03,ARI202406120
Slade Cecconi,ceccs001,2024-06-18,2024,ARI,WAS,6,6.0,20,70,3,0,0,0,1.01,WAS202406180
Slade Cecconi,ceccs001,2024-06-23,2024,ARI,PHI,2,3.0,14,46,5,0,0,0,1.01,PHI202406230
Slade Cecconi,ceccs001,2024-06-28,2024,ARI,OAK,7,4.0,19,88,5,2,0,1,1.03,ARI202406280
Slade Cecconi,ceccs001,2024-07-05,2024,ARI,SDN,2,4.7,23,81,8,1,0,0,1.08,SDN202407050
Slade Cecconi,ceccs001,2024-07-10,2024,ARI,ATL,3,4.0,18,62,4,2,0,1,1.03,ARI202407100
Yonny Chirinos,chiry001,2024-06-19,2024,MIA,SLN,6,5.0,23,87,8,0,1,1,0.98,MIA202406190
Yonny Chirinos,chiry001,2024-06-25,2024,MIA,KCA,5,5.0,20,78,3,3,0,0,0.96,KCA202406250
Yonny Chirinos,chiry001,2024-06-30,2024,MIA,PHI,4,4.3,24,87,9,1,1,0,1.01,PHI202406300
Yonny Chirinos,chiry001,2024-07-06,2024,MIA,CHA,5,5.0,21,85,6,1,0,1,0.98,MIA202407060
Yonny Chirinos,chiry001,2024-07-12,2024,MIA,CIN,1,5.7,29,89,8,4,3,0,1.0,CIN202407120
Yonny Chirinos,chiry001,2024-07-22,2024,MIA,NYN,4,5.0,27,89,9,4,2,1,0.98,MIA202407220
Aaron Civale,civaa001,2024-03-29,2024,TBA,TOR,6,6.0,22,86,4,1,1,1,1.05,TBA202403290
Aaron Civale,civaa001,2024-04-03,2024,TBA,TEX,8,6.0,23,87,4,2,1,1,1.05,TBA202404030
Aaron Civale,civaa001,2024-04-09,2024,TBA,ANA,4,5.0,21,78,4,1,1,0,0.99,ANA202404090
Aaron Civale,civaa001,2024-04-16,2024,TBA,ANA,8,6.0,23,101,5,0,2,1,1.05,TBA202404160
Aaron Civale,civaa001,2024-04-21,2024,TBA,NYA,5,4.7,27,104,8,5,0,0,0.99,NYA202404210
Aaron Civale,civaa001,2024-04-27,2024,TBA,CHA,3,4.3,22,73,8,0,1,0,0.99,CHA202404270
Aaron Civale,civaa001,2024-05-03,2024,TBA,NYN,5,4.7,21,77,6,1,1,1,1.05,TBA202405030
Aaron Civale,civaa001,2024-05-08,2024,TBA,CHA,4,4.7,20,82,5,2,1,1,1.05,TBA202405080
Aaron Civale,civaa001,2024-05-14,2024,TBA,BOS,6,5.0,20,76,5,0,1,0,0.98,BOS202405140
Aaron Civale,civaa001,2024-05-19,2024,TBA,TOR,3,5.3,25,96,6,4,1,0,1.0,TOR202405190
Aaron Civale,civaa001,2024-05-25,2024,TBA,KCA,5,5.0,20,71,4,1,1,1,1.05,TBA202405250
Aaron Civale,civaa001,2024-05-31,2024,TBA,BAL,3,5.3,23,92,6,1,0,0,1.0,BAL202405310
Aaron Civale,civaa001,2024-06-07,2024,TBA,BAL,8,5.0,24,105,7,1,2,1,1.05,TBA202406070
Aaron Civale,civaa001,2024-06-12,2024,TBA,CHN,6,5.7,24,85,5,1,1,1,1.05,TBA202406120
Aaron Civale,civaa001,2024-06-18,2024,TBA,MIN,5,3.7,20,84,7,2,0,0,1.0,MIN202406180
Aaron Civale,civaa001,2024-06-23,2024,TBA,PIT,3,5.0,18,61,3,1,1,0,1.0,PIT202406230
Aaron Civale,civaa001,2024-06-29,2024,TBA,WAS,2,5.7,25,102,6,4,1,1,1.05,TBA202406290
Aaron Civale,civaa001,2024-07-05,2024,MIL,LAN,8,5.0,23,102,5,3,3,0,1.03,LAN202407050
Aaron Civale,civaa001,2024-07-11,2024,MIL,PIT,6,6.3,28,100,6,2,0,1,1.05,MIL202407110
Aaron Civale,civaa001,2024-07-21,2024,MIL,MIN,4,4.3,21,87,3,4,2,0,1.0,MIN202407210
Aaron Civale,civaa001,2024-07-27,2024,MIL,MIA,3,5.3,22,87,7,0,0,1,1.05,MIL202407270
Aaron Civale,civaa001,2024-08-03,2024,MIL,WAS,3,4.0,20,80,7,1,1,0,1.01,WAS202408030
Aaron Civale,civaa001,2024-08-09,2024,MIL,CIN,5,6.3,24,93,5,2,1,1,1.05,MIL202408090
Aaron Civale,civaa001,2024-08-16,2024,MIL,CLE,4,6.0,24,92,4,1,0,1,1.05,MIL202408160
Aaron Civale,civaa001,2024-08-23,2024,MIL,OAK,3,4.0,20,82,4,4,1,0,1.0,OAK202408230
Aaron Civale,civaa001,2024-08-29,2024,MIL,SFN,7,7.0,25,92,2,2,0,1,1.05,MIL202408290
Aaron Civale,civaa001,2024-09-03,2024,MIL,SLN,7,5.0,21,89,6,0,1,1,1.05,MIL202409030
Aaron Civale,civaa001,2024-09-10,2024,MIL,SFN,2,5.3,20,68,3,1,1,0,1.03,SFN202409100
Aaron Civale,civaa001,2024-09-16,2024,MIL,PHI,6,5.0,20,90,7,1,1,1,1.05,MIL202409160
Aaron Civale,civaa001,2024-09-21,2024,MIL,ARI,2,4.3,20,91,3,3,2,1,1.05,MIL202409210
Aaron Civale,civaa001,2024-09-26,2024,MIL,PIT,5,6.0,23,86,3,1,0,0,1.0,PIT202409260
Mike Clevinger,clevm001,2024-05-06,2024,CHA,TBA,0,2.0,16,54,6,4,0,0,1.05,TBA202405060
Mike Clevinger,clevm001,2024-05-11,2024,CHA,CLE,5,4.7,18,73,4,0,1,1,0.99,CHA202405110
Mike Clevinger,clevm001,2024-05-17,2024,CHA,NYA,5,4.7,21,78,5,2,1,0,0.99,NYA202405170
Mike Clevinger,clevm001,2024-05-23,2024,CHA,BAL,5,4.7,23,98,7,3,2,1,0.99,CHA202405230
Alex Cobb,cobba001,2024-08-09,2024,CLE,MIN,1,4.7,21,82,9,1,1,0,1.0,MIN202408092
Alex Cobb,cobba001,2024-08-14,2024,CLE,CHN,3,5.7,21,80,3,2,0,1,1.04,CLE202408140
Alex Cobb,cobba001,2024-09-01,2024,CLE,PIT,6,6.0,20,80,2,0,0,1,1.04,CLE202409010
Gerrit Cole,coleg001,2024-06-19,2024,NYA,BAL,5,4.0,16,62,3,1,0,1,0.99,NYA202406190
Gerrit Cole,coleg001,2024-06-25,2024,NYA,NYN,0,4.0,21,72,7,4,4,0,1.06,NYN202406250
Gerrit Cole,coleg001,2024-06-30,2024,NYA,TOR,6,5.0,20,90,3,1,0,0,1.0,TOR202406300
Gerrit Cole,coleg001,2024-07-06,2024,NYA,BOS,8,4.3,22,90,7,2,1,1,0.99,NYA202407060
Gerrit Cole,coleg001,2024-07-12,2024,NYA,BAL,7,6.0,24,106,5,1,0,0,1.0,BAL202407120
Gerrit Cole,coleg001,2024-07-19,2024,NYA,TBA,8,6.0,25,103,6,1,1,1,0.99,NYA202407190
Gerrit Cole,coleg001,2024-07-24,2024,NYA,NYN,4,5.7,27,100,8,2,3,1,0.99,NYA202407240
Gerrit Cole,coleg001,2024-08-04,2024,NYA,TOR,4,5.7,23,91,6,0,0,1,0.99,NYA202408040
Gerrit Cole,coleg001,2024-08-10,2024,NYA,TEX,10,5.3,23,90,6,2,0,1,0.99,NYA202408102
Gerrit Cole,coleg001,2024-08-16,2024,NYA,DET,8,6.0,23,95,4,2,0,0,1.0,DET202408160
Gerrit Cole,coleg001,2024-08-22,2024,NYA,CLE,2,6.0,23,95,1,5,0,1,0.99,NYA202408220
Gerrit Cole,coleg001,2024-08-27,2024,NYA,WAS,7,5.0,23,91,6,1,2,0,1.01,WAS202408270
Gerrit Cole,coleg001,2024-09-02,2024,NYA,TEX,9,6.0,23,82,4,1,0,0,0.99,TEX202409020
Gerrit Cole,coleg001,2024-09-08,2024,NYA,CHN,7,6.0,23,99,3,1,0,0,0.97,CHN202409080
Gerrit Cole,coleg001,2024-09-14,2024,NYA,BOS,2,4.3,22,68,5,3,0,1,0.99,NYA202409140
Gerrit Cole,coleg001,2024-09-20,2024,NYA,OAK,7,9.0,29,99,2,1,0,0,1.0,OAK202409200
Gerrit Cole,coleg001,2024-09-26,2024,NYA,BAL,5,6.7,23,101,2,1,0,1,0.99,NYA202409260
Roansy Contreras,contr001,2024-06-26,2024,ANA,OAK,2,3.0,14,61,4,2,0,1,0.99,ANA202406260
Roansy Contreras,contr001,2024-07-04,2024,ANA,OAK,1,2.7,14,53,3,3,0,0,1.0,OAK202407040
Roansy Contreras,contr001,2024-07-09,2024,ANA,TEX,1,2.0,12,37,5,1,1,1,0.99,ANA202407090
Patrick Corbin,corbp001,2024-03-30,2024,WAS,CIN,2,4.3,18,69,7,1,2,0,1.0,CIN202403300
Patrick Corbin,corbp001,2024-04-05,2024,WAS,PHI,6,6.0,30,93,9,3,0,1,1.01,WAS202404050
Patrick Corbin,corbp001,2024-04-10,2024,WAS,SFN,2,5.7,27,85,11,0,0,0,1.03,SFN202404100
Patrick Corbin,corbp001,2024-04-16,2024,WAS,LAN,5,6.3,30,96,9,4,1,0,1.03,LAN202404160
Patrick Corbin,corbp001,2024-04-23,2024,WAS,LAN,3,5.3,21,86,3,3,0,1,1.01,WAS202404230
Patrick Corbin,corbp001,2024-04-28,2024,WAS,MIA,4,4.0,22,93,8,2,1,0,0.98,MIA202404280
Patrick Corbin,corbp001,2024-05-03,2024,WAS,TOR,3,6.0,26,92,6,2,0,1,1.01,WAS202405030
Patrick Corbin,corbp001,2024-05-10,2024,WAS,BOS,4,5.0,22,86,7,1,0,0,0.98,BOS202405100
Patrick Corbin,corbp001,2024-05-15,2024,WAS,CHA,0,5.7,23,82,6,2,0,0,0.99,CHA202405150
Patrick Corbin,corbp001,2024-05-21,2024,WAS,MIN,3,6.0,29,106,9,3,3,1,1.01,WAS202405210
Patrick Corbin,corbp001,2024-05-26,2024,WAS,SEA,4,6.0,24,87,4,2,2,1,1.01,WAS202405260
Patrick Corbin,corbp001,2024-05-31,2024,WAS,CLE,5,6.0,26,90,6,3,0,0,1.04,CLE202405310
Patrick Corbin,corbp001,2024-06-05,2024,WAS,NYN,3,5.3,22,77,7,1,3,1,1.01,WAS202406050
Patrick Corbin,corbp001,2024-06-13,2024,WAS,DET,4,5.3,22,94,4,2,0,0,1.0,DET202406130
Patrick Corbin,corbp001,2024-06-19,2024,WAS,ARI,7,5.0,21,90,3,3,0,1,1.01,WAS202406190
Patrick Corbin,corbp001,2024-06-24,2024,WAS,SDN,5,7.0,25,97,5,0,0,0,1.08,SDN202406240
Patrick Corbin,corbp001,2024-06-30,2024,WAS,TBA,5,6.0,26,94,8,1,2,0,1.05,TBA202406300
Patrick Corbin,corbp001,2024-07-05,2024,WAS,SLN,3,5.0,22,91,6,2,0,1,1.01,WAS202407050
Patrick Corbin,corbp001,2024-07-10,2024,WAS,NYN,5,5.0,23,73,8,1,1,0,1.06,NYN202407100
Patrick Corbin,corbp001,2024-07-19,2024,WAS,CIN,6,6.0,22,104,3,0,0,1,1.01,WAS202407190
Patrick Corbin,corbp001,2024-07-25,2024,WAS,SDN,7,7.0,27,109,4,3,0,1,1.01,WAS202407250
Patrick Corbin,corbp001,2024-07-30,2024,WAS,ARI,3,3.0,22,67,13,0,1,0,1.03,ARI202407300
Patrick Corbin,corbp001,2024-08-05,2024,WAS,SFN,6,6.0,25,90,7,1,2,1,1.01,WAS202408050
Patrick Corbin,corbp001,2024-08-10,2024,WAS,ANA,2,4.0,22,95,8,3,1,1,1.01,WAS202408100
Patrick Corbin,corbp001,2024-08-16,2024,WAS,PHI,2,4.3,21,96,7,2,0,0,1.01,PHI202408160
Patrick Corbin,corbp001,2024-08-22,2024,WAS,COL,8,6.0,22,95,4,1,1,1,1.01,WAS202408220
Patrick Corbin,corbp001,2024-08-27,2024,WAS,NYA,6,6.0,22,104,2,2,0,1,1.01,WAS202408270
Patrick Corbin,corbp001,2024-09-03,2024,WAS,MIA,8,5.7,26,93,7,3,0,0,0.98,MIA202409030
Patrick Corbin,corbp001,2024-09-08,2024,WAS,PIT,5,6.0,29,102,10,0,3,0,1.0,PIT202409080
Patrick Corbin,corbp001,2024-09-14,2024,WAS,MIA,6,6.0,22,94,3,1,0,1,1.01,WAS202409140
Patrick Corbin,corbp001,2024-09-19,2024,WAS,CHN,4,4.3,22,85,8,1,1,0,0.97,CHN202409190
Patrick Corbin,corbp001,2024-09-26,2024,WAS,KCA,3,5.3,23,73,6,1,1,1,1.01,WAS202409260
Néstor Cortés,cortn001,2024-03-28,2024,NYA,HOU,5,5.0,22,76,5,2,1,0,1.02,HOU202403280
Néstor Cortés,cortn001,2024-04-02,2024,NYA,ARI,2,5.0,24,88,8,2,0,0,1.03,ARI202404020
Néstor Cortés,cortn001,2024-04-08,2024,NYA,MIA,6,8.0,26,102,2,0,0,1,0.99,NYA202404080
Néstor Cortés,cortn001,2024-04-14,2024,NYA,CLE,6,4.0,20,94,5,1,2,0,1.04,CLE202404140
Néstor Cortés,cortn001,2024-04-20,2024,NYA,TBA,9,7.0,26,102,6,0,0,1,0.99,NYA202404200
Néstor Cortés,cortn001,2024-04-25,2024,NYA,OAK,4,7.0,26,94,5,0,2,1,0.99,NYA202404250
Néstor Cortés,cortn001,2024-04-30,2024,NYA,BAL,5,6.0,28,92,8,2,0,0,1.0,BAL202404300
Néstor Cortés,cortn001,2024-05-05,2024,NYA,DET,9,6.3,23,97,3,1,0,1,0.99,NYA202405050
Néstor Cortés,cortn001,2024-05-11,2024,NYA,TBA,5,5.3,23,89,5,3,2,0,1.05,TBA202405110
Néstor Cortés,cortn001,2024-05-17,2024,NYA,CHA,6,7.0,27,93,5,1,0,1,0.99,NYA202405170
Néstor Cortés,cortn001,2024-05-22,2024,NYA,SEA,6,5.0,19,97,3,3,0,1,0.99,NYA202405220
Néstor Cortés,cortn001,2024-05-28,2024,NYA,ANA,4,5.3,20,88,5,0,1,0,0.99,ANA202405280
Néstor Cortés,cortn001,2024-06-02,2024,NYA,SFN,7,4.3,20,95,7,0,2,0,1.03,SFN202406020
Néstor Cortés,cortn001,2024-06-08,2024,NYA,LAN,4,5.3,22,83,7,1,2,1,0.99,NYA202406080
Néstor Cortés,cortn001,2024-06-13,2024,NYA,KCA,2,7.0,27,88,6,2,0,0,0.96,KCA202406130
Néstor Cortés,cortn001,2024-06-18,2024,NYA,BAL,6,6.0,23,105,5,0,0,1,0.99,NYA202406180
Néstor Cortés,cortn001,2024-06-23,2024,NYA,ATL,7,7.0,27,102,5,0,1,1,0.99,NYA202406230
Néstor Cortés,cortn001,2024-06-29,2024,NYA,TOR,5,4.3,20,87,7,1,1,0,1.0,TOR202406290
Néstor Cortés,cortn001,2024-07-05,2024,NYA,BOS,8,6.0,22,97,3,1,1,1,0.99,NYA202407050
Néstor Cortés,cortn001,2024-07-11,2024,NYA,TBA,4,4.3,23,97,7,2,1,0,1.05,TBA202407110
Néstor Cortés,cortn001,2024-07-20,2024,NYA,TBA,1,4.3,22,92,8,2,3,1,0.99,NYA202407200
Néstor Cortés,cortn001,2024-07-26,2024,NYA,BOS,5,4.7,26,81,9,2,0,0,0.98,BOS202407260
Néstor Cortés,cortn001,2024-07-31,2024,NYA,PHI,6,5.3,21,99,3,2,1,0,1.01,PHI202407310
Néstor Cortés,cortn001,2024-08-08,2024,NYA,ANA,2,4.7,22,95,9,1,1,1,0.99,NYA202408080
Néstor Cortés,cortn001,2024-08-13,2024,NYA,CHA,9,7.0,24,104,3,0,0,0,0.99,CHA202408130
Néstor Cortés,cortn001,2024-08-21,2024,NYA,CLE,4,7.0,23,104,3,0,0,1,0.99,NYA202408210
Néstor Cortés,cortn001,2024-08-26,2024,NYA,WAS,5,6.7,25,91,4,2,1,0,1.01,WAS202408260
Néstor Cortés,cortn001,2024-09-01,2024,NYA,SLN,2,4.0,21,80,9,1,1,1,0.99,NYA202409010
Néstor Cortés,cortn001,2024-09-12,2024,NYA,BOS,9,5.0,20,92,3,3,1,1,0.99,NYA202409120
Néstor Cortés,cortn001,2024-09-18,2024,NYA,SEA,6,6.0,24,97,4,3,0,0,1.04,SEA202409180
Kutter Crawford,crawk001,2024-03-30,2024,BOS,SEA,7,6.0,22,84,3,1,0,0,1.04,SEA202403300
Kutter Crawford,crawk001,2024-04-05,2024,BOS,ANA,5,4.7,20,90,2,3,0,0,0.99,ANA202404050
Kutter Crawford,crawk001,2024-04-10,2024,BOS,BAL,6,5.0,22,86,2,4,0,1,0.98,BOS202404100
Kutter Crawford,crawk001,2024-04-15,2024,BOS,CLE,6,5.7,19,92,2,0,0,1,0.98,BOS202404150
Kutter Crawford,crawk001,2024-04-20,2024,BOS,PIT,6,6.0,27,100,7,3,0,0,1.0,PIT202404200
Kutter Crawford,crawk001,2024-04-26,2024,BOS,CHN,4,6.0,28,85,10,0,0,1,0.98,BOS202404260
Kutter Crawford,crawk001,2024-05-01,2024,BOS,SFN,6,7.0,27,92,4,2,1,1,0.98,BOS202405010
Kutter Crawford,crawk001,2024-05-07,2024,BOS,ATL,6,6.0,24,87,5,2,1,0,1.02,ATL202405070
Kutter Crawford,crawk001,2024-05-13,2024,BOS,TBA,6,6.0,26,101,7,1,0,1,0.98,BOS202405130
Kutter Crawford,crawk001,2024-05-18,2024,BOS,SLN,5,5.7,24,99,6,2,1,0,1.0,SLN202405180
Kutter Crawford,crawk001,2024-05-24,2024,BOS,MIL,4,4.3,22,89,7,2,1,1,0.98,BOS202405240
Kutter Crawford,crawk001,2024-05-29,2024,BOS,BAL,5,6.0,25,96,4,2,1,0,1.0,BAL202405290
Kutter Crawford,crawk001,2024-06-04,2024,BOS,ATL,5,6.0,25,87,5,2,1,1,0.98,BOS202406040
Kutter Crawford,crawk001,2024-06-11,2024,BOS,PHI,8,6.0,26,88,6,1,2,1,0.98,BOS202406110
Kutter Crawford,crawk001,2024-06-16,2024,BOS,NYA,9,6.0,21,84,3,1,2,1,0.98,BOS202406160
Kutter Crawford,crawk001,2024-06-21,2024,BOS,CIN,7,6.3,27,83,5,2,3,0,1.0,CIN202406210
Kutter Crawford,crawk001,2024-06-26,2024,BOS,TOR,2,1.3,6,22,0,2,0,1,0.98,BOS202406260
Kutter Crawford,crawk001,2024-07-02,2024,BOS,MIA,7,6.0,21,72,3,0,1,0,0.98,MIA202407020
Kutter Crawford,crawk001,2024-07-07,2024,BOS,NYA,4,7.0,23,68,4,0,0,0,0.99,NYA202407070
Kutter Crawford,crawk001,2024-07-13,2024,BOS,KCA,4,7.0,26,96,3,1,0,1,0.98,BOS202407130
Kutter Crawford,crawk001,2024-07-21,2024,BOS,LAN,2,5.0,22,76,7,0,5,0,1.03,LAN202407210
Kutter Crawford,crawk001,2024-07-27,2024,BOS,NYA,5,4.7,23,78,8,0,3,1,0.98,BOS202407270
Kutter Crawford,crawk001,2024-08-02,2024,BOS,TEX,5,5.3,23,95,6,1,4,0,0.99,TEX202408020
Kutter Crawford,crawk001,2024-08-07,2024,BOS,KCA,3,3.7,20,85,5,4,1,0,0.96,KCA202408070
Kutter Crawford,crawk001,2024-08-13,2024,BOS,TEX,4,5.3,20,67,3,1,0,1,0.98,BOS202408130
Kutter Crawford,crawk001,2024-08-18,2024,BOS,BAL,4,5.3,20,75,2,1,1,0,1.0,BAL202408180
Kutter Crawford,crawk001,2024-08-24,2024,BOS,ARI,3,5.0,20,88,3,2,0,1,0.98,BOS202408240
Kutter Crawford,crawk001,2024-08-29,2024,BOS,TOR,3,6.7,28,96,6,2,0,1,0.98,BOS202408290
Kutter Crawford,crawk001,2024-09-03,2024,BOS,NYN,8,6.0,20,93,1,2,1,0,1.06,NYN202409030
Kutter Crawford,crawk001,2024-09-10,2024,BOS,BAL,6,6.3,27,89,7,1,2,1,0.98,BOS202409100
Kutter Crawford,crawk001,2024-09-15,2024,BOS,NYA,7,4.3,21,92,6,2,2,0,0.99,NYA202409150
Kutter Crawford,crawk001,2024-09-22,2024,BOS,MIN,7,7.7,32,101,8,0,0,1,0.98,BOS202409222
Kutter Crawford,crawk001,2024-09-28,2024,BOS,TBA,6,4.3,22,86,5,4,1,1,0.98,BOS202409280
Cooper Criswell,crisc002,2024-04-13,2024,BOS,ANA,4,4.0,18,83,5,1,1,1,0.98,BOS202404130
Cooper Criswell,crisc002,2024-04-24,2024,BOS,CLE,3,5.0,18,72,3,0,0,0,1.04,CLE202404240
Cooper Criswell,crisc002,2024-04-30,2024,BOS,SFN,4,5.0,16,79,2,1,0,1,0.98,BOS202404300
Cooper Criswell,crisc002,2024-05-05,2024,BOS,MIN,5,4.3,18,80,5,1,1,0,1.0,MIN202405050
Cooper Criswell,crisc002,2024-05-11,2024,BOS,WAS,9,5.0,19,79,3,1,2,1,0.98,BOS202405110
Cooper Criswell,crisc002,2024-05-16,2024,BOS,TBA,3,3.7,19,100,4,2,1,1,0.98,BOS202405160
Cooper Criswell,crisc002,2024-05-21,2024,BOS,TBA,6,5.3,22,79,6,1,0,0,1.05,TBA202405210
Cooper Criswell,crisc002,2024-05-27,2024,BOS,BAL,2,4.0,20,76,7,1,0,0,1.0,BAL202405270
Cooper Criswell,crisc002,2024-06-01,2024,BOS,DET,5,5.0,19,82,4,1,0,1,0.98,BOS202406010
Cooper Criswell,crisc002,2024-06-07,2024,BOS,CHA,2,4.3,20,88,5,1,1,0,0.99,CHA202406070
Cooper Criswell,crisc002,2024-06-15,2024,BOS,NYA,6,4.0,17,88,3,2,0,1,0.98,BOS202406150
Cooper Criswell,crisc002,2024-07-12,2024,BOS,KCA,1,6.0,29,104,9,2,1,1,0.98,BOS202407120
Cooper Criswell,crisc002,2024-07-23,2024,BOS,COL,4,7.0,25,105,6,1,0,0,0.92,COL202407230
Cooper Criswell,crisc002,2024-08-21,2024,BOS,HOU,4,4.7,18,80,4,1,1,0,1.02,HOU202408210
Cooper Criswell,crisc002,2024-08-27,2024,BOS,TOR,0,3.3,18,72,5,3,0,1,0.98,BOS202408270
Cooper Criswell,crisc002,2024-09-01,2024,BOS,DET,5,4.0,12,52,0,0,0,0,1.0,DET202409010
Cooper Criswell,crisc002,2024-09-07,2024,BOS,CHA,0,5.0,22,79,6,2,1,1,0.98,BOS202409070
Cooper Criswell,crisc002,2024-09-12,2024,BOS,NYA,4,5.3,23,86,4,3,1,0,0.99,NYA202409120
Garrett Crochet,crocg001,2024-03-28,2024,CHA,DET,8,6.0,23,87,5,0,0,1,0.99,CHA202403280
Garrett Crochet,crocg001,2024-04-02,2024,CHA,ATL,8,7.0,25,93,3,1,1,1,0.99,CHA202404020
Garrett Crochet,crocg001,2024-04-07,2024,CHA,KCA,5,5.0,19,77,3,0,1,0,0.96,KCA202404070
Garrett Crochet,crocg001,2024-04-13,2024,CHA,CIN,10,4.7,21,92,4,3,0,1,0.99,CHA202404130
Garrett Crochet,crocg001,2024-04-19,2024,CHA,PHI,3,3.0,16,75,5,2,3,0,1.01,PHI202404190
Garrett Crochet,crocg001,2024-04-24,2024,CHA,MIN,6,4.0,21,87,7,2,1,0,1.0,MIN202404240
Garrett Crochet,crocg001,2024-04-29,2024,CHA,MIN,7,5.0,18,77,2,1,1,1,0.99,CHA202404290
Garrett Crochet,crocg001,2024-05-05,2024,CHA,SLN,6,6.0,21,88,3,0,1,0,1.0,SLN202405050
Garrett Crochet,crocg001,2024-05-10,2024,CHA,CLE,11,6.0,23,97,5,0,0,1,0.99,CHA202405100
Garrett Crochet,crocg001,2024-05-15,2024,CHA,WAS,6,5.0,21,89,3,3,0,1,0.99,CHA202405150
Garrett Crochet,crocg001,2024-05-21,2024,CHA,TOR,4,6.0,21,85,2,1,0,0,1.0,TOR202405210
Garrett Crochet,crocg001,2024-05-26,2024,CHA,BAL,11,6.0,22,91,3,1,1,1,0.99,CHA202405260
Garrett Crochet,crocg001,2024-06-01,2024,CHA,MIL,8,6.0,25,102,5,1,0,0,1.05,MIL202406010
Garrett Crochet,crocg001,2024-06-07,2024,CHA,BOS,10,6.0,24,91,3,2,0,1,0.99,CHA202406070
Garrett Crochet,crocg001,2024-06-13,2024,CHA,SEA,13,7.0,25,102,2,2,1,0,1.04,SEA202406130
Garrett Crochet,crocg001,2024-06-19,2024,CHA,HOU,8,6.0,27,85,9,1,0,1,0.99,CHA202406190
Garrett Crochet,crocg001,2024-06-24,2024,CHA,LAN,6,5.7,21,91,5,0,0,1,0.99,CHA202406240
Garrett Crochet,crocg001,2024-06-30,2024,CHA,COL,11,7.0,26,88,5,0,0,1,0.99,CHA202406300
Garrett Crochet,crocg001,2024-07-06,2024,CHA,MIA,5,4.0,21,93,5,3,0,0,0.98,MIA202407060
Garrett Crochet,crocg001,2024-07-12,2024,CHA,PIT,4,2.0,6,28,0,0,0,1,0.99,CHA202407120
Garrett Crochet,crocg001,2024-07-23,2024,CHA,TEX,7,4.0,18,74,4,2,0,0,0.99,TEX202407230
Garrett Crochet,crocg001,2024-07-28,2024,CHA,SEA,3,3.0,18,64,6,1,1,1,0.99,CHA202407280
Garrett Crochet,crocg001,2024-08-03,2024,CHA,MIN,2,4.0,16,77,1,4,1,0,1.0,MIN202408030
Garrett Crochet,crocg001,2024-08-09,2024,CHA,CHN,5,2.3,16,67,9,0,4,1,0.99,CHA202408090
Garrett Crochet,crocg001,2024-08-16,2024,CHA,HOU,9,4.0,16,55,4,0,0,0,1.02,HOU202408160
Garrett Crochet,crocg001,2024-08-21,2024,CHA,SFN,4,4.0,16,57,4,1,0,0,1.03,SFN202408210
Garrett Crochet,crocg001,2024-08-27,2024,CHA,TEX,0,0.0,0,4,0,0,0,1,0.99,CHA202408270
Garrett Crochet,crocg001,2024-09-01,2024,CHA,NYN,8,3.3,13,57,3,0,1,1,0.99,CHA202409010
Garrett Crochet,crocg001,2024-09-07,2024,CHA,BOS,3,2.0,12,51,5,1,1,0,0.98,BOS202409070
Garrett Crochet,crocg001,2024-09-13,2024,CHA,OAK,4,4.0,15,56,3,0,0,1,0.99,CHA202409130
Garrett Crochet,crocg001,2024-09-20,2024,CHA,SDN,8,4.0,13,52,1,0,0,0,1.08,SDN202409200
Garrett Crochet,crocg001,2024-09-27,2024,CHA,DET,6,4.0,16,62,4,1,0,0,1.0,DET202409270
Fernando Cruz,cruzf002,2024-08-28,2024,CIN,OAK,6,3.0,11,42,2,0,1,1,1.0,CIN202408280
Fernando Cruz,cruzf002,2024-08-31,2024,CIN,MIL,5,2.0,9,42,1,1,0,1,1.0,CIN202408310
Fernando Cruz,cruzf002,2024-09-06,2024,CIN,NYN,3,1.0,5,20,2,0,1,0,1.06,NYN202409060
Johnny Cueto,cuetj001,2024-08-21,2024,ANA,KCA,1,6.3,28,84,8,2,1,0,0.96,KCA202408210
Johnny Cueto,cuetj001,2024-08-27,2024,ANA,DET,5,5.0,22,83,6,1,3,0,1.0,DET202408270
Xzavion Curry,currx001,2024-04-15,2024,CLE,BOS,3,5.0,18,73,2,1,0,0,0.98,BOS202404150
Xzavion Curry,currx001,2024-05-21,2024,CLE,NYN,2,4.3,19,66,7,0,1,1,1.04,CLE202405210
Xzavion Curry,currx001,2024-05-27,2024,CLE,COL,3,3.3,19,74,6,2,1,0,0.92,COL202405270
Xzavion Curry,currx001,2024-07-23,2024,CLE,DET,1,4.3,18,62,4,1,1,1,1.04,CLE202407230
Xzavion Curry,currx001,2024-09-28,2024,MIA,TOR,1,5.0,17,65,2,1,1,0,1.0,TOR202409280
Caden Dana,danac001,2024-09-01,2024,ANA,SEA,4,6.0,23,95,2,4,1,1,0.99,ANA202409010
Caden Dana,danac001,2024-09-08,2024,ANA,TEX,1,1.0,11,43,7,1,3,0,0.99,TEX202409080
Caden Dana,danac001,2024-09-15,2024,ANA,HOU,3,3.3,18,68,5,2,1,1,0.99,ANA202409150
Davis Daniel,danid001,2024-06-27,2024,ANA,DET,8,8.0,26,99,4,0,0,1,0.99,ANA202406270
Davis Daniel,danid001,2024-07-03,2024,ANA,OAK,3,5.3,24,88,7,1,2,0,1.0,OAK202407030
Davis Daniel,danid001,2024-07-08,2024,ANA,TEX,3,3.7,19,61,8,0,1,1,0.99,ANA202407080
Davis Daniel,danid001,2024-07-31,2024,ANA,COL,5,5.0,21,85,5,1,0,1,0.99,ANA202407310
Davis Daniel,danid001,2024-08-07,2024,ANA,NYA,4,3.3,19,83,7,2,1,0,0.99,NYA202408071
Davis Daniel,danid001,2024-08-12,2024,ANA,TOR,5,5.0,25,92,8,2,1,1,0.99,ANA202408120
Yu Darvish,darvy001,2024-03-20,2024,SDN,LAN,3,3.7,17,72,2,3,0,1,1.08,SDN202403200
Yu Darvish,darvy001,2024-03-28,2024,SDN,SFN,7,5.0,20,78,5,1,0,1,1.08,SDN202403280
Yu Darvish,darvy001,2024-04-02,2024,SDN,SLN,6,7.0,27,82,5,1,1,1,1.08,SDN202404020
Yu Darvish,darvy001,2024-04-08,2024,SDN,CHN,4,3.0,16,65,4,3,0,1,1.08,SDN202404080
Yu Darvish,darvy001,2024-04-14,2024,SDN,LAN,2,5.0,21,92,4,2,1,0,1.03,LAN202404140
Yu Darvish,darvy001,2024-04-30,2024,SDN,CIN,3,5.0,18,70,3,0,0,1,1.08,SDN202404300
Yu Darvish,darvy001,2024-05-06,2024,SDN,CHN,5,5.0,19,83,3,1,0,0,0.97,CHN202405060
Yu Darvish,darvy001,2024-05-12,2024,SDN,LAN,7,7.0,24,101,2,1,0,1,1.08,SDN202405120
Yu Darvish,darvy001,2024-05-19,2024,SDN,ATL,9,7.0,23,99,2,1,0,0,1.02,ATL202405190
Yu Darvish,darvy001,2024-05-24,2024,SDN,NYA,5,5.7,27,81,9,1,4,1,1.08,SDN202405240
Yu Darvish,darvy001,2024-05-29,2024,SDN,MIA,2,3.0,17,66,6,1,0,1,1.08,SDN202405290
Yu Darvish,darvy001,2024-09-04,2024,SDN,DET,4,2.7,14,63,4,2,1,1,1.08,SDN202409040
Yu Darvish,darvy001,2024-09-10,2024,SDN,SEA,5,5.0,20,63,7,0,2,0,1.04,SEA202409100
Yu Darvish,darvy001,2024-09-16,2024,SDN,HOU,3,6.0,23,79,3,2,0,1,1.08,SDN202409160
Yu Darvish,darvy001,2024-09-22,2024,SDN,CHA,9,6.3,22,87,3,0,2,1,1.08,SDN202409220
Yu Darvish,darvy001,2024-09-27,2024,SDN,ARI,4,5.3,23,80,3,3,1,0,1.03,ARI202409270
Jacob deGrom,degrj001,2024-09-13,2024,TEX,SEA,4,3.7,16,61,4,0,0,0,1.04,SEA202409130
Jacob deGrom,degrj001,2024-09-20,2024,TEX,SEA,5,3.0,13,58,3,1,1,1,0.99,TEX202409200
Jacob deGrom,degrj001,2024-09-27,2024,TEX,ANA,5,4.0,15,53,4,0,0,0,0.99,ANA202409270
Reid Detmers,detmr001,2024-03-31,2024,ANA,BAL,7,5.0,21,88,2,3,0,0,1.0,BAL202403310
Reid Detmers,detmr001,2024-04-06,2024,ANA,BOS,12,6.0,21,94,3,1,0,1,0.99,ANA202404060
Reid Detmers,detmr001,2024-04-12,2024,ANA,BOS,7,6.3,22,98,3,2,0,0,0.98,BOS202404120
Reid Detmers,detmr001,2024-04-17,2024,ANA,TBA,4,5.3,22,90,7,1,0,0,1.05,TBA202404170
Reid Detmers,detmr001,2024-04-22,2024,ANA,BAL,4,7.0,29,99,6,3,2,1,0.99,ANA202404220
Reid Detmers,detmr001,2024-04-28,2024,ANA,MIN,3,5.0,24,87,9,0,0,1,0.99,ANA202404280
Reid Detmers,detmr001,2024-05-04,2024,ANA,CLE,7,5.7,26,95,5,4,3,0,1.04,CLE202405040
Reid Detmers,detmr001,2024-05-09,2024,ANA,KCA,5,5.0,23,90,7,2,2,1,0.99,ANA202405090
Reid Detmers,detmr001,2024-05-14,2024,ANA,SLN,7,5.0,25,95,8,2,0,1,0.99,ANA202405140
Reid Detmers,detmr001,2024-05-20,2024,ANA,HOU,3,4.0,21,79,8,1,2,0,1.02,HOU202405200
Reid Detmers,detmr001,2024-05-26,2024,ANA,CLE,8,5.0,24,96,4,4,0,1,0.99,ANA202405260
Reid Detmers,detmr001,2024-06-01,2024,ANA,SEA,3,3.7,19,90,4,4,1,0,1.04,SEA202406010
Reid Detmers,detmr001,2024-09-03,2024,ANA,LAN,10,6.0,23,100,3,2,0,1,0.99,ANA202409030
Reid Detmers,detmr001,2024-09-09,2024,ANA,MIN,8,6.0,24,97,5,2,1,0,1.0,MIN202409090
Reid Detmers,detmr001,2024-09-16,2024,ANA,CHA,6,5.3,26,100,7,3,3,1,0.99,ANA202409160
Reid Detmers,detmr001,2024-09-21,2024,ANA,HOU,3,2.0,17,66,9,3,1,0,1.02,HOU202409210
Reid Detmers,detmr001,2024-09-27,2024,ANA,TEX,12,5.0,24,95,8,1,3,1,0.99,ANA202409270
Jhonathan Díaz,diazj007,2024-06-11,2024,SEA,CHA,4,5.3,26,82,9,1,2,1,1.04,SEA202406110
Yilber Díaz,diazy005,2024-07-08,2024,ARI,ATL,5,6.0,23,83,4,1,1,1,1.03,ARI202407080
Yilber Díaz,diazy005,2024-07-13,2024,ARI,TOR,2,6.0,22,85,4,2,0,1,1.03,ARI202407130
Yilber Díaz,diazy005,2024-07-22,2024,ARI,KCA,0,3.0,19,71,9,1,1,0,0.96,KCA202407220
Yilber Díaz,diazy005,2024-07-28,2024,ARI,PIT,7,5.0,19,79,1,4,0,1,1.03,ARI202407280
Shawn Dubin,dubis001,2024-06-30,2024,HOU,NYN,2,3.3,13,55,0,3,0,0,1.06,NYN202406300
Shawn Dubin,dubis001,2024-07-05,2024,HOU,MIN,2,2.7,15,51,5,1,1,0,1.0,MIN202407050
Dane Dunning,dunnd001,2024-04-01,2024,TEX,TBA,7,6.3,26,93,3,4,2,0,1.05,TBA202404010
Dane Dunning,dunnd001,2024-04-07,2024,TEX,HOU,7,6.7,27,97,4,3,1,1,0.99,TEX202404070
Dane Dunning,dunnd001,2024-04-12,2024,TEX,HOU,3,5.0,22,80,5,2,1,0,1.02,HOU202404120
Dane Dunning,dunnd001,2024-04-17,2024,TEX,DET,5,5.0,21,97,3,4,1,0,1.0,DET202404170
Dane Dunning,dunnd001,2024-04-23,2024,TEX,SEA,7,4.3,20,89,4,3,2,1,0.99,TEX202404230
Dane Dunning,dunnd001,2024-04-28,2024,TEX,CIN,10,5.3,19,69,3,0,0,1,0.99,TEX202404280
Dane Dunning,dunnd001,2024-05-04,2024,TEX,KCA,4,4.7,18,79,4,1,0,0,0.96,KCA202405040
Dane Dunning,dunnd001,2024-05-22,2024,TEX,PHI,4,3.3,16,74,4,1,1,0,1.01,PHI202405220
Dane Dunning,dunnd001,2024-05-29,2024,TEX,ARI,6,5.0,22,92,3,4,0,1,0.99,TEX202405290
Dane Dunning,dunnd001,2024-06-04,2024,TEX,DET,4,5.0,21,84,4,1,2,1,0.99,TEX202406040
Dane Dunning,dunnd001,2024-06-11,2024,TEX,LAN,2,3.7,18,84,4,3,1,0,1.03,LAN202406110
Dane Dunning,dunnd001,2024-06-16,2024,TEX,SEA,8,4.7,21,98,4,3,0,0,1.04,SEA202406160
Dane Dunning,dunnd001,2024-08-14,2024,TEX,BOS,3,5.0,21,76,5,1,1,0,0.98,BOS202408140
Dane Dunning,dunnd001,2024-08-19,2024,TEX,PIT,4,4.0,18,63,5,1,1,1,0.99,TEX202408190
Dane Dunning,dunnd001,2024-09-21,2024,TEX,SEA,5,3.7,19,81,7,1,1,1,0.99,TEX202409210
Zach Eflin,efliz001,2024-03-28,2024,TBA,TOR,5,5.7,25,81,6,1,3,1,1.05,TBA202403280
Zach Eflin,efliz001,2024-04-02,2024,TBA,TEX,5,6.3,25,83,5,1,0,1,1.05,TBA202404020
Zach Eflin,efliz001,2024-04-08,2024,TBA,ANA,5,5.0,24,76,9,0,1,0,0.99,ANA202404080
Zach Eflin,efliz001,2024-04-15,2024,TBA,ANA,5,6.3,24,76,6,0,0,1,1.05,TBA202404150
Zach Eflin,efliz001,2024-04-20,2024,TBA,NYA,6,6.0,21,78,3,0,0,0,0.99,NYA202404200
Zach Eflin,efliz001,2024-04-26,2024,TBA,CHA,4,6.0,29,90,9,2,1,0,0.99,CHA202404260
Zach Eflin,efliz001,2024-05-01,2024,TBA,MIL,6,5.7,23,88,6,0,1,0,1.05,MIL202405010
Zach Eflin,efliz001,2024-05-07,2024,TBA,CHA,3,7.0,29,94,6,0,1,1,1.05,TBA202405070
Zach Eflin,efliz001,2024-05-13,2024,TBA,BOS,2,5.0,20,91,6,0,1,0,0.98,BOS202405130
Zach Eflin,efliz001,2024-05-18,2024,TBA,TOR,3,6.0,26,75,9,0,0,0,1.0,TOR202405180
Zach Eflin,efliz001,2024-06-05,2024,TBA,MIA,3,4.0,15,55,3,0,0,0,0.98,MIA202406050
Zach Eflin,efliz001,2024-06-11,2024,TBA,CHN,3,5.7,24,81,7,0,1,1,1.05,TBA202406110
Zach Eflin,efliz001,2024-06-16,2024,TBA,ATL,7,5.7,25,87,7,1,2,0,1.02,ATL202406160
Zach Eflin,efliz001,2024-06-22,2024,TBA,PIT,6,7.0,27,95,5,1,1,0,1.0,PIT202406220
Zach Eflin,efliz001,2024-06-28,2024,TBA,WAS,6,6.0,24,93,4,1,0,1,1.05,TBA202406280
Zach Eflin,efliz001,2024-07-04,2024,TBA,KCA,3,5.0,24,96,7,1,1,0,0.96,KCA202407040
Zach Eflin,efliz001,2024-07-10,2024,TBA,NYA,6,7.0,27,103,4,1,0,1,1.05,TBA202407100
Zach Eflin,efliz001,2024-07-19,2024,TBA,NYA,5,5.0,26,88,7,4,0,0,0.99,NYA202407190
Zach Eflin,efliz001,2024-07-24,2024,TBA,TOR,4,5.7,22,85,6,0,1,0,1.0,TOR202407240
Zach Eflin,efliz001,2024-07-29,2024,BAL,TOR,7,6.0,28,98,10,0,1,1,1.0,BAL202407291
Zach Eflin,efliz001,2024-08-03,2024,BAL,CLE,3,6.3,25,92,5,1,1,0,1.04,CLE202408030
Zach Eflin,efliz001,2024-08-09,2024,BAL,TBA,7,7.0,26,94,4,1,0,0,1.05,TBA202408090
Zach Eflin,efliz001,2024-08-15,2024,BAL,BOS,8,6.0,23,87,5,0,1,1,1.0,BAL202408150
Zach Eflin,efliz001,2024-09-01,2024,BAL,COL,9,7.0,25,85,4,1,0,0,0.92,COL202409010
Zach Eflin,efliz001,2024-09-07,2024,BAL,TBA,4,5.7,26,91,8,1,2,1,1.0,BAL202409070
Zach Eflin,efliz001,2024-09-13,2024,BAL,DET,3,6.7,25,100,5,1,1,0,1.0,DET202409130
Zach Eflin,efliz001,2024-09-19,2024,BAL,SFN,5,6.0,24,93,6,1,1,1,1.0,BAL202409190
Zach Eflin,efliz001,2024-09-25,2024,BAL,NYA,1,4.7,22,92,4,5,1,0,0.99,NYA202409250
Bryce Elder,eldeb001,2024-04-22,2024,ATL,MIA,4,6.7,26,87,8,0,0,1,1.02,ATL202404220
Bryce Elder,eldeb001,2024-04-28,2024,ATL,CLE,2,5.3,23,85,4,4,0,1,1.02,ATL202404280
Bryce Elder,eldeb001,2024-05-04,2024,ATL,LAN,4,3.3,20,71,7,4,3,0,1.03,LAN202405040
Bryce Elder,eldeb001,2024-05-12,2024,ATL,NYN,6,5.3,23,85,7,0,0,0,1.06,NYN202405120
Bryce Elder,eldeb001,2024-05-19,2024,ATL,SDN,3,3.0,21,93,9,3,1,1,1.02,ATL202405190
Bryce Elder,eldeb001,2024-06-26,2024,ATL,SLN,4,6.0,22,96,4,0,0,0,1.0,SLN202406262
Bryce Elder,eldeb001,2024-07-08,2024,ATL,ARI,1,5.0,21,76,4,2,0,0,1.03,ARI202407080
Bryce Elder,eldeb001,2024-07-20,2024,ATL,SLN,9,5.0,24,95,8,1,2,1,1.02,ATL202407202
Bryce Elder,eldeb001,2024-07-30,2024,ATL,MIL,7,6.3,25,91,5,1,0,0,1.05,MIL202407300
Bryce Elder,eldeb001,2024-08-06,2024,ATL,MIL,6,3.7,21,85,8,2,2,1,1.02,ATL202408060
Mason Englert,englm001,2024-08-28,2024,DET,ANA,2,2.0,8,33,1,1,0,1,1.0,DET202408280
Nathan Eovaldi,eovan001,2024-03-28,2024,TEX,CHN,3,6.0,22,88,4,1,0,1,0.99,TEX202403280
Nathan Eovaldi,eovan001,2024-04-03,2024,TEX,TBA,8,7.0,24,103,4,1,0,0,1.05,TBA202404030
Nathan Eovaldi,eovan001,2024-04-09,2024,TEX,OAK,8,5.7,22,95,3,2,1,1,0.99,TEX202404090
Nathan Eovaldi,eovan001,2024-04-14,2024,TEX,HOU,3,6.0,27,87,8,2,2,0,1.02,HOU202404140
Nathan Eovaldi,eovan001,2024-04-20,2024,TEX,ATL,6,5.3,27,105,5,6,0,0,1.02,ATL202404200
Nathan Eovaldi,eovan001,2024-04-26,2024,TEX,CIN,8,6.0,26,97,3,5,0,1,0.99,TEX202404260
Nathan Eovaldi,eovan001,2024-05-02,2024,TEX,WAS,8,5.3,20,92,2,2,0,1,0.99,TEX202405020
Nathan Eovaldi,eovan001,2024-05-28,2024,TEX,ARI,2,3.0,14,37,5,0,0,1,0.99,TEX202405280
Nathan Eovaldi,eovan001,2024-06-03,2024,TEX,DET,7,5.7,20,71,3,0,1,1,0.99,TEX202406030
Nathan Eovaldi,eovan001,2024-06-09,2024,TEX,SFN,5,7.0,27,90,5,1,1,1,0.99,TEX202406090
Nathan Eovaldi,eovan001,2024-06-15,2024,TEX,SEA,6,3.0,17,75,4,4,1,0,1.04,SEA202406150
Nathan Eovaldi,eovan001,2024-06-21,2024,TEX,KCA,6,6.0,23,98,4,1,1,1,0.99,TEX202406210
Nathan Eovaldi,eovan001,2024-06-26,2024,TEX,MIL,4,7.0,31,101,9,1,2,0,1.05,MIL202406260
Nathan Eovaldi,eovan001,2024-07-02,2024,TEX,SDN,6,7.0,22,92,1,0,0,1,0.99,TEX202407020
Nathan Eovaldi,eovan001,2024-07-07,2024,TEX,TBA,5,7.0,24,88,4,0,1,1,0.99,TEX202407070
Nathan Eovaldi,eovan001,2024-07-13,2024,TEX,HOU,7,7.0,29,95,8,0,0,0,1.02,HOU202407130
Nathan Eovaldi,eovan001,2024-07-19,2024,TEX,BAL,2,5.0,23,76,8,0,3,1,0.99,TEX202407190
Nathan Eovaldi,eovan001,2024-07-24,2024,TEX,CHA,10,7.0,25,98,4,0,1,1,0.99,TEX202407240
Nathan Eovaldi,eovan001,2024-07-29,2024,TEX,SLN,2,6.0,25,82,6,0,1,0,1.0,SLN202407290
Nathan Eovaldi,eovan001,2024-08-04,2024,TEX,BOS,7,5.0,23,99,7,1,2,1,0.99,TEX202408040
Nathan Eovaldi,eovan001,2024-08-10,2024,TEX,NYA,4,3.0,17,81,6,2,0,0,0.99,NYA202408101
Nathan Eovaldi,eovan001,2024-08-17,2024,TEX,MIN,6,7.0,27,103,6,0,1,1,0.99,TEX202408170
Nathan Eovaldi,eovan001,2024-08-23,2024,TEX,CLE,5,6.0,26,106,7,1,0,0,1.04,CLE202408230
Nathan Eovaldi,eovan001,2024-08-29,2024,TEX,CHA,10,7.0,23,96,1,2,0,0,0.99,CHA202408290
Nathan Eovaldi,eovan001,2024-09-04,2024,TEX,NYA,6,7.0,28,99,4,3,1,1,0.99,TEX202409040
Nathan Eovaldi,eovan001,2024-09-10,2024,TEX,ARI,6,5.0,23,93,7,1,3,0,1.03,ARI202409100
Nathan Eovaldi,eovan001,2024-09-17,2024,TEX,TOR,4,4.7,26,93,11,2,1,1,0.99,TEX202409170
Nathan Eovaldi,eovan001,2024-09-24,2024,TEX,OAK,7,7.0,28,90,4,3,0,0,1.0,OAK202409240
Nathan Eovaldi,eovan001,2024-09-29,2024,TEX,ANA,5,7.0,27,92,4,1,0,0,0.99,ANA202409290
Paolo Espino,espip001,2024-07-31,2024,TOR,BAL,1,4.0,21,75,6,3,1,0,1.0,BAL202407310
Joey Estes,estej001,2024-05-11,2024,OAK,SEA,5,5.0,17,61,2,0,1,0,1.04,SEA202405110
Joey Estes,estej001,2024-05-16,2024,OAK,HOU,4,3.7,23,89,8,4,1,0,1.02,HOU202405160
Joey Estes,estej001,2024-05-23,2024,OAK,COL,6,7.0,27,93,7,0,0,1,1.0,OAK202405230
Joey Estes,estej001,2024-05-29,2024,OAK,TBA,5,5.0,20,87,2,2,0,0,1.05,TBA202405290
Joey Estes,estej001,2024-06-05,2024,OAK,SEA,5,6.3,20,78,1,0,0,1,1.0,OAK202406050
Joey Estes,estej001,2024-06-10,2024,OAK,SDN,3,5.0,24,96,8,2,2,0,1.08,SDN202406100
Joey Estes,estej001,2024-06-16,2024,OAK,MIN,2,2.7,18,65,8,1,2,0,1.0,MIN202406162
Joey Estes,estej001,2024-06-21,2024,OAK,MIN,1,6.0,24,79,5,1,1,1,1.0,OAK202406210
Joey Estes,estej001,2024-06-26,2024,OAK,ANA,8,5.7,23,87,3,2,0,0,0.99,ANA202406260
Joey Estes,estej001,2024-07-03,2024,OAK,ANA,4,9.0,30,92,5,1,0,1,1.0,OAK202407030
Joey Estes,estej001,2024-07-09,2024,OAK,BOS,1,1.7,14,55,7,1,0,0,0.98,BOS202407090
Joey Estes,estej001,2024-07-14,2024,OAK,PHI,5,6.0,24,91,4,1,1,0,1.01,PHI202407140
Joey Estes,estej001,2024-07-21,2024,OAK,ANA,4,5.7,26,97,8,2,1,1,1.0,OAK202407210
Joey Estes,estej001,2024-08-02,2024,OAK,LAN,6,6.0,22,78,2,2,1,1,1.0,OAK202408020
Joey Estes,estej001,2024-08-07,2024,OAK,CHA,4,5.0,21,96,6,0,1,1,1.0,OAK202408070
Joey Estes,estej001,2024-08-14,2024,OAK,NYN,3,5.3,23,88,7,0,2,0,1.06,NYN202408140
Joey Estes,estej001,2024-08-20,2024,OAK,TBA,5,7.7,27,94,3,1,1,1,1.0,OAK202408200
Joey Estes,estej001,2024-08-25,2024,OAK,MIL,5,5.7,21,82,2,1,1,1,1.0,OAK202408250
Joey Estes,estej001,2024-08-31,2024,OAK,TEX,7,6.0,24,84,6,0,1,0,0.99,TEX202408310
Joey Estes,estej001,2024-09-05,2024,OAK,SEA,3,4.0,20,92,6,0,2,1,1.0,OAK202409050
Joey Estes,estej001,2024-09-11,2024,OAK,HOU,2,6.7,27,84,7,1,0,0,1.02,HOU202409110
Joey Estes,estej001,2024-09-16,2024,OAK,CHN,1,1.0,12,56,9,0,1,0,0.97,CHN202409160
Joey Estes,estej001,2024-09-22,2024,OAK,NYA,1,4.0,21,85,7,1,3,1,1.0,OAK202409220
Joey Estes,estej001,2024-09-28,2024,OAK,SEA,2,5.0,23,79,5,2,1,0,1.04,SEA202409280
Alex Faedo,faeda001,2024-07-06,2024,DET,CIN,2,2.0,6,25,1,0,0,0,1.0,CIN202407060
Alex Faedo,faeda001,2024-07-28,2024,DET,MIN,3,1.0,6,29,2,0,0,1,1.0,DET202407280
Alex Faedo,faeda001,2024-08-04,2024,DET,KCA,3,1.7,8,37,2,1,0,1,1.0,DET202408040
Alex Faedo,faeda001,2024-08-10,2024,DET,SFN,1,1.0,6,31,0,3,0,0,1.03,SFN202408100
Alex Faedo,faeda001,2024-08-15,2024,DET,SEA,1,1.0,7,33,0,4,0,1,1.0,DET202408150
Alex Faedo,faeda001,2024-08-20,2024,DET,CHN,1,1.7,7,35,1,1,0,0,0.97,CHN202408200
Bailey Falter,faltb001,2024-03-31,2024,PIT,MIA,2,4.0,20,67,5,3,2,0,0.98,MIA202403310
Bailey Falter,faltb001,2024-04-06,2024,PIT,BAL,1,6.0,21,78,1,1,0,1,1.0,PIT202404060
Bailey Falter,faltb001,2024-04-12,2024,PIT,PHI,3,5.0,18,71,4,0,0,0,1.01,PHI202404120
Bailey Falter,faltb001,2024-04-17,2024,PIT,NYN,4,5.0,20,73,4,1,1,0,1.06,NYN202404170
Bailey Falter,faltb001,2024-04-23,2024,PIT,MIL,8,7.0,25,85,3,2,1,1,1.0,PIT202404230
Bailey Falter,faltb001,2024-04-29,2024,PIT,OAK,5,5.0,21,65,6,0,1,0,1.0,OAK202404290
Bailey Falter,faltb001,2024-05-05,2024,PIT,COL,3,5.3,23,80,6,2,2,1,1.0,PIT202405050
Bailey Falter,faltb001,2024-05-12,2024,PIT,CHN,1,6.0,25,81,5,2,1,1,1.0,PIT202405120
Bailey Falter,faltb001,2024-05-18,2024,PIT,CHN,2,7.7,26,83,3,2,0,0,0.97,CHN202405180
Bailey Falter,faltb001,2024-05-24,2024,PIT,ATL,4,7.3,28,97,6,1,1,1,1.0,PIT202405240
Bailey Falter,faltb001,2024-05-31,2024,PIT,TOR,5,6.0,21,81,2,2,0,0,1.0,TOR202405310
Bailey Falter,faltb001,2024-06-06,2024,PIT,LAN,6,4.0,22,76,8,2,2,1,1.0,PIT202406060
Bailey Falter,faltb001,2024-06-12,2024,PIT,SLN,5,4.0,20,82,8,1,0,0,1.0,SLN202406120
Bailey Falter,faltb001,2024-06-18,2024,PIT,CIN,3,7.0,26,80,7,2,1,1,1.0,PIT202406180
Bailey Falter,faltb001,2024-06-24,2024,PIT,CIN,2,4.0,18,79,5,1,0,0,1.0,CIN202406240
Bailey Falter,faltb001,2024-06-30,2024,PIT,ATL,5,5.0,19,81,2,4,0,0,1.02,ATL202406300
Bailey Falter,faltb001,2024-07-06,2024,PIT,NYN,2,2.0,12,45,5,2,0,1,1.0,PIT202407060
Bailey Falter,faltb001,2024-07-30,2024,PIT,HOU,3,5.3,21,66,6,0,1,0,1.02,HOU202407300
Bailey Falter,faltb001,2024-08-06,2024,PIT,SDN,1,2.0,7,20,2,0,0,1,1.0,PIT202408060
Bailey Falter,faltb001,2024-08-11,2024,PIT,LAN,2,4.0,21,93,7,3,0,0,1.03,LAN202408110
Bailey Falter,faltb001,2024-08-17,2024,PIT,SEA,8,5.7,25,92,8,0,0,1,1.0,PIT202408170
Bailey Falter,faltb001,2024-08-23,2024,PIT,CIN,4,5.0,22,79,6,2,1,1,1.0,PIT202408230
Bailey Falter,faltb001,2024-08-30,2024,PIT,CLE,2,4.0,20,59,7,1,0,0,1.04,CLE202408300
Bailey Falter,faltb001,2024-09-05,2024,PIT,WAS,3,5.0,23,94,7,2,1,1,1.0,PIT202409050
Bailey Falter,faltb001,2024-09-11,2024,PIT,MIA,5,7.3,25,93,2,3,0,1,1.0,PIT202409110
Bailey Falter,faltb001,2024-09-17,2024,PIT,SLN,3,5.7,23,84,4,2,1,0,1.0,SLN202409170
Bailey Falter,faltb001,2024-09-24,2024,PIT,MIL,5,5.0,23,92,5,1,0,1,1.0,PIT202409240
Bailey Falter,faltb001,2024-09-29,2024,PIT,NYA,0,3.0,14,62,4,3,1,0,0.99,NYA202409290
Buck Farmer,farmb001,2024-08-23,2024,CIN,PIT,2,2.0,6,27,0,0,0,0,1.0,PIT202408230
Erick Fedde,fedde001,2024-03-31,2024,CHA,DET,7,4.7,20,96,5,1,2,1,0.99,CHA202403310
Erick Fedde,fedde001,2024-04-05,2024,CHA,KCA,4,5.0,23,91,6,2,0,0,0.96,KCA202404050
Erick Fedde,fedde001,2024-04-10,2024,CHA,CLE,3,5.0,24,93,4,3,3,0,1.04,CLE202404100
Erick Fedde,fedde001,2024-04-17,2024,CHA,KCA,5,5.7,22,94,3,3,0,1,0.99,CHA202404172
Erick Fedde,fedde001,2024-04-23,2024,CHA,MIN,11,6.0,21,95,3,0,0,0,1.0,MIN202404230
Erick Fedde,fedde001,2024-04-28,2024,CHA,TBA,9,8.3,32,108,7,0,1,1,0.99,CHA202404280
Erick Fedde,fedde001,2024-05-04,2024,CHA,SLN,2,4.3,22,91,4,5,1,0,1.0,SLN202405040
Erick Fedde,fedde001,2024-05-09,2024,CHA,CLE,3,6.0,24,88,6,0,0,1,0.99,CHA202405090
Erick Fedde,fedde001,2024-05-14,2024,CHA,WAS,6,7.0,24,99,3,0,0,1,0.99,CHA202405142
Erick Fedde,fedde001,2024-05-20,2024,CHA,TOR,2,6.0,25,84,7,1,1,0,1.0,TOR202405200
Erick Fedde,fedde001,2024-05-25,2024,CHA,BAL,6,6.3,25,103,3,3,0,1,0.99,CHA202405250
Erick Fedde,fedde001,2024-05-31,2024,CHA,MIL,8,5.0,27,98,9,4,0,0,1.05,MIL202405310
Erick Fedde,fedde001,2024-06-05,2024,CHA,CHN,7,5.0,22,93,6,0,0,0,0.97,CHN202406050
Erick Fedde,fedde001,2024-06-10,2024,CHA,SEA,4,7.0,26,93,5,1,1,0,1.04,SEA202406100
Erick Fedde,fedde001,2024-06-15,2024,CHA,ARI,6,6.0,26,108,8,0,0,0,1.03,ARI202406150
Erick Fedde,fedde001,2024-06-21,2024,CHA,DET,3,7.0,26,92,5,1,1,0,1.0,DET202406210
Erick Fedde,fedde001,2024-06-26,2024,CHA,LAN,5,6.0,24,88,5,1,1,1,0.99,CHA202406260
Erick Fedde,fedde001,2024-07-03,2024,CHA,CLE,3,6.0,24,91,3,3,0,0,1.04,CLE202407030
Erick Fedde,fedde001,2024-07-10,2024,CHA,MIN,5,5.0,21,90,4,2,0,1,0.99,CHA202407101
Erick Fedde,fedde001,2024-07-22,2024,CHA,TEX,5,6.3,24,98,3,2,2,0,0.99,TEX202407220
Erick Fedde,fedde001,2024-07-27,2024,CHA,SEA,4,4.0,20,79,6,2,1,1,0.99,CHA202407270
Erick Fedde,fedde001,2024-08-02,2024,SLN,CHN,4,5.0,21,97,6,0,2,0,0.97,CHN202408020
Erick Fedde,fedde001,2024-08-07,2024,SLN,TBA,6,5.0,21,93,4,2,0,1,1.0,SLN202408070
Erick Fedde,fedde001,2024-08-13,2024,SLN,CIN,2,6.0,25,89,6,2,2,0,1.0,CIN202408130
Erick Fedde,fedde001,2024-08-20,2024,SLN,MIL,2,5.7,24,95,6,4,0,1,1.0,SLN202408200
Erick Fedde,fedde001,2024-08-25,2024,SLN,MIN,7,6.0,23,88,2,3,1,0,1.0,MIN202408250
Erick Fedde,fedde001,2024-08-30,2024,SLN,NYA,8,5.3,21,96,4,1,1,0,0.99,NYA202408300
Erick Fedde,fedde001,2024-09-06,2024,SLN,SEA,1,4.7,22,95,5,3,0,1,1.0,SLN202409060
Erick Fedde,fedde001,2024-09-13,2024,SLN,TOR,3,5.0,20,94,6,1,0,0,1.0,TOR202409130
Erick Fedde,fedde001,2024-09-19,2024,SLN,PIT,3,6.0,23,85,4,1,0,1,1.0,SLN202409190
Erick Fedde,fedde001,2024-09-25,2024,SLN,COL,10,7.0,24,87,6,1,0,0,0.92,COL202409250
Ryan Feltner,feltr001,2024-03-31,2024,COL,ARI,4,5.0,22,86,5,2,1,0,1.03,ARI202403310
Ryan Feltner,feltr001,2024-04-06,2024,COL,TBA,10,6.0,22,92,2,2,0,1,0.92,COL202404060
Ryan Feltner,feltr001,2024-04-12,2024,COL,TOR,4,5.0,24,94,8,2,1,0,1.0,TOR202404120
Ryan Feltner,feltr001,2024-04-17,2024,COL,PHI,8,5.3,27,94,9,2,2,0,1.01,PHI202404170
Ryan Feltner,feltr001,2024-04-23,2024,COL,SDN,4,4.0,22,93,10,2,0,1,0.92,COL202404230
Ryan Feltner,feltr001,2024-04-30,2024,COL,MIA,3,8.0,28,89,5,0,0,0,0.98,MIA202404300
Ryan Feltner,feltr001,2024-05-05,2024,COL,PIT,3,5.7,25,85,8,0,1,0,1.0,PIT202405050
Ryan Feltner,feltr001,2024-05-11,2024,COL,TEX,4,6.0,25,84,5,2,0,1,0.92,COL202405110
Ryan Feltner,feltr001,2024-05-17,2024,COL,SFN,2,4.0,21,85,7,2,1,0,1.03,SFN202405170
Ryan Feltner,feltr001,2024-05-23,2024,COL,OAK,6,6.0,24,94,4,2,0,0,1.0,OAK202405230
Ryan Feltner,feltr001,2024-05-28,2024,COL,CLE,1,4.3,24,78,8,2,2,1,0.92,COL202405280
Ryan Feltner,feltr001,2024-06-03,2024,COL,CIN,3,4.3,22,73,10,0,1,1,0.92,COL202406030
Ryan Feltner,feltr001,2024-06-08,2024,COL,SLN,7,5.3,21,89,2,1,0,0,1.0,SLN202406080
Ryan Feltner,feltr001,2024-06-14,2024,COL,PIT,8,6.7,25,95,7,1,3,1,0.92,COL202406140
Ryan Feltner,feltr001,2024-06-19,2024,COL,LAN,6,5.0,25,95,7,2,0,1,0.92,COL202406190
Ryan Feltner,feltr001,2024-06-26,2024,COL,HOU,2,6.0,25,83,6,1,0,0,1.02,HOU202406260
Ryan Feltner,feltr001,2024-07-02,2024,COL,MIL,3,5.0,22,83,6,2,0,1,0.92,COL202407020
Ryan Feltner,feltr001,2024-07-08,2024,COL,CIN,6,7.0,25,92,4,3,0,0,1.0,CIN202407080
Ryan Feltner,feltr001,2024-07-13,2024,COL,NYN,7,3.7,20,87,2,5,0,0,1.06,NYN202407130
Ryan Feltner,feltr001,2024-07-21,2024,COL,SFN,6,7.0,26,98,6,1,2,1,0.92,COL202407210
Ryan Feltner,feltr001,2024-07-27,2024,COL,SFN,6,6.0,26,95,4,4,1,0,1.03,SFN202407271
Ryan Feltner,feltr001,2024-08-01,2024,COL,ANA,3,6.0,26,93,7,1,2,0,0.99,ANA202408010
Ryan Feltner,feltr001,2024-08-07,2024,COL,NYN,1,1.0,5,24,2,0,0,1,0.92,COL202408070
Ryan Feltner,feltr001,2024-08-26,2024,COL,MIA,2,5.0,22,71,7,2,0,1,0.92,COL202408260
Ryan Feltner,feltr001,2024-08-31,2024,COL,BAL,6,4.7,21,80,6,1,2,1,0.92,COL202408310
Ryan Feltner,feltr001,2024-09-06,2024,COL,MIL,6,6.0,23,95,2,3,0,0,1.05,MIL202409060
Ryan Feltner,feltr001,2024-09-12,2024,COL,DET,6,5.7,22,91,3,2,0,0,1.0,DET202409120
Ryan Feltner,feltr001,2024-09-17,2024,COL,ARI,2,6.7,27,93,5,2,0,1,0.92,COL202409170
Ryan Feltner,feltr001,2024-09-24,2024,COL,SLN,6,6.0,24,85,6,1,1,1,0.92,COL202409240
Ryan Feltner,feltr001,2024-09-29,2024,COL,LAN,3,6.0,21,81,2,2,0,1,0.92,COL202409290
David Festa,festd001,2024-06-27,2024,MIN,ARI,2,5.0,23,78,7,1,1,0,1.03,ARI202406270
David Festa,festd001,2024-07-03,2024,MIN,DET,6,5.0,24,81,9,0,3,1,1.0,MIN202407030
David Festa,festd001,2024-07-30,2024,MIN,NYN,6,5.0,19,68,3,1,1,0,1.06,NYN202407300
David Festa,festd001,2024-08-05,2024,MIN,CHN,9,5.0,19,82,2,2,0,0,0.97,CHN202408050
David Festa,festd001,2024-08-11,2024,MIN,CLE,3,3.3,16,70,3,3,1,1,1.0,MIN202408110
David Festa,festd001,2024-08-17,2024,MIN,TEX,6,5.0,21,81,6,0,0,0,0.99,TEX202408170
David Festa,festd001,2024-08-23,2024,MIN,SLN,5,3.7,16,75,3,2,0,1,1.0,MIN202408230
David Festa,festd001,2024-08-28,2024,MIN,ATL,7,6.0,21,88,2,1,1,1,1.0,MIN202408280
David Festa,festd001,2024-09-03,2024,MIN,TBA,7,5.0,21,90,5,1,0,0,1.05,TBA202409030
David Festa,festd001,2024-09-09,2024,MIN,ANA,4,4.0,18,66,4,3,1,1,1.0,MIN202409090
David Festa,festd001,2024-09-15,2024,MIN,CIN,4,3.7,18,72,3,3,0,1,1.0,MIN202409150
David Festa,festd001,2024-09-20,2024,MIN,BOS,6,5.0,21,103,4,3,0,0,0.98,BOS202409200
David Festa,festd001,2024-09-26,2024,MIN,MIA,5,4.3,21,72,7,1,0,1,1.0,MIN202409260
Richard Fitts,fittr001,2024-09-08,2024,BOS,CHA,2,5.7,22,66,6,1,0,1,0.98,BOS202409080
Richard Fitts,fittr001,2024-09-13,2024,BOS,NYA,2,5.0,20,90,2,3,0,0,0.99,NYA202409130
Richard Fitts,fittr001,2024-09-20,2024,BOS,MIN,3,5.0,21,80,5,1,0,1,0.98,BOS202409200
Richard Fitts,fittr001,2024-09-25,2024,BOS,TOR,2,5.0,22,78,6,2,0,0,1.0,TOR202409250
Jack Flaherty,flahj002,2024-03-31,2024,DET,CHA,7,6.0,23,87,4,0,1,0,0.99,CHA202403310
Jack Flaherty,flahj002,2024-04-07,2024,DET,OAK,5,6.0,28,94,9,1,1,1,1.0,DET202404070
Jack Flaherty,flahj002,2024-04-14,2024,DET,MIN,8,6.3,28,100,6,2,1,1,1.0,DET202404140
Jack Flaherty,flahj002,2024-04-19,2024,DET,MIN,10,6.0,24,97,4,1,1,0,1.0,MIN202404190
Jack Flaherty,flahj002,2024-04-24,2024,DET,TBA,6,5.0,21,97,7,0,1,0,1.05,TBA202404240
Jack Flaherty,flahj002,2024-04-30,2024,DET,SLN,14,6.7,23,93,2,1,0,1,1.0,DET202404301
Jack Flaherty,flahj002,2024-05-06,2024,DET,CLE,6,6.0,23,101,6,1,1,0,1.04,CLE202405060
Jack Flaherty,flahj002,2024-05-12,2024,DET,HOU,7,6.7,24,99,7,0,1,1,1.0,DET202405120
Jack Flaherty,flahj002,2024-05-18,2024,DET,ARI,9,6.0,24,98,5,2,0,0,1.03,ARI202405180
Jack Flaherty,flahj002,2024-05-23,2024,DET,TOR,9,6.3,25,103,7,1,2,1,1.0,DET202405230
Jack Flaherty,flahj002,2024-05-30,2024,DET,BOS,9,6.7,22,104,1,1,0,0,0.98,BOS202405300
Jack Flaherty,flahj002,2024-06-04,2024,DET,TEX,4,5.0,16,60,2,0,0,0,0.99,TEX202406040
Jack Flaherty,flahj002,2024-06-15,2024,DET,HOU,6,5.0,19,73,3,1,0,0,1.02,HOU202406150
Jack Flaherty,flahj002,2024-06-21,2024,DET,CHA,8,5.7,24,98,5,2,1,1,1.0,DET202406210
Jack Flaherty,flahj002,2024-06-27,2024,DET,ANA,7,5.7,25,98,7,1,3,0,0.99,ANA202406270
Jack Flaherty,flahj002,2024-07-11,2024,DET,CLE,4,6.0,22,83,2,2,1,1,1.0,DET202407110
Jack Flaherty,flahj002,2024-07-19,2024,DET,TOR,8,5.7,21,98,3,1,1,0,1.0,TOR202407190
Jack Flaherty,flahj002,2024-07-24,2024,DET,CLE,6,6.0,23,96,3,2,0,0,1.04,CLE202407240
Jack Flaherty,flahj002,2024-08-03,2024,LAN,OAK,7,6.0,25,99,5,1,0,0,1.0,OAK202408030
Jack Flaherty,flahj002,2024-08-09,2024,LAN,PIT,10,5.7,27,110,9,1,2,1,1.03,LAN202408090
Jack Flaherty,flahj002,2024-08-15,2024,LAN,MIL,7,5.0,20,93,4,2,2,0,1.05,MIL202408150
Jack Flaherty,flahj002,2024-08-21,2024,LAN,SEA,5,5.7,25,99,5,1,0,1,1.03,LAN202408210
Jack Flaherty,flahj002,2024-08-27,2024,LAN,BAL,5,6.0,25,99,6,2,2,1,1.03,LAN202408270
Jack Flaherty,flahj002,2024-09-02,2024,LAN,ARI,7,5.7,23,96,5,3,0,0,1.03,ARI202409020
Jack Flaherty,flahj002,2024-09-08,2024,LAN,CLE,6,7.3,25,92,4,0,0,1,1.03,LAN202409080
Jack Flaherty,flahj002,2024-09-14,2024,LAN,ATL,4,3.0,18,83,5,4,0,0,1.02,ATL202409140
Jack Flaherty,flahj002,2024-09-19,2024,LAN,MIA,5,6.0,25,96,5,2,2,0,0.98,MIA202409190
Jack Flaherty,flahj002,2024-09-25,2024,LAN,SDN,5,5.0,21,100,4,3,1,1,1.03,LAN202409250
Josh Fleming,flemj001,2024-04-24,2024,PIT,MIL,1,2.3,9,39,1,2,0,1,1.0,PIT202404240
Josh Fleming,flemj001,2024-06-16,2024,PIT,COL,2,4.0,16,52,4,0,0,0,0.92,COL202406160
Josh Fleming,flemj001,2024-07-09,2024,PIT,MIL,0,1.0,5,24,0,3,0,0,1.05,MIL202407090
Chris Flexen,flexc001,2024-04-01,2024,CHA,ATL,1,4.3,22,85,6,3,0,1,0.99,CHA202404010
Chris Flexen,flexc001,2024-04-06,2024,CHA,KCA,4,6.3,25,77,6,2,1,0,0.96,KCA202404060
Chris Flexen,flexc001,2024-04-12,2024,CHA,CIN,2,2.7,16,67,7,1,2,1,0.99,CHA202404120
Chris Flexen,flexc001,2024-04-26,2024,CHA,TBA,2,5.0,20,72,2,3,0,1,0.99,CHA202404260
Chris Flexen,flexc001,2024-05-01,2024,CHA,MIN,4,5.0,20,91,4,2,1,1,0.99,CHA202405010
Chris Flexen,flexc001,2024-05-08,2024,CHA,TBA,8,6.0,21,96,3,1,0,0,1.05,TBA202405080
Chris Flexen,flexc001,2024-05-14,2024,CHA,WAS,5,4.7,22,86,7,1,0,1,0.99,CHA202405141
Chris Flexen,flexc001,2024-05-19,2024,CHA,NYA,4,4.0,21,79,8,1,2,0,0.99,NYA202405190
Chris Flexen,flexc001,2024-05-24,2024,CHA,BAL,2,4.7,21,84,5,2,1,1,0.99,CHA202405240
Chris Flexen,flexc001,2024-05-29,2024,CHA,TOR,6,5.0,23,90,4,5,0,1,0.99,CHA202405290
Chris Flexen,flexc001,2024-06-04,2024,CHA,CHN,4,5.0,18,63,3,0,0,0,0.97,CHN202406040
Chris Flexen,flexc001,2024-06-09,2024,CHA,BOS,3,5.0,18,89,2,2,1,1,0.99,CHA202406090
Chris Flexen,flexc001,2024-06-14,2024,CHA,ARI,2,3.3,20,75,9,2,1,0,1.03,ARI202406140
Chris Flexen,flexc001,2024-06-20,2024,CHA,HOU,6,6.0,25,96,5,3,1,1,0.99,CHA202406200
Chris Flexen,flexc001,2024-06-25,2024,CHA,LAN,3,5.7,27,106,6,3,2,1,0.99,CHA202406250
Chris Flexen,flexc001,2024-07-02,2024,CHA,CLE,3,6.0,26,101,6,1,2,0,1.04,CLE202407020
Chris Flexen,flexc001,2024-07-08,2024,CHA,MIN,4,6.0,23,89,7,1,1,1,0.99,CHA202407080
Chris Flexen,flexc001,2024-07-13,2024,CHA,PIT,4,6.0,25,78,5,2,0,1,0.99,CHA202407130
Chris Flexen,flexc001,2024-07-19,2024,CHA,KCA,4,4.7,24,97,4,5,1,0,0.96,KCA202407190
Chris Flexen,flexc001,2024-07-24,2024,CHA,TEX,3,4.7,23,105,7,2,1,0,0.99,TEX202407240
Chris Flexen,flexc001,2024-07-29,2024,CHA,KCA,2,6.0,26,97,9,0,0,1,0.99,CHA202407290
Chris Flexen,flexc001,2024-08-04,2024,CHA,MIN,3,1.7,15,70,7,3,1,0,1.0,MIN202408040
Chris Flexen,flexc001,2024-08-10,2024,CHA,CHN,1,4.0,19,78,3,4,0,1,0.99,CHA202408100
Chris Flexen,flexc001,2024-08-17,2024,CHA,HOU,1,4.0,19,73,7,1,0,0,1.02,HOU202408170
Chris Flexen,flexc001,2024-08-23,2024,CHA,DET,5,6.0,26,98,5,2,0,1,0.99,CHA202408230
Chris Flexen,flexc001,2024-09-02,2024,CHA,BAL,5,3.3,20,95,7,2,1,0,1.0,BAL202409020
Chris Flexen,flexc001,2024-09-08,2024,CHA,BOS,6,6.0,22,87,6,1,2,0,0.98,BOS202409080
Chris Flexen,flexc001,2024-09-14,2024,CHA,OAK,8,5.0,22,99,6,2,0,1,0.99,CHA202409140
Chris Flexen,flexc001,2024-09-21,2024,CHA,SDN,3,5.0,25,96,8,2,2,0,1.08,SDN202409210
Chris Flexen,flexc001,2024-09-26,2024,CHA,ANA,7,6.3,23,96,5,1,0,1,0.99,CHA202409260
Matt Foster,fostm001,2024-08-28,2024,CHA,TEX,1,2.0,9,21,2,1,0,1,0.99,CHA202408280
Bowden Francis,franb002,2024-04-01,2024,TOR,HOU,7,5.3,26,79,10,1,3,0,1.02,HOU202404010
Bowden Francis,franb002,2024-04-07,2024,TOR,NYA,5,3.0,15,77,2,3,1,0,0.99,NYA202404070
Bowden Francis,franb002,2024-06-09,2024,TOR,OAK,3,4.0,16,49,3,1,0,0,1.0,OAK202406090
Bowden Francis,franb002,2024-07-29,2024,TOR,BAL,2,5.7,22,76,6,1,2,0,1.0,BAL202407292
Bowden Francis,franb002,2024-08-07,2024,TOR,BAL,7,5.0,19,79,3,1,1,1,1.0,TOR202408070
Bowden Francis,franb002,2024-08-12,2024,TOR,ANA,8,7.0,22,81,1,0,1,0,0.99,ANA202408120
Bowden Francis,franb002,2024-08-18,2024,TOR,CHN,7,7.0,25,95,3,0,0,0,0.97,CHN202408180
Bowden Francis,franb002,2024-08-24,2024,TOR,ANA,12,8.0,28,117,1,3,1,1,1.0,TOR202408240
Bowden Francis,franb002,2024-08-29,2024,TOR,BOS,5,7.0,22,70,1,0,0,0,0.98,BOS202408290
Bowden Francis,franb002,2024-09-04,2024,TOR,PHI,6,6.0,24,89,6,0,2,1,1.0,TOR202409040
Bowden Francis,franb002,2024-09-11,2024,TOR,NYN,1,8.0,28,111,1,1,1,1,1.0,TOR202409110
Bowden Francis,franb002,2024-09-18,2024,TOR,TEX,6,6.0,25,100,5,1,1,0,0.99,TEX202409180
Bowden Francis,franb002,2024-09-24,2024,TOR,BOS,4,5.0,18,71,3,1,0,1,1.0,TOR202409240
J. P. France,franj006,2024-03-31,2024,HOU,NYA,5,5.7,24,94,6,1,0,1,1.02,HOU202403310
J. P. France,franj006,2024-04-06,2024,HOU,TEX,4,5.7,27,88,8,2,0,0,0.99,TEX202404060
J. P. France,franj006,2024-04-12,2024,HOU,TEX,3,4.0,25,98,8,4,1,1,1.02,HOU202404120
J. P. France,franj006,2024-04-17,2024,HOU,ATL,4,5.0,22,90,4,1,2,1,1.02,HOU202404170
J. P. France,franj006,2024-04-23,2024,HOU,CHN,6,5.0,23,96,5,4,2,0,0.97,CHN202404230
Kyle Freeland,freek001,2024-03-28,2024,COL,ARI,2,2.3,17,49,10,1,1,0,1.03,ARI202403280
Kyle Freeland,freek001,2024-04-02,2024,COL,CHN,2,3.3,23,76,9,3,2,0,0.97,CHN202404020
Kyle Freeland,freek001,2024-04-08,2024,COL,ARI,2,5.0,24,93,6,2,0,1,0.92,COL202404080
Kyle Freeland,freek001,2024-04-14,2024,COL,TOR,3,5.0,23,95,7,2,0,0,1.0,TOR202404140
Kyle Freeland,freek001,2024-06-23,2024,COL,WAS,4,6.0,20,69,1,1,0,1,0.92,COL202406230
Kyle Freeland,freek001,2024-06-30,2024,COL,CHA,3,6.7,28,80,7,2,1,0,0.99,CHA202406300
Kyle Freeland,freek001,2024-07-05,2024,COL,KCA,5,7.0,28,89,7,1,0,1,0.92,COL202407050
Kyle Freeland,freek001,2024-07-10,2024,COL,CIN,9,6.7,27,93,8,1,1,0,1.0,CIN202407100
Kyle Freeland,freek001,2024-07-20,2024,COL,SFN,4,6.0,24,89,5,1,1,1,0.92,COL202407200
Kyle Freeland,freek001,2024-07-26,2024,COL,SFN,8,4.0,21,83,8,1,2,0,1.03,SFN202407260
Kyle Freeland,freek001,2024-07-31,2024,COL,ANA,6,7.0,25,91,6,0,1,0,0.99,ANA202407310
Kyle Freeland,freek001,2024-08-06,2024,COL,NYN,7,4.7,20,73,4,2,0,1,0.92,COL202408060
Kyle Freeland,freek001,2024-08-11,2024,COL,ATL,1,3.7,15,65,4,1,2,1,0.92,COL202408110
Kyle Freeland,freek001,2024-08-17,2024,COL,SDN,3,5.0,24,93,8,3,0,1,0.92,COL202408170
Kyle Freeland,freek001,2024-08-23,2024,COL,NYA,3,6.7,27,106,5,2,2,0,0.99,NYA202408230
Kyle Freeland,freek001,2024-08-28,2024,COL,MIA,5,6.0,25,91,6,1,1,1,0.92,COL202408280
Kyle Freeland,freek001,2024-09-03,2024,COL,ATL,5,5.0,20,79,6,0,0,0,1.02,ATL202409030
Kyle Freeland,freek001,2024-09-08,2024,COL,MIL,4,6.0,22,89,3,0,0,0,1.05,MIL202409080
Kyle Freeland,freek001,2024-09-14,2024,COL,CHN,3,7.0,29,95,7,1,2,1,0.92,COL202409140
Kyle Freeland,freek001,2024-09-20,2024,COL,LAN,2,6.0,25,86,7,0,3,0,1.03,LAN202409200
Kyle Freeland,freek001,2024-09-26,2024,COL,SLN,4,4.3,23,85,10,1,3,1,0.92,COL202409260
Max Fried,friem001,2024-03-30,2024,ATL,PHI,1,0.7,7,43,2,3,0,0,1.01,PHI202403300
Max Fried,friem001,2024-04-06,2024,ATL,ARI,5,4.3,25,97,10,1,1,1,1.02,ATL202404060
Max Fried,friem001,2024-04-12,2024,ATL,MIA,4,6.3,24,84,4,1,0,0,0.98,MIA202404120
Max Fried,friem001,2024-04-17,2024,ATL,HOU,2,5.0,24,96,7,4,1,0,1.02,HOU202404170
Max Fried,friem001,2024-04-23,2024,ATL,MIA,6,9.0,29,92,3,0,0,1,1.02,ATL202404230
Max Fried,friem001,2024-04-29,2024,ATL,SEA,7,6.0,20,100,0,2,0,0,1.04,SEA202404290
Max Fried,friem001,2024-05-05,2024,ATL,LAN,7,7.0,28,108,4,3,2,0,1.03,LAN202405050
Max Fried,friem001,2024-05-11,2024,ATL,NYN,5,7.0,24,109,0,3,0,0,1.06,NYN202405110
Max Fried,friem001,2024-05-17,2024,ATL,SDN,2,4.3,24,88,9,3,0,1,1.02,ATL202405170
Max Fried,friem001,2024-05-22,2024,ATL,CHN,9,9.0,30,105,3,0,0,0,0.97,CHN202405220
Max Fried,friem001,2024-05-28,2024,ATL,WAS,6,8.0,27,103,7,1,0,1,1.02,ATL202405280
Max Fried,friem001,2024-06-04,2024,ATL,BOS,13,7.0,28,103,4,1,1,0,0.98,BOS202406040
Max Fried,friem001,2024-06-11,2024,ATL,BAL,3,5.0,23,87,6,2,1,0,1.0,BAL202406110
Max Fried,friem001,2024-06-17,2024,ATL,DET,6,5.3,23,103,4,3,0,1,1.02,ATL202406170
Max Fried,friem001,2024-06-23,2024,ATL,NYA,4,6.0,22,87,6,0,0,0,0.99,NYA202406230
Max Fried,friem001,2024-06-29,2024,ATL,PIT,4,6.0,27,103,6,3,0,1,1.02,ATL202406290
Max Fried,friem001,2024-07-05,2024,ATL,PHI,4,6.0,31,103,11,1,2,1,1.02,ATL202407050
Max Fried,friem001,2024-07-11,2024,ATL,ARI,7,6.0,25,108,5,3,1,0,1.03,ARI202407110
Max Fried,friem001,2024-08-04,2024,ATL,MIA,6,3.3,19,82,4,5,0,1,1.02,ATL202408040
Max Fried,friem001,2024-08-10,2024,ATL,COL,9,5.0,25,97,7,3,1,0,0.92,COL202408100
Max Fried,friem001,2024-08-15,2024,ATL,SFN,5,5.3,24,103,5,3,0,0,1.03,SFN202408150
Max Fried,friem001,2024-08-21,2024,ATL,PHI,4,7.0,24,91,4,1,0,1,1.02,ATL202408210
Max Fried,friem001,2024-08-26,2024,ATL,MIN,7,5.0,20,73,4,0,0,0,1.0,MIN202408260
Max Fried,friem001,2024-08-31,2024,ATL,PHI,4,7.0,28,103,5,4,2,0,1.01,PHI202408310
Max Fried,friem001,2024-09-06,2024,ATL,TOR,8,7.0,29,104,5,1,0,1,1.02,ATL202409060
Max Fried,friem001,2024-09-11,2024,ATL,WAS,6,6.0,27,94,11,0,1,0,1.01,WAS202409110
Max Fried,friem001,2024-09-16,2024,ATL,LAN,7,6.0,23,98,2,3,0,1,1.02,ATL202409160
Max Fried,friem001,2024-09-21,2024,ATL,MIA,6,6.0,24,100,5,1,0,0,0.98,MIA202409210
Max Fried,friem001,2024-09-27,2024,ATL,KCA,9,8.7,30,98,3,2,0,1,1.02,ATL202409270
Carson Fulmer,fulmc001,2024-07-14,2024,ANA,SEA,7,4.7,17,77,0,1,0,1,0.99,ANA202407140
Carson Fulmer,fulmc001,2024-07-21,2024,ANA,OAK,3,4.7,20,77,5,2,1,0,1.0,OAK202407210
Carson Fulmer,fulmc001,2024-07-26,2024,ANA,OAK,3,5.7,21,77,2,3,1,1,0.99,ANA202407260
Carson Fulmer,fulmc001,2024-08-01,2024,ANA,COL,8,6.0,23,79,3,1,1,1,0.99,ANA202408010
Carson Fulmer,fulmc001,2024-08-07,2024,ANA,NYA,1,4.0,20,90,7,1,0,0,0.99,NYA202408072
Carson Fulmer,fulmc001,2024-08-13,2024,ANA,TOR,3,3.0,16,75,5,2,2,1,0.99,ANA202408130
Carson Fulmer,fulmc001,2024-08-19,2024,ANA,KCA,4,4.0,20,76,5,3,1,0,0.96,KCA202408190
Carson Fulmer,fulmc001,2024-08-24,2024,ANA,TOR,8,6.0,26,88,7,2,0,0,1.0,TOR202408240
Zac Gallen,gallz001,2024-03-28,2024,ARI,COL,3,5.0,21,90,3,2,0,1,1.03,ARI202403280
Zac Gallen,gallz001,2024-04-02,2024,ARI,NYA,6,6.0,22,96,3,3,0,1,1.03,ARI202404020
Zac Gallen,gallz001,2024-04-08,2024,ARI,COL,10,5.0,23,108,8,0,0,0,0.92,COL202404080
Zac Gallen,gallz001,2024-04-14,2024,ARI,SLN,7,6.0,23,90,4,2,0,1,1.03,ARI202404140
Zac Gallen,gallz001,2024-04-20,2024,ARI,SFN,6,5.0,25,99,9,1,2,0,1.03,SFN202404200
Zac Gallen,gallz001,2024-04-26,2024,ARI,SEA,3,5.0,19,64,3,1,2,0,1.04,SEA202404260
Zac Gallen,gallz001,2024-05-07,2024,ARI,CIN,6,6.0,22,79,1,3,0,0,1.0,CIN202405070
Zac Gallen,gallz001,2024-05-12,2024,ARI,BAL,4,6.0,23,86,4,2,1,0,1.0,BAL202405120
Zac Gallen,gallz001,2024-05-18,2024,ARI,DET,10,6.7,27,98,7,0,0,1,1.03,ARI202405180
Zac Gallen,gallz001,2024-05-24,2024,ARI,MIA,5,7.0,27,96,8,1,1,1,1.03,ARI202405240
Zac Gallen,gallz001,2024-05-30,2024,ARI,NYN,0,0.0,1,6,1,0,0,0,1.06,NYN202405300
Zac Gallen,gallz001,2024-06-29,2024,ARI,OAK,7,6.0,19,77,1,1,0,1,1.03,ARI202406290
Zac Gallen,gallz001,2024-07-04,2024,ARI,LAN,4,4.0,19,85,4,3,0,0,1.03,LAN202407040
Zac Gallen,gallz001,2024-07-09,2024,ARI,ATL,4,5.3,24,105,7,1,1,1,1.03,ARI202407090
Zac Gallen,gallz001,2024-07-14,2024,ARI,TOR,1,3.7,20,70,9,1,1,1,1.03,ARI202407140
Zac Gallen,gallz001,2024-07-20,2024,ARI,CHN,4,5.0,24,102,3,6,0,0,0.97,CHN202407200
Zac Gallen,gallz001,2024-07-26,2024,ARI,PIT,6,6.0,27,102,5,3,0,1,1.03,ARI202407260
Zac Gallen,gallz001,2024-07-31,2024,ARI,WAS,6,6.0,25,91,6,1,0,1,1.03,ARI202407310
Zac Gallen,gallz001,2024-08-05,2024,ARI,CLE,4,7.0,29,93,8,2,0,0,1.04,CLE202408050
Zac Gallen,gallz001,2024-08-10,2024,ARI,PHI,3,4.3,21,87,5,2,0,1,1.03,ARI202408100
Zac Gallen,gallz001,2024-08-17,2024,ARI,TBA,3,5.0,25,98,9,2,0,0,1.05,TBA202408170
Zac Gallen,gallz001,2024-08-24,2024,ARI,BOS,9,6.0,23,99,2,4,0,0,0.98,BOS202408240
Zac Gallen,gallz001,2024-08-30,2024,ARI,LAN,7,5.0,24,100,6,2,1,1,1.03,ARI202408300
Zac Gallen,gallz001,2024-09-04,2024,ARI,SFN,8,6.0,21,100,0,4,0,0,1.03,SFN202409040
Zac Gallen,gallz001,2024-09-10,2024,ARI,TEX,7,5.0,19,94,2,2,0,1,1.03,ARI202409100
Zac Gallen,gallz001,2024-09-15,2024,ARI,MIL,7,5.0,23,98,6,2,1,1,1.03,ARI202409150
Zac Gallen,gallz001,2024-09-20,2024,ARI,MIL,5,5.0,23,96,7,1,3,0,1.05,MIL202409200
Zac Gallen,gallz001,2024-09-25,2024,ARI,SFN,11,6.0,22,97,2,2,0,1,1.03,ARI202409250
Gerson Garabito,garag001,2024-05-26,2024,TEX,MIN,2,3.7,16,84,2,4,0,0,1.0,MIN202405260
Gerson Garabito,garag001,2024-09-06,2024,TEX,ANA,1,2.7,11,51,3,1,0,1,0.99,TEX202409060
Braxton Garrett,garrb001,2024-05-12,2024,MIA,PHI,8,5.3,23,80,5,2,1,1,0.98,MIA202405120
Braxton Garrett,garrb001,2024-05-18,2024,MIA,NYN,5,4.3,24,90,7,1,0,1,0.98,MIA202405180
Braxton Garrett,garrb001,2024-05-24,2024,MIA,ARI,6,9.0,31,95,4,0,0,0,1.03,ARI202405240
Braxton Garrett,garrb001,2024-05-29,2024,MIA,SDN,2,5.0,21,88,6,0,1,0,1.08,SDN202405290
Braxton Garrett,garrb001,2024-06-05,2024,MIA,TBA,3,2.7,15,53,6,1,0,1,0.98,MIA202406050
Braxton Garrett,garrb001,2024-06-12,2024,MIA,NYN,4,4.7,23,89,7,0,2,0,1.06,NYN202406120
Braxton Garrett,garrb001,2024-06-17,2024,MIA,SLN,6,6.0,24,93,5,0,1,1,0.98,MIA202406170
Robert Gasser,gassr001,2024-05-10,2024,MIL,SLN,4,6.0,20,79,2,0,0,1,1.05,MIL202405100
Robert Gasser,gassr001,2024-05-15,2024,MIL,PIT,2,5.0,22,82,6,1,0,1,1.05,MIL202405150
Robert Gasser,gassr001,2024-05-21,2024,MIL,MIA,0,6.0,29,80,10,0,0,0,0.98,MIA202405210
Robert Gasser,gassr001,2024-05-27,2024,MIL,CHN,7,6.0,21,81,3,0,0,1,1.05,MIL202405270
Robert Gasser,gassr001,2024-06-01,2024,MIL,CHA,3,5.0,22,77,7,0,2,1,1.05,MIL202406010
Kevin Gausman,gausk001,2024-03-31,2024,TOR,TBA,6,4.3,16,69,2,0,1,0,1.05,TBA202403310
Kevin Gausman,gausk001,2024-04-06,2024,TOR,NYA,0,1.3,11,51,4,2,2,0,0.99,NYA202404060
Kevin Gausman,gausk001,2024-04-12,2024,TOR,COL,4,3.7,21,78,10,0,0,1,1.0,TOR202404120
Kevin Gausman,gausk001,2024-04-17,2024,TOR,NYA,6,5.0,21,101,4,3,0,1,1.0,TOR202404170
Kevin Gausman,gausk001,2024-04-23,2024,TOR,KCA,2,6.7,28,99,7,1,0,0,0.96,KCA202404230
Kevin Gausman,gausk001,2024-04-28,2024,TOR,LAN,5,7.0,26,93,5,0,1,1,1.0,TOR202404280
Kevin Gausman,gausk001,2024-05-04,2024,TOR,WAS,8,5.3,21,112,3,2,0,0,1.01,WAS202405040
Kevin Gausman,gausk001,2024-05-11,2024,TOR,MIN,6,3.0,20,86,10,2,1,1,1.0,TOR202405110
Kevin Gausman,gausk001,2024-05-18,2024,TOR,TBA,6,6.0,26,102,8,1,0,1,1.0,TOR202405180
Kevin Gausman,gausk001,2024-05-23,2024,TOR,DET,10,6.0,21,98,3,2,0,0,1.0,DET202405230
Kevin Gausman,gausk001,2024-05-28,2024,TOR,CHA,3,6.0,22,87,4,1,0,0,0.99,CHA202405280
Kevin Gausman,gausk001,2024-06-03,2024,TOR,BAL,3,6.3,27,96,6,1,3,1,1.0,TOR202406030
Kevin Gausman,gausk001,2024-06-08,2024,TOR,OAK,10,9.0,32,109,5,1,0,0,1.0,OAK202406080
Kevin Gausman,gausk001,2024-06-14,2024,TOR,CLE,6,5.3,23,99,8,0,1,1,1.0,TOR202406140
Kevin Gausman,gausk001,2024-06-19,2024,TOR,BOS,4,5.7,27,97,6,3,2,1,1.0,TOR202406190
Kevin Gausman,gausk001,2024-06-25,2024,TOR,BOS,5,6.0,26,96,5,1,2,0,0.98,BOS202406250
Kevin Gausman,gausk001,2024-06-30,2024,TOR,NYA,7,4.3,26,107,7,5,1,1,1.0,TOR202406300
Kevin Gausman,gausk001,2024-07-05,2024,TOR,SEA,10,6.0,27,104,6,2,0,0,1.04,SEA202407050
Kevin Gausman,gausk001,2024-07-11,2024,TOR,SFN,3,7.0,27,98,6,0,1,0,1.03,SFN202407110
Kevin Gausman,gausk001,2024-07-21,2024,TOR,DET,5,6.7,27,97,5,3,1,1,1.0,TOR202407210
Kevin Gausman,gausk001,2024-07-27,2024,TOR,TEX,8,9.0,34,118,4,3,0,1,1.0,TOR202407270
Kevin Gausman,gausk001,2024-08-02,2024,TOR,NYA,2,4.7,23,93,8,3,2,0,0.99,NYA202408020
Kevin Gausman,gausk001,2024-08-08,2024,TOR,BAL,2,8.0,30,100,3,3,1,1,1.0,TOR202408080
Kevin Gausman,gausk001,2024-08-13,2024,TOR,ANA,5,7.0,27,106,6,2,0,0,0.99,ANA202408130
Kevin Gausman,gausk001,2024-08-19,2024,TOR,CIN,5,5.0,22,100,5,2,1,1,1.0,TOR202408190
Kevin Gausman,gausk001,2024-08-25,2024,TOR,ANA,10,7.0,23,94,2,0,0,1,1.0,TOR202408250
Kevin Gausman,gausk001,2024-08-30,2024,TOR,MIN,4,5.7,24,103,4,4,0,0,1.0,MIN202408300
Kevin Gausman,gausk001,2024-09-06,2024,TOR,ATL,5,6.0,26,109,6,3,0,0,1.02,ATL202409060
Kevin Gausman,gausk001,2024-09-13,2024,TOR,SLN,3,7.0,31,104,9,2,0,1,1.0,TOR202409130
Kevin Gausman,gausk001,2024-09-19,2024,TOR,TEX,6,5.0,16,58,0,1,0,0,0.99,TEX202409190
Kevin Gausman,gausk001,2024-09-25,2024,TOR,BOS,3,6.0,25,93,4,3,0,1,1.0,TOR202409250
Domingo Germán,germd001,2024-08-21,2024,PIT,TEX,4,6.0,23,75,3,4,0,0,0.99,TEX202408210
Domingo Germán,germd001,2024-09-04,2024,PIT,CHN,3,3.0,18,57,9,1,2,0,0.97,CHN202409040
Kyle Gibson,gibsk002,2024-04-01,2024,SLN,SDN,4,7.0,25,94,4,2,2,0,1.08,SDN202404010
Kyle Gibson,gibsk002,2024-04-07,2024,SLN,MIA,5,6.0,26,94,7,1,2,1,1.0,SLN202404070
Kyle Gibson,gibsk002,2024-04-13,2024,SLN,ARI,2,6.0,25,95,6,3,1,0,1.03,ARI202404130
Kyle Gibson,gibsk002,2024-04-19,2024,SLN,MIL,3,6.0,24,89,3,4,0,1,1.0,SLN202404190
Kyle Gibson,gibsk002,2024-04-24,2024,SLN,ARI,6,6.0,25,88,5,2,0,1,1.0,SLN202404240
Kyle Gibson,gibsk002,2024-04-30,2024,SLN,DET,9,7.0,27,98,4,2,1,0,1.0,DET202404301
Kyle Gibson,gibsk002,2024-05-06,2024,SLN,NYN,4,6.0,26,91,7,2,0,1,1.0,SLN202405060
Kyle Gibson,gibsk002,2024-05-11,2024,SLN,MIL,7,5.0,23,104,3,4,0,0,1.05,MIL202405110
Kyle Gibson,gibsk002,2024-05-17,2024,SLN,BOS,3,6.0,27,90,8,3,1,1,1.0,SLN202405170
Kyle Gibson,gibsk002,2024-05-22,2024,SLN,BAL,3,4.0,18,84,5,0,0,1,1.0,SLN202405220
Kyle Gibson,gibsk002,2024-05-28,2024,SLN,CIN,6,6.0,22,95,2,2,1,0,1.0,CIN202405280
Kyle Gibson,gibsk002,2024-06-03,2024,SLN,HOU,8,5.7,25,96,5,3,1,0,1.02,HOU202406030
Kyle Gibson,gibsk002,2024-06-08,2024,SLN,COL,7,6.0,26,93,8,2,1,1,1.0,SLN202406080
Kyle Gibson,gibsk002,2024-06-14,2024,SLN,CHN,6,7.0,24,88,2,1,0,0,0.97,CHN202406140
Kyle Gibson,gibsk002,2024-06-26,2024,SLN,ATL,4,4.0,21,87,4,5,0,1,1.0,SLN202406261
Kyle Gibson,gibsk002,2024-07-02,2024,SLN,PIT,8,5.0,20,79,5,1,2,0,1.0,PIT202407020
Kyle Gibson,gibsk002,2024-07-07,2024,SLN,WAS,8,5.0,23,96,9,2,0,0,1.01,WAS202407070
Kyle Gibson,gibsk002,2024-07-13,2024,SLN,CHN,3,4.0,23,97,10,2,1,1,1.0,SLN202407132
Kyle Gibson,gibsk002,2024-07-20,2024,SLN,ATL,6,6.7,24,100,3,2,0,0,1.02,ATL202407201
Kyle Gibson,gibsk002,2024-07-27,2024,SLN,WAS,0,5.0,25,97,6,3,0,1,1.0,SLN202407270
Kyle Gibson,gibsk002,2024-08-03,2024,SLN,CHN,7,7.0,27,96,5,1,1,0,0.97,CHN202408030
Kyle Gibson,gibsk002,2024-08-08,2024,SLN,TBA,6,6.0,25,91,8,1,0,1,1.0,SLN202408080
Kyle Gibson,gibsk002,2024-08-14,2024,SLN,CIN,6,4.7,23,95,7,2,4,0,1.0,CIN202408140
Kyle Gibson,gibsk002,2024-08-21,2024,SLN,MIL,5,5.3,22,84,7,2,0,1,1.0,SLN202408210
Kyle Gibson,gibsk002,2024-08-26,2024,SLN,SDN,2,4.3,23,90,5,4,1,1,1.0,SLN202408260
Kyle Gibson,gibsk002,2024-08-31,2024,SLN,NYA,6,7.0,27,93,5,0,0,0,0.99,NYA202408310
Kyle Gibson,gibsk002,2024-09-07,2024,SLN,SEA,9,6.7,26,112,3,3,0,1,1.0,SLN202409070
Kyle Gibson,gibsk002,2024-09-14,2024,SLN,TOR,1,5.3,23,95,4,3,1,0,1.0,TOR202409140
Kyle Gibson,gibsk002,2024-09-20,2024,SLN,CLE,2,6.0,27,78,6,3,2,1,1.0,SLN202409200
Kyle Gibson,gibsk002,2024-09-26,2024,SLN,COL,5,4.0,20,75,5,3,1,0,0.92,COL202409260
Luis Gil,gil-l001,2024-04-01,2024,NYA,ARI,6,4.7,18,84,1,3,0,0,1.03,ARI202404010
Luis Gil,gil-l001,2024-04-07,2024,NYA,TOR,8,4.3,20,95,2,4,0,1,0.99,NYA202404070
Luis Gil,gil-l001,2024-04-15,2024,NYA,TOR,6,5.0,23,99,3,7,0,0,1.0,TOR202404150
Luis Gil,gil-l001,2024-04-21,2024,NYA,TBA,9,5.7,23,97,2,3,0,1,0.99,NYA202404210
Luis Gil,gil-l001,2024-04-26,2024,NYA,MIL,6,5.0,24,97,7,2,2,0,1.05,MIL202404260
Luis Gil,gil-l001,2024-05-01,2024,NYA,BAL,5,6.3,22,95,2,1,0,0,1.0,BAL202405010
Luis Gil,gil-l001,2024-05-07,2024,NYA,HOU,5,6.0,23,97,1,4,1,1,0.99,NYA202405070
Luis Gil,gil-l001,2024-05-12,2024,NYA,TBA,3,6.0,22,91,3,2,0,0,1.05,TBA202405120
Luis Gil,gil-l001,2024-05-18,2024,NYA,CHA,14,6.0,24,98,5,1,0,1,0.99,NYA202405180
Luis Gil,gil-l001,2024-05-23,2024,NYA,SEA,8,6.3,22,96,1,2,0,1,0.99,NYA202405230
Luis Gil,gil-l001,2024-05-29,2024,NYA,ANA,9,8.0,28,95,2,2,1,0,0.99,ANA202405290
Luis Gil,gil-l001,2024-06-04,2024,NYA,MIN,6,6.0,21,88,1,3,0,1,0.99,NYA202406040
Luis Gil,gil-l001,2024-06-09,2024,NYA,LAN,5,5.7,23,96,5,1,1,1,0.99,NYA202406090
Luis Gil,gil-l001,2024-06-14,2024,NYA,BOS,6,5.0,23,104,4,4,0,0,0.98,BOS202406140
Luis Gil,gil-l001,2024-06-20,2024,NYA,BAL,1,1.3,15,47,8,2,1,1,0.99,NYA202406200
Luis Gil,gil-l001,2024-06-26,2024,NYA,NYN,2,4.3,22,87,4,4,1,0,1.06,NYN202406260
Luis Gil,gil-l001,2024-07-02,2024,NYA,CIN,3,4.0,19,83,2,3,1,1,0.99,NYA202407020
Luis Gil,gil-l001,2024-07-07,2024,NYA,BOS,9,6.7,23,96,4,0,1,1,0.99,NYA202407070
Luis Gil,gil-l001,2024-07-13,2024,NYA,BAL,7,6.0,24,95,5,1,0,0,1.0,BAL202407130
Luis Gil,gil-l001,2024-07-23,2024,NYA,NYN,6,5.0,21,91,4,1,0,1,0.99,NYA202407230
Luis Gil,gil-l001,2024-07-29,2024,NYA,PHI,8,5.3,23,92,5,3,1,0,1.01,PHI202407290
Luis Gil,gil-l001,2024-08-07,2024,NYA,ANA,6,5.0,22,107,2,5,0,1,0.99,NYA202408071
Luis Gil,gil-l001,2024-08-12,2024,NYA,CHA,3,4.0,20,98,7,2,1,0,0.99,CHA202408120
Luis Gil,gil-l001,2024-08-20,2024,NYA,CLE,3,3.0,19,78,3,6,1,1,0.99,NYA202408200
Luis Gil,gil-l001,2024-09-06,2024,NYA,CHN,7,6.0,21,89,1,2,0,0,0.97,CHN202409060
Luis Gil,gil-l001,2024-09-11,2024,NYA,KCA,5,5.0,22,97,5,2,1,1,0.99,NYA202409110
Luis Gil,gil-l001,2024-09-17,2024,NYA,SEA,5,5.0,22,91,4,3,1,0,1.04,SEA202409170
Luis Gil,gil-l001,2024-09-22,2024,NYA,OAK,5,5.3,24,92,5,3,0,0,1.0,OAK202409220
Luis Gil,gil-l001,2024-09-28,2024,NYA,PIT,5,5.7,24,89,6,1,4,1,0.99,NYA202409280
Logan Gilbert,gilbl002,2024-03-30,2024,SEA,BOS,8,7.0,26,91,4,1,0,1,1.04,SEA202403300
Logan Gilbert,gilbl002,2024-04-05,2024,SEA,MIL,7,5.7,23,94,5,1,3,0,1.05,MIL202404050
Logan Gilbert,gilbl002,2024-04-10,2024,SEA,TOR,8,7.7,28,89,5,1,1,0,1.0,TOR202404100
Logan Gilbert,gilbl002,2024-04-16,2024,SEA,CIN,6,6.7,23,90,3,1,0,1,1.04,SEA202404160
Logan Gilbert,gilbl002,2024-04-23,2024,SEA,TEX,6,6.7,26,100,2,4,0,0,0.99,TEX202404230
Logan Gilbert,gilbl002,2024-04-28,2024,SEA,ARI,9,6.3,24,97,4,1,1,1,1.04,SEA202404280
Logan Gilbert,gilbl002,2024-05-04,2024,SEA,HOU,6,8.0,27,96,2,4,0,0,1.02,HOU202405040
Logan Gilbert,gilbl002,2024-05-09,2024,SEA,MIN,4,4.0,22,91,9,2,1,0,1.0,MIN202405090
Logan Gilbert,gilbl002,2024-05-14,2024,SEA,KCA,7,6.7,24,99,4,3,1,1,1.04,SEA202405140
Logan Gilbert,gilbl002,2024-05-20,2024,SEA,NYA,1,6.0,27,81,8,1,0,0,0.99,NYA202405200
Logan Gilbert,gilbl002,2024-05-25,2024,SEA,WAS,4,6.0,21,78,3,0,0,0,1.01,WAS202405250
Logan Gilbert,gilbl002,2024-05-30,2024,SEA,HOU,5,6.0,26,100,8,1,2,1,1.04,SEA202405300
Logan Gilbert,gilbl002,2024-06-05,2024,SEA,OAK,5,7.0,25,90,5,0,1,0,1.0,OAK202406050
Logan Gilbert,gilbl002,2024-06-10,2024,SEA,CHA,8,6.7,26,95,6,0,1,1,1.04,SEA202406100
Logan Gilbert,gilbl002,2024-06-16,2024,SEA,TEX,9,8.0,26,101,2,0,0,1,1.04,SEA202406160
Logan Gilbert,gilbl002,2024-06-22,2024,SEA,MIA,6,8.0,28,92,4,1,0,0,0.98,MIA202406220
Logan Gilbert,gilbl002,2024-06-28,2024,SEA,MIN,3,6.0,23,92,4,0,1,1,1.04,SEA202406280
Logan Gilbert,gilbl002,2024-07-03,2024,SEA,BAL,6,5.3,25,88,6,3,1,1,1.04,SEA202407030
Logan Gilbert,gilbl002,2024-07-09,2024,SEA,SDN,7,7.7,27,87,4,1,2,0,1.08,SDN202407090
Logan Gilbert,gilbl002,2024-07-14,2024,SEA,ANA,9,7.0,23,87,2,0,0,0,0.99,ANA202407140
Logan Gilbert,gilbl002,2024-07-23,2024,SEA,ANA,8,6.7,27,92,4,1,0,1,1.04,SEA202407230
Logan Gilbert,gilbl002,2024-07-29,2024,SEA,BOS,4,2.7,15,69,7,0,1,0,0.98,BOS202407290
Logan Gilbert,gilbl002,2024-08-04,2024,SEA,PHI,7,6.0,22,98,4,0,1,1,1.04,SEA202408040
Logan Gilbert,gilbl002,2024-08-10,2024,SEA,NYN,6,7.0,24,92,3,1,0,1,1.04,SEA202408100
Logan Gilbert,gilbl002,2024-08-16,2024,SEA,PIT,6,6.3,27,96,5,2,1,0,1.0,PIT202408160
Logan Gilbert,gilbl002,2024-08-21,2024,SEA,LAN,7,4.7,24,100,7,2,0,0,1.03,LAN202408210
Logan Gilbert,gilbl002,2024-08-27,2024,SEA,TBA,10,6.0,22,97,4,0,0,1,1.04,SEA202408270
Logan Gilbert,gilbl002,2024-09-02,2024,SEA,OAK,9,6.0,23,95,4,1,1,0,1.0,OAK202409020
Logan Gilbert,gilbl002,2024-09-07,2024,SEA,SLN,10,8.0,27,101,2,1,1,0,1.0,SLN202409070
Logan Gilbert,gilbl002,2024-09-14,2024,SEA,TEX,7,6.0,25,97,6,1,2,1,1.04,SEA202409140
Logan Gilbert,gilbl002,2024-09-19,2024,SEA,NYA,9,5.3,25,97,6,2,1,1,1.04,SEA202409190
Logan Gilbert,gilbl002,2024-09-24,2024,SEA,HOU,6,6.0,24,94,5,1,3,0,1.02,HOU202409240
Logan Gilbert,gilbl002,2024-09-29,2024,SEA,OAK,7,5.7,18,76,1,0,0,1,1.04,SEA202409290
J. T. Ginn,ginnj001,2024-08-29,2024,OAK,CIN,4,5.0,21,67,4,1,2,0,1.0,CIN202408290
J. T. Ginn,ginnj001,2024-09-03,2024,OAK,SEA,7,6.0,22,88,5,1,0,1,1.0,OAK202409030
J. T. Ginn,ginnj001,2024-09-08,2024,OAK,DET,5,5.0,24,83,7,1,1,1,1.0,OAK202409080
J. T. Ginn,ginnj001,2024-09-14,2024,OAK,CHA,3,4.0,20,71,10,0,1,0,0.99,CHA202409140
J. T. Ginn,ginnj001,2024-09-20,2024,OAK,NYA,4,5.0,18,78,4,1,0,1,1.0,OAK202409200
J. T. Ginn,ginnj001,2024-09-26,2024,OAK,TEX,2,5.3,22,68,5,2,0,1,1.0,OAK202409260
Tyler Glasnow,glast001,2024-03-20,2024,LAN,SDN,3,5.0,20,77,2,4,0,0,1.08,SDN202403200
Tyler Glasnow,glast001,2024-03-28,2024,LAN,SLN,5,6.0,22,81,2,1,1,1,1.03,LAN202403280
Tyler Glasnow,glast001,2024-04-03,2024,LAN,SFN,7,6.0,24,100,4,2,1,1,1.03,LAN202404030
Tyler Glasnow,glast001,2024-04-09,2024,LAN,MIN,14,7.0,24,88,3,0,0,0,1.0,MIN202404090
Tyler Glasnow,glast001,2024-04-15,2024,LAN,WAS,5,5.0,25,94,8,2,2,1,1.03,LAN202404150
Tyler Glasnow,glast001,2024-04-21,2024,LAN,NYN,10,8.0,29,101,7,0,0,1,1.03,LAN202404210
Tyler Glasnow,glast001,2024-04-27,2024,LAN,TOR,9,6.0,24,95,2,3,0,0,1.0,TOR202404270
Tyler Glasnow,glast001,2024-05-04,2024,LAN,ATL,10,7.0,27,96,5,1,0,1,1.03,LAN202405040
Tyler Glasnow,glast001,2024-05-10,2024,LAN,SDN,10,7.0,22,99,1,2,1,0,1.08,SDN202405100
Tyler Glasnow,glast001,2024-05-16,2024,LAN,CIN,8,5.0,23,92,6,1,1,1,1.03,LAN202405160
Tyler Glasnow,glast001,2024-05-22,2024,LAN,ARI,6,5.0,21,95,4,1,0,1,1.03,LAN202405220
Tyler Glasnow,glast001,2024-05-28,2024,LAN,NYN,8,7.0,25,92,2,4,1,0,1.06,NYN202405281
Tyler Glasnow,glast001,2024-06-04,2024,LAN,PIT,9,6.0,24,97,3,2,1,0,1.0,PIT202406040
Tyler Glasnow,glast001,2024-06-09,2024,LAN,NYA,12,6.0,26,104,8,1,2,0,0.99,NYA202406090
Tyler Glasnow,glast001,2024-06-16,2024,LAN,KCA,9,7.0,24,85,3,1,0,1,1.03,LAN202406160
Tyler Glasnow,glast001,2024-06-22,2024,LAN,ANA,10,7.0,24,74,2,0,1,1,1.03,LAN202406220
Tyler Glasnow,glast001,2024-06-29,2024,LAN,SFN,1,3.0,17,61,7,2,0,0,1.03,SFN202406290
Tyler Glasnow,glast001,2024-07-05,2024,LAN,MIL,7,6.0,24,98,3,2,1,1,1.03,LAN202407050
Tyler Glasnow,glast001,2024-07-24,2024,LAN,SFN,4,5.0,21,91,4,4,1,1,1.03,LAN202407240
Tyler Glasnow,glast001,2024-07-30,2024,LAN,SDN,8,7.0,27,102,6,1,1,0,1.08,SDN202407300
Tyler Glasnow,glast001,2024-08-05,2024,LAN,PHI,9,6.0,23,91,5,0,0,1,1.03,LAN202408050
Tyler Glasnow,glast001,2024-08-11,2024,LAN,PIT,4,7.0,26,98,5,1,1,1,1.03,LAN202408110
Austin Gomber,gomba001,2024-03-30,2024,COL,ARI,3,4.7,22,91,6,3,2,0,1.03,ARI202403300
Austin Gomber,gomba001,2024-04-05,2024,COL,TBA,7,4.0,19,89,4,3,0,1,0.92,COL202404050
Austin Gomber,gomba001,2024-04-10,2024,COL,ARI,4,6.0,26,98,6,2,1,1,0.92,COL202404100
Austin Gomber,gomba001,2024-04-16,2024,COL,PHI,4,5.3,21,89,6,0,1,0,1.01,PHI202404160
Austin Gomber,gomba001,2024-04-22,2024,COL,SDN,2,5.0,22,95,4,3,0,1,0.92,COL202404220
Austin Gomber,gomba001,2024-04-28,2024,COL,HOU,2,7.0,26,79,6,0,3,1,0.92,COL202404280
Austin Gomber,gomba001,2024-05-04,2024,COL,PIT,3,6.0,23,88,4,2,0,0,1.0,PIT202405040
Austin Gomber,gomba001,2024-05-10,2024,COL,TEX,5,6.7,27,82,5,2,1,1,0.92,COL202405100
Austin Gomber,gomba001,2024-05-15,2024,COL,SDN,5,6.0,21,92,2,2,0,0,1.08,SDN202405150
Austin Gomber,gomba001,2024-05-22,2024,COL,OAK,6,8.0,28,90,5,0,1,0,1.0,OAK202405220
Austin Gomber,gomba001,2024-06-02,2024,COL,LAN,2,3.0,17,79,5,3,2,0,1.03,LAN202406020
Austin Gomber,gomba001,2024-06-07,2024,COL,SLN,4,5.0,22,90,6,1,0,0,1.0,SLN202406070
Austin Gomber,gomba001,2024-06-12,2024,COL,MIN,2,3.0,19,72,11,1,1,0,1.0,MIN202406120
Austin Gomber,gomba001,2024-06-18,2024,COL,LAN,3,6.7,26,92,5,2,2,1,0.92,COL202406180
Austin Gomber,gomba001,2024-06-25,2024,COL,HOU,4,5.3,24,89,8,0,0,0,1.02,HOU202406250
Austin Gomber,gomba001,2024-07-01,2024,COL,MIL,3,6.0,24,79,9,0,1,1,0.92,COL202407010
Austin Gomber,gomba001,2024-07-06,2024,COL,KCA,3,7.0,27,99,6,0,1,1,0.92,COL202407060
Austin Gomber,gomba001,2024-07-11,2024,COL,CIN,5,5.0,23,97,7,1,2,0,1.0,CIN202407110
Austin Gomber,gomba001,2024-07-22,2024,COL,BOS,5,5.7,24,101,6,1,1,1,0.92,COL202407220
Austin Gomber,gomba001,2024-07-28,2024,COL,SFN,6,3.7,18,85,6,1,1,0,1.03,SFN202407280
Austin Gomber,gomba001,2024-08-02,2024,COL,SDN,6,7.0,27,100,5,1,2,0,1.08,SDN202408020
Austin Gomber,gomba001,2024-08-08,2024,COL,NYN,1,3.0,16,68,6,1,2,1,0.92,COL202408080
Austin Gomber,gomba001,2024-08-13,2024,COL,ARI,4,6.0,25,92,6,1,0,0,1.03,ARI202408130
Austin Gomber,gomba001,2024-08-20,2024,COL,WAS,5,7.0,26,96,3,2,1,0,1.01,WAS202408200
Austin Gomber,gomba001,2024-08-25,2024,COL,NYA,4,6.0,27,85,6,3,1,0,0.99,NYA202408250
Austin Gomber,gomba001,2024-08-30,2024,COL,BAL,4,6.0,25,90,8,1,1,1,0.92,COL202408300
Austin Gomber,gomba001,2024-09-05,2024,COL,ATL,6,8.0,28,92,5,0,0,0,1.02,ATL202409050
Austin Gomber,gomba001,2024-09-13,2024,COL,CHN,4,6.0,27,94,9,1,0,1,0.92,COL202409130
Austin Gomber,gomba001,2024-09-18,2024,COL,ARI,1,2.0,14,49,6,1,3,1,0.92,COL202409180
Austin Gomber,gomba001,2024-09-25,2024,COL,SLN,3,5.0,22,80,7,0,0,1,0.92,COL202409250
Marco Gonzales,gonzm005,2024-04-01,2024,PIT,WAS,2,5.0,20,77,4,2,0,0,1.01,WAS202404010
Marco Gonzales,gonzm005,2024-04-07,2024,PIT,BAL,4,6.0,22,77,5,0,0,1,1.0,PIT202404070
Marco Gonzales,gonzm005,2024-04-13,2024,PIT,PHI,5,6.0,27,90,6,3,1,0,1.01,PHI202404130
Marco Gonzales,gonzm005,2024-07-12,2024,PIT,CHA,4,5.0,20,60,7,0,0,0,0.99,CHA202407120
Marco Gonzales,gonzm005,2024-07-21,2024,PIT,PHI,4,4.7,21,84,6,1,0,1,1.0,PIT202407210
Marco Gonzales,gonzm005,2024-07-27,2024,PIT,ARI,1,2.3,17,67,7,3,2,0,1.03,ARI202407270
Marco Gonzales,gonzm005,2024-08-07,2024,PIT,SDN,3,4.7,24,91,8,2,2,1,1.0,PIT202408070
Tanner Gordon,gordt002,2024-07-07,2024,COL,KCA,4,6.3,26,78,8,0,2,1,0.92,COL202407070
Tanner Gordon,gordt002,2024-07-12,2024,COL,NYN,3,3.0,20,81,8,2,4,0,1.06,NYN202407120
Tanner Gordon,gordt002,2024-07-27,2024,COL,SFN,5,6.0,25,79,9,0,0,0,1.03,SFN202407272
Tanner Gordon,gordt002,2024-08-03,2024,COL,SDN,4,6.0,20,86,1,1,0,0,1.08,SDN202408030
Tanner Gordon,gordt002,2024-08-09,2024,COL,ATL,7,5.0,21,89,6,0,1,1,0.92,COL202408090
Tanner Gordon,gordt002,2024-08-14,2024,COL,ARI,0,0.7,9,44,3,2,0,0,1.03,ARI202408140
Tanner Gordon,gordt002,2024-08-21,2024,COL,WAS,2,4.0,20,83,8,1,1,0,1.01,WAS202408210
Tanner Gordon,gordt002,2024-09-11,2024,COL,DET,1,3.3,19,67,10,0,2,0,1.0,DET202409110
MacKenzie Gore,gorem001,2024-04-01,2024,WAS,PIT,6,5.3,25,101,5,2,0,1,1.01,WAS202404010
MacKenzie Gore,gorem001,2024-04-07,2024,WAS,PHI,6,5.7,21,92,5,2,1,1,1.01,WAS202404070
MacKenzie Gore,gorem001,2024-04-13,2024,WAS,OAK,11,5.0,19,90,4,1,0,0,1.0,OAK202404130
MacKenzie Gore,gorem001,2024-04-19,2024,WAS,HOU,4,4.0,20,92,7,1,0,1,1.01,WAS202404190
MacKenzie Gore,gorem001,2024-04-25,2024,WAS,LAN,4,6.0,23,102,7,2,1,1,1.01,WAS202404250
MacKenzie Gore,gorem001,2024-04-30,2024,WAS,TEX,7,5.0,23,91,5,1,0,0,0.99,TEX202404300
MacKenzie Gore,gorem001,2024-05-05,2024,WAS,TOR,4,3.0,18,76,6,2,1,1,1.01,WAS202405050
MacKenzie Gore,gorem001,2024-05-12,2024,WAS,BOS,9,6.0,27,111,6,2,0,0,0.98,BOS202405120
MacKenzie Gore,gorem001,2024-05-18,2024,WAS,PHI,3,6.3,23,93,3,3,1,0,1.01,PHI202405180
MacKenzie Gore,gorem001,2024-05-24,2024,WAS,SEA,8,7.0,26,98,4,1,1,1,1.01,WAS202405240
MacKenzie Gore,gorem001,2024-05-29,2024,WAS,ATL,10,5.3,22,97,6,0,0,0,1.02,ATL202405290
MacKenzie Gore,gorem001,2024-06-03,2024,WAS,NYN,2,4.3,24,92,7,4,1,1,1.01,WAS202406030
MacKenzie Gore,gorem001,2024-06-08,2024,WAS,ATL,7,5.0,22,99,6,1,0,1,1.01,WAS202406080
MacKenzie Gore,gorem001,2024-06-14,2024,WAS,MIA,10,7.0,28,103,5,1,0,1,1.01,WAS202406140
MacKenzie Gore,gorem001,2024-06-20,2024,WAS,ARI,7,5.0,27,103,9,2,0,1,1.01,WAS202406200
MacKenzie Gore,gorem001,2024-06-25,2024,WAS,SDN,1,5.0,24,94,5,3,1,0,1.08,SDN202406250
MacKenzie Gore,gorem001,2024-07-01,2024,WAS,NYN,8,5.7,22,104,5,1,0,1,1.01,WAS202407010
MacKenzie Gore,gorem001,2024-07-06,2024,WAS,SLN,5,3.3,21,90,6,5,0,1,1.01,WAS202407060
MacKenzie Gore,gorem001,2024-07-11,2024,WAS,NYN,4,4.7,20,95,3,3,0,0,1.06,NYN202407110
MacKenzie Gore,gorem001,2024-07-20,2024,WAS,CIN,2,2.0,12,67,2,4,0,1,1.01,WAS202407200
MacKenzie Gore,gorem001,2024-07-26,2024,WAS,SLN,3,5.0,25,90,9,2,2,0,1.0,SLN202407260
MacKenzie Gore,gorem001,2024-07-31,2024,WAS,ARI,1,5.3,24,98,8,1,0,0,1.03,ARI202407310
MacKenzie Gore,gorem001,2024-08-06,2024,WAS,SFN,6,5.0,27,98,8,2,2,1,1.01,WAS202408060
MacKenzie Gore,gorem001,2024-08-11,2024,WAS,ANA,2,4.0,22,86,5,6,0,1,1.01,WAS202408110
MacKenzie Gore,gorem001,2024-08-17,2024,WAS,PHI,6,5.7,26,92,9,2,0,0,1.01,PHI202408170
MacKenzie Gore,gorem001,2024-08-23,2024,WAS,ATL,4,6.0,24,88,7,0,1,0,1.02,ATL202408230
MacKenzie Gore,gorem001,2024-08-28,2024,WAS,NYA,6,6.0,26,102,6,1,1,1,1.01,WAS202408280
MacKenzie Gore,gorem001,2024-09-04,2024,WAS,MIA,9,6.0,20,93,1,1,0,0,0.98,MIA202409040
MacKenzie Gore,gorem001,2024-09-10,2024,WAS,ATL,3,3.7,23,79,6,3,1,1,1.01,WAS202409100
MacKenzie Gore,gorem001,2024-09-15,2024,WAS,MIA,5,6.0,22,93,2,2,0,1,1.01,WAS202409150
MacKenzie Gore,gorem001,2024-09-21,2024,WAS,CHN,9,7.0,24,94,1,3,1,0,0.97,CHN202409210
MacKenzie Gore,gorem001,2024-09-28,2024,WAS,PHI,9,6.0,21,91,3,1,0,1,1.01,WAS202409280
Gordon Graceffo,gracg001,2024-07-10,2024,SLN,KCA,2,3.3,13,38,4,0,1,1,1.0,SLN202407102
Jon Gray,grayj003,2024-03-31,2024,TEX,CHN,2,3.7,21,67,7,3,1,1,0.99,TEX202403310
Jon Gray,grayj003,2024-04-06,2024,TEX,HOU,3,3.7,19,84,5,3,0,1,0.99,TEX202404060
Jon Gray,grayj003,2024-04-11,2024,TEX,OAK,9,5.0,19,91,3,1,1,1,0.99,TEX202404110
Jon Gray,grayj003,2024-04-16,2024,TEX,DET,7,6.0,24,97,3,3,0,0,1.0,DET202404160
Jon Gray,grayj003,2024-04-24,2024,TEX,SEA,7,4.7,22,92,7,1,0,1,0.99,TEX202404240
Jon Gray,grayj003,2024-04-30,2024,TEX,WAS,3,8.0,27,98,3,0,0,1,0.99,TEX202404300
Jon Gray,grayj003,2024-05-05,2024,TEX,KCA,7,7.0,28,99,7,0,0,0,0.96,KCA202405050
Jon Gray,grayj003,2024-05-10,2024,TEX,COL,7,6.0,27,90,8,1,0,0,0.92,COL202405100
Jon Gray,grayj003,2024-05-15,2024,TEX,CLE,3,6.3,24,94,4,2,0,1,0.99,TEX202405150
Jon Gray,grayj003,2024-05-21,2024,TEX,PHI,4,5.0,20,75,4,3,0,0,1.01,PHI202405210
Jon Gray,grayj003,2024-06-12,2024,TEX,LAN,3,3.0,14,65,4,1,1,0,1.03,LAN202406120
Jon Gray,grayj003,2024-06-17,2024,TEX,NYN,2,3.0,20,55,11,0,2,1,0.99,TEX202406170
Jon Gray,grayj003,2024-06-22,2024,TEX,KCA,3,6.0,20,72,2,0,0,1,0.99,TEX202406220
Jon Gray,grayj003,2024-06-27,2024,TEX,BAL,1,5.0,24,73,9,1,2,0,1.0,BAL202406270
Jon Gray,grayj003,2024-07-03,2024,TEX,SDN,2,4.0,21,77,7,2,1,1,0.99,TEX202407030
Jon Gray,grayj003,2024-07-08,2024,TEX,ANA,2,5.0,20,78,5,1,0,0,0.99,ANA202407080
Jon Gray,grayj003,2024-07-23,2024,TEX,CHA,5,7.7,27,80,4,0,0,1,0.99,TEX202407230
Jon Gray,grayj003,2024-07-28,2024,TEX,TOR,0,0.0,0,0,0,0,0,0,1.0,TOR202407280
Jon Gray,grayj003,2024-08-24,2024,TEX,CLE,1,2.0,15,53,7,2,1,0,1.04,CLE202408240
Jon Gray,grayj003,2024-08-30,2024,TEX,OAK,5,4.7,20,72,3,2,2,1,0.99,TEX202408300
Josiah Gray,grayj004,2024-03-28,2024,WAS,CIN,6,4.0,22,80,8,2,2,0,1.0,CIN202403280
Josiah Gray,grayj004,2024-04-04,2024,WAS,PIT,3,4.3,22,96,7,3,0,1,1.01,WAS202404040
Sonny Gray,grays001,2024-04-09,2024,SLN,PHI,5,5.0,18,64,5,0,0,1,1.0,SLN202404090
Sonny Gray,grays001,2024-04-15,2024,SLN,OAK,6,6.0,21,72,4,0,0,0,1.0,OAK202404150
Sonny Gray,grays001,2024-04-21,2024,SLN,MIL,12,6.3,25,93,5,1,0,1,1.0,SLN202404210
Sonny Gray,grays001,2024-04-27,2024,SLN,NYN,9,6.0,25,92,4,3,1,0,1.06,NYN202404270
Sonny Gray,grays001,2024-05-03,2024,SLN,CHA,6,7.0,25,94,3,1,0,1,1.0,SLN202405030
Sonny Gray,grays001,2024-05-09,2024,SLN,MIL,6,5.0,24,88,7,1,3,0,1.05,MIL202405090
Sonny Gray,grays001,2024-05-14,2024,SLN,ANA,9,6.0,28,89,8,2,1,0,0.99,ANA202405140
Sonny Gray,grays001,2024-05-20,2024,SLN,BAL,6,5.7,23,88,3,2,1,1,1.0,SLN202405200
Sonny Gray,grays001,2024-05-26,2024,SLN,CHN,8,5.0,18,74,1,2,0,1,1.0,SLN202405260
Sonny Gray,grays001,2024-06-01,2024,SLN,PHI,10,5.0,23,86,5,3,0,0,1.01,PHI202406010
Sonny Gray,grays001,2024-06-06,2024,SLN,COL,5,4.7,20,89,2,4,0,1,1.0,SLN202406060
Sonny Gray,grays001,2024-06-12,2024,SLN,PIT,9,7.0,26,84,4,1,0,1,1.0,SLN202406120
Sonny Gray,grays001,2024-06-17,2024,SLN,MIA,4,7.7,27,84,5,2,0,0,0.98,MIA202406170
Sonny Gray,grays001,2024-06-23,2024,SLN,SFN,8,7.0,22,80,1,0,1,1,1.0,SLN202406230
Sonny Gray,grays001,2024-06-29,2024,SLN,CIN,6,4.3,23,92,7,1,0,1,1.0,SLN202406290
Sonny Gray,grays001,2024-07-05,2024,SLN,WAS,6,5.0,22,88,8,1,1,0,1.01,WAS202407050
Sonny Gray,grays001,2024-07-12,2024,SLN,CHN,6,7.0,29,102,9,0,0,1,1.0,SLN202407120
Sonny Gray,grays001,2024-07-20,2024,SLN,ATL,10,7.0,28,87,8,0,4,0,1.02,ATL202407202
Sonny Gray,grays001,2024-07-26,2024,SLN,WAS,7,5.0,24,90,7,3,0,1,1.0,SLN202407260
Sonny Gray,grays001,2024-08-01,2024,SLN,CHN,9,7.0,26,93,5,1,1,0,0.97,CHN202408010
Sonny Gray,grays001,2024-08-06,2024,SLN,TBA,6,7.0,27,106,4,1,1,1,1.0,SLN202408060
Sonny Gray,grays001,2024-08-12,2024,SLN,CIN,9,5.0,22,84,5,2,3,0,1.0,CIN202408120
Sonny Gray,grays001,2024-08-18,2024,SLN,LAN,6,5.0,24,94,7,3,1,1,1.0,SLN202408180
Sonny Gray,grays001,2024-08-24,2024,SLN,MIN,7,6.0,26,99,7,2,2,0,1.0,MIN202408240
Sonny Gray,grays001,2024-08-29,2024,SLN,SDN,4,6.0,21,90,3,0,1,1,1.0,SLN202408290
Sonny Gray,grays001,2024-09-04,2024,SLN,MIL,7,7.0,26,99,4,1,0,0,1.05,MIL202409040
Sonny Gray,grays001,2024-09-12,2024,SLN,CIN,9,6.0,22,91,2,2,0,1,1.0,SLN202409120
Sonny Gray,grays001,2024-09-18,2024,SLN,PIT,8,5.7,26,90,9,0,0,1,1.0,SLN202409180
Hunter Greene,greeh001,2024-03-30,2024,CIN,WAS,7,4.7,22,100,5,4,0,1,1.0,CIN202403300
Hunter Greene,greeh001,2024-04-05,2024,CIN,NYN,6,6.0,24,99,3,1,0,1,1.0,CIN202404050
Hunter Greene,greeh001,2024-04-10,2024,CIN,MIL,9,6.0,27,105,6,1,2,1,1.0,CIN202404100
Hunter Greene,greeh001,2024-04-16,2024,CIN,SEA,8,4.0,19,98,4,3,0,0,1.04,SEA202404160
Hunter Greene,greeh001,2024-04-22,2024,CIN,PHI,6,7.0,29,99,7,2,0,1,1.0,CIN202404220
Hunter Greene,greeh001,2024-04-27,2024,CIN,TEX,6,7.0,23,98,1,1,0,0,0.99,TEX202404270
Hunter Greene,greeh001,2024-05-03,2024,CIN,BAL,5,5.7,25,109,5,4,0,1,1.0,CIN202405030
Hunter Greene,greeh001,2024-05-09,2024,CIN,ARI,6,5.0,22,84,4,5,1,1,1.0,CIN202405090
Hunter Greene,greeh001,2024-05-14,2024,CIN,ARI,5,7.0,27,101,5,1,0,0,1.03,ARI202405140
Hunter Greene,greeh001,2024-05-19,2024,CIN,LAN,8,6.3,26,105,4,2,1,0,1.03,LAN202405190
Hunter Greene,greeh001,2024-05-25,2024,CIN,LAN,5,6.0,22,107,5,1,0,1,1.0,CIN202405250
Hunter Greene,greeh001,2024-06-01,2024,CIN,CHN,5,6.0,27,111,3,5,1,0,0.97,CHN202406010
Hunter Greene,greeh001,2024-06-06,2024,CIN,CHN,8,6.7,28,111,5,2,2,1,1.0,CIN202406060
Hunter Greene,greeh001,2024-06-14,2024,CIN,MIL,5,5.0,24,105,3,5,1,0,1.05,MIL202406140
Hunter Greene,greeh001,2024-06-19,2024,CIN,PIT,9,6.3,23,106,2,0,0,0,1.0,PIT202406190
Hunter Greene,greeh001,2024-06-25,2024,CIN,PIT,5,4.0,21,93,7,2,1,1,1.0,CIN202406250
Hunter Greene,greeh001,2024-06-30,2024,CIN,SLN,6,4.7,22,95,4,2,0,0,1.0,SLN202406300
Hunter Greene,greeh001,2024-07-06,2024,CIN,DET,7,7.0,24,104,3,2,0,1,1.0,CIN202407060
Hunter Greene,greeh001,2024-07-11,2024,CIN,COL,10,6.0,21,97,2,2,1,1,1.0,CIN202407110
Hunter Greene,greeh001,2024-07-22,2024,CIN,ATL,7,7.0,27,112,2,3,0,0,1.02,ATL202407220
Hunter Greene,greeh001,2024-07-28,2024,CIN,TBA,5,7.0,26,100,2,1,0,0,1.05,TBA202407280
Hunter Greene,greeh001,2024-08-03,2024,CIN,SFN,11,6.0,21,100,1,1,0,1,1.0,CIN202408030
Hunter Greene,greeh001,2024-08-08,2024,CIN,MIA,5,6.0,27,108,6,2,0,0,0.98,MIA202408080
Hunter Greene,greeh001,2024-08-13,2024,CIN,SLN,8,7.0,26,106,4,1,1,1,1.0,CIN202408130
Hunter Greene,greeh001,2024-09-22,2024,CIN,PIT,4,3.0,12,45,2,1,1,1,1.0,CIN202409220
Hunter Greene,greeh001,2024-09-29,2024,CIN,CHN,3,4.0,16,65,1,3,0,0,0.97,CHN202409290
Michael Grove,grovm001,2024-04-28,2024,LAN,TOR,3,2.0,10,34,4,0,1,0,1.0,TOR202404280
Michael Grove,grovm001,2024-06-13,2024,LAN,TEX,0,1.0,6,23,3,0,0,1,1.03,LAN202406130
DL Hall,halld004,2024-03-30,2024,MIL,NYN,1,4.0,20,73,6,2,1,0,1.06,NYN202403300
DL Hall,halld004,2024-04-06,2024,MIL,SEA,5,5.3,25,90,8,2,0,1,1.05,MIL202404060
DL Hall,halld004,2024-04-13,2024,MIL,BAL,4,3.3,19,75,8,1,3,0,1.0,BAL202404130
DL Hall,halld004,2024-04-20,2024,MIL,SLN,3,3.7,20,90,5,5,0,0,1.0,SLN202404200
DL Hall,halld004,2024-08-11,2024,MIL,CIN,9,4.7,22,92,4,3,1,1,1.05,MIL202408110
DL Hall,halld004,2024-08-30,2024,MIL,CIN,5,7.0,24,83,4,1,0,0,1.0,CIN202408302
DL Hall,halld004,2024-09-15,2024,MIL,ARI,4,3.0,18,80,5,3,0,0,1.03,ARI202409150
Emerson Hancock,hance001,2024-04-01,2024,SEA,CLE,1,5.3,23,81,4,1,1,1,1.04,SEA202404010
Emerson Hancock,hance001,2024-04-07,2024,SEA,MIL,6,3.3,21,88,11,1,2,0,1.05,MIL202404070
Emerson Hancock,hance001,2024-04-13,2024,SEA,CHN,4,6.0,22,74,4,0,1,1,1.04,SEA202404130
Emerson Hancock,hance001,2024-04-21,2024,SEA,COL,4,6.0,24,88,4,1,0,0,0.92,COL202404212
Emerson Hancock,hance001,2024-04-26,2024,SEA,ARI,4,6.0,20,83,2,2,1,1,1.04,SEA202404260
Emerson Hancock,hance001,2024-05-01,2024,SEA,ATL,4,3.7,21,77,5,4,0,1,1.04,SEA202405010
Emerson Hancock,hance001,2024-05-07,2024,SEA,MIN,0,4.0,18,76,4,2,1,0,1.0,MIN202405070
Emerson Hancock,hance001,2024-06-13,2024,SEA,CHA,1,7.0,29,92,6,2,2,1,1.04,SEA202406130
Emerson Hancock,hance001,2024-07-06,2024,SEA,TOR,4,4.0,20,93,6,1,0,1,1.04,SEA202407060
Emerson Hancock,hance001,2024-09-13,2024,SEA,TEX,5,5.0,24,90,6,1,1,1,1.04,SEA202409130
Emerson Hancock,hance001,2024-09-21,2024,SEA,TEX,3,5.0,20,79,5,0,1,0,0.99,TEX202409210
Emerson Hancock,hance001,2024-09-28,2024,SEA,OAK,3,5.3,24,93,5,4,2,1,1.04,SEA202409280
Brenan Hanifee,hanib001,2024-08-08,2024,DET,SEA,1,2.0,7,28,0,1,0,0,1.04,SEA202408080
Brenan Hanifee,hanib001,2024-09-07,2024,DET,OAK,1,0.7,3,10,1,0,0,0,1.0,OAK202409070
Brenan Hanifee,hanib001,2024-09-27,2024,DET,CHA,0,2.0,7,20,1,0,0,1,1.0,DET202409270
Hogan Harris,harrh002,2024-05-30,2024,OAK,TBA,7,5.7,23,102,4,3,2,0,1.05,TBA202405300
Hogan Harris,harrh002,2024-06-07,2024,OAK,TOR,3,6.0,20,91,3,2,0,1,1.0,OAK202406070
Hogan Harris,harrh002,2024-06-12,2024,OAK,SDN,5,5.0,20,83,4,1,2,0,1.08,SDN202406120
Hogan Harris,harrh002,2024-06-18,2024,OAK,KCA,3,5.0,22,100,4,2,1,1,1.0,OAK202406180
Hogan Harris,harrh002,2024-06-23,2024,OAK,MIN,2,6.0,25,83,5,2,1,1,1.0,OAK202406230
Hogan Harris,harrh002,2024-06-29,2024,OAK,ARI,3,3.3,21,73,10,1,0,0,1.03,ARI202406290
Hogan Harris,harrh002,2024-07-05,2024,OAK,BAL,4,5.0,22,103,5,3,0,1,1.0,OAK202407050
Hogan Harris,harrh002,2024-07-12,2024,OAK,PHI,0,3.0,15,70,3,6,0,0,1.01,PHI202407120
Hogan Harris,harrh002,2024-07-22,2024,OAK,HOU,7,6.7,27,93,7,2,0,1,1.0,OAK202407220
Kyle Harrison,harrk001,2024-03-29,2024,SFN,SDN,5,6.0,23,76,6,0,2,0,1.08,SDN202403290
Kyle Harrison,harrk001,2024-04-03,2024,SFN,LAN,4,5.0,23,87,6,3,1,0,1.03,LAN202404030
Kyle Harrison,harrk001,2024-04-09,2024,SFN,WAS,8,6.0,22,93,5,0,1,1,1.03,SFN202404090
Kyle Harrison,harrk001,2024-04-15,2024,SFN,MIA,2,6.0,26,85,8,1,1,0,0.98,MIA202404150
Kyle Harrison,harrk001,2024-04-20,2024,SFN,ARI,5,4.0,20,74,6,1,0,1,1.03,SFN202404200
Kyle Harrison,harrk001,2024-04-26,2024,SFN,PIT,7,6.0,23,93,5,0,0,1,1.03,SFN202404260
Kyle Harrison,harrk001,2024-05-02,2024,SFN,BOS,7,5.0,22,95,3,5,0,0,0.98,BOS202405020
Kyle Harrison,harrk001,2024-05-07,2024,SFN,COL,2,7.0,27,86,4,2,0,0,0.92,COL202405070
Kyle Harrison,harrk001,2024-05-12,2024,SFN,CIN,5,5.0,23,98,3,5,0,1,1.03,SFN202405120
Kyle Harrison,harrk001,2024-05-18,2024,SFN,COL,4,5.0,22,79,5,2,0,1,1.03,SFN202405180
Kyle Harrison,harrk001,2024-05-24,2024,SFN,NYN,6,5.0,24,98,6,2,2,0,1.06,NYN202405240
Kyle Harrison,harrk001,2024-05-29,2024,SFN,PHI,5,5.0,27,102,12,1,2,1,1.03,SFN202405290
Kyle Harrison,harrk001,2024-06-04,2024,SFN,ARI,5,6.0,25,95,8,0,0,0,1.03,ARI202406040
Kyle Harrison,harrk001,2024-06-10,2024,SFN,HOU,3,6.3,23,77,4,0,0,1,1.03,SFN202406100
Kyle Harrison,harrk001,2024-07-06,2024,SFN,CLE,2,3.3,17,72,4,4,1,0,1.04,CLE202407060
Kyle Harrison,harrk001,2024-07-12,2024,SFN,MIN,3,5.3,22,83,5,1,0,1,1.03,SFN202407120
Kyle Harrison,harrk001,2024-07-19,2024,SFN,COL,6,5.0,20,93,1,4,0,0,0.92,COL202407190
Kyle Harrison,harrk001,2024-07-26,2024,SFN,COL,11,6.7,23,106,1,2,0,1,1.03,SFN202407260
Kyle Harrison,harrk001,2024-08-03,2024,SFN,CIN,4,3.7,17,73,6,1,4,0,1.0,CIN202408030
Kyle Harrison,harrk001,2024-08-08,2024,SFN,WAS,3,4.7,19,61,5,0,0,0,1.01,WAS202408080
Kyle Harrison,harrk001,2024-08-13,2024,SFN,ATL,6,5.0,23,89,6,2,2,1,1.03,SFN202408130
Kyle Harrison,harrk001,2024-08-19,2024,SFN,CHA,5,6.0,24,98,5,2,0,1,1.03,SFN202408190
Kyle Harrison,harrk001,2024-08-28,2024,SFN,MIL,7,4.7,21,92,4,3,1,0,1.05,MIL202408280
Kyle Harrison,harrk001,2024-09-03,2024,SFN,ARI,3,2.7,16,73,7,1,1,1,1.03,SFN202409030
Andrew Heaney,heana001,2024-04-02,2024,TEX,TBA,7,4.7,20,90,4,0,0,0,1.05,TBA202404020
Andrew Heaney,heana001,2024-04-08,2024,TEX,HOU,2,3.7,19,82,4,3,1,1,0.99,TEX202404080
Andrew Heaney,heana001,2024-04-13,2024,TEX,HOU,1,3.7,20,79,4,4,0,0,1.02,HOU202404130
Andrew Heaney,heana001,2024-04-19,2024,TEX,ATL,5,5.0,20,90,3,2,2,0,1.02,ATL202404190
Andrew Heaney,heana001,2024-04-25,2024,TEX,SEA,7,6.0,23,79,5,0,2,1,0.99,TEX202404250
Andrew Heaney,heana001,2024-05-01,2024,TEX,WAS,4,7.0,23,74,4,0,0,1,0.99,TEX202405010
Andrew Heaney,heana001,2024-05-06,2024,TEX,OAK,5,6.0,26,97,7,0,0,0,1.0,OAK202405060
Andrew Heaney,heana001,2024-05-11,2024,TEX,COL,8,5.0,22,85,8,0,1,0,0.92,COL202405110
Andrew Heaney,heana001,2024-05-17,2024,TEX,ANA,5,3.7,19,83,5,2,1,1,0.99,TEX202405170
Andrew Heaney,heana001,2024-05-23,2024,TEX,PHI,1,3.3,21,82,9,2,1,0,1.01,PHI202405230
Andrew Heaney,heana001,2024-06-02,2024,TEX,MIA,7,6.0,21,94,4,0,0,0,0.98,MIA202406020
Andrew Heaney,heana001,2024-06-08,2024,TEX,SFN,5,5.7,23,83,5,1,1,1,0.99,TEX202406080
Andrew Heaney,heana001,2024-06-14,2024,TEX,SEA,4,4.7,23,81,6,3,1,0,1.04,SEA202406140
Andrew Heaney,heana001,2024-06-19,2024,TEX,NYN,9,6.0,24,89,4,2,1,1,0.99,TEX202406190
Andrew Heaney,heana001,2024-06-25,2024,TEX,MIL,4,5.0,23,90,6,2,1,0,1.05,MIL202406250
Andrew Heaney,heana001,2024-06-30,2024,TEX,BAL,10,7.0,28,93,5,0,0,0,1.0,BAL202406300
Andrew Heaney,heana001,2024-07-06,2024,TEX,TBA,7,5.3,21,92,3,2,0,1,0.99,TEX202407060
Andrew Heaney,heana001,2024-07-12,2024,TEX,HOU,5,5.0,23,84,5,2,2,0,1.02,HOU202407120
Andrew Heaney,heana001,2024-07-21,2024,TEX,BAL,4,5.0,20,100,2,3,0,1,0.99,TEX202407210
Andrew Heaney,heana001,2024-07-26,2024,TEX,TOR,4,5.0,23,83,7,1,0,0,1.0,TOR202407260
Andrew Heaney,heana001,2024-07-31,2024,TEX,SLN,2,4.3,21,86,6,1,0,0,1.0,SLN202407310
Andrew Heaney,heana001,2024-08-05,2024,TEX,HOU,4,6.0,21,80,1,1,1,1,0.99,TEX202408050
Andrew Heaney,heana001,2024-08-11,2024,TEX,NYA,4,4.7,21,83,5,2,1,0,0.99,NYA202408110
Andrew Heaney,heana001,2024-08-16,2024,TEX,MIN,8,4.3,20,97,5,1,2,1,0.99,TEX202408160
Andrew Heaney,heana001,2024-08-21,2024,TEX,PIT,8,5.0,22,90,5,1,0,1,0.99,TEX202408210
Andrew Heaney,heana001,2024-08-27,2024,TEX,CHA,2,5.0,21,71,5,1,0,0,0.99,CHA202408270
Andrew Heaney,heana001,2024-09-03,2024,TEX,NYA,8,5.0,20,86,3,1,0,1,0.99,TEX202409030
Andrew Heaney,heana001,2024-09-08,2024,TEX,ANA,8,6.0,23,96,3,1,1,1,0.99,TEX202409080
Andrew Heaney,heana001,2024-09-15,2024,TEX,SEA,3,5.0,23,89,7,1,1,0,1.04,SEA202409150
Andrew Heaney,heana001,2024-09-22,2024,TEX,SEA,4,5.7,27,94,7,1,1,1,0.99,TEX202409220
Andrew Heaney,heana001,2024-09-28,2024,TEX,ANA,3,4.0,22,88,10,0,2,0,0.99,ANA202409280
Kyle Hendricks,hendk001,2024-03-30,2024,CHN,TEX,2,3.7,21,72,9,2,2,0,0.99,TEX202403300
Kyle Hendricks,hendk001,2024-04-05,2024,CHN,LAN,4,4.0,22,83,8,2,1,1,0.97,CHN202404050
Kyle Hendricks,hendk001,2024-04-10,2024,CHN,SDN,2,5.0,23,83,9,0,2,0,1.08,SDN202404100
Kyle Hendricks,hendk001,2024-04-16,2024,CHN,ARI,3,4.3,22,78,5,3,2,0,1.03,ARI202404160
Kyle Hendricks,hendk001,2024-04-21,2024,CHN,MIA,5,4.0,18,56,6,0,1,1,0.97,CHN202404210
Kyle Hendricks,hendk001,2024-05-12,2024,CHN,PIT,5,5.0,20,94,2,4,1,0,1.0,PIT202405120
Kyle Hendricks,hendk001,2024-05-17,2024,CHN,PIT,4,4.7,25,89,11,0,1,1,0.97,CHN202405170
Kyle Hendricks,hendk001,2024-06-19,2024,CHN,SFN,8,5.7,20,75,2,1,0,1,0.97,CHN202406190
Kyle Hendricks,hendk001,2024-06-25,2024,CHN,SFN,4,7.0,26,100,5,1,0,0,1.03,SFN202406250
Kyle Hendricks,hendk001,2024-06-30,2024,CHN,MIL,3,3.7,19,68,7,1,2,0,1.05,MIL202406300
Kyle Hendricks,hendk001,2024-07-06,2024,CHN,ANA,1,2.0,11,43,4,2,0,1,0.97,CHN202407060
Kyle Hendricks,hendk001,2024-07-12,2024,CHN,SLN,3,7.0,24,90,5,1,0,0,1.0,SLN202407120
Kyle Hendricks,hendk001,2024-07-20,2024,CHN,ARI,2,5.0,22,84,3,3,2,1,0.97,CHN202407200
Kyle Hendricks,hendk001,2024-07-26,2024,CHN,KCA,4,5.0,23,90,8,0,1,0,0.96,KCA202407260
Kyle Hendricks,hendk001,2024-07-31,2024,CHN,CIN,4,5.0,19,73,4,2,1,0,1.0,CIN202407310
Kyle Hendricks,hendk001,2024-08-05,2024,CHN,MIN,5,6.0,23,93,5,1,1,1,0.97,CHN202408050
Kyle Hendricks,hendk001,2024-08-16,2024,CHN,TOR,2,5.0,21,82,5,0,1,1,0.97,CHN202408160
Kyle Hendricks,hendk001,2024-08-23,2024,CHN,MIA,0,4.7,22,77,7,2,0,0,0.98,MIA202408230
Kyle Hendricks,hendk001,2024-08-28,2024,CHN,PIT,2,1.7,16,70,8,3,1,0,1.0,PIT202408280
Kyle Hendricks,hendk001,2024-09-03,2024,CHN,PIT,5,5.0,20,89,5,1,0,1,0.97,CHN202409030
Kyle Hendricks,hendk001,2024-09-09,2024,CHN,LAN,2,4.3,21,90,4,4,0,0,1.03,LAN202409090
Kyle Hendricks,hendk001,2024-09-15,2024,CHN,COL,7,6.0,23,85,2,3,1,0,0.92,COL202409150
Kyle Hendricks,hendk001,2024-09-21,2024,CHN,WAS,2,5.3,24,91,9,1,0,1,0.97,CHN202409210
Kyle Hendricks,hendk001,2024-09-28,2024,CHN,CIN,2,7.3,26,81,2,2,0,1,0.97,CHN202409280
Blair Henley,henlb002,2024-04-08,2024,HOU,TEX,0,0.3,9,39,4,3,0,0,0.99,TEX202404080
Ronny Henriquez,henrr001,2024-09-04,2024,MIN,TBA,0,1.0,4,12,1,0,0,0,1.05,TBA202409040
Tommy Henry,henrt001,2024-03-30,2024,ARI,COL,4,4.0,19,80,6,2,1,1,1.03,ARI202403300
Tommy Henry,henrt001,2024-04-05,2024,ARI,ATL,5,5.0,25,102,6,2,1,0,1.02,ATL202404050
Tommy Henry,henrt001,2024-04-10,2024,ARI,COL,6,5.0,24,95,4,3,1,0,0.92,COL202404100
Tommy Henry,henrt001,2024-04-16,2024,ARI,CHN,3,4.3,21,74,9,1,0,1,1.03,ARI202404160
Tommy Henry,henrt001,2024-04-23,2024,ARI,SLN,6,6.0,23,93,5,1,1,0,1.0,SLN202404230
Tommy Henry,henrt001,2024-04-29,2024,ARI,LAN,0,4.0,18,72,5,2,0,1,1.03,ARI202404290
Tommy Henry,henrt001,2024-06-22,2024,ARI,PHI,2,3.7,19,69,6,2,2,0,1.01,PHI202406220
Elieser Hernández,herne002,2024-05-15,2024,LAN,SFN,3,6.0,24,91,4,1,1,0,1.03,SFN202405150
DJ Herz,herzd001,2024-06-04,2024,WAS,NYN,3,4.0,21,75,7,2,1,1,1.01,WAS202406040
DJ Herz,herzd001,2024-06-09,2024,WAS,ATL,5,4.3,20,87,4,3,0,1,1.01,WAS202406090
DJ Herz,herzd001,2024-06-15,2024,WAS,MIA,13,6.0,19,84,1,0,0,1,1.01,WAS202406150
DJ Herz,herzd001,2024-06-21,2024,WAS,COL,5,3.7,20,76,7,0,3,0,0.92,COL202406210
DJ Herz,herzd001,2024-06-26,2024,WAS,SDN,1,3.3,19,66,6,2,1,0,1.08,SDN202406260
DJ Herz,herzd001,2024-07-02,2024,WAS,NYN,10,5.7,22,92,5,0,1,1,1.01,WAS202407020
DJ Herz,herzd001,2024-07-07,2024,WAS,SLN,4,4.3,20,102,5,2,0,1,1.01,WAS202407070
DJ Herz,herzd001,2024-07-23,2024,WAS,SDN,4,5.0,21,79,5,2,2,1,1.01,WAS202407230
DJ Herz,herzd001,2024-07-28,2024,WAS,SLN,8,5.0,19,79,3,1,1,0,1.0,SLN202407280
DJ Herz,herzd001,2024-08-03,2024,WAS,MIL,6,5.0,20,77,2,1,0,1,1.01,WAS202408030
DJ Herz,herzd001,2024-08-08,2024,WAS,SFN,4,2.7,16,74,4,4,0,1,1.01,WAS202408080
DJ Herz,herzd001,2024-08-14,2024,WAS,BAL,5,6.0,23,85,4,2,1,0,1.0,BAL202408140
DJ Herz,herzd001,2024-08-20,2024,WAS,COL,7,5.7,25,93,6,2,0,1,1.01,WAS202408200
DJ Herz,herzd001,2024-08-25,2024,WAS,ATL,8,5.0,20,92,1,3,0,0,1.02,ATL202408250
DJ Herz,herzd001,2024-08-31,2024,WAS,CHN,5,4.7,19,87,3,2,0,1,1.01,WAS202408310
DJ Herz,herzd001,2024-09-07,2024,WAS,PIT,5,5.0,18,87,0,3,0,0,1.0,PIT202409071
DJ Herz,herzd001,2024-09-13,2024,WAS,MIA,5,5.0,20,87,4,1,1,1,1.01,WAS202409130
DJ Herz,herzd001,2024-09-18,2024,WAS,NYN,5,3.3,19,83,6,3,0,0,1.06,NYN202409180
DJ Herz,herzd001,2024-09-25,2024,WAS,KCA,3,5.0,21,81,3,3,0,1,1.01,WAS202409250
Jordan Hicks,hickj002,2024-03-30,2024,SFN,SDN,6,5.0,20,81,3,1,0,0,1.08,SDN202403300
Jordan Hicks,hickj002,2024-04-05,2024,SFN,SDN,5,7.0,25,91,5,0,0,1,1.03,SFN202404050
Jordan Hicks,hickj002,2024-04-10,2024,SFN,WAS,2,6.0,21,79,4,2,1,1,1.03,SFN202404100
Jordan Hicks,hickj002,2024-04-16,2024,SFN,MIA,5,5.0,21,86,3,3,0,0,0.98,MIA202404160
Jordan Hicks,hickj002,2024-04-21,2024,SFN,ARI,0,5.0,21,96,1,4,0,1,1.03,SFN202404210
Jordan Hicks,hickj002,2024-04-27,2024,SFN,PIT,9,6.0,22,88,5,0,0,1,1.03,SFN202404270
Jordan Hicks,hickj002,2024-05-03,2024,SFN,PHI,3,4.0,22,88,4,4,0,0,1.01,PHI202405030
Jordan Hicks,hickj002,2024-05-08,2024,SFN,COL,5,5.0,23,92,7,2,0,0,0.92,COL202405080
Jordan Hicks,hickj002,2024-05-13,2024,SFN,LAN,4,5.0,21,93,7,0,1,1,1.03,SFN202405130
Jordan Hicks,hickj002,2024-05-19,2024,SFN,COL,1,5.0,19,72,3,1,1,1,1.03,SFN202405190
Jordan Hicks,hickj002,2024-05-25,2024,SFN,NYN,8,5.0,20,87,2,2,1,0,1.06,NYN202405250
Jordan Hicks,hickj002,2024-05-31,2024,SFN,NYA,4,5.3,23,101,7,0,2,1,1.03,SFN202405310
Jordan Hicks,hickj002,2024-06-05,2024,SFN,ARI,7,3.7,21,92,6,4,0,0,1.03,ARI202406050
Jordan Hicks,hickj002,2024-06-11,2024,SFN,HOU,5,4.7,20,72,5,1,0,1,1.03,SFN202406110
Jordan Hicks,hickj002,2024-06-17,2024,SFN,CHN,4,5.0,21,87,4,4,0,0,0.97,CHN202406170
Jordan Hicks,hickj002,2024-06-22,2024,SFN,SLN,1,4.0,21,88,6,3,2,0,1.0,SLN202406220
Jordan Hicks,hickj002,2024-06-27,2024,SFN,CHN,7,5.0,22,94,5,2,1,1,1.03,SFN202406270
Jordan Hicks,hickj002,2024-07-03,2024,SFN,ATL,6,5.0,24,89,8,2,0,0,1.02,ATL202407030
Jordan Hicks,hickj002,2024-07-11,2024,SFN,TOR,1,4.3,22,88,8,1,2,1,1.03,SFN202407110
Jordan Hicks,hickj002,2024-07-23,2024,SFN,LAN,7,3.7,19,92,3,5,0,0,1.03,LAN202407230
Bryan Hoeing,hoeib001,2024-07-05,2024,MIA,CHA,4,3.0,14,46,5,1,0,1,0.98,MIA202407050
Bryan Hoeing,hoeib001,2024-07-10,2024,MIA,HOU,1,3.0,17,62,8,1,1,0,1.02,HOU202407100
Grant Holmes,holmg001,2024-07-29,2024,ATL,MIL,8,5.0,18,70,3,0,1,0,1.05,MIL202407290
Grant Holmes,holmg001,2024-08-03,2024,ATL,MIA,4,4.7,22,70,7,1,1,1,1.02,ATL202408030
Grant Holmes,holmg001,2024-08-09,2024,ATL,COL,8,5.0,24,98,6,3,1,0,0.92,COL202408090
Grant Holmes,holmg001,2024-08-14,2024,ATL,SFN,6,7.0,29,95,8,1,1,0,1.03,SFN202408140
Grant Holmes,holmg001,2024-09-17,2024,ATL,CIN,2,4.0,19,78,5,2,0,0,1.0,CIN202409170
Grant Holmes,holmg001,2024-09-22,2024,ATL,MIA,5,4.0,16,62,3,1,2,0,0.98,MIA202409220
Grant Holmes,holmg001,2024-09-30,2024,ATL,NYN,7,4.0,14,53,1,1,0,1,1.02,ATL202409302
Tyler Holton,holtt002,2024-06-26,2024,DET,PHI,1,1.7,10,29,4,1,0,1,1.0,DET202406260
Tyler Holton,holtt002,2024-07-23,2024,DET,CLE,2,1.7,7,31,1,1,0,0,1.04,CLE202407230
Tyler Holton,holtt002,2024-07-25,2024,DET,CLE,2,2.0,8,36,2,0,0,0,1.04,CLE202407250
Tyler Holton,holtt002,2024-07-30,2024,DET,CLE,1,2.7,10,34,2,0,0,1,1.0,DET202407300
Tyler Holton,holtt002,2024-08-03,2024,DET,KCA,3,3.0,9,31,0,0,0,1,1.0,DET202408030
Tyler Holton,holtt002,2024-08-22,2024,DET,CHN,0,1.0,3,9,0,0,0,0,0.97,CHN202408220
Tyler Holton,holtt002,2024-09-02,2024,DET,SDN,1,2.0,7,32,1,0,0,0,1.08,SDN202409020
Tyler Holton,holtt002,2024-09-20,2024,DET,BAL,1,1.0,5,18,2,0,1,0,1.0,BAL202409200
Tyler Holton,holtt002,2024-09-22,2024,DET,BAL,4,2.0,7,34,0,1,0,0,1.0,BAL202409220
Brent Honeywell,honeb001,2024-07-14,2024,LAN,DET,2,3.0,10,36,1,0,0,0,1.0,DET202407140
Tanner Houck,houct001,2024-04-01,2024,BOS,OAK,10,6.0,21,83,3,0,0,0,1.0,OAK202404010
Tanner Houck,houct001,2024-04-07,2024,BOS,ANA,7,6.0,24,99,4,2,0,0,0.99,ANA202404070
Tanner Houck,houct001,2024-04-12,2024,BOS,ANA,2,5.7,31,98,12,0,1,1,0.98,BOS202404120
Tanner Houck,houct001,2024-04-17,2024,BOS,CLE,9,9.0,29,94,3,0,0,1,0.98,BOS202404170
Tanner Houck,houct001,2024-04-23,2024,BOS,CLE,4,6.0,25,91,5,3,0,0,1.04,CLE202404230
Tanner Houck,houct001,2024-04-28,2024,BOS,CHN,9,6.7,25,95,4,0,0,1,0.98,BOS202404280
Tanner Houck,houct001,2024-05-03,2024,BOS,MIN,5,6.0,26,99,6,2,0,0,1.0,MIN202405030
Tanner Houck,houct001,2024-05-10,2024,BOS,WAS,4,7.0,28,95,6,1,0,1,0.98,BOS202405100
Tanner Houck,houct001,2024-05-15,2024,BOS,TBA,7,5.7,26,112,5,3,0,1,0.98,BOS202405150
Tanner Houck,houct001,2024-05-20,2024,BOS,TBA,5,7.0,22,94,2,1,0,0,1.05,TBA202405200
Tanner Houck,houct001,2024-05-26,2024,BOS,MIL,7,6.0,26,93,7,1,0,1,0.98,BOS202405260
Tanner Houck,houct001,2024-05-31,2024,BOS,DET,6,7.0,28,95,3,2,0,1,0.98,BOS202405310
Tanner Houck,houct001,2024-06-06,2024,BOS,CHA,9,7.0,25,93,3,0,1,0,0.99,CHA202406060
Tanner Houck,houct001,2024-06-13,2024,BOS,PHI,5,6.0,27,94,8,0,0,1,0.98,BOS202406130
Tanner Houck,houct001,2024-06-18,2024,BOS,TOR,5,5.7,26,103,6,2,0,0,1.0,TOR202406180
Tanner Houck,houct001,2024-06-24,2024,BOS,TOR,7,6.7,27,101,5,1,0,1,0.98,BOS202406240
Tanner Houck,houct001,2024-06-29,2024,BOS,SDN,4,4.3,23,80,9,1,3,1,0.98,BOS202406290
Tanner Houck,houct001,2024-07-05,2024,BOS,NYA,1,3.3,16,68,2,4,0,0,0.99,NYA202407050
Tanner Houck,houct001,2024-07-11,2024,BOS,OAK,6,6.0,22,103,2,3,0,1,0.98,BOS202407110
Tanner Houck,houct001,2024-07-22,2024,BOS,COL,2,6.0,30,92,10,3,1,0,0.92,COL202407220
Tanner Houck,houct001,2024-07-28,2024,BOS,NYA,2,6.0,26,97,5,4,0,1,0.98,BOS202407280
Tanner Houck,houct001,2024-08-03,2024,BOS,TEX,7,5.0,25,89,8,2,2,0,0.99,TEX202408030
Tanner Houck,houct001,2024-08-09,2024,BOS,HOU,1,6.0,25,82,4,3,0,1,0.98,BOS202408090
Tanner Houck,houct001,2024-08-14,2024,BOS,TEX,3,6.7,29,108,6,2,1,1,0.98,BOS202408140
Tanner Houck,houct001,2024-08-19,2024,BOS,HOU,8,6.0,26,90,8,0,0,0,1.02,HOU202408190
Tanner Houck,houct001,2024-08-25,2024,BOS,ARI,2,6.0,27,91,7,4,1,1,0.98,BOS202408250
Tanner Houck,houct001,2024-08-30,2024,BOS,DET,6,6.0,24,95,3,2,0,0,1.0,DET202408300
Tanner Houck,houct001,2024-09-04,2024,BOS,NYN,7,5.0,21,84,5,1,1,0,1.06,NYN202409040
Tanner Houck,houct001,2024-09-18,2024,BOS,TBA,4,4.0,16,60,4,0,0,0,1.05,TBA202409180
Tanner Houck,houct001,2024-09-23,2024,BOS,TOR,0,5.0,17,57,1,1,0,0,1.0,TOR202409230
Adrian Houser,housa001,2024-04-04,2024,NYN,DET,3,5.0,20,67,3,3,0,1,1.06,NYN202404041
Adrian Houser,housa001,2024-04-09,2024,NYN,ATL,1,5.0,25,95,8,2,0,0,1.02,ATL202404090
Adrian Houser,housa001,2024-04-15,2024,NYN,PIT,5,5.3,23,95,2,5,0,1,1.06,NYN202404150
Adrian Houser,housa001,2024-04-21,2024,NYN,LAN,3,4.0,22,81,7,4,1,0,1.03,LAN202404210
Adrian Houser,housa001,2024-04-27,2024,NYN,SLN,2,4.3,24,89,9,2,0,1,1.06,NYN202404270
Adrian Houser,housa001,2024-05-02,2024,NYN,CHN,2,5.0,23,82,4,4,1,1,1.06,NYN202405020
Adrian Houser,housa001,2024-05-21,2024,NYN,CLE,4,5.0,23,72,6,1,1,0,1.04,CLE202405210
Spencer Howard,howas003,2024-06-08,2024,SFN,TEX,2,4.7,19,74,3,3,0,0,0.99,TEX202406080
Spencer Howard,howas003,2024-06-14,2024,SFN,ANA,1,2.3,18,59,7,4,0,1,1.03,SFN202406140
Spencer Howard,howas003,2024-07-11,2024,CLE,DET,4,3.0,19,75,7,3,1,0,1.0,DET202407110
Dakota Hudson,hudsd002,2024-04-01,2024,COL,CHN,2,5.3,22,85,4,2,0,0,0.97,CHN202404010
Dakota Hudson,hudsd002,2024-04-07,2024,COL,TBA,4,6.0,25,88,7,1,0,1,0.92,COL202404070
Dakota Hudson,hudsd002,2024-04-13,2024,COL,TOR,5,6.0,26,102,5,3,1,0,1.0,TOR202404130
Dakota Hudson,hudsd002,2024-04-20,2024,COL,SEA,1,4.0,23,91,7,5,1,1,0.92,COL202404200
Dakota Hudson,hudsd002,2024-04-25,2024,COL,SDN,4,3.3,20,73,6,4,1,1,0.92,COL202404250
Dakota Hudson,hudsd002,2024-05-01,2024,COL,MIA,2,5.7,25,78,5,2,0,0,0.98,MIA202405010
Dakota Hudson,hudsd002,2024-05-07,2024,COL,SFN,2,3.7,20,95,5,5,0,1,0.92,COL202405070
Dakota Hudson,hudsd002,2024-05-13,2024,COL,SDN,3,5.7,23,83,3,3,2,0,1.08,SDN202405130
Dakota Hudson,hudsd002,2024-05-19,2024,COL,SFN,3,4.7,23,81,5,2,0,0,1.03,SFN202405190
Dakota Hudson,hudsd002,2024-05-25,2024,COL,PHI,2,6.0,24,87,5,1,0,1,0.92,COL202405250
Dakota Hudson,hudsd002,2024-05-31,2024,COL,LAN,3,7.0,26,101,4,1,0,0,1.03,LAN202405310
Dakota Hudson,hudsd002,2024-06-05,2024,COL,CIN,4,4.3,21,81,5,4,2,1,0.92,COL202406050
Dakota Hudson,hudsd002,2024-06-10,2024,COL,MIN,1,6.7,25,75,4,2,0,0,1.0,MIN202406100
Dakota Hudson,hudsd002,2024-06-16,2024,COL,PIT,5,5.3,22,94,7,1,0,1,0.92,COL202406160
Dakota Hudson,hudsd002,2024-06-21,2024,COL,WAS,0,3.0,19,66,11,2,2,1,0.92,COL202406210
Dakota Hudson,hudsd002,2024-06-28,2024,COL,CHA,3,5.0,24,78,6,5,0,0,0.99,CHA202406280
Dakota Hudson,hudsd002,2024-07-03,2024,COL,MIL,4,4.7,23,90,7,3,1,1,0.92,COL202407030
Dakota Hudson,hudsd002,2024-08-10,2024,COL,ATL,1,2.7,13,64,3,4,1,1,0.92,COL202408100
Brandon Hughes,hughb002,2024-04-30,2024,ARI,LAN,2,1.0,4,17,1,0,0,1,1.03,ARI202404300
Brandon Hughes,hughb002,2024-05-22,2024,ARI,LAN,0,0.7,3,8,1,0,0,0,1.03,LAN202405220
Brant Hurter,hurtb001,2024-08-27,2024,DET,ANA,4,5.0,21,80,4,2,0,1,1.0,DET202408270
Kyle Hurt,hurtk001,2024-04-16,2024,LAN,WAS,0,2.0,8,24,3,0,0,1,1.03,LAN202404160
Shota Imanaga,imans001,2024-04-01,2024,CHN,COL,9,6.0,21,92,2,0,0,1,0.97,CHN202404010
Shota Imanaga,imans001,2024-04-07,2024,CHN,LAN,3,4.0,14,43,2,0,0,1,0.97,CHN202404070
Shota Imanaga,imans001,2024-04-13,2024,CHN,SEA,4,5.3,24,90,5,2,0,0,1.04,SEA202404130
Shota Imanaga,imans001,2024-04-20,2024,CHN,MIA,5,6.0,23,92,5,0,1,1,0.97,CHN202404202
Shota Imanaga,imans001,2024-04-26,2024,CHN,BOS,7,6.3,26,88,5,1,1,0,0.98,BOS202404260
Shota Imanaga,imans001,2024-05-01,2024,CHN,NYN,7,7.0,24,87,3,1,0,0,1.06,NYN202405010
Shota Imanaga,imans001,2024-05-07,2024,CHN,SDN,8,7.0,28,102,7,1,1,1,0.97,CHN202405070
Shota Imanaga,imans001,2024-05-13,2024,CHN,ATL,8,5.0,23,94,7,3,0,0,1.02,ATL202405130
Shota Imanaga,imans001,2024-05-18,2024,CHN,PIT,7,7.0,26,88,4,1,0,1,0.97,CHN202405180
Shota Imanaga,imans001,2024-05-29,2024,CHN,MIL,1,4.3,22,81,8,1,2,0,1.05,MIL202405290
Shota Imanaga,imans001,2024-06-04,2024,CHN,CHA,6,4.3,20,69,7,0,1,1,0.97,CHN202406040
Shota Imanaga,imans001,2024-06-09,2024,CHN,CIN,7,6.7,25,94,5,1,1,0,1.0,CIN202406090
Shota Imanaga,imans001,2024-06-15,2024,CHN,SLN,6,7.0,26,103,4,0,0,1,0.97,CHN202406150
Shota Imanaga,imans001,2024-06-21,2024,CHN,NYN,3,3.0,21,74,11,1,3,1,0.97,CHN202406210
Shota Imanaga,imans001,2024-06-27,2024,CHN,SFN,3,6.0,25,93,5,2,0,0,1.03,SFN202406270
Shota Imanaga,imans001,2024-07-03,2024,CHN,PHI,8,6.0,25,86,6,1,2,1,0.97,CHN202407030
Shota Imanaga,imans001,2024-07-10,2024,CHN,BAL,6,6.0,25,100,6,1,0,0,1.0,BAL202407100
Shota Imanaga,imans001,2024-07-21,2024,CHN,ARI,10,7.0,25,90,2,1,1,1,0.97,CHN202407210
Shota Imanaga,imans001,2024-07-27,2024,CHN,KCA,3,5.7,22,87,6,0,1,0,0.96,KCA202407270
Shota Imanaga,imans001,2024-08-01,2024,CHN,SLN,7,6.7,30,91,10,0,2,1,0.97,CHN202408010
Shota Imanaga,imans001,2024-08-06,2024,CHN,MIN,10,7.0,24,92,2,1,1,1,0.97,CHN202408060
Shota Imanaga,imans001,2024-08-12,2024,CHN,CLE,3,5.0,22,81,7,1,2,0,1.04,CLE202408120
Shota Imanaga,imans001,2024-08-18,2024,CHN,TOR,6,5.0,20,97,4,1,1,1,0.97,CHN202408180
Shota Imanaga,imans001,2024-08-24,2024,CHN,MIA,3,7.0,27,99,4,2,2,0,0.98,MIA202408240
Shota Imanaga,imans001,2024-08-30,2024,CHN,WAS,8,6.0,23,96,4,1,1,0,1.01,WAS202408300
Shota Imanaga,imans001,2024-09-04,2024,CHN,PIT,7,7.0,25,95,0,2,0,1,0.97,CHN202409040
Shota Imanaga,imans001,2024-09-10,2024,CHN,LAN,4,7.0,26,89,7,0,3,0,1.03,LAN202409100
Shota Imanaga,imans001,2024-09-16,2024,CHN,OAK,11,6.0,26,99,5,3,1,1,0.97,CHN202409160
Shota Imanaga,imans001,2024-09-22,2024,CHN,WAS,4,7.0,26,94,6,0,0,1,0.97,CHN202409220
Cole Irvin,irvic001,2024-04-02,2024,BAL,KCA,3,5.0,24,81,7,2,0,1,1.0,BAL202404020
Cole Irvin,irvic001,2024-04-10,2024,BAL,BOS,4,5.0,23,78,7,3,1,0,0.98,BOS202404100
Cole Irvin,irvic001,2024-04-15,2024,BAL,MIN,4,4.7,19,82,6,0,1,1,1.0,BAL202404150
Cole Irvin,irvic001,2024-04-21,2024,BAL,KCA,2,6.7,26,93,4,2,0,0,0.96,KCA202404210
Cole Irvin,irvic001,2024-04-27,2024,BAL,OAK,5,7.0,24,89,4,0,0,1,1.0,BAL202404270
Cole Irvin,irvic001,2024-05-03,2024,BAL,CIN,4,6.3,21,72,2,0,0,0,1.0,CIN202405030
Cole Irvin,irvic001,2024-05-10,2024,BAL,ARI,6,5.7,23,95,5,1,1,1,1.0,BAL202405100
Cole Irvin,irvic001,2024-05-27,2024,BAL,BOS,6,5.0,22,92,4,3,0,1,1.0,BAL202405270
Cole Irvin,irvic001,2024-06-02,2024,BAL,TBA,1,6.3,27,90,8,1,1,1,1.0,BAL202406020
Cole Irvin,irvic001,2024-06-07,2024,BAL,TBA,6,5.7,25,85,8,0,1,0,1.05,TBA202406070
Cole Irvin,irvic001,2024-06-13,2024,BAL,ATL,8,5.7,28,100,9,1,0,1,1.0,BAL202406130
Cole Irvin,irvic001,2024-06-20,2024,BAL,NYA,2,4.7,21,84,5,2,2,0,0.99,NYA202406200
Cole Irvin,irvic001,2024-06-25,2024,BAL,CLE,1,4.0,22,71,10,0,1,1,1.0,BAL202406250
Cole Irvin,irvic001,2024-06-30,2024,BAL,TEX,2,3.7,20,80,5,2,1,1,1.0,BAL202406300
Cole Irvin,irvic001,2024-08-21,2024,BAL,NYN,2,4.3,20,83,5,2,1,0,1.06,NYN202408210
Cole Irvin,irvic001,2024-08-27,2024,BAL,LAN,3,4.3,19,60,5,2,0,0,1.03,LAN202408270
Jake Irvin,irvij001,2024-03-31,2024,WAS,CIN,4,5.0,21,80,7,2,0,0,1.0,CIN202403310
Jake Irvin,irvij001,2024-04-06,2024,WAS,PHI,5,6.0,23,93,5,1,1,1,1.01,WAS202404060
Jake Irvin,irvij001,2024-04-12,2024,WAS,OAK,5,6.0,21,74,1,2,1,0,1.0,OAK202404120
Jake Irvin,irvij001,2024-04-17,2024,WAS,LAN,6,6.0,22,73,4,1,0,0,1.03,LAN202404170
Jake Irvin,irvij001,2024-04-24,2024,WAS,LAN,3,4.7,26,103,12,1,0,1,1.01,WAS202404240
Jake Irvin,irvij001,2024-04-29,2024,WAS,MIA,3,6.0,22,84,4,0,1,0,0.98,MIA202404290
Jake Irvin,irvij001,2024-05-04,2024,WAS,TOR,4,5.0,23,107,5,1,0,1,1.01,WAS202405040
Jake Irvin,irvij001,2024-05-11,2024,WAS,BOS,6,7.0,26,103,4,0,1,0,0.98,BOS202405110
Jake Irvin,irvij001,2024-05-17,2024,WAS,PHI,2,5.0,23,93,5,1,0,0,1.01,PHI202405170
Jake Irvin,irvij001,2024-05-22,2024,WAS,MIN,6,6.3,25,84,5,0,2,1,1.01,WAS202405220
Jake Irvin,irvij001,2024-05-28,2024,WAS,ATL,10,6.0,20,90,2,2,0,0,1.02,ATL202405280
Jake Irvin,irvij001,2024-06-02,2024,WAS,CLE,6,6.0,23,98,5,1,0,0,1.04,CLE202406020
Jake Irvin,irvij001,2024-06-07,2024,WAS,ATL,4,6.0,24,96,4,2,0,1,1.01,WAS202406070
Jake Irvin,irvij001,2024-06-12,2024,WAS,DET,5,6.0,25,98,6,1,1,0,1.0,DET202406120
Jake Irvin,irvij001,2024-06-18,2024,WAS,ARI,2,5.0,22,97,8,4,1,1,1.01,WAS202406180
Jake Irvin,irvij001,2024-06-23,2024,WAS,COL,10,6.0,22,98,3,1,1,0,0.92,COL202406230
Jake Irvin,irvij001,2024-06-29,2024,WAS,TBA,5,6.0,21,96,1,3,1,0,1.05,TBA202406290
Jake Irvin,irvij001,2024-07-04,2024,WAS,NYN,8,8.0,26,99,1,1,0,1,1.01,WAS202407040
Jake Irvin,irvij001,2024-07-09,2024,WAS,NYN,2,6.0,29,94,9,2,2,0,1.06,NYN202407090
Jake Irvin,irvij001,2024-07-14,2024,WAS,MIL,3,4.0,23,86,9,3,2,0,1.05,MIL202407140
Jake Irvin,irvij001,2024-07-21,2024,WAS,CIN,7,7.0,26,100,5,0,2,1,1.01,WAS202407210
Jake Irvin,irvij001,2024-07-27,2024,WAS,SLN,5,5.3,21,96,4,1,1,0,1.0,SLN202407270
Jake Irvin,irvij001,2024-08-02,2024,WAS,MIL,4,5.7,24,110,6,2,0,1,1.01,WAS202408020
Jake Irvin,irvij001,2024-08-07,2024,WAS,SFN,4,5.0,23,94,8,1,3,1,1.01,WAS202408070
Jake Irvin,irvij001,2024-08-13,2024,WAS,BAL,3,6.0,26,100,7,1,1,0,1.0,BAL202408130
Jake Irvin,irvij001,2024-08-18,2024,WAS,PHI,5,6.0,26,100,8,1,3,0,1.01,PHI202408180
Jake Irvin,irvij001,2024-08-24,2024,WAS,ATL,3,5.3,21,83,5,3,1,0,1.02,ATL202408240
Jake Irvin,irvij001,2024-08-30,2024,WAS,CHN,6,4.7,25,103,8,2,1,1,1.01,WAS202408300
Jake Irvin,irvij001,2024-09-05,2024,WAS,PIT,4,5.0,24,87,7,3,0,0,1.0,PIT202409050
Jake Irvin,irvij001,2024-09-11,2024,WAS,ATL,5,6.0,21,84,2,1,0,1,1.01,WAS202409110
Jake Irvin,irvij001,2024-09-16,2024,WAS,NYN,5,7.3,26,94,4,1,0,0,1.06,NYN202409160
Jake Irvin,irvij001,2024-09-22,2024,WAS,CHN,3,4.0,18,83,4,4,3,0,0.97,CHN202409220
Jake Irvin,irvij001,2024-09-29,2024,WAS,PHI,3,4.3,21,66,5,3,0,1,1.01,WAS202409290
Cristian Javier,javic001,2024-03-29,2024,HOU,NYA,6,6.0,23,90,4,1,0,1,1.02,HOU202403290
Cristian Javier,javic001,2024-04-03,2024,HOU,TOR,3,5.0,20,97,1,5,0,1,1.02,HOU202404030
Cristian Javier,javic001,2024-04-09,2024,HOU,KCA,4,5.3,25,93,5,3,0,0,0.96,KCA202404090
Cristian Javier,javic001,2024-04-14,2024,HOU,TEX,5,7.0,27,89,5,2,1,1,1.02,HOU202404140
Cristian Javier,javic001,2024-05-11,2024,HOU,DET,0,1.3,13,50,5,4,2,0,1.0,DET202405110
Cristian Javier,javic001,2024-05-16,2024,HOU,OAK,8,6.0,21,80,2,1,0,1,1.02,HOU202405160
Cristian Javier,javic001,2024-05-21,2024,HOU,ANA,1,4.0,21,71,8,3,1,1,1.02,HOU202405210
Daulton Jefferies,jeffd001,2024-03-31,2024,SFN,SDN,1,2.0,16,55,9,0,2,0,1.08,SDN202403310
Seth Johnson,johns003,2024-09-08,2024,PHI,MIA,0,2.3,18,58,8,3,1,0,0.98,MIA202409080
Jared Jones,jonej008,2024-03-30,2024,PIT,MIA,10,5.7,23,89,3,2,0,0,0.98,MIA202403300
Jared Jones,jonej008,2024-04-05,2024,PIT,BAL,7,6.0,25,80,6,0,2,1,1.0,PIT202404050
Jared Jones,jonej008,2024-04-11,2024,PIT,PHI,8,6.3,24,85,6,0,2,0,1.01,PHI202404110
Jared Jones,jonej008,2024-04-16,2024,PIT,NYN,7,5.0,16,59,1,0,0,0,1.06,NYN202404160
Jared Jones,jonej008,2024-04-22,2024,PIT,MIL,7,6.0,24,91,4,2,1,1,1.0,PIT202404220
Jared Jones,jonej008,2024-04-28,2024,PIT,SFN,3,5.0,20,83,6,1,2,0,1.03,SFN202404280
Jared Jones,jonej008,2024-05-04,2024,PIT,COL,10,7.0,22,96,1,0,0,1,1.0,PIT202405040
Jared Jones,jonej008,2024-05-10,2024,PIT,CHN,4,6.0,27,87,7,2,1,1,1.0,PIT202405100
Jared Jones,jonej008,2024-05-16,2024,PIT,CHN,7,6.0,25,91,7,0,1,0,0.97,CHN202405160
Jared Jones,jonej008,2024-05-22,2024,PIT,SFN,5,6.0,25,93,6,3,1,1,1.0,PIT202405220
Jared Jones,jonej008,2024-05-29,2024,PIT,DET,2,4.3,21,83,5,2,1,0,1.0,DET202405291
Jared Jones,jonej008,2024-06-04,2024,PIT,LAN,6,6.0,24,100,3,3,0,1,1.0,PIT202406040
Jared Jones,jonej008,2024-06-09,2024,PIT,MIN,3,5.0,24,84,6,3,0,1,1.0,PIT202406090
Jared Jones,jonej008,2024-06-15,2024,PIT,COL,6,4.7,23,85,6,4,1,0,0.92,COL202406150
Jared Jones,jonej008,2024-06-22,2024,PIT,TBA,8,7.0,28,94,3,3,0,1,1.0,PIT202406220
Jared Jones,jonej008,2024-07-03,2024,PIT,SLN,5,5.0,20,78,4,2,0,1,1.0,PIT202407030
Jared Jones,jonej008,2024-08-27,2024,PIT,CHN,4,4.0,19,83,5,3,2,1,1.0,PIT202408270
Jared Jones,jonej008,2024-09-02,2024,PIT,CHN,4,6.3,25,87,6,1,1,0,0.97,CHN202409020
Jared Jones,jonej008,2024-09-08,2024,PIT,WAS,9,7.0,25,92,4,0,1,1,1.0,PIT202409080
Jared Jones,jonej008,2024-09-15,2024,PIT,KCA,5,4.0,20,97,6,3,0,1,1.0,PIT202409150
Jared Jones,jonej008,2024-09-21,2024,PIT,CIN,5,5.0,24,90,6,3,2,0,1.0,CIN202409210
Jared Jones,jonej008,2024-09-27,2024,PIT,NYA,7,4.3,20,85,5,2,0,0,0.99,NYA202409270
Ben Joyce,joycb001,2024-06-16,2024,ANA,SFN,3,2.0,9,42,1,1,0,0,1.03,SFN202406160
Jakob Junis,junij001,2024-04-02,2024,MIL,MIN,4,4.0,16,47,3,1,0,1,1.05,MIL202404020
Jakob Junis,junij001,2024-08-27,2024,CIN,OAK,3,4.0,12,43,0,0,0,1,1.0,CIN202408270
Jakob Junis,junij001,2024-09-07,2024,CIN,NYN,5,5.0,17,73,1,1,0,0,1.06,NYN202409070
Jakob Junis,junij001,2024-09-12,2024,CIN,SLN,3,5.0,18,69,3,0,1,0,1.0,SLN202409120
Jakob Junis,junij001,2024-09-18,2024,CIN,ATL,6,6.0,20,70,2,0,0,1,1.0,CIN202409180
Jakob Junis,junij001,2024-09-25,2024,CIN,CLE,3,5.0,18,72,4,1,1,0,1.04,CLE202409250
Brad Keller,kellb003,2024-05-03,2024,CHA,SLN,5,4.7,22,102,5,2,0,0,1.0,SLN202405030
Brad Keller,kellb003,2024-05-18,2024,CHA,NYA,4,4.0,21,84,7,1,4,0,0.99,NYA202405180
Merrill Kelly,kellm002,2024-03-29,2024,ARI,COL,8,6.7,22,79,3,0,1,1,1.03,ARI202403290
Merrill Kelly,kellm002,2024-04-03,2024,ARI,NYA,4,7.0,26,91,5,1,1,1,1.03,ARI202404030
Merrill Kelly,kellm002,2024-04-09,2024,ARI,COL,4,6.0,24,96,6,3,0,0,0.92,COL202404090
Merrill Kelly,kellm002,2024-04-15,2024,ARI,CHN,5,5.0,20,95,3,2,1,1,1.03,ARI202404150
Merrill Kelly,kellm002,2024-08-11,2024,ARI,PHI,2,5.0,20,85,3,2,0,1,1.03,ARI202408110
Merrill Kelly,kellm002,2024-08-18,2024,ARI,TBA,4,5.0,26,96,8,2,1,0,1.05,TBA202408180
Merrill Kelly,kellm002,2024-08-25,2024,ARI,BOS,5,6.0,25,101,7,3,2,0,0.98,BOS202408250
Merrill Kelly,kellm002,2024-08-31,2024,ARI,LAN,1,5.3,27,83,10,1,3,1,1.03,ARI202408310
Merrill Kelly,kellm002,2024-09-05,2024,ARI,SFN,8,7.0,27,94,6,0,0,0,1.03,SFN202409050
Merrill Kelly,kellm002,2024-09-11,2024,ARI,TEX,3,4.0,18,68,4,2,1,1,1.03,ARI202409110
Merrill Kelly,kellm002,2024-09-16,2024,ARI,COL,5,6.0,22,83,2,2,1,0,0.92,COL202409160
Merrill Kelly,kellm002,2024-09-21,2024,ARI,MIL,6,5.0,16,72,2,0,0,0,1.05,MIL202409210
Merrill Kelly,kellm002,2024-09-27,2024,ARI,SDN,8,5.7,27,99,8,1,0,1,1.03,ARI202409270
Mitch Keller,kellm003,2024-03-28,2024,PIT,MIA,3,5.7,27,85,7,2,0,0,0.98,MIA202403280
Mitch Keller,kellm003,2024-04-03,2024,PIT,WAS,5,5.3,27,84,8,2,1,0,1.01,WAS202404030
Mitch Keller,kellm003,2024-04-08,2024,PIT,DET,9,6.0,25,98,5,3,0,1,1.0,PIT202404080
Mitch Keller,kellm003,2024-04-14,2024,PIT,PHI,4,7.0,27,95,8,0,1,0,1.01,PHI202404140
Mitch Keller,kellm003,2024-04-20,2024,PIT,BOS,4,6.0,26,88,5,4,1,1,1.0,PIT202404200
Mitch Keller,kellm003,2024-04-25,2024,PIT,MIL,7,5.0,24,104,6,2,1,1,1.0,PIT202404250
Mitch Keller,kellm003,2024-04-30,2024,PIT,OAK,7,5.0,23,96,5,2,1,0,1.0,OAK202404300
Mitch Keller,kellm003,2024-05-06,2024,PIT,ANA,5,9.0,31,109,5,1,1,1,1.0,PIT202405060
Mitch Keller,kellm003,2024-05-13,2024,PIT,MIL,7,6.0,26,100,8,0,0,0,1.05,MIL202405130
Mitch Keller,kellm003,2024-05-19,2024,PIT,CHN,3,6.0,24,83,2,3,0,0,0.97,CHN202405190
Mitch Keller,kellm003,2024-05-25,2024,PIT,ATL,4,6.7,27,88,6,0,0,1,1.0,PIT202405250
Mitch Keller,kellm003,2024-06-01,2024,PIT,TOR,8,6.0,24,106,5,1,0,0,1.0,TOR202406010
Mitch Keller,kellm003,2024-06-07,2024,PIT,MIN,8,6.0,26,96,7,2,0,1,1.0,PIT202406070
Mitch Keller,kellm003,2024-06-13,2024,PIT,SLN,4,6.0,28,94,8,0,2,0,1.0,SLN202406130
Mitch Keller,kellm003,2024-06-19,2024,PIT,CIN,7,7.0,25,83,2,2,0,1,1.0,PIT202406190
Mitch Keller,kellm003,2024-06-25,2024,PIT,CIN,6,5.7,29,104,6,3,0,0,1.0,CIN202406250
Mitch Keller,kellm003,2024-07-02,2024,PIT,SLN,5,5.0,25,99,9,0,2,1,1.0,PIT202407020
Mitch Keller,kellm003,2024-07-08,2024,PIT,NYN,6,8.0,31,107,7,0,1,1,1.0,PIT202407080
Mitch Keller,kellm003,2024-07-14,2024,PIT,CHA,3,3.0,16,57,4,3,1,0,0.99,CHA202407140
Mitch Keller,kellm003,2024-07-22,2024,PIT,SLN,3,7.0,28,97,6,2,1,1,1.0,PIT202407220
Mitch Keller,kellm003,2024-07-28,2024,PIT,ARI,6,7.0,25,97,2,2,0,0,1.03,ARI202407280
Mitch Keller,kellm003,2024-08-03,2024,PIT,ARI,4,4.0,15,60,1,2,0,1,1.0,PIT202408030
Mitch Keller,kellm003,2024-08-09,2024,PIT,LAN,5,4.0,21,95,7,2,2,0,1.03,LAN202408090
Mitch Keller,kellm003,2024-08-14,2024,PIT,SDN,2,5.0,25,86,8,2,2,0,1.08,SDN202408140
Mitch Keller,kellm003,2024-08-20,2024,PIT,TEX,9,7.0,24,98,3,0,0,0,0.99,TEX202408200
Mitch Keller,kellm003,2024-08-26,2024,PIT,CHN,4,4.0,21,97,7,2,0,1,1.0,PIT202408260
Mitch Keller,kellm003,2024-09-01,2024,PIT,CLE,7,5.3,27,85,11,0,3,0,1.04,CLE202409010
Mitch Keller,kellm003,2024-09-07,2024,PIT,WAS,8,6.0,26,91,7,0,0,1,1.0,PIT202409072
Mitch Keller,kellm003,2024-09-14,2024,PIT,KCA,6,6.0,26,92,4,1,1,1,1.0,PIT202409140
Mitch Keller,kellm003,2024-09-20,2024,PIT,CIN,1,3.3,22,84,7,5,2,0,1.0,CIN202409200
Mitch Keller,kellm003,2024-09-26,2024,PIT,MIL,6,5.0,22,90,6,2,0,1,1.0,PIT202409260
Zack Kelly,kellz001,2024-06-09,2024,BOS,CHA,3,2.0,8,32,0,2,0,0,0.99,CHA202406090
Zack Kelly,kellz001,2024-06-23,2024,BOS,CIN,3,2.7,9,33,1,0,0,0,1.0,CIN202406230
Zack Kelly,kellz001,2024-08-26,2024,BOS,TOR,4,3.0,11,49,0,2,0,1,0.98,BOS202408260
Orion Kerkering,kerko001,2024-07-14,2024,PHI,OAK,0,1.0,3,11,0,0,0,1,1.01,PHI202407140
Orion Kerkering,kerko001,2024-08-03,2024,PHI,SEA,0,1.0,4,13,1,1,0,0,1.04,SEA202408030
Ray Kerr,kerrr001,2024-05-24,2024,ATL,PIT,6,4.0,21,72,7,1,0,0,1.0,PIT202405240
Ray Kerr,kerrr001,2024-05-30,2024,ATL,WAS,7,3.7,19,76,5,2,0,1,1.02,ATL202405300
Clayton Kershaw,kersc001,2024-07-25,2024,LAN,SFN,6,4.0,20,72,6,2,0,1,1.03,LAN202407250
Clayton Kershaw,kersc001,2024-07-31,2024,LAN,SDN,0,3.7,21,83,6,1,1,0,1.08,SDN202407310
Clayton Kershaw,kersc001,2024-08-06,2024,LAN,PHI,5,4.7,19,81,5,0,0,1,1.03,LAN202408060
Clayton Kershaw,kersc001,2024-08-12,2024,LAN,MIL,6,5.7,21,83,3,2,0,0,1.05,MIL202408120
Clayton Kershaw,kersc001,2024-08-18,2024,LAN,SLN,2,6.0,20,70,4,1,0,0,1.0,SLN202408180
Clayton Kershaw,kersc001,2024-08-24,2024,LAN,TBA,5,5.0,25,88,9,2,0,1,1.03,LAN202408240
Clayton Kershaw,kersc001,2024-08-30,2024,LAN,ARI,0,1.0,7,27,3,1,1,0,1.03,ARI202408300
Dallas Keuchel,keucd001,2024-06-26,2024,MIL,TEX,4,4.0,21,71,8,1,2,1,1.05,MIL202406260
Dallas Keuchel,keucd001,2024-07-02,2024,MIL,COL,5,5.3,21,78,4,2,1,0,0.92,COL202407020
Dallas Keuchel,keucd001,2024-07-07,2024,MIL,LAN,0,4.3,21,94,3,5,0,0,1.03,LAN202407070
Dallas Keuchel,keucd001,2024-07-13,2024,MIL,WAS,2,3.0,16,65,8,0,0,1,1.05,MIL202407130
Yusei Kikuchi,kikuy001,2024-03-30,2024,TOR,TBA,4,4.3,22,90,6,3,1,0,1.05,TBA202403300
Yusei Kikuchi,kikuy001,2024-04-05,2024,TOR,NYA,7,5.3,20,96,4,2,0,0,0.99,NYA202404050
Yusei Kikuchi,kikuy001,2024-04-10,2024,TOR,SEA,9,6.0,23,89,3,2,0,1,1.0,TOR202404100
Yusei Kikuchi,kikuy001,2024-04-16,2024,TOR,NYA,9,6.0,23,94,4,1,0,1,1.0,TOR202404160
Yusei Kikuchi,kikuy001,2024-04-22,2024,TOR,KCA,4,6.0,23,81,5,0,1,0,0.96,KCA202404220
Yusei Kikuchi,kikuy001,2024-04-27,2024,TOR,LAN,3,6.0,27,91,9,0,0,1,1.0,TOR202404270
Yusei Kikuchi,kikuy001,2024-05-03,2024,TOR,WAS,7,6.0,24,100,6,1,0,0,1.01,WAS202405030
Yusei Kikuchi,kikuy001,2024-05-10,2024,TOR,MIN,3,8.0,27,97,4,0,1,1,1.0,TOR202405100
Yusei Kikuchi,kikuy001,2024-05-15,2024,TOR,BAL,9,4.3,20,88,6,1,1,0,1.0,BAL202405150
Yusei Kikuchi,kikuy001,2024-05-21,2024,TOR,CHA,6,6.0,27,101,5,3,0,1,1.0,TOR202405210
Yusei Kikuchi,kikuy001,2024-05-26,2024,TOR,DET,0,3.0,17,56,8,0,1,0,1.0,DET202405260
Yusei Kikuchi,kikuy001,2024-06-01,2024,TOR,PIT,4,5.3,25,89,9,1,1,1,1.0,TOR202406010
Yusei Kikuchi,kikuy001,2024-06-06,2024,TOR,BAL,6,6.0,22,89,4,1,1,1,1.0,TOR202406060
Yusei Kikuchi,kikuy001,2024-06-11,2024,TOR,MIL,5,5.0,22,97,3,4,0,0,1.05,MIL202406110
Yusei Kikuchi,kikuy001,2024-06-17,2024,TOR,BOS,7,4.0,18,79,7,0,4,1,1.0,TOR202406170
Yusei Kikuchi,kikuy001,2024-06-23,2024,TOR,CLE,3,2.0,15,63,8,1,0,0,1.04,CLE202406230
Yusei Kikuchi,kikuy001,2024-06-28,2024,TOR,NYA,7,5.0,20,84,4,1,1,1,1.0,TOR202406280
Yusei Kikuchi,kikuy001,2024-07-03,2024,TOR,HOU,5,5.7,24,95,5,2,1,1,1.0,TOR202407030
Yusei Kikuchi,kikuy001,2024-07-09,2024,TOR,SFN,13,7.3,27,100,6,0,2,0,1.03,SFN202407090
Yusei Kikuchi,kikuy001,2024-07-14,2024,TOR,ARI,6,4.7,24,86,6,3,1,0,1.03,ARI202407140
Yusei Kikuchi,kikuy001,2024-07-20,2024,TOR,DET,8,5.0,23,93,5,2,0,1,1.0,TOR202407200
Yusei Kikuchi,kikuy001,2024-07-26,2024,TOR,TEX,5,4.7,24,96,8,2,1,1,1.0,TOR202407260
Yusei Kikuchi,kikuy001,2024-08-02,2024,HOU,TBA,11,5.7,22,95,3,3,1,1,1.02,HOU202408020
Yusei Kikuchi,kikuy001,2024-08-07,2024,HOU,TEX,8,5.3,23,100,4,3,1,0,0.99,TEX202408070
Yusei Kikuchi,kikuy001,2024-08-13,2024,HOU,TBA,5,5.7,21,92,3,0,0,0,1.05,TBA202408130
Yusei Kikuchi,kikuy001,2024-08-19,2024,HOU,BOS,7,5.7,25,99,6,1,1,1,1.02,HOU202408190
Yusei Kikuchi,kikuy001,2024-08-25,2024,HOU,BAL,4,5.7,22,98,2,3,1,0,1.0,BAL202408250
Yusei Kikuchi,kikuy001,2024-08-31,2024,HOU,KCA,12,7.0,26,101,5,0,0,1,1.02,HOU202408310
Yusei Kikuchi,kikuy001,2024-09-07,2024,HOU,ARI,6,6.0,26,99,7,0,2,1,1.02,HOU202409070
Yusei Kikuchi,kikuy001,2024-09-13,2024,HOU,ANA,6,7.0,26,85,3,2,1,0,0.99,ANA202409130
Yusei Kikuchi,kikuy001,2024-09-19,2024,HOU,ANA,9,6.0,24,101,5,1,1,1,1.02,HOU202409190
Yusei Kikuchi,kikuy001,2024-09-25,2024,HOU,SEA,8,6.0,24,98,4,1,0,1,1.02,HOU202409250
Caleb Kilian,kilic001,2024-09-29,2024,CHN,CIN,4,5.0,20,82,3,2,0,1,0.97,CHN202409290
Mike King,kingm002,2024-03-31,2024,SDN,SFN,6,4.0,21,88,2,7,1,1,1.08,SDN202403310
Mike King,kingm002,2024-04-06,2024,SDN,SFN,4,7.0,26,94,4,1,0,0,1.03,SFN202404060
Mike King,kingm002,2024-04-12,2024,SDN,LAN,4,5.0,24,96,6,2,4,0,1.03,LAN202404120
Mike King,kingm002,2024-04-17,2024,SDN,MIL,10,7.7,26,109,2,2,0,0,1.05,MIL202404170
Mike King,kingm002,2024-04-23,2024,SDN,COL,5,3.7,23,83,8,3,1,0,0.92,COL202404230
Mike King,kingm002,2024-04-28,2024,SDN,PHI,6,5.3,25,95,6,3,3,1,1.08,SDN202404280
Mike King,kingm002,2024-05-04,2024,SDN,ARI,3,6.0,22,91,6,0,0,0,1.03,ARI202405040
Mike King,kingm002,2024-05-10,2024,SDN,LAN,11,7.0,27,106,2,3,0,1,1.08,SDN202405100
Mike King,kingm002,2024-05-15,2024,SDN,COL,7,5.3,26,89,8,2,1,1,1.08,SDN202405150
Mike King,kingm002,2024-05-22,2024,SDN,CIN,6,6.7,26,92,4,2,1,0,1.0,CIN202405220
Mike King,kingm002,2024-05-27,2024,SDN,MIA,7,5.0,19,89,3,1,1,1,1.08,SDN202405270
Mike King,kingm002,2024-06-02,2024,SDN,KCA,4,7.0,25,105,4,2,0,0,0.96,KCA202406020
Mike King,kingm002,2024-06-07,2024,SDN,ARI,5,5.0,22,98,5,1,0,1,1.08,SDN202406070
Mike King,kingm002,2024-06-12,2024,SDN,OAK,12,5.0,21,98,4,2,0,1,1.08,SDN202406120
Mike King,kingm002,2024-06-18,2024,SDN,PHI,6,4.7,24,100,6,3,0,0,1.01,PHI202406180
Mike King,kingm002,2024-06-23,2024,SDN,MIL,8,6.0,27,97,9,1,0,1,1.08,SDN202406230
Mike King,kingm002,2024-06-29,2024,SDN,BOS,6,6.0,22,89,5,1,1,0,0.98,BOS202406290
Mike King,kingm002,2024-07-04,2024,SDN,TEX,5,5.3,21,92,4,2,0,0,0.99,TEX202407040
Mike King,kingm002,2024-07-10,2024,SDN,SEA,9,6.0,24,91,3,1,0,1,1.08,SDN202407100
Mike King,kingm002,2024-07-21,2024,SDN,CLE,6,7.0,23,85,2,1,0,0,1.04,CLE202407210
Mike King,kingm002,2024-07-27,2024,SDN,BAL,9,6.3,23,101,2,2,0,0,1.0,BAL202407270
Mike King,kingm002,2024-08-07,2024,SDN,PIT,7,5.0,23,94,6,2,1,0,1.0,PIT202408070
Mike King,kingm002,2024-08-13,2024,SDN,PIT,10,6.0,23,93,7,0,0,1,1.08,SDN202408130
Mike King,kingm002,2024-08-19,2024,SDN,MIN,6,6.0,25,85,4,3,0,1,1.08,SDN202408190
Mike King,kingm002,2024-08-24,2024,SDN,NYN,7,5.0,23,85,3,3,1,1,1.08,SDN202408240
Mike King,kingm002,2024-08-29,2024,SDN,SLN,3,4.3,24,103,7,4,0,0,1.0,SLN202408290
Mike King,kingm002,2024-09-06,2024,SDN,SFN,8,6.0,25,100,6,1,1,1,1.08,SDN202409060
Mike King,kingm002,2024-09-11,2024,SDN,SEA,6,5.0,22,90,4,2,0,0,1.04,SEA202409110
Mike King,kingm002,2024-09-17,2024,SDN,HOU,7,7.0,27,87,5,1,0,1,1.08,SDN202409170
Mike King,kingm002,2024-09-24,2024,SDN,LAN,3,5.0,20,95,3,2,0,0,1.03,LAN202409240
George Kirby,kirbg001,2024-03-29,2024,SEA,BOS,8,6.7,24,99,2,2,0,1,1.04,SEA202403290
George Kirby,kirbg001,2024-04-03,2024,SEA,CLE,2,3.7,23,72,10,0,0,1,1.04,SEA202404030
George Kirby,kirbg001,2024-04-09,2024,SEA,TOR,3,4.0,20,87,8,0,1,0,1.0,TOR202404090
George Kirby,kirbg001,2024-04-15,2024,SEA,CIN,6,6.0,22,89,5,0,1,1,1.04,SEA202404150
George Kirby,kirbg001,2024-04-21,2024,SEA,COL,7,5.0,21,88,5,1,0,0,0.92,COL202404211
George Kirby,kirbg001,2024-04-27,2024,SEA,ARI,12,7.0,24,95,2,1,0,1,1.04,SEA202404270
George Kirby,kirbg001,2024-05-03,2024,SEA,HOU,3,6.0,22,88,4,0,0,0,1.02,HOU202405030
George Kirby,kirbg001,2024-05-08,2024,SEA,MIN,4,5.0,20,70,4,1,3,0,1.0,MIN202405080
George Kirby,kirbg001,2024-05-13,2024,SEA,KCA,6,7.0,27,101,3,0,0,1,1.04,SEA202405130
George Kirby,kirbg001,2024-05-19,2024,SEA,BAL,3,6.0,27,83,9,0,2,0,1.0,BAL202405190
George Kirby,kirbg001,2024-05-24,2024,SEA,WAS,3,6.0,25,82,6,1,2,0,1.01,WAS202405240
George Kirby,kirbg001,2024-05-29,2024,SEA,HOU,8,6.0,24,94,6,0,0,1,1.04,SEA202405290
George Kirby,kirbg001,2024-06-04,2024,SEA,OAK,9,5.0,22,94,6,1,0,0,1.0,OAK202406040
George Kirby,kirbg001,2024-06-09,2024,SEA,KCA,4,7.0,26,96,5,0,0,0,0.96,KCA202406090
George Kirby,kirbg001,2024-06-15,2024,SEA,TEX,6,6.0,23,90,3,2,0,1,1.04,SEA202406150
George Kirby,kirbg001,2024-06-21,2024,SEA,MIA,5,7.0,25,85,5,0,2,0,0.98,MIA202406210
George Kirby,kirbg001,2024-06-26,2024,SEA,TBA,7,6.0,21,87,4,0,0,0,1.05,TBA202406260
George Kirby,kirbg001,2024-07-02,2024,SEA,BAL,5,6.3,26,95,7,1,0,1,1.04,SEA202407020
George Kirby,kirbg001,2024-07-07,2024,SEA,TOR,8,6.0,26,93,7,1,0,1,1.04,SEA202407070
George Kirby,kirbg001,2024-07-13,2024,SEA,ANA,7,6.0,22,92,3,2,0,0,0.99,ANA202407130
George Kirby,kirbg001,2024-07-20,2024,SEA,HOU,6,6.0,23,99,4,0,0,1,1.04,SEA202407200
George Kirby,kirbg001,2024-07-26,2024,SEA,CHA,7,7.0,27,88,6,1,0,0,0.99,CHA202407260
George Kirby,kirbg001,2024-07-31,2024,SEA,BOS,2,5.3,25,95,7,1,0,0,0.98,BOS202407310
George Kirby,kirbg001,2024-08-07,2024,SEA,DET,7,5.0,23,97,7,1,2,1,1.04,SEA202408070
George Kirby,kirbg001,2024-08-13,2024,SEA,DET,5,3.7,25,86,12,1,3,0,1.0,DET202408130
George Kirby,kirbg001,2024-08-18,2024,SEA,PIT,5,6.0,24,97,4,2,1,0,1.0,PIT202408180
George Kirby,kirbg001,2024-08-24,2024,SEA,SFN,3,4.7,25,95,9,1,0,1,1.04,SEA202408240
George Kirby,kirbg001,2024-08-30,2024,SEA,ANA,2,5.7,24,82,5,1,3,0,0.99,ANA202408300
George Kirby,kirbg001,2024-09-04,2024,SEA,OAK,9,6.0,23,85,6,0,0,0,1.0,OAK202409040
George Kirby,kirbg001,2024-09-10,2024,SEA,SDN,4,5.0,22,97,7,1,2,1,1.04,SEA202409100
George Kirby,kirbg001,2024-09-15,2024,SEA,TEX,3,7.0,21,85,1,0,0,1,1.04,SEA202409150
George Kirby,kirbg001,2024-09-20,2024,SEA,TEX,4,6.0,22,85,5,0,0,0,0.99,TEX202409200
George Kirby,kirbg001,2024-09-25,2024,SEA,HOU,6,6.0,24,96,4,1,0,0,1.02,HOU202409250
Austin Kitchen,kitca001,2024-09-06,2024,MIA,PHI,1,2.0,16,55,9,0,1,1,0.98,MIA202409060
Landon Knack,knacl001,2024-04-17,2024,LAN,WAS,4,5.0,19,75,4,1,1,1,1.03,LAN202404170
Landon Knack,knacl001,2024-04-24,2024,LAN,WAS,5,6.0,25,94,3,3,1,0,1.01,WAS202404240
Landon Knack,knacl001,2024-04-30,2024,LAN,ARI,2,5.0,21,64,4,1,1,0,1.03,ARI202404300
Landon Knack,knacl001,2024-05-19,2024,LAN,CIN,5,4.7,18,64,3,1,0,1,1.03,LAN202405190
Landon Knack,knacl001,2024-06-21,2024,LAN,ANA,2,5.0,19,73,2,2,0,1,1.03,LAN202406210
Landon Knack,knacl001,2024-06-28,2024,LAN,SFN,7,4.7,19,76,5,0,1,0,1.03,SFN202406280
Landon Knack,knacl001,2024-07-04,2024,LAN,ARI,6,4.3,18,85,4,1,3,1,1.03,LAN202407040
Landon Knack,knacl001,2024-07-23,2024,LAN,SFN,6,5.0,20,96,2,2,1,1,1.03,LAN202407230
Landon Knack,knacl001,2024-09-06,2024,LAN,CLE,8,6.0,22,91,3,1,1,1,1.03,LAN202409060
Landon Knack,knacl001,2024-09-13,2024,LAN,ATL,2,2.0,15,64,7,2,2,0,1.02,ATL202409130
Landon Knack,knacl001,2024-09-18,2024,LAN,MIA,7,5.0,19,87,2,2,0,0,0.98,MIA202409180
Landon Knack,knacl001,2024-09-24,2024,LAN,SDN,4,4.0,18,77,5,1,1,1,1.03,LAN202409240
Jack Kochanowicz,kochj001,2024-07-11,2024,ANA,SEA,1,3.0,16,60,7,0,1,1,0.99,ANA202407110
Jack Kochanowicz,kochj001,2024-07-20,2024,ANA,OAK,4,4.0,19,74,7,3,1,0,1.0,OAK202407200
Jack Kochanowicz,kochj001,2024-08-11,2024,ANA,WAS,2,7.7,29,93,6,1,1,0,1.01,WAS202408110
Jack Kochanowicz,kochj001,2024-08-18,2024,ANA,ATL,0,6.0,26,85,7,3,1,1,0.99,ANA202408180
Jack Kochanowicz,kochj001,2024-08-23,2024,ANA,TOR,1,6.0,25,74,7,0,0,0,1.0,TOR202408230
Jack Kochanowicz,kochj001,2024-08-29,2024,ANA,DET,4,6.0,22,73,5,0,0,0,1.0,DET202408290
Jack Kochanowicz,kochj001,2024-09-05,2024,ANA,TEX,0,6.0,26,93,8,1,1,0,0.99,TEX202409050
Jack Kochanowicz,kochj001,2024-09-11,2024,ANA,MIN,3,5.7,25,69,7,1,1,0,1.0,MIN202409110
Jack Kochanowicz,kochj001,2024-09-18,2024,ANA,CHA,5,7.0,26,79,5,0,1,1,0.99,ANA202409180
Jack Kochanowicz,kochj001,2024-09-24,2024,ANA,CHA,4,7.0,23,82,3,0,0,0,0.99,CHA202409240
Jack Kochanowicz,kochj001,2024-09-29,2024,ANA,TEX,1,7.0,29,77,6,1,0,1,0.99,ANA202409290
Jared Koenig,koenj001,2024-05-24,2024,MIL,BOS,1,0.7,4,12,1,1,0,0,0.98,BOS202405240
Jared Koenig,koenj001,2024-05-25,2024,MIL,BOS,3,1.3,4,15,0,0,0,0,0.98,BOS202405250
Jared Koenig,koenj001,2024-06-03,2024,MIL,PHI,0,1.0,3,5,0,0,0,0,1.01,PHI202406030
Jared Koenig,koenj001,2024-06-04,2024,MIL,PHI,2,1.3,5,15,1,0,0,0,1.01,PHI202406040
Jared Koenig,koenj001,2024-06-15,2024,MIL,CIN,0,0.7,3,9,1,0,0,1,1.05,MIL202406150
Jared Koenig,koenj001,2024-09-28,2024,MIL,NYN,2,1.0,4,19,1,0,0,1,1.05,MIL202409280
Dean Kremer,kremd001,2024-04-01,2024,BAL,KCA,5,5.3,22,85,3,1,2,1,1.0,BAL202404010
Dean Kremer,kremd001,2024-04-07,2024,BAL,PIT,6,7.0,26,91,5,0,0,0,1.0,PIT202404070
Dean Kremer,kremd001,2024-04-13,2024,BAL,MIL,3,4.0,24,85,10,1,2,1,1.0,BAL202404130
Dean Kremer,kremd001,2024-04-19,2024,BAL,KCA,3,5.7,22,91,2,3,1,0,0.96,KCA202404190
Dean Kremer,kremd001,2024-04-24,2024,BAL,ANA,10,5.3,20,101,3,1,1,0,0.99,ANA202404240
Dean Kremer,kremd001,2024-04-30,2024,BAL,NYA,4,7.0,26,93,4,4,2,1,1.0,BAL202404300
Dean Kremer,kremd001,2024-05-05,2024,BAL,CIN,6,6.0,20,93,1,1,0,0,1.0,CIN202405050
Dean Kremer,kremd001,2024-05-12,2024,BAL,ARI,10,5.7,26,100,4,4,1,1,1.0,BAL202405120
Dean Kremer,kremd001,2024-05-20,2024,BAL,SLN,2,4.0,21,86,6,3,1,0,1.0,SLN202405200
Dean Kremer,kremd001,2024-07-03,2024,BAL,SEA,8,5.0,19,83,2,2,0,0,1.04,SEA202407030
Dean Kremer,kremd001,2024-07-09,2024,BAL,CHN,3,4.0,24,85,7,3,2,1,1.0,BAL202407090
Dean Kremer,kremd001,2024-07-14,2024,BAL,NYA,4,4.7,21,83,4,2,1,1,1.0,BAL202407140
Dean Kremer,kremd001,2024-07-21,2024,BAL,TEX,2,5.3,24,89,5,3,1,0,0.99,TEX202407210
Dean Kremer,kremd001,2024-07-27,2024,BAL,SDN,7,6.0,27,105,7,1,0,1,1.0,BAL202407270
Dean Kremer,kremd001,2024-08-02,2024,BAL,CLE,2,5.0,23,95,6,2,0,0,1.04,CLE202408020
Dean Kremer,kremd001,2024-08-08,2024,BAL,TOR,6,4.3,23,96,4,5,1,0,1.0,TOR202408080
Dean Kremer,kremd001,2024-08-14,2024,BAL,WAS,3,6.0,24,92,5,2,0,1,1.0,BAL202408140
Dean Kremer,kremd001,2024-08-20,2024,BAL,NYN,7,6.0,23,100,2,3,0,0,1.06,NYN202408200
Dean Kremer,kremd001,2024-08-25,2024,BAL,HOU,5,6.0,26,92,7,2,0,1,1.0,BAL202408250
Dean Kremer,kremd001,2024-08-31,2024,BAL,COL,3,3.3,17,66,6,1,0,0,0.92,COL202408310
Dean Kremer,kremd001,2024-09-06,2024,BAL,TBA,7,6.0,23,88,2,3,0,1,1.0,BAL202409060
Dean Kremer,kremd001,2024-09-11,2024,BAL,BOS,7,7.0,28,103,5,2,0,0,0.98,BOS202409110
Dean Kremer,kremd001,2024-09-18,2024,BAL,SFN,7,6.0,25,86,7,0,2,1,1.0,BAL202409180
Dean Kremer,kremd001,2024-09-24,2024,BAL,NYA,3,5.0,19,83,3,2,1,0,0.99,NYA202409240
Chad Kuhl,kuhlc001,2024-06-27,2024,CHA,ATL,3,3.0,11,49,1,2,0,1,0.99,CHA202406270
Peter Lambert,lambp001,2024-04-21,2024,COL,SEA,5,3.0,17,66,6,0,0,1,0.92,COL202404212
Peter Lambert,lambp001,2024-05-02,2024,COL,MIA,3,3.3,18,67,5,3,1,0,0.98,MIA202405020
Peter Lambert,lambp001,2024-05-08,2024,COL,SFN,2,3.0,19,67,9,0,1,1,0.92,COL202405080
Jack Leiter,leitj001,2024-04-18,2024,TEX,DET,3,3.7,22,85,8,3,0,0,1.0,DET202404180
Jack Leiter,leitj001,2024-05-08,2024,TEX,OAK,3,4.0,20,60,7,0,2,0,1.0,OAK202405082
Jack Leiter,leitj001,2024-05-14,2024,TEX,CLE,1,1.7,13,64,3,3,1,1,0.99,TEX202405140
Jack Leiter,leitj001,2024-08-28,2024,TEX,CHA,4,4.0,21,83,6,2,0,0,0.99,CHA202408280
Jack Leiter,leitj001,2024-09-02,2024,TEX,NYA,2,5.0,21,80,7,0,0,1,0.99,TEX202409020
Jack Leiter,leitj001,2024-09-07,2024,TEX,ANA,6,5.0,20,86,2,2,1,1,0.99,TEX202409070
Matthew Liberatore,libem001,2024-05-05,2024,SLN,CHA,5,3.7,14,50,3,0,0,1,1.0,SLN202405050
Matthew Liberatore,libem001,2024-05-13,2024,SLN,ANA,1,3.3,15,60,5,2,1,0,0.99,ANA202405130
Matthew Liberatore,libem001,2024-05-19,2024,SLN,BOS,3,3.0,16,70,6,1,1,1,1.0,SLN202405190
Matthew Liberatore,libem001,2024-06-19,2024,SLN,MIA,1,3.7,14,48,3,1,2,0,0.98,MIA202406190
Matthew Liberatore,libem001,2024-06-26,2024,SLN,ATL,8,6.0,20,85,2,1,0,1,1.0,SLN202406262
Matthew Liberatore,libem001,2024-07-24,2024,SLN,PIT,3,3.0,17,69,4,3,1,0,1.0,PIT202407240
Luke Little,littl001,2024-04-03,2024,CHN,COL,1,1.0,3,14,0,0,0,1,0.97,CHN202404030
Zack Littell,littz001,2024-03-30,2024,TBA,TOR,6,6.0,22,92,4,2,0,1,1.05,TBA202403300
Zack Littell,littz001,2024-04-05,2024,TBA,COL,5,5.0,20,69,5,0,0,0,0.92,COL202404050
Zack Littell,littz001,2024-04-10,2024,TBA,ANA,4,4.3,22,99,6,3,0,0,0.99,ANA202404100
Zack Littell,littz001,2024-04-17,2024,TBA,ANA,7,5.7,25,107,8,0,1,1,1.05,TBA202404170
Zack Littell,littz001,2024-04-22,2024,TBA,DET,7,6.0,27,86,9,0,2,1,1.05,TBA202404220
Zack Littell,littz001,2024-04-28,2024,TBA,CHA,6,6.0,25,97,8,0,0,0,0.99,CHA202404280
Zack Littell,littz001,2024-05-04,2024,TBA,NYN,7,6.0,23,87,6,0,0,1,1.05,TBA202405040
Zack Littell,littz001,2024-05-11,2024,TBA,NYA,3,5.7,23,80,4,2,0,1,1.05,TBA202405110
Zack Littell,littz001,2024-05-16,2024,TBA,BOS,3,5.0,25,91,7,1,1,0,0.98,BOS202405160
Zack Littell,littz001,2024-05-21,2024,TBA,BOS,7,5.7,21,77,3,1,1,1,1.05,TBA202405210
Zack Littell,littz001,2024-05-28,2024,TBA,OAK,9,7.0,28,95,6,1,1,1,1.05,TBA202405280
Zack Littell,littz001,2024-06-02,2024,TBA,BAL,2,6.0,29,93,11,1,1,0,1.0,BAL202406020
Zack Littell,littz001,2024-06-09,2024,TBA,BAL,3,6.0,26,100,7,1,1,1,1.05,TBA202406090
Zack Littell,littz001,2024-06-14,2024,TBA,ATL,2,2.0,16,59,8,1,2,0,1.02,ATL202406140
Zack Littell,littz001,2024-06-20,2024,TBA,MIN,5,5.0,21,95,5,2,1,0,1.0,MIN202406200
Zack Littell,littz001,2024-06-25,2024,TBA,SEA,6,5.0,19,72,4,1,1,1,1.05,TBA202406250
Zack Littell,littz001,2024-07-02,2024,TBA,KCA,4,5.0,18,68,4,0,0,0,0.96,KCA202407020
Zack Littell,littz001,2024-07-07,2024,TBA,TEX,5,4.0,21,83,9,1,1,0,0.99,TEX202407070
Zack Littell,littz001,2024-07-13,2024,TBA,CLE,3,6.0,28,87,6,2,1,1,1.05,TBA202407130
Zack Littell,littz001,2024-07-22,2024,TBA,NYA,6,5.7,26,102,9,2,3,0,0.99,NYA202407220
Zack Littell,littz001,2024-07-27,2024,TBA,CIN,5,7.0,25,96,3,1,0,1,1.05,TBA202407270
Zack Littell,littz001,2024-08-03,2024,TBA,HOU,3,5.7,20,79,4,1,1,0,1.02,HOU202408030
Zack Littell,littz001,2024-08-09,2024,TBA,BAL,5,5.0,23,90,7,1,1,1,1.05,TBA202408090
Zack Littell,littz001,2024-08-14,2024,TBA,HOU,3,5.0,18,68,1,2,1,1,1.05,TBA202408140
Zack Littell,littz001,2024-09-02,2024,TBA,MIN,2,4.0,22,78,7,4,1,1,1.05,TBA202409020
Zack Littell,littz001,2024-09-08,2024,TBA,BAL,4,5.0,20,81,3,1,0,0,1.0,BAL202409080
Zack Littell,littz001,2024-09-13,2024,TBA,CLE,5,6.0,20,89,2,0,0,0,1.04,CLE202409130
Zack Littell,littz001,2024-09-19,2024,TBA,BOS,7,7.0,22,75,1,0,0,1,1.05,TBA202409190
Zack Littell,littz001,2024-09-25,2024,TBA,DET,7,4.7,21,91,7,0,1,0,1.0,DET202409250
Ben Lively,liveb001,2024-04-17,2024,CLE,BOS,7,5.0,19,79,3,1,1,0,0.98,BOS202404170
Ben Lively,liveb001,2024-04-23,2024,CLE,BOS,7,6.3,23,89,5,0,1,1,1.04,CLE202404230
Ben Lively,liveb001,2024-04-28,2024,CLE,ATL,5,4.3,18,88,4,2,0,0,1.02,ATL202404280
Ben Lively,liveb001,2024-05-04,2024,CLE,ANA,5,6.0,24,85,4,3,0,1,1.04,CLE202405040
Ben Lively,liveb001,2024-05-09,2024,CLE,CHA,2,5.7,27,98,8,3,0,0,0.99,CHA202405090
Ben Lively,liveb001,2024-05-14,2024,CLE,TEX,5,5.0,23,88,5,3,3,0,0.99,TEX202405140
Ben Lively,liveb001,2024-05-20,2024,CLE,NYN,7,5.7,22,88,6,0,1,1,1.04,CLE202405200
Ben Lively,liveb001,2024-05-26,2024,CLE,ANA,5,7.0,25,92,4,2,1,0,0.99,ANA202405260
Ben Lively,liveb001,2024-06-01,2024,CLE,WAS,4,5.7,21,86,5,1,0,1,1.04,CLE202406010
Ben Lively,liveb001,2024-06-08,2024,CLE,MIA,1,5.0,18,65,3,0,0,0,0.98,MIA202406080
Ben Lively,liveb001,2024-06-16,2024,CLE,TOR,4,4.0,20,88,6,3,1,0,1.0,TOR202406160
Ben Lively,liveb001,2024-06-22,2024,CLE,TOR,4,5.7,22,82,3,2,2,1,1.04,CLE202406220
Ben Lively,liveb001,2024-06-27,2024,CLE,KCA,5,6.0,24,76,6,1,0,0,0.96,KCA202406270
Ben Lively,liveb001,2024-07-04,2024,CLE,CHA,6,6.0,25,93,6,1,1,1,1.04,CLE202407040
Ben Lively,liveb001,2024-07-09,2024,CLE,DET,4,5.3,23,80,7,1,2,0,1.0,DET202407090
Ben Lively,liveb001,2024-07-14,2024,CLE,TBA,7,5.3,22,76,3,2,2,0,1.05,TBA202407140
Ben Lively,liveb001,2024-07-21,2024,CLE,SDN,2,5.3,23,97,6,2,0,1,1.04,CLE202407210
Ben Lively,liveb001,2024-07-26,2024,CLE,PHI,6,6.0,24,90,3,2,1,0,1.01,PHI202407260
Ben Lively,liveb001,2024-08-01,2024,CLE,BAL,4,6.0,22,90,4,1,1,1,1.04,CLE202408010
Ben Lively,liveb001,2024-08-07,2024,CLE,ARI,2,5.0,23,93,4,4,2,1,1.04,CLE202408071
Ben Lively,liveb001,2024-08-12,2024,CLE,CHN,1,3.7,20,79,5,4,2,1,1.04,CLE202408120
Ben Lively,liveb001,2024-08-18,2024,CLE,MIL,5,6.0,24,80,5,2,0,0,1.05,MIL202408180
Ben Lively,liveb001,2024-08-24,2024,CLE,TEX,4,6.7,27,105,5,1,0,1,1.04,CLE202408240
Ben Lively,liveb001,2024-08-30,2024,CLE,PIT,3,4.3,24,94,9,1,1,1,1.04,CLE202408300
Ben Lively,liveb001,2024-09-04,2024,CLE,KCA,3,4.0,20,78,7,1,1,0,0.96,KCA202409040
Ben Lively,liveb001,2024-09-10,2024,CLE,CHA,2,2.0,7,28,1,0,0,0,0.99,CHA202409100
Ben Lively,liveb001,2024-09-15,2024,CLE,TBA,2,5.0,20,59,4,1,0,1,1.04,CLE202409150
Ben Lively,liveb001,2024-09-20,2024,CLE,SLN,2,5.0,19,68,3,1,0,0,1.0,SLN202409200
Ben Lively,liveb001,2024-09-28,2024,CLE,HOU,4,4.0,23,92,5,4,0,1,1.04,CLE202409280
Nick Lodolo,lodon001,2024-04-13,2024,CIN,CHA,10,5.7,21,91,1,1,0,0,0.99,CHA202404130
Nick Lodolo,lodon001,2024-04-19,2024,CIN,ANA,6,6.3,25,80,7,0,0,1,1.0,CIN202404190
Nick Lodolo,lodon001,2024-04-24,2024,CIN,PHI,4,5.0,24,98,6,3,0,1,1.0,CIN202404240
Nick Lodolo,lodon001,2024-04-29,2024,CIN,SDN,11,7.0,24,99,1,2,1,0,1.08,SDN202404290
Nick Lodolo,lodon001,2024-05-05,2024,CIN,BAL,6,5.0,21,85,4,2,1,1,1.0,CIN202405050
Nick Lodolo,lodon001,2024-05-11,2024,CIN,SFN,6,6.0,25,98,5,1,1,0,1.03,SFN202405110
Nick Lodolo,lodon001,2024-05-27,2024,CIN,SLN,3,5.3,21,81,5,0,1,1,1.0,CIN202405270
Nick Lodolo,lodon001,2024-06-02,2024,CIN,CHN,3,6.0,27,90,7,1,0,0,0.97,CHN202406020
Nick Lodolo,lodon001,2024-06-07,2024,CIN,CHN,7,6.0,25,99,4,2,1,1,1.0,CIN202406070
Nick Lodolo,lodon001,2024-06-12,2024,CIN,CLE,6,6.0,29,102,7,3,0,1,1.0,CIN202406120
Nick Lodolo,lodon001,2024-06-18,2024,CIN,PIT,8,7.0,26,95,4,0,1,0,1.0,PIT202406180
Nick Lodolo,lodon001,2024-06-23,2024,CIN,BOS,3,4.7,23,77,5,4,1,1,1.0,CIN202406230
Nick Lodolo,lodon001,2024-07-09,2024,CIN,COL,4,3.7,17,69,5,1,2,1,1.0,CIN202407090
Nick Lodolo,lodon001,2024-07-14,2024,CIN,MIA,4,4.7,19,72,3,4,0,1,1.0,CIN202407140
Nick Lodolo,lodon001,2024-07-20,2024,CIN,WAS,8,6.3,28,104,6,1,1,0,1.01,WAS202407200
Nick Lodolo,lodon001,2024-07-26,2024,CIN,TBA,5,6.7,27,93,5,1,0,0,1.05,TBA202407260
Nick Lodolo,lodon001,2024-07-31,2024,CIN,CHN,6,5.7,28,103,11,0,1,1,1.0,CIN202407310
Nick Lodolo,lodon001,2024-08-06,2024,CIN,MIA,7,6.0,23,99,2,3,0,0,0.98,MIA202408060
Nick Lodolo,lodon001,2024-08-11,2024,CIN,MIL,4,5.3,22,79,3,3,1,0,1.05,MIL202408110
Nick Lodolo,lodon001,2024-08-17,2024,CIN,KCA,2,2.3,17,59,8,2,1,1,1.0,CIN202408170
Nick Lodolo,lodon001,2024-08-22,2024,CIN,PIT,9,4.7,21,91,2,3,0,0,1.0,PIT202408220
Jacob Lopez,lopej007,2024-08-25,2024,TBA,LAN,6,5.0,19,72,2,2,1,0,1.03,LAN202408250
Pablo López,lopep002,2024-03-28,2024,MIN,KCA,7,7.0,24,84,4,0,1,0,0.96,KCA202403280
Pablo López,lopep002,2024-04-04,2024,MIN,CLE,2,5.7,24,95,6,1,0,1,1.0,MIN202404040
Pablo López,lopep002,2024-04-12,2024,MIN,DET,7,4.0,21,98,6,3,1,0,1.0,DET202404120
Pablo López,lopep002,2024-04-17,2024,MIN,BAL,7,6.0,20,87,2,0,1,0,1.0,BAL202404170
Pablo López,lopep002,2024-04-23,2024,MIN,CHA,6,4.0,17,76,4,2,1,1,1.0,MIN202404230
Pablo López,lopep002,2024-04-28,2024,MIN,ANA,8,5.0,20,87,4,1,2,0,0.99,ANA202404280
Pablo López,lopep002,2024-05-04,2024,MIN,BOS,8,6.0,23,99,5,1,0,1,1.0,MIN202405040
Pablo López,lopep002,2024-05-09,2024,MIN,SEA,10,6.3,25,100,4,0,0,1,1.0,MIN202405090
Pablo López,lopep002,2024-05-15,2024,MIN,NYA,3,6.3,28,96,10,0,1,1,1.0,MIN202405150
Pablo López,lopep002,2024-05-20,2024,MIN,WAS,5,5.0,24,74,8,1,2,0,1.01,WAS202405200
Pablo López,lopep002,2024-05-26,2024,MIN,TEX,6,4.7,23,92,7,1,2,1,1.0,MIN202405260
Pablo López,lopep002,2024-05-31,2024,MIN,HOU,6,7.0,28,93,6,1,1,0,1.02,HOU202405310
Pablo López,lopep002,2024-06-06,2024,MIN,NYA,4,4.0,23,96,4,6,1,0,0.99,NYA202406060
Pablo López,lopep002,2024-06-12,2024,MIN,COL,5,5.0,20,91,5,0,1,1,1.0,MIN202406120
Pablo López,lopep002,2024-06-18,2024,MIN,TBA,3,4.0,20,54,7,1,2,1,1.0,MIN202406180
Pablo López,lopep002,2024-06-23,2024,MIN,OAK,14,8.0,27,102,2,1,0,0,1.0,OAK202406230
Pablo López,lopep002,2024-06-29,2024,MIN,SEA,9,6.0,22,94,4,1,1,0,1.04,SEA202406290
Pablo López,lopep002,2024-07-05,2024,MIN,HOU,6,5.0,24,91,8,2,0,1,1.0,MIN202407050
Pablo López,lopep002,2024-07-10,2024,MIN,CHA,5,5.0,21,90,4,1,1,0,0.99,CHA202407102
Pablo López,lopep002,2024-07-20,2024,MIN,MIL,7,7.0,25,109,4,1,0,1,1.0,MIN202407200
Pablo López,lopep002,2024-07-26,2024,MIN,DET,7,7.0,28,97,6,1,1,0,1.0,DET202407260
Pablo López,lopep002,2024-07-31,2024,MIN,NYN,7,6.0,23,103,3,3,1,0,1.06,NYN202407310
Pablo López,lopep002,2024-08-06,2024,MIN,CHN,2,5.0,22,88,7,1,1,0,0.97,CHN202408060
Pablo López,lopep002,2024-08-12,2024,MIN,KCA,5,6.0,26,96,6,0,1,1,1.0,MIN202408120
Pablo López,lopep002,2024-08-18,2024,MIN,TEX,3,6.0,26,107,6,3,0,0,0.99,TEX202408180
Pablo López,lopep002,2024-08-24,2024,MIN,SLN,9,7.0,26,96,4,1,0,1,1.0,MIN202408240
Pablo López,lopep002,2024-08-30,2024,MIN,TOR,3,7.7,27,106,6,0,0,1,1.0,MIN202408300
Pablo López,lopep002,2024-09-05,2024,MIN,TBA,9,6.7,28,91,7,1,0,0,1.05,TBA202409050
Pablo López,lopep002,2024-09-10,2024,MIN,ANA,10,7.0,30,105,8,1,1,1,1.0,MIN202409100
Pablo López,lopep002,2024-09-16,2024,MIN,CLE,4,6.3,28,92,8,2,0,0,1.04,CLE202409160
Pablo López,lopep002,2024-09-22,2024,MIN,BOS,3,4.0,22,86,9,1,2,0,0.98,BOS202409221
Pablo López,lopep002,2024-09-27,2024,MIN,BAL,8,5.7,27,111,6,3,1,1,1.0,MIN202409270
Reynaldo López,loper003,2024-04-02,2024,ATL,CHA,5,6.0,23,82,4,2,0,0,0.99,CHA202404020
Reynaldo López,loper003,2024-04-09,2024,ATL,NYN,6,6.0,22,94,3,3,0,1,1.02,ATL202404090
Reynaldo López,loper003,2024-04-16,2024,ATL,HOU,7,6.0,23,94,4,1,0,0,1.02,HOU202404160
Reynaldo López,loper003,2024-04-24,2024,ATL,MIA,6,7.0,24,82,3,2,1,1,1.02,ATL202404240
Reynaldo López,loper003,2024-04-30,2024,ATL,SEA,7,5.0,23,88,6,2,1,0,1.04,SEA202404300
Reynaldo López,loper003,2024-05-07,2024,ATL,BOS,5,5.3,26,91,6,4,0,1,1.02,ATL202405070
Reynaldo López,loper003,2024-05-13,2024,ATL,CHN,4,5.0,18,71,2,2,0,1,1.02,ATL202405130
Reynaldo López,loper003,2024-05-20,2024,ATL,SDN,4,6.3,23,83,5,1,0,1,1.02,ATL202405201
Reynaldo López,loper003,2024-05-25,2024,ATL,PIT,3,4.7,20,70,5,1,0,0,1.0,PIT202405250
Reynaldo López,loper003,2024-05-31,2024,ATL,OAK,8,6.0,24,87,4,2,0,1,1.02,ATL202405310
Reynaldo López,loper003,2024-06-06,2024,ATL,WAS,7,6.0,24,86,6,1,2,0,1.01,WAS202406060
Reynaldo López,loper003,2024-06-13,2024,ATL,BAL,8,6.0,21,91,2,1,0,0,1.0,BAL202406130
Reynaldo López,loper003,2024-06-19,2024,ATL,DET,6,5.0,22,93,7,1,0,1,1.02,ATL202406190
Reynaldo López,loper003,2024-06-26,2024,ATL,SLN,5,5.0,23,87,4,4,0,0,1.0,SLN202406261
Reynaldo López,loper003,2024-07-02,2024,ATL,SFN,6,4.3,21,101,4,4,2,1,1.02,ATL202407020
Reynaldo López,loper003,2024-07-07,2024,ATL,PHI,6,6.0,23,91,2,3,0,1,1.02,ATL202407070
Reynaldo López,loper003,2024-07-13,2024,ATL,SDN,2,6.0,26,93,11,0,0,0,1.08,SDN202407130
Reynaldo López,loper003,2024-07-22,2024,ATL,CIN,5,6.0,28,85,7,2,1,1,1.02,ATL202407220
Reynaldo López,loper003,2024-07-28,2024,ATL,NYN,2,3.0,12,57,3,1,0,0,1.06,NYN202407280
Reynaldo López,loper003,2024-08-20,2024,ATL,PHI,10,5.0,21,90,5,1,0,1,1.02,ATL202408200
Reynaldo López,loper003,2024-08-25,2024,ATL,WAS,7,6.0,23,94,3,3,0,1,1.02,ATL202408250
Reynaldo López,loper003,2024-08-30,2024,ATL,PHI,6,6.0,23,96,4,1,1,0,1.01,PHI202408300
Reynaldo López,loper003,2024-09-05,2024,ATL,COL,11,6.0,23,91,5,0,2,1,1.02,ATL202409050
Reynaldo López,loper003,2024-09-10,2024,ATL,WAS,1,1.0,5,25,1,0,0,0,1.01,WAS202409100
Reynaldo López,loper003,2024-09-28,2024,ATL,KCA,9,6.0,19,73,2,0,0,1,1.02,ATL202409280
Michael Lorenzen,lorem002,2024-04-15,2024,TEX,DET,4,5.0,20,79,3,5,0,0,1.0,DET202404150
Michael Lorenzen,lorem002,2024-04-21,2024,TEX,ATL,7,6.0,24,94,3,3,1,0,1.02,ATL202404210
Michael Lorenzen,lorem002,2024-04-27,2024,TEX,CIN,3,6.0,25,100,6,1,1,1,0.99,TEX202404270
Michael Lorenzen,lorem002,2024-05-03,2024,TEX,KCA,3,6.0,24,86,4,3,1,0,0.96,KCA202405030
Michael Lorenzen,lorem002,2024-05-08,2024,TEX,OAK,6,6.0,27,107,9,2,2,0,1.0,OAK202405081
Michael Lorenzen,lorem002,2024-05-13,2024,TEX,CLE,4,7.0,24,96,2,4,0,1,0.99,TEX202405130
Michael Lorenzen,lorem002,2024-05-19,2024,TEX,ANA,6,6.3,24,103,3,3,0,1,0.99,TEX202405190
Michael Lorenzen,lorem002,2024-05-25,2024,TEX,MIN,4,6.0,24,90,3,3,0,0,1.0,MIN202405250
Michael Lorenzen,lorem002,2024-06-01,2024,TEX,MIA,7,6.3,24,98,5,2,0,0,0.98,MIA202406010
Michael Lorenzen,lorem002,2024-06-07,2024,TEX,SFN,1,4.3,22,89,7,2,2,1,0.99,TEX202406070
Michael Lorenzen,lorem002,2024-06-13,2024,TEX,LAN,2,7.0,25,95,4,1,1,0,1.03,LAN202406130
Michael Lorenzen,lorem002,2024-06-18,2024,TEX,NYN,3,6.0,23,82,4,1,2,1,0.99,TEX202406180
Michael Lorenzen,lorem002,2024-06-24,2024,TEX,MIL,5,5.0,20,91,5,1,0,0,1.05,MIL202406240
Michael Lorenzen,lorem002,2024-06-29,2024,TEX,BAL,3,5.0,24,80,4,4,2,0,1.0,BAL202406290
Michael Lorenzen,lorem002,2024-07-05,2024,TEX,TBA,4,5.0,20,90,1,5,0,1,0.99,TEX202407050
Michael Lorenzen,lorem002,2024-07-10,2024,TEX,ANA,3,5.0,23,85,5,4,1,0,0.99,ANA202407100
Michael Lorenzen,lorem002,2024-07-22,2024,TEX,CHA,8,5.0,22,94,6,2,1,1,0.99,TEX202407220
Michael Lorenzen,lorem002,2024-07-27,2024,TEX,TOR,1,0.7,9,40,5,2,1,0,1.0,TOR202407270
Michael Lorenzen,lorem002,2024-08-03,2024,KCA,DET,5,5.7,24,84,5,2,0,0,1.0,DET202408030
Michael Lorenzen,lorem002,2024-08-09,2024,KCA,SLN,3,4.3,21,88,6,2,2,1,0.96,KCA202408090
Michael Lorenzen,lorem002,2024-08-16,2024,KCA,CIN,3,5.7,21,83,2,3,0,0,1.0,CIN202408160
Michael Lorenzen,lorem002,2024-08-21,2024,KCA,ANA,5,7.0,27,95,4,2,0,1,0.96,KCA202408210
Michael Lorenzen,lorem002,2024-08-27,2024,KCA,CLE,1,1.7,7,28,1,1,0,0,1.04,CLE202408270
Michael Lorenzen,lorem002,2024-09-25,2024,KCA,WAS,2,2.3,9,28,0,2,0,0,1.01,WAS202409250
Rhett Lowder,lowdr001,2024-08-30,2024,CIN,MIL,6,4.0,18,77,2,4,0,1,1.0,CIN202408302
Rhett Lowder,lowdr001,2024-09-05,2024,CIN,HOU,3,6.3,26,82,4,4,0,1,1.0,CIN202409050
Rhett Lowder,lowdr001,2024-09-10,2024,CIN,SLN,3,5.0,18,84,5,0,0,0,1.0,SLN202409100
Rhett Lowder,lowdr001,2024-09-15,2024,CIN,MIN,5,5.3,22,77,6,1,0,0,1.0,MIN202409150
Rhett Lowder,lowdr001,2024-09-21,2024,CIN,PIT,4,5.0,23,87,5,2,0,1,1.0,CIN202409210
Rhett Lowder,lowdr001,2024-09-28,2024,CIN,CHN,1,5.0,21,91,3,3,0,0,0.97,CHN202409280
Joey Lucchesi,luccj001,2024-05-15,2024,NYN,PHI,2,4.3,21,68,5,4,1,0,1.01,PHI202405150
Joey Lucchesi,luccj001,2024-09-30,2024,NYN,ATL,5,6.0,25,111,3,4,0,0,1.02,ATL202409302
Seth Lugo,lugos001,2024-03-30,2024,KCA,MIN,4,6.0,22,86,2,1,0,1,0.96,KCA202403300
Seth Lugo,lugos001,2024-04-04,2024,KCA,CHA,3,6.7,27,86,8,2,0,1,0.96,KCA202404040
Seth Lugo,lugos001,2024-04-10,2024,KCA,HOU,2,6.0,27,90,7,2,0,1,0.96,KCA202404100
Seth Lugo,lugos001,2024-04-15,2024,KCA,CHA,4,7.0,25,99,4,1,0,0,0.99,CHA202404150
Seth Lugo,lugos001,2024-04-21,2024,KCA,BAL,1,5.3,25,99,9,1,2,1,0.96,KCA202404210
Seth Lugo,lugos001,2024-04-26,2024,KCA,DET,9,7.0,25,103,3,2,0,0,1.0,DET202404260
Seth Lugo,lugos001,2024-05-01,2024,KCA,TOR,8,7.0,25,101,2,2,1,0,1.0,TOR202405010
Seth Lugo,lugos001,2024-05-07,2024,KCA,MIL,5,6.7,27,77,5,1,2,1,0.96,KCA202405070
Seth Lugo,lugos001,2024-05-12,2024,KCA,ANA,12,8.0,29,112,5,0,0,0,0.99,ANA202405120
Seth Lugo,lugos001,2024-05-18,2024,KCA,OAK,10,5.7,24,96,6,1,1,1,0.96,KCA202405180
Seth Lugo,lugos001,2024-05-24,2024,KCA,TBA,3,7.0,28,104,4,2,0,0,1.05,TBA202405240
Seth Lugo,lugos001,2024-05-29,2024,KCA,MIN,5,6.0,27,100,6,3,0,0,1.0,MIN202405290
Seth Lugo,lugos001,2024-06-04,2024,KCA,CLE,5,6.0,26,98,6,1,2,0,1.04,CLE202406040
Seth Lugo,lugos001,2024-06-10,2024,KCA,NYA,4,7.0,30,101,8,1,0,1,0.96,KCA202406100
Seth Lugo,lugos001,2024-06-15,2024,KCA,LAN,4,6.0,25,98,6,1,0,0,1.03,LAN202406150
Seth Lugo,lugos001,2024-06-20,2024,KCA,OAK,8,6.7,26,95,6,3,1,0,1.0,OAK202406200
Seth Lugo,lugos001,2024-06-25,2024,KCA,MIA,8,6.0,22,87,2,2,0,1,0.96,KCA202406250
Seth Lugo,lugos001,2024-06-30,2024,KCA,CLE,10,6.0,23,93,4,1,0,1,0.96,KCA202406300
Seth Lugo,lugos001,2024-07-06,2024,KCA,COL,5,6.0,25,101,5,2,1,0,0.92,COL202407060
Seth Lugo,lugos001,2024-07-13,2024,KCA,BOS,6,5.0,25,93,10,1,1,0,0.98,BOS202407130
Seth Lugo,lugos001,2024-07-21,2024,KCA,CHA,6,9.0,30,103,3,0,0,1,0.96,KCA202407210
Seth Lugo,lugos001,2024-07-27,2024,KCA,CHN,2,6.3,26,90,5,2,1,1,0.96,KCA202407270
Seth Lugo,lugos001,2024-08-01,2024,KCA,DET,3,8.0,28,103,4,1,0,0,1.0,DET202408010
Seth Lugo,lugos001,2024-08-06,2024,KCA,BOS,4,5.3,27,101,6,4,1,1,0.96,KCA202408060
Seth Lugo,lugos001,2024-08-13,2024,KCA,MIN,4,4.0,24,83,9,2,1,0,1.0,MIN202408130
Seth Lugo,lugos001,2024-08-19,2024,KCA,ANA,8,7.0,28,96,4,3,0,1,0.96,KCA202408190
Seth Lugo,lugos001,2024-08-25,2024,KCA,PHI,3,5.3,27,94,11,1,0,1,0.96,KCA202408250
Seth Lugo,lugos001,2024-08-30,2024,KCA,HOU,9,7.0,28,93,6,1,1,0,1.02,HOU202408300
Seth Lugo,lugos001,2024-09-04,2024,KCA,CLE,4,7.0,24,103,6,1,0,1,0.96,KCA202409040
Seth Lugo,lugos001,2024-09-10,2024,KCA,NYA,10,7.0,24,105,3,0,0,0,0.99,NYA202409100
Seth Lugo,lugos001,2024-09-16,2024,KCA,DET,4,4.7,24,96,8,2,1,1,0.96,KCA202409160
Seth Lugo,lugos001,2024-09-22,2024,KCA,SFN,5,7.0,25,89,3,0,0,1,0.96,KCA202409220
Seth Lugo,lugos001,2024-09-28,2024,KCA,ATL,3,2.0,8,36,1,1,0,0,1.02,ATL202409280
Jesús Luzardo,luzaj001,2024-03-28,2024,MIA,PIT,8,5.0,19,85,2,2,1,1,0.98,MIA202403280
Jesús Luzardo,luzaj001,2024-04-02,2024,MIA,ANA,5,5.3,20,93,4,2,1,1,0.98,MIA202404020
Jesús Luzardo,luzaj001,2024-04-08,2024,MIA,NYA,4,4.7,26,94,8,5,2,0,0.99,NYA202404080
Jesús Luzardo,luzaj001,2024-04-14,2024,MIA,ATL,4,5.0,23,94,7,1,1,1,0.98,MIA202404140
Jesús Luzardo,luzaj001,2024-04-20,2024,MIA,CHN,6,6.0,24,104,3,3,0,0,0.97,CHN202404201
Jesús Luzardo,luzaj001,2024-05-11,2024,MIA,PHI,8,5.7,21,79,4,1,0,1,0.98,MIA202405110
Jesús Luzardo,luzaj001,2024-05-17,2024,MIA,NYN,7,6.0,23,89,5,0,0,1,0.98,MIA202405170
Jesús Luzardo,luzaj001,2024-05-22,2024,MIA,MIL,4,8.0,26,100,3,0,0,1,0.98,MIA202405220
Jesús Luzardo,luzaj001,2024-05-28,2024,MIA,SDN,4,6.0,26,94,7,2,1,0,1.08,SDN202405280
Jesús Luzardo,luzaj001,2024-06-04,2024,MIA,TBA,2,4.3,23,83,9,2,1,1,0.98,MIA202406040
Jesús Luzardo,luzaj001,2024-06-11,2024,MIA,NYN,4,5.7,23,91,4,1,0,0,1.06,NYN202406110
Jesús Luzardo,luzaj001,2024-06-16,2024,MIA,WAS,2,5.0,20,77,5,3,2,0,1.01,WAS202406160
Daniel Lynch,lyncd001,2024-05-05,2024,KCA,TEX,6,5.0,19,74,2,2,0,1,0.96,KCA202405050
Daniel Lynch,lyncd001,2024-05-30,2024,KCA,MIN,2,5.0,22,72,5,0,2,0,1.0,MIN202405300
Daniel Lynch,lyncd001,2024-06-07,2024,KCA,SEA,4,4.0,24,93,6,4,1,1,0.96,KCA202406070
Lance Lynn,lynnl001,2024-03-30,2024,SLN,LAN,5,4.0,17,70,4,1,0,0,1.03,LAN202403300
Lance Lynn,lynnl001,2024-04-04,2024,SLN,MIA,7,4.7,23,83,8,1,3,1,1.0,SLN202404040
Lance Lynn,lynnl001,2024-04-10,2024,SLN,PHI,6,5.0,21,94,1,4,0,1,1.0,SLN202404100
Lance Lynn,lynnl001,2024-04-16,2024,SLN,OAK,1,7.0,27,101,5,1,1,0,1.0,OAK202404160
Lance Lynn,lynnl001,2024-04-22,2024,SLN,ARI,7,5.0,26,94,7,3,0,1,1.0,SLN202404220
Lance Lynn,lynnl001,2024-04-28,2024,SLN,NYN,3,5.0,22,87,5,3,1,0,1.06,NYN202404280
Lance Lynn,lynnl001,2024-05-04,2024,SLN,CHA,4,5.0,22,94,4,3,0,1,1.0,SLN202405040
Lance Lynn,lynnl001,2024-05-10,2024,SLN,MIL,5,4.7,20,85,5,2,0,0,1.05,MIL202405100
Lance Lynn,lynnl001,2024-05-15,2024,SLN,ANA,5,5.0,24,106,8,2,1,0,0.99,ANA202405150
Lance Lynn,lynnl001,2024-05-21,2024,SLN,BAL,5,6.0,22,82,2,0,0,1,1.0,SLN202405210
Lance Lynn,lynnl001,2024-05-27,2024,SLN,CIN,5,6.0,25,92,5,3,1,0,1.0,CIN202405270
Lance Lynn,lynnl001,2024-06-02,2024,SLN,PHI,4,4.0,20,78,3,2,0,0,1.01,PHI202406020
Lance Lynn,lynnl001,2024-06-07,2024,SLN,COL,6,4.0,20,91,6,2,0,1,1.0,SLN202406070
Lance Lynn,lynnl001,2024-06-13,2024,SLN,PIT,5,4.3,20,82,4,3,0,1,1.0,SLN202406130
Lance Lynn,lynnl001,2024-06-18,2024,SLN,MIA,5,5.3,27,97,10,0,2,0,0.98,MIA202406180
Lance Lynn,lynnl001,2024-06-24,2024,SLN,ATL,5,6.7,23,88,4,0,1,1,1.0,SLN202406240
Lance Lynn,lynnl001,2024-06-30,2024,SLN,CIN,6,6.0,21,79,2,1,0,1,1.0,SLN202406300
Lance Lynn,lynnl001,2024-07-06,2024,SLN,WAS,2,2.7,22,82,9,4,3,0,1.01,WAS202407060
Lance Lynn,lynnl001,2024-07-13,2024,SLN,CHN,6,6.0,24,99,5,2,1,1,1.0,SLN202407131
Lance Lynn,lynnl001,2024-07-23,2024,SLN,PIT,2,5.0,22,86,4,3,0,0,1.0,PIT202407230
Lance Lynn,lynnl001,2024-07-30,2024,SLN,TEX,3,5.0,19,87,3,1,1,1,1.0,SLN202407300
Lance Lynn,lynnl001,2024-09-11,2024,SLN,CIN,7,5.0,21,90,5,1,0,1,1.0,SLN202409110
Lance Lynn,lynnl001,2024-09-17,2024,SLN,PIT,5,6.0,23,92,4,2,1,1,1.0,SLN202409170
Ty Madden,maddt001,2024-08-26,2024,DET,CHA,2,5.0,22,87,4,3,0,0,0.99,CHA202408260
Kenta Maeda,maedk001,2024-03-30,2024,DET,CHA,2,3.3,17,71,7,1,3,0,0.99,CHA202403300
Kenta Maeda,maedk001,2024-04-06,2024,DET,OAK,3,5.7,22,87,2,4,1,1,1.0,DET202404060
Kenta Maeda,maedk001,2024-04-13,2024,DET,MIN,5,6.0,24,87,5,0,0,1,1.0,DET202404131
Kenta Maeda,maedk001,2024-04-18,2024,DET,TEX,2,2.7,17,63,7,2,3,1,1.0,DET202404180
Kenta Maeda,maedk001,2024-04-23,2024,DET,TBA,5,5.0,20,88,3,0,0,0,1.05,TBA202404230
Kenta Maeda,maedk001,2024-05-01,2024,DET,SLN,5,6.0,20,79,4,0,1,1,1.0,DET202405010
Kenta Maeda,maedk001,2024-05-07,2024,DET,CLE,1,2.0,14,59,5,3,1,0,1.04,CLE202405070
Kenta Maeda,maedk001,2024-05-24,2024,DET,TOR,1,5.0,18,74,4,0,0,1,1.0,DET202405240
Kenta Maeda,maedk001,2024-05-31,2024,DET,BOS,6,4.7,23,85,8,2,1,0,0.98,BOS202405310
Kenta Maeda,maedk001,2024-06-05,2024,DET,TEX,0,0.0,0,2,0,0,0,0,0.99,TEX202406050
Kenta Maeda,maedk001,2024-06-11,2024,DET,WAS,5,4.0,16,77,1,4,0,1,1.0,DET202406110
Kenta Maeda,maedk001,2024-06-16,2024,DET,HOU,1,5.0,20,94,5,2,1,0,1.02,HOU202406160
Kenta Maeda,maedk001,2024-06-22,2024,DET,CHA,5,4.7,22,92,8,0,0,1,1.0,DET202406220
Kenta Maeda,maedk001,2024-06-28,2024,DET,ANA,4,5.3,21,87,6,1,1,0,0.99,ANA202406280
Kenta Maeda,maedk001,2024-07-04,2024,DET,MIN,3,3.7,23,88,9,3,1,0,1.0,MIN202407040
Kenta Maeda,maedk001,2024-07-09,2024,DET,CLE,2,2.7,15,49,7,1,2,1,1.0,DET202407090
Kenta Maeda,maedk001,2024-09-29,2024,DET,CHA,5,4.7,21,89,5,1,1,1,1.0,DET202409290
Tyler Mahle,mahlt001,2024-08-06,2024,TEX,HOU,2,5.0,21,76,5,1,0,1,0.99,TEX202408060
Tyler Mahle,mahlt001,2024-08-12,2024,TEX,BOS,7,4.7,21,92,3,3,0,0,0.98,BOS202408120
Tyler Mahle,mahlt001,2024-08-18,2024,TEX,MIN,1,3.0,14,61,6,0,1,1,0.99,TEX202408180
Anthony Maldonado,malda001,2024-04-26,2024,MIA,WAS,2,3.0,11,36,3,0,0,1,0.98,MIA202404260
Sean Manaea,manas001,2024-04-01,2024,NYN,DET,8,6.0,20,88,1,2,0,1,1.06,NYN202404010
Sean Manaea,manas001,2024-04-07,2024,NYN,CIN,6,5.0,21,92,3,2,0,0,1.0,CIN202404070
Sean Manaea,manas001,2024-04-13,2024,NYN,KCA,4,3.7,24,89,9,3,1,1,1.06,NYN202404130
Sean Manaea,manas001,2024-04-19,2024,NYN,LAN,3,5.0,21,85,4,3,0,0,1.03,LAN202404190
Sean Manaea,manas001,2024-04-24,2024,NYN,SFN,6,4.7,21,101,4,4,0,0,1.03,SFN202404240
Sean Manaea,manas001,2024-04-30,2024,NYN,CHN,3,5.0,21,92,3,4,0,1,1.06,NYN202404300
Sean Manaea,manas001,2024-05-06,2024,NYN,SLN,1,6.0,24,89,6,1,0,0,1.0,SLN202405060
Sean Manaea,manas001,2024-05-13,2024,NYN,PHI,6,6.0,23,100,4,1,0,1,1.06,NYN202405130
Sean Manaea,manas001,2024-05-19,2024,NYN,MIA,4,5.0,21,95,5,1,1,0,0.98,MIA202405190
Sean Manaea,manas001,2024-05-26,2024,NYN,SFN,6,5.0,21,88,5,1,1,1,1.06,NYN202405260
Sean Manaea,manas001,2024-06-01,2024,NYN,ARI,10,5.7,25,105,6,2,1,1,1.06,NYN202406010
Sean Manaea,manas001,2024-06-08,2024,NYN,PHI,3,3.7,19,81,7,1,2,1,1.06,NYN202406080
Sean Manaea,manas001,2024-06-14,2024,NYN,SDN,7,5.0,19,90,4,1,1,1,1.06,NYN202406140
Sean Manaea,manas001,2024-06-19,2024,NYN,TEX,6,5.7,23,95,2,3,0,0,0.99,TEX202406190
Sean Manaea,manas001,2024-06-26,2024,NYN,NYA,3,5.0,19,77,2,5,0,1,1.06,NYN202406260
Sean Manaea,manas001,2024-07-02,2024,NYN,WAS,5,7.0,29,97,5,2,0,0,1.01,WAS202407020
Sean Manaea,manas001,2024-07-07,2024,NYN,PIT,6,6.0,22,89,2,3,0,0,1.0,PIT202407070
Sean Manaea,manas001,2024-07-12,2024,NYN,COL,9,7.0,27,107,5,1,2,1,1.06,NYN202407120
Sean Manaea,manas001,2024-07-19,2024,NYN,MIA,1,5.0,24,84,8,1,1,0,0.98,MIA202407190
Sean Manaea,manas001,2024-07-24,2024,NYN,NYA,4,4.7,22,103,3,4,2,0,0.99,NYA202407240
Sean Manaea,manas001,2024-07-30,2024,NYN,MIN,11,7.0,24,96,2,1,0,1,1.06,NYN202407300
Sean Manaea,manas001,2024-08-05,2024,NYN,SLN,10,7.0,28,102,6,0,0,0,1.0,SLN202408050
Sean Manaea,manas001,2024-08-10,2024,NYN,SEA,3,3.0,18,85,4,5,0,0,1.04,SEA202408100
Sean Manaea,manas001,2024-08-16,2024,NYN,MIA,4,7.0,27,106,5,1,1,1,1.06,NYN202408160
Sean Manaea,manas001,2024-08-21,2024,NYN,BAL,9,7.0,25,90,3,0,1,1,1.06,NYN202408210
Sean Manaea,manas001,2024-08-27,2024,NYN,ARI,11,6.7,25,103,4,0,2,0,1.03,ARI202408270
Sean Manaea,manas001,2024-09-01,2024,NYN,CHA,5,7.0,24,96,2,2,0,0,0.99,CHA202409010
Sean Manaea,manas001,2024-09-06,2024,NYN,CIN,9,6.7,24,97,3,2,2,1,1.06,NYN202409060
Sean Manaea,manas001,2024-09-11,2024,NYN,TOR,8,6.7,27,109,3,4,0,0,1.0,TOR202409110
Sean Manaea,manas001,2024-09-16,2024,NYN,WAS,6,7.0,25,85,4,1,0,1,1.06,NYN202409160
Sean Manaea,manas001,2024-09-21,2024,NYN,PHI,6,7.0,24,89,3,0,2,1,1.06,NYN202409210
Sean Manaea,manas001,2024-09-27,2024,NYN,MIL,1,3.7,21,91,7,2,1,0,1.05,MIL202409270
Matt Manning,mannm001,2024-04-04,2024,DET,NYN,3,5.7,21,90,0,4,0,0,1.06,NYN202404042
Matt Manning,mannm001,2024-04-13,2024,DET,MIN,7,6.7,27,92,5,2,2,1,1.0,DET202404132
Matt Manning,mannm001,2024-04-30,2024,DET,SLN,7,4.7,23,89,7,2,1,1,1.0,DET202404302
Matt Manning,mannm001,2024-05-13,2024,DET,MIA,5,5.7,26,81,9,1,0,1,1.0,DET202405130
Matt Manning,mannm001,2024-05-19,2024,DET,ARI,1,5.0,26,86,10,3,0,0,1.03,ARI202405190
Alek Manoah,manoa001,2024-05-05,2024,TOR,WAS,6,4.0,24,92,6,4,2,0,1.01,WAS202405050
Alek Manoah,manoa001,2024-05-12,2024,TOR,MIN,6,7.0,26,78,4,1,1,1,1.0,TOR202405120
Alek Manoah,manoa001,2024-05-19,2024,TOR,TBA,7,7.0,25,103,1,1,0,1,1.0,TOR202405190
Alek Manoah,manoa001,2024-05-24,2024,TOR,DET,4,4.7,22,97,5,2,2,0,1.0,DET202405240
Alek Manoah,manoa001,2024-05-29,2024,TOR,CHA,3,1.7,6,24,1,0,0,0,0.99,CHA202405290
Joe Mantiply,mantj002,2024-05-20,2024,ARI,LAN,0,1.0,3,7,0,0,0,0,1.03,LAN202405200
Joe Mantiply,mantj002,2024-07-02,2024,ARI,LAN,0,0.7,3,11,1,0,0,0,1.03,LAN202407020
Germán Márquez,marqg001,2024-07-14,2024,COL,NYN,3,4.0,20,70,5,4,1,0,1.06,NYN202407140
Alec Marsh,marsa001,2024-04-02,2024,KCA,BAL,5,7.0,24,76,2,1,0,0,1.0,BAL202404020
Alec Marsh,marsa001,2024-04-07,2024,KCA,CHA,3,4.7,23,78,8,1,0,1,0.96,KCA202404070
Alec Marsh,marsa001,2024-04-13,2024,KCA,NYN,2,5.0,21,90,5,1,1,0,1.06,NYN202404130
Alec Marsh,marsa001,2024-04-19,2024,KCA,BAL,6,5.7,22,86,3,2,0,1,0.96,KCA202404190
Alec Marsh,marsa001,2024-04-24,2024,KCA,TOR,1,4.3,17,67,2,2,0,1,0.96,KCA202404240
Alec Marsh,marsa001,2024-05-10,2024,KCA,ANA,7,5.3,23,85,4,2,1,0,0.99,ANA202405100
Alec Marsh,marsa001,2024-05-15,2024,KCA,SEA,7,5.0,20,102,5,1,1,0,1.04,SEA202405150
Alec Marsh,marsa001,2024-05-21,2024,KCA,DET,5,6.0,25,94,5,2,0,1,0.96,KCA202405210
Alec Marsh,marsa001,2024-05-27,2024,KCA,MIN,7,7.0,27,103,5,2,2,0,1.0,MIN202405270
Alec Marsh,marsa001,2024-06-01,2024,KCA,SDN,3,5.0,24,80,7,3,1,1,0.96,KCA202406010
Alec Marsh,marsa001,2024-06-08,2024,KCA,SEA,8,5.0,22,90,7,0,2,1,0.96,KCA202406080
Alec Marsh,marsa001,2024-06-13,2024,KCA,NYA,7,7.0,23,96,1,2,0,1,0.96,KCA202406130
Alec Marsh,marsa001,2024-06-18,2024,KCA,OAK,4,3.0,18,76,7,2,1,0,1.0,OAK202406180
Alec Marsh,marsa001,2024-06-23,2024,KCA,TEX,4,5.7,28,101,8,2,0,0,0.99,TEX202406230
Alec Marsh,marsa001,2024-06-28,2024,KCA,CLE,5,6.0,21,91,4,2,1,1,0.96,KCA202406280
Alec Marsh,marsa001,2024-07-04,2024,KCA,TBA,1,3.0,17,75,6,3,1,1,0.96,KCA202407040
Alec Marsh,marsa001,2024-07-10,2024,KCA,SLN,8,6.0,22,101,3,1,2,0,1.0,SLN202407101
Alec Marsh,marsa001,2024-07-23,2024,KCA,ARI,6,5.0,22,87,5,2,1,1,0.96,KCA202407230
Alec Marsh,marsa001,2024-07-29,2024,KCA,CHA,3,4.7,21,69,6,1,0,0,0.99,CHA202407290
Alec Marsh,marsa001,2024-08-26,2024,KCA,CLE,2,4.7,21,87,5,1,1,0,1.04,CLE202408262
Alec Marsh,marsa001,2024-09-01,2024,KCA,HOU,5,5.0,19,73,4,1,2,0,1.02,HOU202409010
Alec Marsh,marsa001,2024-09-07,2024,KCA,MIN,5,5.0,21,84,4,0,0,1,0.96,KCA202409070
Alec Marsh,marsa001,2024-09-13,2024,KCA,PIT,11,5.3,23,96,5,2,0,0,1.0,PIT202409130
Alec Marsh,marsa001,2024-09-18,2024,KCA,DET,5,2.7,18,73,5,3,1,1,0.96,KCA202409180
Alec Marsh,marsa001,2024-09-29,2024,KCA,ATL,2,5.0,21,77,5,0,1,0,1.02,ATL202409290
Davis Martin,martd006,2024-08-02,2024,CHA,MIN,5,3.7,19,75,6,3,1,0,1.0,MIN202408020
Davis Martin,martd006,2024-08-07,2024,CHA,OAK,4,6.0,21,82,2,1,0,0,1.0,OAK202408070
Davis Martin,martd006,2024-08-14,2024,CHA,NYA,5,5.7,24,85,4,3,1,1,0.99,CHA202408140
Davis Martin,martd006,2024-08-20,2024,CHA,SFN,5,4.3,19,82,4,2,0,0,1.03,SFN202408200
Davis Martin,martd006,2024-08-26,2024,CHA,DET,4,5.0,23,88,7,1,0,1,0.99,CHA202408260
Davis Martin,martd006,2024-08-31,2024,CHA,NYN,6,5.0,21,90,5,1,2,1,0.99,CHA202408310
Davis Martin,martd006,2024-09-06,2024,CHA,BOS,3,6.0,24,86,3,1,0,0,0.98,BOS202409060
Davis Martin,martd006,2024-09-11,2024,CHA,CLE,4,3.0,15,72,6,1,1,1,0.99,CHA202409110
Davis Martin,martd006,2024-09-17,2024,CHA,ANA,4,5.0,22,87,7,2,0,0,0.99,ANA202409170
Davis Martin,martd006,2024-09-25,2024,CHA,ANA,4,3.7,18,85,3,5,0,1,0.99,CHA202409250
Nick Martínez,martn002,2024-03-31,2024,CIN,WAS,3,5.0,23,90,6,1,1,1,1.0,CIN202403310
Nick Martínez,martn002,2024-04-06,2024,CIN,NYN,6,5.0,25,92,8,1,0,1,1.0,CIN202404060
Nick Martínez,martn002,2024-04-25,2024,CIN,PHI,3,6.0,27,89,11,0,1,1,1.0,CIN202404250
Nick Martínez,martn002,2024-04-30,2024,CIN,SDN,3,5.0,25,78,6,1,0,0,1.08,SDN202404300
Nick Martínez,martn002,2024-05-22,2024,CIN,SDN,2,4.7,21,66,8,1,1,1,1.0,CIN202405220
Nick Martínez,martn002,2024-08-05,2024,CIN,MIA,5,5.0,20,70,4,0,0,0,0.98,MIA202408050
Nick Martínez,martn002,2024-08-10,2024,CIN,MIL,7,7.0,22,94,1,0,0,0,1.05,MIL202408100
Nick Martínez,martn002,2024-08-16,2024,CIN,KCA,4,6.0,26,80,8,0,1,1,1.0,CIN202408160
Nick Martínez,martn002,2024-08-21,2024,CIN,TOR,3,4.3,22,86,6,3,3,0,1.0,TOR202408210
Nick Martínez,martn002,2024-08-25,2024,CIN,PIT,1,3.0,13,54,5,0,0,0,1.0,PIT202408250
Nick Martínez,martn002,2024-08-30,2024,CIN,MIL,3,5.3,23,89,7,1,2,1,1.0,CIN202408301
Nick Martínez,martn002,2024-09-04,2024,CIN,HOU,7,5.7,26,107,6,3,0,1,1.0,CIN202409040
Nick Martínez,martn002,2024-09-09,2024,CIN,ATL,5,7.0,24,97,2,1,0,0,1.02,ATL202409090
Nick Martínez,martn002,2024-09-14,2024,CIN,MIN,6,6.0,22,76,3,0,0,0,1.0,MIN202409140
Nick Martínez,martn002,2024-09-20,2024,CIN,PIT,9,6.0,20,78,2,0,0,1,1.0,CIN202409200
Nick Martínez,martn002,2024-09-27,2024,CIN,CHN,3,8.0,27,95,5,0,0,0,0.97,CHN202409270
Zebby Matthews,mattz001,2024-08-13,2024,MIN,KCA,5,5.0,20,77,5,0,1,1,1.0,MIN202408130
Zebby Matthews,mattz001,2024-08-19,2024,MIN,SDN,1,5.0,23,92,4,2,0,0,1.08,SDN202408190
Zebby Matthews,mattz001,2024-08-25,2024,MIN,SLN,7,5.0,19,86,4,0,1,1,1.0,MIN202408250
Zebby Matthews,mattz001,2024-08-31,2024,MIN,TOR,5,2.0,17,69,10,0,3,1,1.0,MIN202408310
Zebby Matthews,mattz001,2024-09-06,2024,MIN,KCA,4,5.0,25,89,9,1,1,0,0.96,KCA202409060
Zebby Matthews,mattz001,2024-09-11,2024,MIN,ANA,5,3.3,17,61,5,2,2,1,1.0,MIN202409110
Zebby Matthews,mattz001,2024-09-17,2024,MIN,CLE,5,4.7,19,76,5,1,1,0,1.04,CLE202409170
Zebby Matthews,mattz001,2024-09-22,2024,MIN,BOS,6,4.7,18,87,2,2,0,0,0.98,BOS202409222
Zebby Matthews,mattz001,2024-09-28,2024,MIN,BAL,5,3.0,19,80,7,3,2,1,1.0,MIN202409280
Steven Matz,matzs001,2024-03-31,2024,SLN,LAN,3,5.3,22,81,5,2,0,0,1.03,LAN202403310
Steven Matz,matzs001,2024-04-06,2024,SLN,MIA,3,5.0,19,85,4,1,0,1,1.0,SLN202404060
Steven Matz,matzs001,2024-04-12,2024,SLN,ARI,2,4.7,21,76,8,0,0,0,1.03,ARI202404120
Steven Matz,matzs001,2024-04-17,2024,SLN,OAK,4,5.0,25,94,7,3,1,0,1.0,OAK202404170
Steven Matz,matzs001,2024-04-23,2024,SLN,ARI,4,4.3,22,92,6,3,1,1,1.0,SLN202404230
Steven Matz,matzs001,2024-04-30,2024,SLN,DET,1,3.3,18,73,7,2,1,0,1.0,DET202404302
Steven Matz,matzs001,2024-09-03,2024,SLN,MIL,7,4.7,18,78,3,1,2,0,1.05,MIL202409030
Adam Mazur,mazua001,2024-06-04,2024,SDN,ANA,2,6.0,21,77,2,4,0,0,0.99,ANA202406040
Adam Mazur,mazua001,2024-06-09,2024,SDN,ARI,2,3.0,20,82,8,3,1,1,1.08,SDN202406090
Adam Mazur,mazua001,2024-06-15,2024,SDN,NYN,4,3.7,20,84,3,6,0,0,1.06,NYN202406150
Adam Mazur,mazua001,2024-06-20,2024,SDN,MIL,3,4.7,22,87,5,3,1,1,1.08,SDN202406200
Adam Mazur,mazua001,2024-06-25,2024,SDN,WAS,0,5.0,20,55,6,1,1,1,1.08,SDN202406250
Adam Mazur,mazua001,2024-07-03,2024,SDN,TEX,4,4.0,19,74,7,0,0,0,0.99,TEX202407030
Adam Mazur,mazua001,2024-07-09,2024,SDN,SEA,6,4.7,25,86,7,2,2,1,1.08,SDN202407090
Adam Mazur,mazua001,2024-07-26,2024,SDN,BAL,1,2.7,11,39,2,2,1,0,1.0,BAL202407260
Darren McCaughan,mccad002,2024-09-01,2024,MIA,SFN,2,4.0,20,72,5,1,1,0,1.03,SFN202409010
Darren McCaughan,mccad002,2024-09-07,2024,MIA,PHI,4,4.7,19,73,6,0,0,1,0.98,MIA202409070
Darren McCaughan,mccad002,2024-09-12,2024,MIA,WAS,1,5.0,23,84,6,2,0,0,1.01,WAS202409120
Darren McCaughan,mccad002,2024-09-17,2024,MIA,LAN,4,3.7,18,65,6,1,2,1,0.98,MIA202409170
Darren McCaughan,mccad002,2024-09-22,2024,MIA,ATL,5,4.0,17,67,4,1,1,1,0.98,MIA202409220
Chayce McDermott,mcdec001,2024-07-24,2024,BAL,MIA,3,4.0,18,82,5,2,1,0,0.98,MIA202407240
Scott McGough,mcgos001,2024-06-09,2024,ARI,SDN,1,0.7,3,13,1,0,1,0,1.08,SDN202406090
Scott McGough,mcgos001,2024-06-15,2024,ARI,CHA,2,2.3,9,32,1,1,0,1,1.03,ARI202406150
Michael McGreevy,mcgrm001,2024-07-31,2024,SLN,TEX,3,7.0,27,99,5,1,0,1,1.0,SLN202407310
Michael McGreevy,mcgrm001,2024-09-24,2024,SLN,COL,5,5.0,20,83,4,1,1,0,0.92,COL202409240
Michael McGreevy,mcgrm001,2024-09-29,2024,SLN,SFN,6,8.0,29,91,5,0,0,0,1.03,SFN202409290
Triston McKenzie,mcket001,2024-04-01,2024,CLE,SEA,2,3.3,17,78,4,2,1,0,1.04,SEA202404010
Triston McKenzie,mcket001,2024-04-08,2024,CLE,CHA,2,5.7,23,87,3,4,0,1,1.04,CLE202404080
Triston McKenzie,mcket001,2024-04-13,2024,CLE,NYA,1,4.0,22,84,4,6,1,1,1.04,CLE202404132
Triston McKenzie,mcket001,2024-04-19,2024,CLE,OAK,6,5.0,21,84,3,3,1,1,1.04,CLE202404190
Triston McKenzie,mcket001,2024-04-25,2024,CLE,BOS,7,4.0,19,75,6,2,0,1,1.04,CLE202404250
Triston McKenzie,mcket001,2024-05-01,2024,CLE,HOU,6,7.0,26,90,5,1,1,0,1.02,HOU202405010
Triston McKenzie,mcket001,2024-05-06,2024,CLE,DET,6,5.0,21,83,3,3,1,1,1.04,CLE202405060
Triston McKenzie,mcket001,2024-05-11,2024,CLE,CHA,5,6.7,27,91,4,3,0,0,0.99,CHA202405110
Triston McKenzie,mcket001,2024-05-17,2024,CLE,MIN,5,6.7,23,91,2,4,1,1,1.04,CLE202405170
Triston McKenzie,mcket001,2024-05-22,2024,CLE,NYN,5,5.0,24,95,5,3,3,1,1.04,CLE202405220
Triston McKenzie,mcket001,2024-05-28,2024,CLE,COL,9,5.0,24,94,6,3,2,0,0.92,COL202405280
Triston McKenzie,mcket001,2024-06-04,2024,CLE,KCA,7,5.3,27,86,9,2,3,1,1.04,CLE202406040
Triston McKenzie,mcket001,2024-06-11,2024,CLE,CIN,4,5.3,22,75,4,2,0,0,1.0,CIN202406110
Triston McKenzie,mcket001,2024-06-18,2024,CLE,SEA,0,2.3,14,59,3,4,1,1,1.04,CLE202406180
Triston McKenzie,mcket001,2024-06-23,2024,CLE,TOR,6,3.0,16,74,3,4,2,1,1.04,CLE202406230
Triston McKenzie,mcket001,2024-06-28,2024,CLE,KCA,3,2.3,14,58,5,3,2,0,0.96,KCA202406280
John Means,meanj001,2024-05-04,2024,BAL,CIN,8,7.0,23,85,3,0,0,0,1.0,CIN202405040
John Means,meanj001,2024-05-11,2024,BAL,ARI,3,4.7,21,89,6,0,1,1,1.0,BAL202405110
John Means,meanj001,2024-05-17,2024,BAL,SEA,4,6.0,24,95,6,0,1,1,1.0,BAL202405170
John Means,meanj001,2024-05-22,2024,BAL,SLN,1,3.0,12,49,1,2,0,0,1.0,SLN202405220
Luis Medina,medil002,2024-06-02,2024,OAK,ATL,6,5.7,21,89,2,2,0,0,1.02,ATL202406020
Luis Medina,medil002,2024-06-08,2024,OAK,TOR,1,4.7,24,84,5,5,1,1,1.0,OAK202406080
Luis Medina,medil002,2024-06-13,2024,OAK,MIN,3,5.0,24,102,8,1,0,0,1.0,MIN202406130
Luis Medina,medil002,2024-06-19,2024,OAK,KCA,3,5.7,24,88,6,2,0,1,1.0,OAK202406190
Luis Medina,medil002,2024-06-24,2024,OAK,ANA,4,3.0,17,79,5,2,1,0,0.99,ANA202406240
Luis Medina,medil002,2024-06-30,2024,OAK,ARI,5,6.0,25,86,4,3,0,0,1.03,ARI202406300
Luis Medina,medil002,2024-07-06,2024,OAK,BAL,3,5.0,22,98,6,3,0,1,1.0,OAK202407060
Luis Medina,medil002,2024-07-11,2024,OAK,BOS,7,5.0,23,94,7,2,2,0,0.98,BOS202407110
Tylor Megill,megit002,2024-03-31,2024,NYN,MIL,4,4.0,18,78,3,3,0,1,1.06,NYN202403310
Tylor Megill,megit002,2024-05-20,2024,NYN,CLE,7,5.0,21,86,4,2,0,0,1.04,CLE202405200
Tylor Megill,megit002,2024-05-28,2024,NYN,LAN,9,7.0,25,98,3,1,0,1,1.06,NYN202405281
Tylor Megill,megit002,2024-06-03,2024,NYN,WAS,4,5.0,25,87,7,3,1,0,1.01,WAS202406030
Tylor Megill,megit002,2024-06-11,2024,NYN,MIA,8,4.7,22,87,5,2,0,1,1.06,NYN202406110
Tylor Megill,megit002,2024-06-16,2024,NYN,SDN,5,5.0,22,92,5,2,0,1,1.06,NYN202406160
Tylor Megill,megit002,2024-06-22,2024,NYN,CHN,6,3.0,17,78,5,3,1,0,0.97,CHN202406220
Tylor Megill,megit002,2024-06-29,2024,NYN,HOU,6,5.3,25,101,5,3,1,1,1.06,NYN202406290
Tylor Megill,megit002,2024-07-27,2024,NYN,ATL,4,6.0,25,95,5,2,3,1,1.06,NYN202407270
Tylor Megill,megit002,2024-08-30,2024,NYN,CHA,6,5.3,23,97,5,1,0,0,0.99,CHA202408300
Tylor Megill,megit002,2024-09-04,2024,NYN,BOS,3,4.0,17,67,5,1,0,1,1.06,NYN202409040
Tylor Megill,megit002,2024-09-09,2024,NYN,TOR,9,6.0,21,88,1,2,0,0,1.0,TOR202409090
Tylor Megill,megit002,2024-09-17,2024,NYN,WAS,4,6.0,23,94,2,2,0,1,1.06,NYN202409170
Tylor Megill,megit002,2024-09-22,2024,NYN,PHI,6,4.0,18,83,4,2,0,1,1.06,NYN202409220
Tylor Megill,megit002,2024-09-30,2024,NYN,ATL,8,5.7,26,100,8,2,2,0,1.02,ATL202409301
Cristian Mena,menac001,2024-07-03,2024,ARI,LAN,2,3.0,15,70,4,3,2,0,1.03,LAN202407030
Michael Mercado,mercm002,2024-07-02,2024,PHI,CHN,4,5.0,19,78,2,2,0,0,0.97,CHN202407020
Michael Mercado,mercm002,2024-07-07,2024,PHI,ATL,1,1.7,13,57,5,3,3,0,1.02,ATL202407070
Max Meyer,meyem001,2024-04-01,2024,MIA,ANA,4,5.0,19,79,2,2,1,1,0.98,MIA202404010
Max Meyer,meyem001,2024-04-07,2024,MIA,SLN,3,6.0,22,83,3,1,1,0,1.0,SLN202404070
Max Meyer,meyem001,2024-04-13,2024,MIA,ATL,7,6.0,24,91,6,0,0,1,0.98,MIA202404130
Max Meyer,meyem001,2024-07-27,2024,MIA,MIL,3,4.0,16,85,4,2,1,0,1.05,MIL202407270
Max Meyer,meyem001,2024-08-01,2024,MIA,ATL,7,5.0,22,92,7,1,3,0,1.02,ATL202408010
Max Meyer,meyem001,2024-08-06,2024,MIA,CIN,2,4.0,24,76,8,3,1,1,0.98,MIA202408060
Max Meyer,meyem001,2024-08-11,2024,MIA,SDN,4,6.3,25,91,7,0,0,1,0.98,MIA202408110
Max Meyer,meyem001,2024-08-17,2024,MIA,NYN,3,4.0,21,90,6,3,2,0,1.06,NYN202408170
Max Meyer,meyem001,2024-08-23,2024,MIA,CHN,2,6.0,26,91,5,2,2,1,0.98,MIA202408230
Max Meyer,meyem001,2024-08-28,2024,MIA,COL,6,5.0,23,96,5,4,1,0,0.92,COL202408280
Max Meyer,meyem001,2024-09-03,2024,MIA,WAS,5,5.7,26,94,9,1,2,1,0.98,MIA202409030
Miles Mikolas,mikom001,2024-03-28,2024,SLN,LAN,5,4.3,20,74,7,2,2,0,1.03,LAN202403280
Miles Mikolas,mikom001,2024-04-02,2024,SLN,SDN,4,6.0,26,88,7,1,0,0,1.08,SDN202404020
Miles Mikolas,mikom001,2024-04-08,2024,SLN,PHI,3,6.7,27,89,6,2,0,1,1.0,SLN202404080
Miles Mikolas,mikom001,2024-04-14,2024,SLN,ARI,3,4.7,19,75,4,2,0,0,1.03,ARI202404140
Miles Mikolas,mikom001,2024-04-20,2024,SLN,MIL,5,4.7,24,80,9,0,3,1,1.0,SLN202404200
Miles Mikolas,mikom001,2024-04-26,2024,SLN,NYN,5,5.7,23,85,7,0,1,0,1.06,NYN202404260
Miles Mikolas,mikom001,2024-05-01,2024,SLN,DET,4,6.0,25,101,6,0,1,0,1.0,DET202405010
Miles Mikolas,mikom001,2024-05-07,2024,SLN,NYN,3,4.0,22,75,9,0,1,1,1.0,SLN202405070
Miles Mikolas,mikom001,2024-05-12,2024,SLN,MIL,3,6.0,25,95,6,3,0,0,1.05,MIL202405120
Miles Mikolas,mikom001,2024-05-18,2024,SLN,BOS,4,5.0,19,79,2,1,1,1,1.0,SLN202405180
Miles Mikolas,mikom001,2024-05-25,2024,SLN,CHN,6,6.0,22,82,4,2,0,1,1.0,SLN202405250
Miles Mikolas,mikom001,2024-05-31,2024,SLN,PHI,5,6.0,23,96,5,1,1,0,1.01,PHI202405310
Miles Mikolas,mikom001,2024-06-05,2024,SLN,HOU,3,6.0,22,62,5,0,2,0,1.02,HOU202406050
Miles Mikolas,mikom001,2024-06-11,2024,SLN,PIT,6,7.0,23,84,1,1,0,1,1.0,SLN202406110
Miles Mikolas,mikom001,2024-06-16,2024,SLN,CHN,5,6.3,23,91,4,0,0,0,0.97,CHN202406160
Miles Mikolas,mikom001,2024-06-22,2024,SLN,SFN,3,6.0,25,88,6,2,0,1,1.0,SLN202406220
Miles Mikolas,mikom001,2024-06-27,2024,SLN,CIN,1,4.3,26,94,12,1,1,1,1.0,SLN202406270
Miles Mikolas,mikom001,2024-07-03,2024,SLN,PIT,4,6.0,22,87,5,0,0,0,1.0,PIT202407030
Miles Mikolas,mikom001,2024-07-08,2024,SLN,WAS,3,6.3,25,93,6,0,0,0,1.01,WAS202407080
Miles Mikolas,mikom001,2024-07-14,2024,SLN,CHN,2,5.3,23,72,8,0,4,1,1.0,SLN202407140
Miles Mikolas,mikom001,2024-07-21,2024,SLN,ATL,3,6.0,23,88,7,1,1,0,1.02,ATL202407210
Miles Mikolas,mikom001,2024-07-28,2024,SLN,WAS,3,6.0,26,89,7,1,0,1,1.0,SLN202407280
Miles Mikolas,mikom001,2024-08-04,2024,SLN,CHN,3,4.0,21,88,8,2,0,0,0.97,CHN202408040
Miles Mikolas,mikom001,2024-08-09,2024,SLN,KCA,3,4.0,20,78,8,0,0,0,0.96,KCA202408090
Miles Mikolas,mikom001,2024-08-16,2024,SLN,LAN,7,5.7,24,100,7,0,2,1,1.0,SLN202408160
Miles Mikolas,mikom001,2024-08-22,2024,SLN,MIL,3,6.0,22,90,2,1,0,1,1.0,SLN202408220
Miles Mikolas,mikom001,2024-08-27,2024,SLN,SDN,3,5.7,23,93,6,1,1,1,1.0,SLN202408270
Miles Mikolas,mikom001,2024-09-01,2024,SLN,NYA,5,4.0,19,90,7,0,1,0,0.99,NYA202409010
Miles Mikolas,mikom001,2024-09-08,2024,SLN,SEA,3,2.0,15,54,9,0,1,1,1.0,SLN202409080
Miles Mikolas,mikom001,2024-09-15,2024,SLN,TOR,4,5.0,17,72,3,0,1,0,1.0,TOR202409150
Miles Mikolas,mikom001,2024-09-21,2024,SLN,CLE,4,6.0,22,81,4,0,1,1,1.0,SLN202409210
Miles Mikolas,mikom001,2024-09-27,2024,SLN,SFN,4,5.0,24,92,7,1,1,0,1.03,SFN202409270
Wade Miley,milew001,2024-04-10,2024,MIL,CIN,0,4.0,14,52,1,2,0,0,1.0,CIN202404100
Wade Miley,milew001,2024-04-16,2024,MIL,SDN,2,3.0,16,66,5,2,1,1,1.05,MIL202404160
Bryce Miller,millb004,2024-03-31,2024,SEA,BOS,6,5.0,22,91,6,2,2,1,1.04,SEA202403310
Bryce Miller,millb004,2024-04-06,2024,SEA,MIL,7,7.0,25,78,3,1,0,0,1.05,MIL202404060
Bryce Miller,millb004,2024-04-12,2024,SEA,CHN,4,6.3,25,100,3,3,0,1,1.04,SEA202404120
Bryce Miller,millb004,2024-04-17,2024,SEA,CIN,7,6.0,20,91,1,1,1,1,1.04,SEA202404170
Bryce Miller,millb004,2024-04-24,2024,SEA,TEX,5,4.0,19,83,4,4,2,0,0.99,TEX202404240
Bryce Miller,millb004,2024-04-29,2024,SEA,ATL,10,7.0,23,97,2,1,0,1,1.04,SEA202404290
Bryce Miller,millb004,2024-05-05,2024,SEA,HOU,3,6.0,24,82,6,1,2,0,1.02,HOU202405050
Bryce Miller,millb004,2024-05-11,2024,SEA,OAK,9,6.0,25,96,5,2,0,1,1.04,SEA202405110
Bryce Miller,millb004,2024-05-17,2024,SEA,BAL,1,5.3,24,86,6,1,1,0,1.0,BAL202405170
Bryce Miller,millb004,2024-05-22,2024,SEA,NYA,4,6.0,23,78,5,0,3,0,0.99,NYA202405220
Bryce Miller,millb004,2024-05-27,2024,SEA,HOU,6,6.0,25,93,5,2,0,1,1.04,SEA202405270
Bryce Miller,millb004,2024-06-01,2024,SEA,ANA,9,6.0,21,83,3,1,0,1,1.04,SEA202406010
Bryce Miller,millb004,2024-06-07,2024,SEA,KCA,1,5.0,23,88,6,3,1,0,0.96,KCA202406070
Bryce Miller,millb004,2024-06-12,2024,SEA,CHA,8,7.0,24,92,2,2,0,1,1.04,SEA202406120
Bryce Miller,millb004,2024-06-18,2024,SEA,CLE,2,5.7,25,92,6,2,0,0,1.04,CLE202406180
Bryce Miller,millb004,2024-06-23,2024,SEA,MIA,3,4.0,18,61,6,1,2,0,0.98,MIA202406230
Bryce Miller,millb004,2024-06-29,2024,SEA,MIN,6,5.0,20,87,5,1,0,1,1.04,SEA202406290
Bryce Miller,millb004,2024-07-04,2024,SEA,BAL,6,5.7,25,93,8,1,1,1,1.04,SEA202407040
Bryce Miller,millb004,2024-07-10,2024,SEA,SDN,1,6.0,21,80,5,0,0,0,1.08,SDN202407100
Bryce Miller,millb004,2024-07-22,2024,SEA,ANA,5,7.0,26,94,3,0,0,1,1.04,SEA202407220
Bryce Miller,millb004,2024-07-28,2024,SEA,CHA,6,6.3,25,88,7,0,1,0,0.99,CHA202407280
Bryce Miller,millb004,2024-08-03,2024,SEA,PHI,4,4.3,20,84,6,1,0,1,1.04,SEA202408030
Bryce Miller,millb004,2024-08-09,2024,SEA,NYN,6,6.0,22,87,3,1,0,1,1.04,SEA202408090
Bryce Miller,millb004,2024-08-15,2024,SEA,DET,9,7.0,23,90,2,0,0,0,1.0,DET202408150
Bryce Miller,millb004,2024-08-20,2024,SEA,LAN,5,4.0,19,92,5,2,2,0,1.03,LAN202408200
Bryce Miller,millb004,2024-08-26,2024,SEA,TBA,10,7.0,23,91,2,0,1,1,1.04,SEA202408260
Bryce Miller,millb004,2024-09-01,2024,SEA,ANA,4,4.7,22,91,4,3,1,0,0.99,ANA202409010
Bryce Miller,millb004,2024-09-06,2024,SEA,SLN,4,6.0,22,94,3,2,0,0,1.0,SLN202409060
Bryce Miller,millb004,2024-09-12,2024,SEA,TEX,7,6.0,22,84,5,1,1,1,1.04,SEA202409120
Bryce Miller,millb004,2024-09-18,2024,SEA,NYA,8,6.0,23,106,2,4,0,1,1.04,SEA202409180
Bryce Miller,millb004,2024-09-23,2024,SEA,HOU,5,7.0,25,97,2,2,0,0,1.02,HOU202409230
Bobby Miller,millb005,2024-03-29,2024,LAN,SLN,11,6.0,21,93,2,1,0,1,1.03,LAN202403290
Bobby Miller,millb005,2024-04-05,2024,LAN,CHN,3,1.7,11,58,4,2,1,0,0.97,CHN202404050
Bobby Miller,millb005,2024-04-10,2024,LAN,MIN,4,4.0,18,73,5,3,1,0,1.0,MIN202404100
Bobby Miller,millb005,2024-06-19,2024,LAN,COL,2,6.3,25,79,6,3,1,0,0.92,COL202406190
Bobby Miller,millb005,2024-06-25,2024,LAN,CHA,1,2.0,12,60,4,3,1,0,0.99,CHA202406250
Bobby Miller,millb005,2024-07-02,2024,LAN,ARI,4,5.0,22,90,4,3,1,1,1.03,LAN202407020
Bobby Miller,millb005,2024-07-09,2024,LAN,PHI,2,4.0,24,87,10,3,2,0,1.01,PHI202407090
Bobby Miller,millb005,2024-08-17,2024,LAN,SLN,1,4.7,22,91,8,1,2,0,1.0,SLN202408170
Bobby Miller,millb005,2024-08-23,2024,LAN,TBA,9,6.0,24,96,7,0,2,1,1.03,LAN202408230
Bobby Miller,millb005,2024-08-29,2024,LAN,BAL,3,5.0,20,86,2,3,1,1,1.03,LAN202408290
Bobby Miller,millb005,2024-09-04,2024,LAN,ANA,8,5.0,23,85,5,3,3,0,0.99,ANA202409040
Bobby Miller,millb005,2024-09-11,2024,LAN,CHN,2,4.3,22,90,5,4,2,1,1.03,LAN202409110
Bobby Miller,millb005,2024-09-17,2024,LAN,MIA,2,2.0,14,65,7,1,0,0,0.98,MIA202409170
Erik Miller,mille002,2024-05-01,2024,SFN,BOS,1,1.0,4,18,0,2,0,0,0.98,BOS202405010
Erik Miller,mille002,2024-05-23,2024,SFN,PIT,3,1.7,7,27,2,0,1,0,1.0,PIT202405230
Erik Miller,mille002,2024-05-28,2024,SFN,PHI,2,1.0,4,20,0,1,0,1,1.03,SFN202405280
Erik Miller,mille002,2024-06-03,2024,SFN,ARI,0,1.0,4,15,2,0,0,0,1.03,ARI202406030
Erik Miller,mille002,2024-06-16,2024,SFN,ANA,0,1.0,5,15,2,0,0,1,1.03,SFN202406160
Erik Miller,mille002,2024-06-19,2024,SFN,CHN,2,1.0,4,23,0,1,0,0,0.97,CHN202406190
Erik Miller,mille002,2024-06-24,2024,SFN,CHN,0,1.0,3,16,0,1,0,1,1.03,SFN202406240
Erik Miller,mille002,2024-06-29,2024,SFN,LAN,1,1.0,3,13,0,0,0,1,1.03,SFN202406290
Erik Miller,mille002,2024-07-05,2024,SFN,CLE,0,1.0,4,13,1,1,0,0,1.04,CLE202407050
Erik Miller,mille002,2024-07-28,2024,SFN,COL,2,1.0,3,11,0,0,0,1,1.03,SFN202407280
Hoby Milner,milnh001,2024-06-25,2024,MIL,TEX,2,2.0,7,28,2,0,0,1,1.05,MIL202406250
Casey Mize,mizec001,2024-04-04,2024,DET,NYN,4,4.3,21,87,5,2,0,0,1.06,NYN202404041
Casey Mize,mizec001,2024-04-09,2024,DET,PIT,2,5.0,21,83,5,1,1,0,1.0,PIT202404090
Casey Mize,mizec001,2024-04-16,2024,DET,TEX,6,6.0,23,95,5,0,0,1,1.0,DET202404160
Casey Mize,mizec001,2024-04-21,2024,DET,MIN,4,6.0,25,90,5,3,0,0,1.0,MIN202404210
Casey Mize,mizec001,2024-04-27,2024,DET,KCA,2,5.0,23,87,6,0,0,1,1.0,DET202404270
Casey Mize,mizec001,2024-05-04,2024,DET,NYA,6,5.3,26,93,9,1,1,0,0.99,NYA202405040
Casey Mize,mizec001,2024-05-10,2024,DET,HOU,2,6.0,23,88,5,2,1,1,1.0,DET202405100
Casey Mize,mizec001,2024-05-15,2024,DET,MIA,6,6.0,21,90,2,1,1,1,1.0,DET202405150
Casey Mize,mizec001,2024-05-21,2024,DET,KCA,2,1.7,15,52,9,0,1,0,0.96,KCA202405210
Casey Mize,mizec001,2024-05-26,2024,DET,TOR,0,4.3,22,86,8,2,1,1,1.0,DET202405260
Casey Mize,mizec001,2024-06-02,2024,DET,BOS,4,4.0,19,82,5,4,0,0,0.98,BOS202406020
Casey Mize,mizec001,2024-06-08,2024,DET,MIL,1,5.3,25,97,8,2,0,1,1.0,DET202406080
Casey Mize,mizec001,2024-06-13,2024,DET,WAS,4,6.0,22,84,4,1,0,1,1.0,DET202406130
Casey Mize,mizec001,2024-06-18,2024,DET,ATL,3,4.0,18,87,5,0,0,0,1.02,ATL202406180
Casey Mize,mizec001,2024-06-24,2024,DET,PHI,10,4.3,23,101,9,0,1,1,1.0,DET202406240
Casey Mize,mizec001,2024-06-30,2024,DET,ANA,2,5.3,18,86,3,2,0,0,0.99,ANA202406300
Casey Mize,mizec001,2024-08-30,2024,DET,BOS,4,6.0,25,85,5,1,1,1,1.0,DET202408300
Casey Mize,mizec001,2024-09-05,2024,DET,SDN,2,5.3,22,83,6,1,2,0,1.08,SDN202409050
Casey Mize,mizec001,2024-09-11,2024,DET,COL,7,4.7,21,66,6,0,1,1,1.0,DET202409110
Casey Mize,mizec001,2024-09-17,2024,DET,KCA,3,4.3,21,89,6,4,0,0,0.96,KCA202409170
Carmen Mlodzinski,mlodc001,2024-06-08,2024,PIT,MIN,1,1.7,6,18,0,0,0,1,1.0,PIT202406080
Carmen Mlodzinski,mlodc001,2024-06-14,2024,PIT,COL,2,1.0,5,24,1,1,0,0,0.92,COL202406140
Carmen Mlodzinski,mlodc001,2024-06-21,2024,PIT,TBA,0,1.7,9,40,4,0,0,1,1.0,PIT202406210
Carmen Mlodzinski,mlodc001,2024-09-10,2024,PIT,MIA,1,2.0,6,27,0,0,0,1,1.0,PIT202409100
Anthony Molina,molia001,2024-05-27,2024,COL,CLE,0,1.7,10,45,2,3,0,1,0.92,COL202405270
Frankie Montas,montf001,2024-03-28,2024,CIN,WAS,4,6.0,21,81,4,0,0,1,1.0,CIN202403280
Frankie Montas,montf001,2024-04-03,2024,CIN,PHI,5,5.7,24,100,5,3,1,0,1.01,PHI202404030
Frankie Montas,montf001,2024-04-09,2024,CIN,MIL,4,5.0,23,96,6,1,0,1,1.0,CIN202404090
Frankie Montas,montf001,2024-04-15,2024,CIN,SEA,1,2.0,13,66,3,5,2,0,1.04,SEA202404150
Frankie Montas,montf001,2024-04-21,2024,CIN,ANA,0,0.7,3,16,0,1,0,1,1.0,CIN202404210
Frankie Montas,montf001,2024-05-07,2024,CIN,ARI,7,6.0,24,87,4,1,0,1,1.0,CIN202405070
Frankie Montas,montf001,2024-05-12,2024,CIN,SFN,3,4.7,24,78,7,1,1,0,1.03,SFN202405120
Frankie Montas,montf001,2024-05-17,2024,CIN,LAN,1,5.0,23,98,4,3,2,0,1.03,LAN202405170
Frankie Montas,montf001,2024-05-23,2024,CIN,SDN,3,6.0,27,94,9,1,0,1,1.0,CIN202405230
Frankie Montas,montf001,2024-05-29,2024,CIN,SLN,5,6.0,25,107,6,2,1,1,1.0,CIN202405290
Frankie Montas,montf001,2024-06-04,2024,CIN,COL,9,7.0,25,96,1,2,0,0,0.92,COL202406040
Frankie Montas,montf001,2024-06-09,2024,CIN,CHN,2,1.3,12,55,5,3,0,1,1.0,CIN202406090
Frankie Montas,montf001,2024-06-16,2024,CIN,MIL,5,5.0,21,89,4,3,0,0,1.05,MIL202406160
Frankie Montas,montf001,2024-06-22,2024,CIN,BOS,4,6.0,23,72,5,1,1,1,1.0,CIN202406220
Frankie Montas,montf001,2024-06-28,2024,CIN,SLN,5,6.0,23,98,2,3,0,0,1.0,SLN202406280
Frankie Montas,montf001,2024-07-04,2024,CIN,NYA,4,5.0,22,94,4,3,2,0,0.99,NYA202407040
Frankie Montas,montf001,2024-07-10,2024,CIN,COL,7,7.0,29,101,8,2,2,1,1.0,CIN202407100
Frankie Montas,montf001,2024-07-19,2024,CIN,WAS,3,4.7,22,84,6,3,2,0,1.01,WAS202407190
Frankie Montas,montf001,2024-07-24,2024,CIN,ATL,6,4.3,27,101,10,3,0,0,1.02,ATL202407240
Frankie Montas,montf001,2024-08-02,2024,MIL,WAS,5,5.0,24,89,9,0,1,0,1.01,WAS202408020
Frankie Montas,montf001,2024-08-08,2024,MIL,ATL,7,4.0,19,91,2,4,1,0,1.02,ATL202408080
Frankie Montas,montf001,2024-08-14,2024,MIL,LAN,6,5.0,24,102,5,3,0,1,1.05,MIL202408140
Frankie Montas,montf001,2024-08-20,2024,MIL,SLN,3,7.0,23,89,1,1,0,0,1.0,SLN202408200
Frankie Montas,montf001,2024-08-25,2024,MIL,OAK,7,6.0,25,106,5,2,0,0,1.0,OAK202408250
Frankie Montas,montf001,2024-08-31,2024,MIL,CIN,4,6.0,26,97,7,3,1,0,1.0,CIN202408310
Frankie Montas,montf001,2024-09-06,2024,MIL,COL,10,6.0,23,94,2,3,1,1,1.05,MIL202409060
Frankie Montas,montf001,2024-09-12,2024,MIL,SFN,8,6.0,22,102,2,2,0,0,1.03,SFN202409120
Frankie Montas,montf001,2024-09-17,2024,MIL,PHI,10,5.7,24,100,6,2,2,1,1.05,MIL202409170
Frankie Montas,montf001,2024-09-22,2024,MIL,ARI,4,2.7,17,68,6,2,3,1,1.05,MIL202409220
Frankie Montas,montf001,2024-09-27,2024,MIL,NYN,6,4.0,17,82,2,3,1,1,1.05,MIL202409270
Jordan Montgomery,montj004,2024-04-19,2024,ARI,SFN,3,6.0,22,78,4,0,1,0,1.03,SFN202404190
Jordan Montgomery,montj004,2024-04-24,2024,ARI,SLN,4,7.0,28,87,7,1,0,0,1.0,SLN202404240
Jordan Montgomery,montj004,2024-05-01,2024,ARI,LAN,1,3.0,17,63,6,3,2,1,1.03,ARI202405010
Jordan Montgomery,montj004,2024-05-08,2024,ARI,CIN,2,7.0,28,95,7,2,0,0,1.0,CIN202405080
Jordan Montgomery,montj004,2024-05-13,2024,ARI,CIN,7,5.3,24,101,7,3,0,1,1.03,ARI202405130
Jordan Montgomery,montj004,2024-05-19,2024,ARI,DET,3,6.0,24,92,5,2,1,1,1.03,ARI202405190
Jordan Montgomery,montj004,2024-05-25,2024,ARI,MIA,4,6.0,26,77,9,1,0,1,1.03,ARI202405250
Jordan Montgomery,montj004,2024-05-31,2024,ARI,NYN,4,4.0,25,83,10,3,0,0,1.06,NYN202405310
Jordan Montgomery,montj004,2024-06-05,2024,ARI,SFN,1,2.0,16,61,7,3,2,1,1.03,ARI202406050
Jordan Montgomery,montj004,2024-06-11,2024,ARI,ANA,3,5.7,23,87,6,1,1,1,1.03,ARI202406110
Jordan Montgomery,montj004,2024-06-16,2024,ARI,CHA,7,5.0,21,84,4,2,0,1,1.03,ARI202406160
Jordan Montgomery,montj004,2024-06-21,2024,ARI,PHI,5,6.0,24,83,5,1,1,0,1.01,PHI202406210
Jordan Montgomery,montj004,2024-06-27,2024,ARI,MIN,1,2.7,20,74,10,1,0,1,1.03,ARI202406270
Jordan Montgomery,montj004,2024-07-23,2024,ARI,KCA,2,5.0,18,67,3,1,0,0,0.96,KCA202407230
Jordan Montgomery,montj004,2024-07-29,2024,ARI,WAS,1,4.0,22,78,9,3,1,1,1.03,ARI202407290
Jordan Montgomery,montj004,2024-08-03,2024,ARI,PIT,3,3.0,12,53,1,2,1,0,1.0,PIT202408030
Jordan Montgomery,montj004,2024-08-08,2024,ARI,PHI,4,5.7,28,92,8,3,0,1,1.03,ARI202408080
Jordan Montgomery,montj004,2024-08-14,2024,ARI,COL,8,6.0,26,106,5,3,0,1,1.03,ARI202408140
Jordan Montgomery,montj004,2024-08-21,2024,ARI,MIA,4,5.7,28,88,10,1,2,0,0.98,MIA202408210
Jordan Montgomery,montj004,2024-09-17,2024,ARI,COL,4,4.7,22,79,6,2,1,0,0.92,COL202409170
Jordan Montgomery,montj004,2024-09-22,2024,ARI,MIL,6,4.3,21,91,6,2,0,0,1.05,MIL202409220
Keider Montero,montk001,2024-05-29,2024,DET,PIT,5,4.3,19,87,5,1,2,1,1.0,DET202405292
Keider Montero,montk001,2024-07-03,2024,DET,MIN,4,6.3,27,80,6,1,1,0,1.0,MIN202407030
Keider Montero,montk001,2024-07-08,2024,DET,CLE,4,6.3,21,73,3,1,0,1,1.0,DET202407080
Keider Montero,montk001,2024-07-13,2024,DET,LAN,4,5.0,25,92,7,4,1,1,1.0,DET202407130
Keider Montero,montk001,2024-07-21,2024,DET,TOR,3,5.3,23,72,8,0,2,0,1.0,TOR202407210
Keider Montero,montk001,2024-07-26,2024,DET,MIN,5,5.0,24,96,8,1,3,1,1.0,DET202407260
Keider Montero,montk001,2024-08-01,2024,DET,KCA,3,7.0,27,88,6,1,1,1,1.0,DET202408010
Keider Montero,montk001,2024-08-06,2024,DET,SEA,8,6.0,21,85,4,1,1,0,1.04,SEA202408060
Keider Montero,montk001,2024-08-11,2024,DET,SFN,2,5.0,23,85,5,4,0,0,1.03,SFN202408110
Keider Montero,montk001,2024-08-17,2024,DET,NYA,5,5.0,19,87,2,2,0,1,1.0,DET202408170
Keider Montero,montk001,2024-08-23,2024,DET,CHA,4,5.0,22,88,6,2,0,0,0.99,CHA202408230
Keider Montero,montk001,2024-08-29,2024,DET,ANA,5,5.0,21,89,5,3,1,1,1.0,DET202408290
Keider Montero,montk001,2024-09-04,2024,DET,SDN,2,4.3,22,71,7,2,1,0,1.08,SDN202409040
Keider Montero,montk001,2024-09-10,2024,DET,COL,5,9.0,27,96,3,0,0,1,1.0,DET202409100
Keider Montero,montk001,2024-09-15,2024,DET,BAL,1,5.0,20,63,5,1,0,1,1.0,DET202409150
Keider Montero,montk001,2024-09-25,2024,DET,TBA,2,2.7,14,55,4,2,1,1,1.0,DET202409250
Charlie Morton,mortc002,2024-04-01,2024,ATL,CHA,6,5.7,22,91,3,2,0,0,0.99,CHA202404010
Charlie Morton,mortc002,2024-04-08,2024,ATL,NYN,4,5.7,25,105,5,5,1,1,1.02,ATL202404080
Charlie Morton,mortc002,2024-04-14,2024,ATL,MIA,8,5.7,24,79,7,1,1,0,0.98,MIA202404140
Charlie Morton,mortc002,2024-04-20,2024,ATL,TEX,4,6.0,24,91,4,2,0,1,1.02,ATL202404200
Charlie Morton,mortc002,2024-04-27,2024,ATL,CLE,6,7.0,25,91,4,1,0,1,1.02,ATL202404270
Charlie Morton,mortc002,2024-05-03,2024,ATL,LAN,5,6.0,24,98,5,2,1,0,1.03,LAN202405030
Charlie Morton,mortc002,2024-05-10,2024,ATL,NYN,7,7.0,24,99,3,1,1,0,1.06,NYN202405100
Charlie Morton,mortc002,2024-05-15,2024,ATL,CHN,4,3.0,18,76,5,3,1,1,1.02,ATL202405150
Charlie Morton,mortc002,2024-05-21,2024,ATL,CHN,8,5.0,24,94,4,4,0,0,0.97,CHN202405210
Charlie Morton,mortc002,2024-05-27,2024,ATL,WAS,7,5.7,28,103,12,2,1,1,1.02,ATL202405270
Charlie Morton,mortc002,2024-06-02,2024,ATL,OAK,6,6.0,23,97,1,5,0,1,1.02,ATL202406020
Charlie Morton,mortc002,2024-06-08,2024,ATL,WAS,3,5.0,23,87,7,0,0,0,1.01,WAS202406080
Charlie Morton,mortc002,2024-06-15,2024,ATL,TBA,8,6.0,23,105,3,2,0,1,1.02,ATL202406150
Charlie Morton,mortc002,2024-06-22,2024,ATL,NYA,4,5.7,25,97,5,5,1,0,0.99,NYA202406220
Charlie Morton,mortc002,2024-06-28,2024,ATL,PIT,7,6.3,24,104,3,1,0,1,1.02,ATL202406280
Charlie Morton,mortc002,2024-07-04,2024,ATL,SFN,5,5.3,24,94,5,2,2,1,1.02,ATL202407040
Charlie Morton,mortc002,2024-07-10,2024,ATL,ARI,5,6.3,24,96,5,0,2,0,1.03,ARI202407100
Charlie Morton,mortc002,2024-07-20,2024,ATL,SLN,4,6.0,23,94,6,1,0,1,1.02,ATL202407201
Charlie Morton,mortc002,2024-07-26,2024,ATL,NYN,2,2.7,17,60,6,1,3,0,1.06,NYN202407260
Charlie Morton,mortc002,2024-08-01,2024,ATL,MIA,6,6.0,24,96,5,2,0,1,1.02,ATL202408010
Charlie Morton,mortc002,2024-08-08,2024,ATL,MIL,3,2.7,18,83,9,1,4,1,1.02,ATL202408080
Charlie Morton,mortc002,2024-08-13,2024,ATL,SFN,8,6.0,25,98,6,1,1,0,1.03,SFN202408130
Charlie Morton,mortc002,2024-08-18,2024,ATL,ANA,7,5.3,20,82,2,2,0,0,0.99,ANA202408180
Charlie Morton,mortc002,2024-08-24,2024,ATL,WAS,6,5.7,25,95,8,2,1,1,1.02,ATL202408240
Charlie Morton,mortc002,2024-08-29,2024,ATL,PHI,7,5.7,27,105,5,4,1,0,1.01,PHI202408290
Charlie Morton,mortc002,2024-09-04,2024,ATL,COL,8,5.0,22,100,5,3,0,1,1.02,ATL202409040
Charlie Morton,mortc002,2024-09-09,2024,ATL,CIN,7,6.7,28,100,6,2,0,1,1.02,ATL202409090
Charlie Morton,mortc002,2024-09-15,2024,ATL,LAN,6,6.0,23,91,3,2,0,1,1.02,ATL202409150
Charlie Morton,mortc002,2024-09-20,2024,ATL,MIA,3,6.0,27,105,7,4,0,0,0.98,MIA202409200
Charlie Morton,mortc002,2024-09-29,2024,ATL,KCA,3,4.3,18,75,5,2,2,1,1.02,ATL202409290
Roddery Muñoz,munor001,2024-04-20,2024,MIA,CHN,7,5.0,18,77,2,1,2,0,0.97,CHN202404202
Roddery Muñoz,munor001,2024-05-01,2024,MIA,COL,7,6.0,23,82,3,2,0,1,0.98,MIA202405010
Roddery Muñoz,munor001,2024-05-06,2024,MIA,LAN,5,4.7,25,104,7,4,4,0,1.03,LAN202405060
Roddery Muñoz,munor001,2024-06-08,2024,MIA,CLE,3,4.0,19,88,5,4,2,1,0.98,MIA202406080
Roddery Muñoz,munor001,2024-06-13,2024,MIA,NYN,5,6.0,19,81,1,1,0,0,1.06,NYN202406130
Roddery Muñoz,munor001,2024-06-18,2024,MIA,SLN,3,4.0,23,76,8,2,3,1,0.98,MIA202406180
Roddery Muñoz,munor001,2024-06-24,2024,MIA,KCA,4,6.0,27,93,6,4,3,0,0.96,KCA202406240
Roddery Muñoz,munor001,2024-06-29,2024,MIA,PHI,4,4.7,21,79,5,2,1,0,1.01,PHI202406290
Roddery Muñoz,munor001,2024-07-11,2024,MIA,HOU,2,6.7,30,94,5,2,0,0,1.02,HOU202407110
Roddery Muñoz,munor001,2024-07-20,2024,MIA,NYN,5,5.0,21,74,3,3,0,1,0.98,MIA202407200
Roddery Muñoz,munor001,2024-07-25,2024,MIA,BAL,3,5.0,23,91,6,2,3,1,0.98,MIA202407250
Roddery Muñoz,munor001,2024-07-31,2024,MIA,TBA,7,5.0,19,78,4,1,1,0,1.05,TBA202407310
Roddery Muñoz,munor001,2024-08-05,2024,MIA,CIN,2,3.7,22,83,7,3,2,1,0.98,MIA202408050
Roddery Muñoz,munor001,2024-08-10,2024,MIA,SDN,3,5.0,21,87,6,0,0,1,0.98,MIA202408100
Roddery Muñoz,munor001,2024-08-16,2024,MIA,NYN,5,3.3,19,93,5,3,1,0,1.06,NYN202408160
Roddery Muñoz,munor001,2024-08-21,2024,MIA,ARI,3,3.3,16,73,5,3,1,1,0.98,MIA202408210
Roddery Muñoz,munor001,2024-08-27,2024,MIA,COL,0,1.3,13,45,7,1,3,0,0.92,COL202408270
Joe Musgrove,musgj001,2024-03-21,2024,SDN,LAN,2,2.7,17,60,7,2,0,0,1.03,LAN202403210
Joe Musgrove,musgj001,2024-03-29,2024,SDN,SFN,3,5.7,26,84,8,1,1,1,1.08,SDN202403290
Joe Musgrove,musgj001,2024-04-03,2024,SDN,SLN,7,6.0,22,88,5,1,0,1,1.08,SDN202404030
Joe Musgrove,musgj001,2024-04-09,2024,SDN,CHN,5,4.0,21,85,5,3,1,1,1.08,SDN202404090
Joe Musgrove,musgj001,2024-04-15,2024,SDN,MIL,3,6.0,26,94,7,4,1,0,1.05,MIL202404150
Joe Musgrove,musgj001,2024-04-21,2024,SDN,TOR,3,7.0,25,99,5,0,2,1,1.08,SDN202404210
Joe Musgrove,musgj001,2024-04-26,2024,SDN,PHI,4,3.7,21,90,8,2,4,1,1.08,SDN202404260
Joe Musgrove,musgj001,2024-05-01,2024,SDN,CIN,9,6.0,21,87,4,0,1,1,1.08,SDN202405010
Joe Musgrove,musgj001,2024-05-21,2024,SDN,CIN,3,3.0,15,66,3,2,0,0,1.0,CIN202405210
Joe Musgrove,musgj001,2024-05-26,2024,SDN,NYA,5,5.3,20,87,6,0,0,1,1.08,SDN202405260
Joe Musgrove,musgj001,2024-08-12,2024,SDN,PIT,1,4.3,17,63,2,1,0,1,1.08,SDN202408120
Joe Musgrove,musgj001,2024-08-18,2024,SDN,COL,6,4.3,17,73,3,2,0,0,0.92,COL202408180
Joe Musgrove,musgj001,2024-08-23,2024,SDN,NYN,9,7.0,22,75,1,0,0,1,1.08,SDN202408230
Joe Musgrove,musgj001,2024-08-28,2024,SDN,SLN,3,6.0,25,94,7,1,0,0,1.0,SLN202408280
Joe Musgrove,musgj001,2024-09-02,2024,SDN,DET,8,6.0,23,94,3,2,0,1,1.08,SDN202409020
Joe Musgrove,musgj001,2024-09-08,2024,SDN,SFN,7,4.3,22,74,8,1,3,1,1.08,SDN202409080
Joe Musgrove,musgj001,2024-09-14,2024,SDN,SFN,8,6.0,22,91,3,0,0,0,1.03,SFN202409140
Joe Musgrove,musgj001,2024-09-20,2024,SDN,CHA,9,6.0,23,93,4,0,0,1,1.08,SDN202409200
Joe Musgrove,musgj001,2024-09-26,2024,SDN,LAN,6,6.3,25,85,5,1,1,0,1.03,LAN202409260
Tobias Myers,myert001,2024-04-23,2024,MIL,PIT,4,5.0,19,83,4,1,1,0,1.0,PIT202404230
Tobias Myers,myert001,2024-04-28,2024,MIL,NYA,5,5.0,20,64,5,0,2,1,1.05,MIL202404280
Tobias Myers,myert001,2024-05-04,2024,MIL,CHN,2,3.0,16,62,3,4,2,0,0.97,CHN202405040
Tobias Myers,myert001,2024-05-09,2024,MIL,SLN,6,4.0,19,84,3,4,1,1,1.05,MIL202405090
Tobias Myers,myert001,2024-05-26,2024,MIL,BOS,4,4.3,18,64,6,0,0,0,0.98,BOS202405260
Tobias Myers,myert001,2024-05-31,2024,MIL,CHA,4,4.3,21,78,7,1,1,1,1.05,MIL202405310
Tobias Myers,myert001,2024-06-07,2024,MIL,DET,5,8.0,27,100,1,3,0,0,1.0,DET202406070
Tobias Myers,myert001,2024-06-12,2024,MIL,TOR,4,6.0,20,66,3,1,1,1,1.05,MIL202406120
Tobias Myers,myert001,2024-06-18,2024,MIL,ANA,6,6.3,24,90,4,2,0,0,0.99,ANA202406180
Tobias Myers,myert001,2024-06-23,2024,MIL,SDN,3,5.0,20,78,5,0,0,0,1.08,SDN202406230
Tobias Myers,myert001,2024-06-29,2024,MIL,CHN,6,6.0,27,82,7,2,1,1,1.05,MIL202406290
Tobias Myers,myert001,2024-07-04,2024,MIL,COL,5,6.0,26,101,8,1,1,0,0.92,COL202407040
Tobias Myers,myert001,2024-07-10,2024,MIL,PIT,6,8.0,28,103,4,1,0,1,1.05,MIL202407100
Tobias Myers,myert001,2024-07-22,2024,MIL,CHN,6,5.3,24,87,6,2,1,0,0.97,CHN202407220
Tobias Myers,myert001,2024-07-28,2024,MIL,MIA,5,4.0,18,75,3,1,1,1,1.05,MIL202407280
Tobias Myers,myert001,2024-08-04,2024,MIL,WAS,2,5.0,18,64,4,1,1,0,1.01,WAS202408040
Tobias Myers,myert001,2024-08-10,2024,MIL,CIN,9,7.3,26,99,3,0,0,1,1.05,MIL202408100
Tobias Myers,myert001,2024-08-15,2024,MIL,LAN,1,5.7,26,93,8,1,0,1,1.05,MIL202408150
Tobias Myers,myert001,2024-08-21,2024,MIL,SLN,5,4.0,20,89,6,2,0,0,1.0,SLN202408210
Tobias Myers,myert001,2024-08-27,2024,MIL,SFN,4,5.0,19,82,3,1,2,1,1.05,MIL202408270
Tobias Myers,myert001,2024-09-01,2024,MIL,CIN,7,5.7,28,99,8,4,1,0,1.0,CIN202409010
Tobias Myers,myert001,2024-09-07,2024,MIL,COL,11,6.0,23,98,4,1,1,1,1.05,MIL202409070
Tobias Myers,myert001,2024-09-14,2024,MIL,ARI,3,6.0,26,97,9,0,1,0,1.03,ARI202409140
Tobias Myers,myert001,2024-09-19,2024,MIL,ARI,5,4.0,20,93,4,3,0,1,1.05,MIL202409190
Tobias Myers,myert001,2024-09-24,2024,MIL,PIT,2,4.0,18,49,6,0,0,0,1.0,PIT202409240
Nick Nastrini,nastn001,2024-04-15,2024,CHA,KCA,5,5.0,20,74,3,2,1,1,0.99,CHA202404150
Nick Nastrini,nastn001,2024-04-21,2024,CHA,PHI,3,3.0,20,86,6,5,0,0,1.01,PHI202404210
Nick Nastrini,nastn001,2024-05-22,2024,CHA,TOR,0,3.3,23,86,7,6,1,0,1.0,TOR202405220
Nick Nastrini,nastn001,2024-05-27,2024,CHA,TOR,5,5.0,22,82,3,4,2,1,0.99,CHA202405270
Nick Nastrini,nastn001,2024-06-02,2024,CHA,MIL,1,4.0,18,78,3,3,1,0,1.05,MIL202406020
Nick Nastrini,nastn001,2024-06-08,2024,CHA,BOS,5,4.3,19,87,2,5,1,1,0.99,CHA202406080
Nick Nastrini,nastn001,2024-08-29,2024,CHA,TEX,3,6.0,22,98,3,1,1,1,0.99,CHA202408290
Nick Nastrini,nastn001,2024-09-03,2024,CHA,BAL,2,1.7,16,72,4,6,0,0,1.0,BAL202409030
Ryne Nelson,nelsr003,2024-04-01,2024,ARI,NYA,2,2.7,17,76,5,4,0,1,1.03,ARI202404010
Ryne Nelson,nelsr003,2024-04-07,2024,ARI,ATL,7,5.0,21,98,5,0,2,0,1.02,ATL202404070
Ryne Nelson,nelsr003,2024-04-13,2024,ARI,SLN,4,6.0,26,81,7,1,0,1,1.03,ARI202404130
Ryne Nelson,nelsr003,2024-04-18,2024,ARI,SFN,0,2.0,7,27,2,0,0,0,1.03,SFN202404180
Ryne Nelson,nelsr003,2024-05-05,2024,ARI,SDN,3,5.0,23,99,8,1,1,1,1.03,ARI202405050
Ryne Nelson,nelsr003,2024-05-11,2024,ARI,BAL,3,4.7,22,87,10,0,1,0,1.0,BAL202405110
Ryne Nelson,nelsr003,2024-05-17,2024,ARI,DET,4,4.0,25,83,11,1,0,1,1.03,ARI202405170
Ryne Nelson,nelsr003,2024-05-29,2024,ARI,TEX,3,6.0,25,95,5,3,1,0,0.99,TEX202405290
Ryne Nelson,nelsr003,2024-06-03,2024,ARI,SFN,1,7.7,27,80,6,0,1,1,1.03,ARI202406030
Ryne Nelson,nelsr003,2024-06-08,2024,ARI,SDN,1,3.3,21,91,6,4,1,0,1.08,SDN202406080
Ryne Nelson,nelsr003,2024-06-14,2024,ARI,CHA,8,6.0,24,95,6,1,0,1,1.03,ARI202406140
Ryne Nelson,nelsr003,2024-06-20,2024,ARI,WAS,2,7.0,24,70,3,0,2,0,1.01,WAS202406200
Ryne Nelson,nelsr003,2024-06-26,2024,ARI,MIN,3,3.7,23,77,10,0,0,1,1.03,ARI202406260
Ryne Nelson,nelsr003,2024-07-07,2024,ARI,SDN,5,6.7,23,87,3,1,1,0,1.08,SDN202407070
Ryne Nelson,nelsr003,2024-07-12,2024,ARI,TOR,5,7.0,26,98,5,0,0,1,1.03,ARI202407120
Ryne Nelson,nelsr003,2024-07-19,2024,ARI,CHN,9,5.7,22,96,3,2,0,0,0.97,CHN202407190
Ryne Nelson,nelsr003,2024-07-24,2024,ARI,KCA,2,6.0,27,90,9,2,0,0,0.96,KCA202407240
Ryne Nelson,nelsr003,2024-07-30,2024,ARI,WAS,9,7.0,24,106,2,2,0,1,1.03,ARI202407300
Ryne Nelson,nelsr003,2024-08-04,2024,ARI,PIT,7,5.0,23,97,6,2,0,0,1.0,PIT202408040
Ryne Nelson,nelsr003,2024-08-09,2024,ARI,PHI,9,7.3,25,97,3,1,1,1,1.03,ARI202408090
Ryne Nelson,nelsr003,2024-08-16,2024,ARI,TBA,6,6.3,24,94,5,0,1,0,1.05,TBA202408160
Ryne Nelson,nelsr003,2024-08-23,2024,ARI,BOS,7,6.0,24,96,5,1,1,0,0.98,BOS202408230
Ryne Nelson,nelsr003,2024-08-29,2024,ARI,NYN,4,6.3,25,95,8,0,2,1,1.03,ARI202408290
Ryne Nelson,nelsr003,2024-09-03,2024,ARI,SFN,9,6.7,26,102,4,2,1,0,1.03,SFN202409030
Ryne Nelson,nelsr003,2024-09-08,2024,ARI,HOU,4,4.7,23,88,6,2,1,0,1.02,HOU202409080
Aaron Nola,nolaa001,2024-03-30,2024,PHI,ATL,3,4.3,24,83,11,1,2,1,1.01,PHI202403300
Aaron Nola,nolaa001,2024-04-05,2024,PHI,WAS,4,5.7,22,95,2,4,0,0,1.01,WAS202404050
Aaron Nola,nolaa001,2024-04-10,2024,PHI,SLN,3,6.0,23,93,3,3,2,0,1.0,SLN202404100
Aaron Nola,nolaa001,2024-04-15,2024,PHI,COL,9,7.3,27,99,4,1,1,1,1.01,PHI202404150
Aaron Nola,nolaa001,2024-04-21,2024,PHI,CHA,7,8.0,29,91,4,1,1,1,1.01,PHI202404210
Aaron Nola,nolaa001,2024-04-26,2024,PHI,SDN,10,8.0,32,106,7,1,1,0,1.08,SDN202404260
Aaron Nola,nolaa001,2024-05-03,2024,PHI,SFN,4,4.0,19,89,4,4,0,1,1.01,PHI202405030
Aaron Nola,nolaa001,2024-05-08,2024,PHI,TOR,7,5.7,26,96,9,0,0,1,1.01,PHI202405080
Aaron Nola,nolaa001,2024-05-14,2024,PHI,NYN,8,9.0,30,109,4,0,0,0,1.06,NYN202405140
Aaron Nola,nolaa001,2024-05-19,2024,PHI,WAS,5,7.0,26,101,2,3,2,1,1.01,PHI202405190
Aaron Nola,nolaa001,2024-05-25,2024,PHI,COL,5,6.0,24,103,5,2,0,0,0.92,COL202405250
Aaron Nola,nolaa001,2024-05-31,2024,PHI,SLN,6,6.3,24,96,3,2,2,1,1.01,PHI202405310
Aaron Nola,nolaa001,2024-06-05,2024,PHI,MIL,5,7.0,23,93,2,0,0,1,1.01,PHI202406050
Aaron Nola,nolaa001,2024-06-13,2024,PHI,BOS,2,3.7,23,90,11,2,1,0,0.98,BOS202406130
Aaron Nola,nolaa001,2024-06-18,2024,PHI,SDN,6,6.0,22,95,4,1,1,1,1.01,PHI202406180
Aaron Nola,nolaa001,2024-06-24,2024,PHI,DET,6,7.0,26,90,6,0,0,0,1.0,DET202406240
Aaron Nola,nolaa001,2024-06-29,2024,PHI,MIA,9,6.7,27,100,6,0,1,1,1.01,PHI202406290
Aaron Nola,nolaa001,2024-07-05,2024,PHI,ATL,8,6.0,23,103,5,0,2,0,1.02,ATL202407050
Aaron Nola,nolaa001,2024-07-11,2024,PHI,LAN,9,6.0,24,101,4,2,1,1,1.01,PHI202407110
Aaron Nola,nolaa001,2024-07-19,2024,PHI,PIT,4,5.0,22,80,6,1,0,0,1.0,PIT202407190
Aaron Nola,nolaa001,2024-07-24,2024,PHI,MIN,6,6.0,26,98,6,3,1,0,1.0,MIN202407240
Aaron Nola,nolaa001,2024-07-30,2024,PHI,NYA,4,5.7,27,95,7,3,1,1,1.01,PHI202407300
Aaron Nola,nolaa001,2024-08-05,2024,PHI,LAN,4,6.0,24,96,8,0,1,0,1.03,LAN202408050
Aaron Nola,nolaa001,2024-08-10,2024,PHI,ARI,4,5.0,25,88,9,3,2,0,1.03,ARI202408100
Aaron Nola,nolaa001,2024-08-16,2024,PHI,WAS,4,6.7,27,111,7,2,0,1,1.01,PHI202408160
Aaron Nola,nolaa001,2024-08-21,2024,PHI,ATL,5,5.3,26,100,8,2,1,0,1.02,ATL202408210
Aaron Nola,nolaa001,2024-08-27,2024,PHI,HOU,6,7.0,26,102,4,1,0,1,1.01,PHI202408270
Aaron Nola,nolaa001,2024-09-01,2024,PHI,ATL,9,6.0,23,100,4,1,1,1,1.01,PHI202409010
Aaron Nola,nolaa001,2024-09-07,2024,PHI,MIA,5,4.7,25,101,9,2,2,0,0.98,MIA202409070
Aaron Nola,nolaa001,2024-09-13,2024,PHI,NYN,7,4.3,21,90,6,2,2,1,1.01,PHI202409130
Aaron Nola,nolaa001,2024-09-18,2024,PHI,MIL,9,7.0,25,97,3,1,1,0,1.05,MIL202409180
Aaron Nola,nolaa001,2024-09-23,2024,PHI,CHN,7,6.0,26,102,7,2,0,1,1.01,PHI202409230
Aaron Nola,nolaa001,2024-09-29,2024,PHI,WAS,7,5.0,23,96,9,0,1,0,1.01,WAS202409290
Bailey Ober,oberb002,2024-03-31,2024,MIN,KCA,1,1.3,14,53,9,1,3,0,0.96,KCA202403310
Bailey Ober,oberb002,2024-04-08,2024,MIN,LAN,7,5.0,19,68,3,2,0,1,1.0,MIN202404080
Bailey Ober,oberb002,2024-04-14,2024,MIN,DET,3,6.0,21,84,3,0,0,0,1.0,DET202404140
Bailey Ober,oberb002,2024-04-20,2024,MIN,DET,6,6.0,21,82,2,1,0,1,1.0,MIN202404200
Bailey Ober,oberb002,2024-04-26,2024,MIN,ANA,8,7.3,27,96,3,3,0,0,0.99,ANA202404260
Bailey Ober,oberb002,2024-05-01,2024,MIN,CHA,3,6.0,23,82,6,0,1,0,0.99,CHA202405010
Bailey Ober,oberb002,2024-05-07,2024,MIN,SEA,7,5.0,19,84,3,1,1,1,1.0,MIN202405070
Bailey Ober,oberb002,2024-05-12,2024,MIN,TOR,10,6.3,20,104,1,0,0,0,1.0,TOR202405120
Bailey Ober,oberb002,2024-05-18,2024,MIN,CLE,4,4.0,20,91,8,1,1,0,1.04,CLE202405180
Bailey Ober,oberb002,2024-05-24,2024,MIN,TEX,5,5.0,24,99,4,3,1,1,1.0,MIN202405240
Bailey Ober,oberb002,2024-05-29,2024,MIN,KCA,4,5.0,24,82,9,0,3,1,1.0,MIN202405290
Bailey Ober,oberb002,2024-06-04,2024,MIN,NYA,2,5.0,22,89,3,4,1,0,0.99,NYA202406040
Bailey Ober,oberb002,2024-06-09,2024,MIN,PIT,5,4.7,21,85,7,2,0,0,1.0,PIT202406090
Bailey Ober,oberb002,2024-06-16,2024,MIN,OAK,8,6.3,25,96,6,2,1,1,1.0,MIN202406161
Bailey Ober,oberb002,2024-06-22,2024,MIN,OAK,10,9.0,30,89,4,0,2,0,1.0,OAK202406220
Bailey Ober,oberb002,2024-06-28,2024,MIN,SEA,9,6.0,22,88,2,3,0,0,1.04,SEA202406280
Bailey Ober,oberb002,2024-07-04,2024,MIN,DET,8,6.0,26,103,7,0,1,1,1.0,MIN202407040
Bailey Ober,oberb002,2024-07-10,2024,MIN,CHA,6,6.0,22,84,4,1,1,0,0.99,CHA202407101
Bailey Ober,oberb002,2024-07-22,2024,MIN,PHI,4,7.0,25,83,4,1,1,1,1.0,MIN202407220
Bailey Ober,oberb002,2024-07-28,2024,MIN,DET,11,8.0,27,98,1,2,0,0,1.0,DET202407280
Bailey Ober,oberb002,2024-08-03,2024,MIN,CHA,7,7.0,26,88,2,2,1,1,1.0,MIN202408030
Bailey Ober,oberb002,2024-08-09,2024,MIN,CLE,9,6.0,23,106,2,2,0,1,1.0,MIN202408091
Bailey Ober,oberb002,2024-08-15,2024,MIN,TEX,3,6.0,28,93,7,3,0,0,0.99,TEX202408150
Bailey Ober,oberb002,2024-08-20,2024,MIN,SDN,5,6.0,22,83,4,0,1,0,1.08,SDN202408200
Bailey Ober,oberb002,2024-08-26,2024,MIN,ATL,2,2.0,15,55,7,2,2,1,1.0,MIN202408260
Bailey Ober,oberb002,2024-09-01,2024,MIN,TOR,8,6.0,23,94,1,3,1,1,1.0,MIN202409010
Bailey Ober,oberb002,2024-09-07,2024,MIN,KCA,7,7.0,23,83,1,0,0,0,0.96,KCA202409070
Bailey Ober,oberb002,2024-09-13,2024,MIN,CIN,6,6.7,27,90,6,2,1,1,1.0,MIN202409130
Bailey Ober,oberb002,2024-09-18,2024,MIN,CLE,12,7.0,25,101,4,0,2,0,1.04,CLE202409180
Bailey Ober,oberb002,2024-09-24,2024,MIN,MIA,7,5.0,25,89,8,2,1,1,1.0,MIN202409240
Bailey Ober,oberb002,2024-09-29,2024,MIN,BAL,4,5.0,20,74,5,0,1,1,1.0,MIN202409290
Steven Okert,okers001,2024-07-24,2024,MIN,PHI,0,0.3,3,14,1,1,0,1,1.0,MIN202407240
Adam Oller,ollea001,2024-08-19,2024,MIA,ARI,2,4.7,23,90,3,4,2,1,0.98,MIA202408190
Adam Oller,ollea001,2024-08-25,2024,MIA,CHN,6,5.7,23,95,4,2,0,1,0.98,MIA202408250
Adam Oller,ollea001,2024-08-30,2024,MIA,SFN,8,6.0,21,90,2,2,0,0,1.03,SFN202408300
Adam Oller,ollea001,2024-09-05,2024,MIA,PHI,6,5.3,25,90,5,5,1,1,0.98,MIA202409050
Adam Oller,ollea001,2024-09-10,2024,MIA,PIT,2,5.0,24,83,7,3,1,0,1.0,PIT202409100
Adam Oller,ollea001,2024-09-15,2024,MIA,WAS,2,5.0,21,75,6,2,1,0,1.01,WAS202409150
Adam Oller,ollea001,2024-09-21,2024,MIA,ATL,7,5.7,27,92,8,2,1,1,0.98,MIA202409210
Adam Oller,ollea001,2024-09-27,2024,MIA,TOR,3,5.0,25,95,8,2,1,0,1.0,TOR202409270
Reese Olson,olsor001,2024-04-01,2024,DET,NYN,3,5.7,22,93,3,2,0,0,1.06,NYN202404010
Reese Olson,olsor001,2024-04-08,2024,DET,PIT,3,4.3,26,89,9,3,0,0,1.0,PIT202404080
Reese Olson,olsor001,2024-04-15,2024,DET,TEX,8,6.3,25,95,6,1,0,1,1.0,DET202404150
Reese Olson,olsor001,2024-04-20,2024,DET,MIN,4,5.0,23,95,5,2,0,0,1.0,MIN202404200
Reese Olson,olsor001,2024-04-26,2024,DET,KCA,8,7.0,27,100,3,3,0,1,1.0,DET202404260
Reese Olson,olsor001,2024-05-03,2024,DET,NYA,5,5.0,18,88,2,2,0,0,0.99,NYA202405030
Reese Olson,olsor001,2024-05-08,2024,DET,CLE,4,6.0,22,89,1,2,0,0,1.04,CLE202405080
Reese Olson,olsor001,2024-05-14,2024,DET,MIA,6,8.0,26,94,3,0,0,1,1.0,DET202405140
Reese Olson,olsor001,2024-05-20,2024,DET,KCA,2,2.7,14,52,5,1,1,0,0.96,KCA202405200
Reese Olson,olsor001,2024-05-25,2024,DET,TOR,4,6.3,26,93,3,3,0,1,1.0,DET202405250
Reese Olson,olsor001,2024-06-01,2024,DET,BOS,5,5.3,23,95,6,1,2,0,0.98,BOS202406010
Reese Olson,olsor001,2024-06-07,2024,DET,MIL,6,4.0,24,89,12,1,0,1,1.0,DET202406070
Reese Olson,olsor001,2024-06-12,2024,DET,WAS,3,5.3,27,91,10,2,1,1,1.0,DET202406120
Reese Olson,olsor001,2024-06-17,2024,DET,ATL,8,6.0,22,100,4,0,0,0,1.02,ATL202406170
Reese Olson,olsor001,2024-06-23,2024,DET,CHA,3,6.3,23,97,4,0,0,1,1.0,DET202406230
Reese Olson,olsor001,2024-06-29,2024,DET,ANA,9,6.0,26,98,5,3,0,0,0.99,ANA202406290
Reese Olson,olsor001,2024-07-05,2024,DET,CIN,8,5.7,21,88,3,2,1,0,1.0,CIN202407050
Reese Olson,olsor001,2024-07-10,2024,DET,CLE,3,6.0,23,95,6,1,1,1,1.0,DET202407100
Reese Olson,olsor001,2024-07-20,2024,DET,TOR,0,2.0,7,30,1,2,0,0,1.0,TOR202407200
Reese Olson,olsor001,2024-09-16,2024,DET,KCA,3,2.3,12,50,4,1,1,0,0.96,KCA202409160
Reese Olson,olsor001,2024-09-21,2024,DET,BAL,3,3.0,12,58,1,1,0,0,1.0,BAL202409210
Reese Olson,olsor001,2024-09-26,2024,DET,TBA,3,4.0,16,72,4,0,0,1,1.0,DET202409260
Luis Ortiz,ortil003,2024-06-26,2024,PIT,CIN,7,6.0,21,85,4,0,0,0,1.0,CIN202406260
Luis Ortiz,ortil003,2024-07-07,2024,PIT,NYN,5,6.0,21,86,4,0,0,1,1.0,PIT202407070
Luis Ortiz,ortil003,2024-07-13,2024,PIT,CHA,5,5.7,22,92,4,1,0,0,0.99,CHA202407130
Luis Ortiz,ortil003,2024-07-20,2024,PIT,PHI,2,7.0,25,89,3,2,0,1,1.0,PIT202407200
Luis Ortiz,ortil003,2024-07-26,2024,PIT,ARI,4,5.0,22,93,5,3,1,0,1.03,ARI202407260
Luis Ortiz,ortil003,2024-08-02,2024,PIT,ARI,2,5.3,25,91,6,3,3,1,1.0,PIT202408020
Luis Ortiz,ortil003,2024-08-08,2024,PIT,SDN,3,6.0,24,92,4,1,2,1,1.0,PIT202408080
Luis Ortiz,ortil003,2024-08-13,2024,PIT,SDN,3,5.0,20,91,3,2,1,0,1.08,SDN202408130
Luis Ortiz,ortil003,2024-08-19,2024,PIT,TEX,7,6.0,24,92,5,1,2,0,0.99,TEX202408190
Luis Ortiz,ortil003,2024-08-25,2024,PIT,CIN,5,6.0,25,95,4,1,0,1,1.0,PIT202408250
Luis Ortiz,ortil003,2024-08-31,2024,PIT,CLE,5,6.0,21,87,1,3,0,0,1.04,CLE202408310
Luis Ortiz,ortil003,2024-09-07,2024,PIT,WAS,2,5.7,25,100,6,2,1,1,1.0,PIT202409071
Luis Ortiz,ortil003,2024-09-13,2024,PIT,KCA,5,4.0,20,97,5,2,2,1,1.0,PIT202409130
Luis Ortiz,ortil003,2024-09-19,2024,PIT,SLN,7,6.0,24,89,5,2,0,0,1.0,SLN202409190
Luis Ortiz,ortil003,2024-09-25,2024,PIT,MIL,5,7.0,26,92,4,1,1,1,1.0,PIT202409250
Chris Paddack,paddc001,2024-04-03,2024,MIN,MIL,2,4.0,18,82,6,2,1,0,1.05,MIL202404030
Chris Paddack,paddc001,2024-04-10,2024,MIN,LAN,5,4.7,22,86,6,2,1,1,1.0,MIN202404100
Chris Paddack,paddc001,2024-04-16,2024,MIN,BAL,2,5.3,30,89,12,1,2,0,1.0,BAL202404160
Chris Paddack,paddc001,2024-04-22,2024,MIN,CHA,10,7.0,27,96,6,0,0,1,1.0,MIN202404220
Chris Paddack,paddc001,2024-04-27,2024,MIN,ANA,2,5.0,24,95,8,1,1,0,0.99,ANA202404270
Chris Paddack,paddc001,2024-05-03,2024,MIN,BOS,6,6.0,21,83,2,1,0,1,1.0,MIN202405030
Chris Paddack,paddc001,2024-05-08,2024,MIN,SEA,10,5.3,25,99,8,1,1,1,1.0,MIN202405080
Chris Paddack,paddc001,2024-05-14,2024,MIN,NYA,4,5.0,29,95,12,2,1,1,1.0,MIN202405140
Chris Paddack,paddc001,2024-05-19,2024,MIN,CLE,6,8.0,27,100,3,0,1,0,1.04,CLE202405190
Chris Paddack,paddc001,2024-05-25,2024,MIN,TEX,3,5.0,19,73,4,0,1,1,1.0,MIN202405250
Chris Paddack,paddc001,2024-05-30,2024,MIN,KCA,4,5.7,24,88,5,2,2,1,1.0,MIN202405300
Chris Paddack,paddc001,2024-06-05,2024,MIN,NYA,7,4.0,20,85,6,2,0,0,0.99,NYA202406050
Chris Paddack,paddc001,2024-06-10,2024,MIN,COL,6,6.3,23,93,6,0,0,1,1.0,MIN202406100
Chris Paddack,paddc001,2024-06-16,2024,MIN,OAK,0,2.3,13,46,5,1,2,1,1.0,MIN202406162
Chris Paddack,paddc001,2024-06-21,2024,MIN,OAK,3,4.7,22,82,5,3,0,0,1.0,OAK202406210
Chris Paddack,paddc001,2024-07-08,2024,MIN,CHA,3,5.0,19,78,3,2,1,0,0.99,CHA202407080
Chris Paddack,paddc001,2024-07-14,2024,MIN,SFN,6,5.0,21,90,5,1,0,0,1.03,SFN202407140
Emilio Pagán,pagae001,2024-08-14,2024,CIN,SLN,1,2.0,6,22,2,0,0,1,1.0,CIN202408140
Andre Pallante,palla001,2024-05-29,2024,SLN,CIN,4,6.0,22,86,3,3,0,0,1.0,CIN202405290
Andre Pallante,palla001,2024-06-04,2024,SLN,HOU,1,3.0,19,75,6,3,1,0,1.02,HOU202406040
Andre Pallante,palla001,2024-06-09,2024,SLN,COL,6,5.0,18,68,3,1,0,1,1.0,SLN202406090
Andre Pallante,palla001,2024-06-15,2024,SLN,CHN,4,3.3,14,59,5,0,0,0,0.97,CHN202406150
Andre Pallante,palla001,2024-06-20,2024,SLN,SFN,5,5.3,24,95,7,3,1,1,1.0,SLN202406200
Andre Pallante,palla001,2024-06-28,2024,SLN,CIN,5,5.3,23,88,4,3,0,1,1.0,SLN202406280
Andre Pallante,palla001,2024-07-04,2024,SLN,PIT,5,7.0,24,90,4,1,1,0,1.0,PIT202407040
Andre Pallante,palla001,2024-07-10,2024,SLN,KCA,5,6.3,25,101,6,0,1,1,1.0,SLN202407101
Andre Pallante,palla001,2024-07-22,2024,SLN,PIT,3,6.0,23,98,3,2,0,0,1.0,PIT202407220
Andre Pallante,palla001,2024-07-29,2024,SLN,TEX,5,5.0,24,92,7,2,0,1,1.0,SLN202407290
Andre Pallante,palla001,2024-08-05,2024,SLN,NYN,2,4.7,21,90,5,2,0,1,1.0,SLN202408050
Andre Pallante,palla001,2024-08-10,2024,SLN,KCA,4,5.7,24,104,3,4,0,0,0.96,KCA202408100
Andre Pallante,palla001,2024-08-17,2024,SLN,LAN,5,7.0,26,95,4,2,1,1,1.0,SLN202408170
Andre Pallante,palla001,2024-08-23,2024,SLN,MIN,5,7.0,27,99,5,2,0,0,1.0,MIN202408230
Andre Pallante,palla001,2024-08-28,2024,SLN,SDN,3,5.7,27,104,8,2,0,1,1.0,SLN202408280
Andre Pallante,palla001,2024-09-02,2024,SLN,MIL,3,5.0,24,100,5,5,2,0,1.05,MIL202409020
Andre Pallante,palla001,2024-09-10,2024,SLN,CIN,6,5.0,25,88,6,5,0,1,1.0,SLN202409100
Andre Pallante,palla001,2024-09-16,2024,SLN,PIT,9,7.0,26,100,4,1,0,1,1.0,SLN202409160
Andre Pallante,palla001,2024-09-22,2024,SLN,CLE,4,7.0,23,85,1,2,0,1,1.0,SLN202409220
Andre Pallante,palla001,2024-09-28,2024,SLN,SFN,4,5.0,21,74,7,0,0,0,1.03,SFN202409280
Mitchell Parker,parkm001,2024-04-15,2024,WAS,LAN,4,5.0,19,81,4,0,0,0,1.03,LAN202404150
Mitchell Parker,parkm001,2024-04-21,2024,WAS,HOU,8,7.0,24,73,3,0,0,1,1.01,WAS202404210
Mitchell Parker,parkm001,2024-04-27,2024,WAS,MIA,2,4.0,19,82,6,2,0,0,0.98,MIA202404270
Mitchell Parker,parkm001,2024-05-02,2024,WAS,TEX,5,5.3,24,83,6,2,0,0,0.99,TEX202405020
Mitchell Parker,parkm001,2024-05-08,2024,WAS,BAL,3,5.7,21,77,5,1,2,1,1.01,WAS202405080
Mitchell Parker,parkm001,2024-05-14,2024,WAS,CHA,3,5.0,21,82,5,2,1,0,0.99,CHA202405142
Mitchell Parker,parkm001,2024-05-20,2024,WAS,MIN,7,6.0,25,94,7,1,1,1,1.01,WAS202405200
Mitchell Parker,parkm001,2024-05-27,2024,WAS,ATL,6,6.3,24,100,5,0,1,0,1.02,ATL202405270
Mitchell Parker,parkm001,2024-06-01,2024,WAS,CLE,5,5.7,25,98,4,4,0,0,1.04,CLE202406010
Mitchell Parker,parkm001,2024-06-06,2024,WAS,ATL,2,7.0,25,71,3,0,1,1,1.01,WAS202406060
Mitchell Parker,parkm001,2024-06-11,2024,WAS,DET,1,4.7,22,81,4,3,0,0,1.0,DET202406110
Mitchell Parker,parkm001,2024-06-16,2024,WAS,MIA,4,6.0,25,85,6,0,0,1,1.01,WAS202406160
Mitchell Parker,parkm001,2024-06-22,2024,WAS,COL,8,6.0,25,98,6,2,1,0,0.92,COL202406220
Mitchell Parker,parkm001,2024-06-28,2024,WAS,TBA,5,5.0,22,92,6,1,1,0,1.05,TBA202406280
Mitchell Parker,parkm001,2024-07-03,2024,WAS,NYN,5,6.0,23,84,5,0,3,1,1.01,WAS202407030
Mitchell Parker,parkm001,2024-07-08,2024,WAS,SLN,6,7.0,28,91,6,1,1,1,1.01,WAS202407080
Mitchell Parker,parkm001,2024-07-13,2024,WAS,MIL,2,0.7,7,46,3,2,0,0,1.05,MIL202407130
Mitchell Parker,parkm001,2024-07-24,2024,WAS,SDN,5,3.0,19,77,7,3,1,1,1.01,WAS202407240
Mitchell Parker,parkm001,2024-07-29,2024,WAS,ARI,3,5.0,20,74,4,2,0,0,1.03,ARI202407290
Mitchell Parker,parkm001,2024-08-04,2024,WAS,MIL,3,6.0,22,87,3,3,0,1,1.01,WAS202408040
Mitchell Parker,parkm001,2024-08-09,2024,WAS,ANA,5,6.3,28,98,8,0,1,1,1.01,WAS202408090
Mitchell Parker,parkm001,2024-08-15,2024,WAS,PHI,6,3.0,21,72,10,2,2,0,1.01,PHI202408150
Mitchell Parker,parkm001,2024-08-21,2024,WAS,COL,6,7.0,26,83,5,1,0,1,1.01,WAS202408210
Mitchell Parker,parkm001,2024-08-26,2024,WAS,NYA,5,4.0,19,83,5,2,1,1,1.01,WAS202408260
Mitchell Parker,parkm001,2024-09-01,2024,WAS,CHN,8,6.0,27,89,7,1,0,1,1.01,WAS202409010
Mitchell Parker,parkm001,2024-09-07,2024,WAS,PIT,5,3.3,19,78,6,4,0,0,1.0,PIT202409072
Mitchell Parker,parkm001,2024-09-12,2024,WAS,MIA,5,6.3,25,76,3,0,0,1,1.01,WAS202409120
Mitchell Parker,parkm001,2024-09-17,2024,WAS,NYN,1,3.7,19,78,7,2,1,0,1.06,NYN202409170
Mitchell Parker,parkm001,2024-09-24,2024,WAS,KCA,5,5.0,22,91,5,2,0,1,1.01,WAS202409240
James Paxton,paxtj001,2024-04-01,2024,LAN,SFN,5,5.0,23,97,4,5,0,1,1.03,LAN202404010
James Paxton,paxtj001,2024-04-08,2024,LAN,MIN,4,6.0,22,86,3,1,1,0,1.0,MIN202404080
James Paxton,paxtj001,2024-04-14,2024,LAN,SDN,1,5.0,23,95,3,8,1,1,1.03,LAN202404140
James Paxton,paxtj001,2024-04-23,2024,LAN,WAS,1,4.7,21,89,5,3,0,0,1.01,WAS202404230
James Paxton,paxtj001,2024-04-29,2024,LAN,ARI,4,5.0,25,96,6,5,0,0,1.03,ARI202404290
James Paxton,paxtj001,2024-05-05,2024,LAN,ATL,3,6.7,25,84,5,2,1,1,1.03,LAN202405050
James Paxton,paxtj001,2024-05-11,2024,LAN,SDN,4,6.0,22,95,4,0,0,0,1.08,SDN202405110
James Paxton,paxtj001,2024-05-17,2024,LAN,CIN,2,6.0,24,92,7,0,2,1,1.03,LAN202405170
James Paxton,paxtj001,2024-05-24,2024,LAN,CIN,4,4.7,22,95,5,4,2,0,1.0,CIN202405240
James Paxton,paxtj001,2024-05-29,2024,LAN,NYN,3,3.0,12,50,2,0,0,0,1.06,NYN202405290
James Paxton,paxtj001,2024-06-05,2024,LAN,PIT,2,1.7,13,45,6,2,0,0,1.0,PIT202406050
James Paxton,paxtj001,2024-06-11,2024,LAN,TEX,2,6.0,22,87,2,2,0,1,1.03,LAN202406110
James Paxton,paxtj001,2024-06-17,2024,LAN,COL,8,7.0,25,91,2,1,1,0,0.92,COL202406170
James Paxton,paxtj001,2024-06-24,2024,LAN,CHA,6,5.0,21,91,3,3,0,0,0.99,CHA202406240
James Paxton,paxtj001,2024-06-30,2024,LAN,SFN,4,4.0,25,89,12,2,1,0,1.03,SFN202406300
James Paxton,paxtj001,2024-07-06,2024,LAN,MIL,3,5.0,21,83,4,2,1,1,1.03,LAN202407060
James Paxton,paxtj001,2024-07-12,2024,LAN,DET,1,3.7,20,81,5,4,0,0,1.0,DET202407120
James Paxton,paxtj001,2024-07-21,2024,LAN,BOS,7,5.0,24,95,4,4,1,1,1.03,LAN202407210
James Paxton,paxtj001,2024-07-30,2024,BOS,SEA,5,4.3,21,72,6,1,1,1,0.98,BOS202407300
James Paxton,paxtj001,2024-08-05,2024,BOS,KCA,4,6.0,23,90,5,1,0,0,0.96,KCA202408050
James Paxton,paxtj001,2024-08-11,2024,BOS,HOU,0,0.7,3,5,2,0,0,1,0.98,BOS202408110
Nate Pearson,pearn001,2024-09-23,2024,CHN,PHI,0,1.0,4,12,1,1,0,0,1.01,PHI202409230
Walter Pennington,pennw002,2024-09-01,2024,TEX,OAK,1,1.3,6,20,1,1,0,1,0.99,TEX202409010
Ryan Pepiot,pepir001,2024-04-01,2024,TBA,TEX,3,5.7,24,94,4,4,1,1,1.05,TBA202404010
Ryan Pepiot,pepir001,2024-04-07,2024,TBA,COL,11,6.0,20,94,3,0,0,0,0.92,COL202404070
Ryan Pepiot,pepir001,2024-04-13,2024,TBA,SFN,6,5.0,21,85,5,1,2,1,1.05,TBA202404130
Ryan Pepiot,pepir001,2024-04-18,2024,TBA,ANA,7,6.0,23,92,3,3,0,1,1.05,TBA202404180
Ryan Pepiot,pepir001,2024-04-23,2024,TBA,DET,4,6.0,22,80,3,2,1,1,1.05,TBA202404230
Ryan Pepiot,pepir001,2024-04-29,2024,TBA,MIL,7,6.0,20,87,2,0,0,0,1.05,MIL202404290
Ryan Pepiot,pepir001,2024-05-05,2024,TBA,NYN,3,2.0,11,44,3,1,1,1,1.05,TBA202405050
Ryan Pepiot,pepir001,2024-05-22,2024,TBA,BOS,3,4.0,18,66,2,4,0,1,1.05,TBA202405220
Ryan Pepiot,pepir001,2024-05-29,2024,TBA,OAK,7,5.7,21,87,3,1,0,1,1.05,TBA202405290
Ryan Pepiot,pepir001,2024-06-04,2024,TBA,MIA,8,6.0,24,89,6,0,1,0,0.98,MIA202406040
Ryan Pepiot,pepir001,2024-06-10,2024,TBA,BAL,9,6.0,26,93,9,0,2,1,1.05,TBA202406100
Ryan Pepiot,pepir001,2024-06-15,2024,TBA,ATL,4,4.7,22,90,6,3,3,0,1.02,ATL202406150
Ryan Pepiot,pepir001,2024-06-21,2024,TBA,PIT,3,3.3,18,74,3,4,0,0,1.0,PIT202406210
Ryan Pepiot,pepir001,2024-06-26,2024,TBA,SEA,8,5.3,19,88,1,2,0,1,1.05,TBA202406260
Ryan Pepiot,pepir001,2024-07-03,2024,TBA,KCA,0,4.0,18,87,4,3,0,0,0.96,KCA202407030
Ryan Pepiot,pepir001,2024-07-09,2024,TBA,NYA,7,5.7,24,101,4,3,0,1,1.05,TBA202407090
Ryan Pepiot,pepir001,2024-07-14,2024,TBA,CLE,4,6.0,21,81,2,0,0,1,1.05,TBA202407140
Ryan Pepiot,pepir001,2024-08-16,2024,TBA,ARI,5,5.3,22,80,6,1,0,1,1.05,TBA202408160
Ryan Pepiot,pepir001,2024-08-21,2024,TBA,OAK,5,6.0,23,90,3,1,1,0,1.0,OAK202408210
Ryan Pepiot,pepir001,2024-08-26,2024,TBA,SEA,6,6.0,28,96,7,1,2,0,1.04,SEA202408260
Ryan Pepiot,pepir001,2024-09-01,2024,TBA,SDN,4,3.0,17,89,4,4,1,1,1.05,TBA202409010
Ryan Pepiot,pepir001,2024-09-07,2024,TBA,BAL,4,5.3,25,98,6,2,1,0,1.0,BAL202409070
Ryan Pepiot,pepir001,2024-09-12,2024,TBA,CLE,1,2.0,12,38,4,2,0,0,1.04,CLE202409120
Ryan Pepiot,pepir001,2024-09-18,2024,TBA,BOS,12,6.0,20,76,2,0,1,1,1.05,TBA202409180
Ryan Pepiot,pepir001,2024-09-24,2024,TBA,DET,6,5.0,22,86,3,4,0,0,1.0,DET202409240
Ryan Pepiot,pepir001,2024-09-29,2024,TBA,BOS,5,4.0,18,63,4,2,0,0,0.98,BOS202409290
Freddy Peralta,peraf001,2024-03-29,2024,MIL,NYN,8,6.0,19,92,1,1,1,0,1.06,NYN202403290
Freddy Peralta,peraf001,2024-04-05,2024,MIL,SEA,7,5.7,24,88,4,1,0,1,1.05,MIL202404050
Freddy Peralta,peraf001,2024-04-12,2024,MIL,BAL,11,6.0,23,90,5,0,1,0,1.0,BAL202404120
Freddy Peralta,peraf001,2024-04-19,2024,MIL,SLN,7,6.0,24,100,4,2,0,0,1.0,SLN202404190
Freddy Peralta,peraf001,2024-04-25,2024,MIL,PIT,5,4.7,24,91,5,5,1,0,1.0,PIT202404250
Freddy Peralta,peraf001,2024-04-30,2024,MIL,TBA,7,5.3,18,66,1,0,1,1,1.05,MIL202404300
Freddy Peralta,peraf001,2024-05-05,2024,MIL,CHN,5,5.0,23,97,3,6,0,0,0.97,CHN202405050
Freddy Peralta,peraf001,2024-05-11,2024,MIL,SLN,8,6.0,27,100,8,1,0,1,1.05,MIL202405110
Freddy Peralta,peraf001,2024-05-17,2024,MIL,HOU,6,5.0,23,97,8,1,2,0,1.02,HOU202405170
Freddy Peralta,peraf001,2024-05-22,2024,MIL,MIA,7,7.0,25,98,4,1,1,0,0.98,MIA202405220
Freddy Peralta,peraf001,2024-05-28,2024,MIL,CHN,11,5.7,22,111,3,2,1,1,1.05,MIL202405280
Freddy Peralta,peraf001,2024-06-02,2024,MIL,CHA,7,5.0,20,97,4,1,1,1,1.05,MIL202406020
Freddy Peralta,peraf001,2024-06-08,2024,MIL,DET,3,3.3,19,94,4,5,0,0,1.0,DET202406080
Freddy Peralta,peraf001,2024-06-14,2024,MIL,CIN,6,5.3,28,96,10,1,2,1,1.05,MIL202406140
Freddy Peralta,peraf001,2024-06-19,2024,MIL,ANA,8,6.0,23,101,3,2,0,0,0.99,ANA202406190
Freddy Peralta,peraf001,2024-06-24,2024,MIL,TEX,6,5.0,21,104,4,2,0,1,1.05,MIL202406240
Freddy Peralta,peraf001,2024-06-30,2024,MIL,CHN,8,7.0,25,103,2,2,1,1,1.05,MIL202406300
Freddy Peralta,peraf001,2024-07-06,2024,MIL,LAN,4,4.0,21,104,4,3,1,0,1.03,LAN202407060
Freddy Peralta,peraf001,2024-07-12,2024,MIL,WAS,6,5.0,23,92,10,0,1,1,1.05,MIL202407120
Freddy Peralta,peraf001,2024-07-20,2024,MIL,MIN,8,6.0,22,102,2,2,0,0,1.0,MIN202407200
Freddy Peralta,peraf001,2024-07-26,2024,MIL,MIA,4,5.3,27,97,6,5,2,1,1.05,MIL202407260
Freddy Peralta,peraf001,2024-07-31,2024,MIL,ATL,7,6.0,23,101,3,2,2,1,1.05,MIL202407310
Freddy Peralta,peraf001,2024-08-07,2024,MIL,ATL,6,5.0,23,90,8,2,1,0,1.02,ATL202408070
Freddy Peralta,peraf001,2024-08-12,2024,MIL,LAN,4,6.0,25,96,5,2,2,1,1.05,MIL202408120
Freddy Peralta,peraf001,2024-08-17,2024,MIL,CLE,3,6.0,22,81,4,2,1,1,1.05,MIL202408170
Freddy Peralta,peraf001,2024-08-22,2024,MIL,SLN,2,5.0,21,92,3,2,0,0,1.0,SLN202408220
Freddy Peralta,peraf001,2024-08-28,2024,MIL,SFN,8,6.0,22,105,2,3,0,1,1.05,MIL202408280
Freddy Peralta,peraf001,2024-09-02,2024,MIL,SLN,3,5.3,23,102,6,2,2,1,1.05,MIL202409020
Freddy Peralta,peraf001,2024-09-08,2024,MIL,COL,4,4.7,23,86,7,2,1,1,1.05,MIL202409080
Freddy Peralta,peraf001,2024-09-13,2024,MIL,ARI,5,5.0,23,103,6,4,0,0,1.03,ARI202409130
Freddy Peralta,peraf001,2024-09-18,2024,MIL,PHI,9,5.0,19,91,2,2,1,1,1.05,MIL202409180
Freddy Peralta,peraf001,2024-09-25,2024,MIL,PIT,7,5.3,20,96,2,2,0,0,1.0,PIT202409250
Martín Pérez,perem004,2024-03-29,2024,PIT,MIA,2,4.3,21,86,6,3,0,0,0.98,MIA202403290
Martín Pérez,perem004,2024-04-04,2024,PIT,WAS,6,6.7,28,85,6,2,1,0,1.01,WAS202404040
Martín Pérez,perem004,2024-04-09,2024,PIT,DET,7,8.0,29,100,6,0,0,1,1.0,PIT202404090
Martín Pérez,perem004,2024-04-15,2024,PIT,NYN,1,5.7,25,86,6,2,0,0,1.06,NYN202404150
Martín Pérez,perem004,2024-04-21,2024,PIT,BOS,7,4.0,23,91,6,4,0,1,1.0,PIT202404210
Martín Pérez,perem004,2024-04-27,2024,PIT,SFN,4,6.0,22,81,4,2,0,0,1.03,SFN202404270
Martín Pérez,perem004,2024-05-03,2024,PIT,COL,4,5.3,24,88,8,0,1,1,1.0,PIT202405030
Martín Pérez,perem004,2024-05-08,2024,PIT,ANA,5,5.0,22,73,8,0,1,1,1.0,PIT202405080
Martín Pérez,perem004,2024-05-15,2024,PIT,MIL,4,5.0,26,86,11,1,5,0,1.05,MIL202405150
Martín Pérez,perem004,2024-05-21,2024,PIT,SFN,4,4.3,22,98,5,3,1,1,1.0,PIT202405210
Martín Pérez,perem004,2024-05-26,2024,PIT,ATL,2,3.0,13,50,4,2,0,1,1.0,PIT202405260
Martín Pérez,perem004,2024-06-28,2024,PIT,ATL,4,4.0,21,92,8,2,1,0,1.02,ATL202406280
Martín Pérez,perem004,2024-07-04,2024,PIT,SLN,2,7.3,26,92,7,1,0,1,1.0,PIT202407040
Martín Pérez,perem004,2024-07-10,2024,PIT,MIL,5,4.7,25,107,9,3,1,0,1.05,MIL202407100
Martín Pérez,perem004,2024-07-19,2024,PIT,PHI,4,3.7,21,82,7,2,2,1,1.0,PIT202407190
Martín Pérez,perem004,2024-07-24,2024,PIT,SLN,2,6.0,25,91,4,5,0,1,1.0,PIT202407240
Martín Pérez,perem004,2024-08-03,2024,SDN,COL,7,6.0,21,80,3,0,1,1,1.08,SDN202408030
Martín Pérez,perem004,2024-08-09,2024,SDN,MIA,6,7.0,26,90,3,2,2,0,0.98,MIA202408090
Martín Pérez,perem004,2024-08-14,2024,SDN,PIT,8,5.3,24,93,5,1,1,1,1.08,SDN202408140
Martín Pérez,perem004,2024-08-20,2024,SDN,MIN,2,4.7,20,79,7,1,1,1,1.08,SDN202408200
Martín Pérez,perem004,2024-08-25,2024,SDN,NYN,1,3.7,18,79,4,3,1,1,1.08,SDN202408250
Martín Pérez,perem004,2024-08-30,2024,SDN,TBA,4,5.0,24,101,7,3,1,0,1.05,TBA202408300
Martín Pérez,perem004,2024-09-05,2024,SDN,DET,5,6.3,24,80,5,1,0,1,1.08,SDN202409050
Martín Pérez,perem004,2024-09-15,2024,SDN,SFN,2,5.0,18,69,2,1,1,0,1.03,SFN202409150
Martín Pérez,perem004,2024-09-21,2024,SDN,CHA,6,5.3,22,81,2,3,0,1,1.08,SDN202409210
Martín Pérez,perem004,2024-09-29,2024,SDN,ARI,3,3.7,20,64,8,2,1,0,1.03,ARI202409290
David Peterson,peted003,2024-05-29,2024,NYN,LAN,3,5.0,22,86,7,1,1,1,1.06,NYN202405290
David Peterson,peted003,2024-06-04,2024,NYN,WAS,2,6.7,28,81,5,2,0,0,1.01,WAS202406040
David Peterson,peted003,2024-06-12,2024,NYN,MIA,1,5.0,24,84,8,2,0,1,1.06,NYN202406120
David Peterson,peted003,2024-06-17,2024,NYN,TEX,6,6.0,24,100,4,3,1,0,0.99,TEX202406170
David Peterson,peted003,2024-06-25,2024,NYN,NYA,8,4.3,23,103,3,5,1,1,1.06,NYN202406250
David Peterson,peted003,2024-07-01,2024,NYN,WAS,2,6.3,25,86,7,1,0,0,1.01,WAS202407010
David Peterson,peted003,2024-07-06,2024,NYN,PIT,5,4.3,20,87,5,2,1,0,1.0,PIT202407060
David Peterson,peted003,2024-07-11,2024,NYN,WAS,5,6.0,25,102,4,3,0,1,1.06,NYN202407110
David Peterson,peted003,2024-07-22,2024,NYN,MIA,4,5.0,23,88,6,4,1,0,0.98,MIA202407220
David Peterson,peted003,2024-07-28,2024,NYN,ATL,7,5.0,22,88,4,3,1,1,1.06,NYN202407280
David Peterson,peted003,2024-08-03,2024,NYN,ANA,4,6.0,24,82,5,1,0,0,0.99,ANA202408030
David Peterson,peted003,2024-08-08,2024,NYN,COL,5,5.0,22,88,4,3,0,0,0.92,COL202408080
David Peterson,peted003,2024-08-14,2024,NYN,OAK,4,6.3,26,88,3,4,0,1,1.06,NYN202408140
David Peterson,peted003,2024-08-19,2024,NYN,BAL,8,7.0,27,101,6,1,1,1,1.06,NYN202408190
David Peterson,peted003,2024-08-24,2024,NYN,SDN,2,7.3,29,96,5,2,0,0,1.08,SDN202408240
David Peterson,peted003,2024-08-29,2024,NYN,ARI,4,7.0,26,88,7,2,1,0,1.03,ARI202408290
David Peterson,peted003,2024-09-03,2024,NYN,BOS,11,6.0,25,89,6,1,0,1,1.06,NYN202409030
David Peterson,peted003,2024-09-10,2024,NYN,TOR,2,4.3,24,76,8,2,0,0,1.0,TOR202409100
David Peterson,peted003,2024-09-15,2024,NYN,PHI,6,7.7,28,99,4,1,0,0,1.01,PHI202409150
David Peterson,peted003,2024-09-20,2024,NYN,PHI,4,3.7,19,64,8,0,0,1,1.06,NYN202409200
David Peterson,peted003,2024-09-29,2024,NYN,MIL,8,7.0,24,95,1,3,0,0,1.05,MIL202409290
Brandon Pfaadt,pfaab001,2024-03-31,2024,ARI,COL,6,5.0,21,87,5,0,0,1,1.03,ARI202403310
Brandon Pfaadt,pfaab001,2024-04-06,2024,ARI,ATL,7,5.7,27,87,8,1,1,0,1.02,ATL202404060
Brandon Pfaadt,pfaab001,2024-04-12,2024,ARI,SLN,4,6.0,26,99,7,2,2,1,1.03,ARI202404120
Brandon Pfaadt,pfaab001,2024-04-17,2024,ARI,CHN,6,7.0,27,94,6,0,1,1,1.03,ARI202404170
Brandon Pfaadt,pfaab001,2024-04-22,2024,ARI,SLN,4,5.3,21,80,2,3,0,0,1.0,SLN202404220
Brandon Pfaadt,pfaab001,2024-04-28,2024,ARI,SEA,11,6.0,23,96,5,0,1,0,1.04,SEA202404280
Brandon Pfaadt,pfaab001,2024-05-04,2024,ARI,SDN,4,6.0,29,89,10,0,0,1,1.03,ARI202405040
Brandon Pfaadt,pfaab001,2024-05-10,2024,ARI,BAL,0,6.0,25,88,5,2,0,0,1.0,BAL202405100
Brandon Pfaadt,pfaab001,2024-05-15,2024,ARI,CIN,9,7.0,25,93,2,2,1,1,1.03,ARI202405150
Brandon Pfaadt,pfaab001,2024-05-21,2024,ARI,LAN,7,6.0,23,94,4,1,0,0,1.03,LAN202405210
Brandon Pfaadt,pfaab001,2024-05-28,2024,ARI,TEX,5,7.0,28,91,6,1,1,0,0.99,TEX202405280
Brandon Pfaadt,pfaab001,2024-06-02,2024,ARI,NYN,8,6.0,24,91,5,2,0,0,1.06,NYN202406020
Brandon Pfaadt,pfaab001,2024-06-07,2024,ARI,SDN,5,5.3,26,94,9,1,3,0,1.08,SDN202406070
Brandon Pfaadt,pfaab001,2024-06-13,2024,ARI,ANA,8,6.0,26,103,6,3,0,1,1.03,ARI202406130
Brandon Pfaadt,pfaab001,2024-06-19,2024,ARI,WAS,0,6.3,25,77,5,4,1,0,1.01,WAS202406190
Brandon Pfaadt,pfaab001,2024-06-25,2024,ARI,MIN,2,6.3,26,80,5,2,2,1,1.03,ARI202406250
Brandon Pfaadt,pfaab001,2024-06-30,2024,ARI,OAK,8,6.0,25,82,5,2,1,1,1.03,ARI202406300
Brandon Pfaadt,pfaab001,2024-07-06,2024,ARI,SDN,6,4.3,19,62,7,0,0,0,1.08,SDN202407060
Brandon Pfaadt,pfaab001,2024-07-11,2024,ARI,ATL,4,6.0,20,86,3,0,0,1,1.03,ARI202407110
Brandon Pfaadt,pfaab001,2024-07-21,2024,ARI,CHN,7,7.0,23,94,1,1,0,0,0.97,CHN202407210
Brandon Pfaadt,pfaab001,2024-07-27,2024,ARI,PIT,4,6.0,24,78,7,0,1,1,1.03,ARI202407270
Brandon Pfaadt,pfaab001,2024-08-02,2024,ARI,PIT,3,5.0,22,96,7,1,0,0,1.0,PIT202408020
Brandon Pfaadt,pfaab001,2024-08-07,2024,ARI,CLE,6,6.3,23,81,4,1,1,0,1.04,CLE202408071
Brandon Pfaadt,pfaab001,2024-08-12,2024,ARI,COL,11,7.0,29,94,8,0,1,1,1.03,ARI202408120
Brandon Pfaadt,pfaab001,2024-08-19,2024,ARI,MIA,4,5.3,26,90,9,2,1,0,0.98,MIA202408190
Brandon Pfaadt,pfaab001,2024-08-27,2024,ARI,NYN,6,4.7,24,98,8,1,1,1,1.03,ARI202408270
Brandon Pfaadt,pfaab001,2024-09-01,2024,ARI,LAN,10,5.7,27,98,8,2,0,1,1.03,ARI202409010
Brandon Pfaadt,pfaab001,2024-09-06,2024,ARI,HOU,5,4.7,23,88,8,2,1,0,1.02,HOU202409060
Brandon Pfaadt,pfaab001,2024-09-14,2024,ARI,MIL,0,1.7,14,58,7,3,1,1,1.03,ARI202409140
Brandon Pfaadt,pfaab001,2024-09-19,2024,ARI,MIL,12,7.0,23,104,2,0,1,0,1.05,MIL202409190
Brandon Pfaadt,pfaab001,2024-09-24,2024,ARI,SFN,4,2.7,16,62,6,2,2,1,1.03,ARI202409240
Brandon Pfaadt,pfaab001,2024-09-29,2024,ARI,SDN,9,5.3,20,79,3,1,0,1,1.03,ARI202409290
Tyler Phillips,philt002,2024-07-13,2024,PHI,OAK,5,6.0,23,79,6,0,2,1,1.01,PHI202407130
Tyler Phillips,philt002,2024-07-21,2024,PHI,PIT,3,6.0,22,85,4,1,0,0,1.0,PIT202407210
Tyler Phillips,philt002,2024-07-27,2024,PHI,CLE,4,9.0,29,105,4,1,0,1,1.01,PHI202407270
Tyler Phillips,philt002,2024-08-02,2024,PHI,SEA,1,1.7,13,54,5,3,3,0,1.04,SEA202408020
Tyler Phillips,philt002,2024-08-07,2024,PHI,LAN,3,5.0,23,79,6,1,0,0,1.03,LAN202408070
Tyler Phillips,philt002,2024-08-14,2024,PHI,MIA,4,4.3,25,87,9,1,1,1,1.01,PHI202408140
Tyler Phillips,philt002,2024-09-03,2024,PHI,TOR,1,0.7,10,36,8,0,2,0,1.0,TOR202409030
Nick Pivetta,piven001,2024-03-29,2024,BOS,SEA,10,6.0,21,84,3,0,1,0,1.04,SEA202403290
Nick Pivetta,piven001,2024-04-03,2024,BOS,OAK,3,5.0,20,90,5,1,0,0,1.0,OAK202404030
Nick Pivetta,piven001,2024-05-08,2024,BOS,ATL,1,4.0,19,58,7,1,3,0,1.02,ATL202405080
Nick Pivetta,piven001,2024-05-14,2024,BOS,TBA,8,5.7,20,81,4,0,2,1,0.98,BOS202405140
Nick Pivetta,piven001,2024-05-19,2024,BOS,SLN,8,6.0,19,72,1,0,1,0,1.0,SLN202405190
Nick Pivetta,piven001,2024-05-25,2024,BOS,MIL,3,3.3,20,77,7,3,0,1,0.98,BOS202405250
Nick Pivetta,piven001,2024-05-30,2024,BOS,DET,9,5.3,21,92,3,2,1,1,0.98,BOS202405300
Nick Pivetta,piven001,2024-06-05,2024,BOS,ATL,9,7.0,24,91,1,2,0,1,0.98,BOS202406050
Nick Pivetta,piven001,2024-06-12,2024,BOS,PHI,4,4.0,22,93,6,4,0,1,0.98,BOS202406120
Nick Pivetta,piven001,2024-06-17,2024,BOS,TOR,4,7.0,29,109,9,1,2,0,1.0,TOR202406170
Nick Pivetta,piven001,2024-06-22,2024,BOS,CIN,5,4.3,20,96,6,1,2,0,1.0,CIN202406220
Nick Pivetta,piven001,2024-06-28,2024,BOS,SDN,4,4.0,20,73,7,1,1,1,0.98,BOS202406280
Nick Pivetta,piven001,2024-07-04,2024,BOS,MIA,10,7.0,23,89,1,2,0,0,0.98,MIA202407040
Nick Pivetta,piven001,2024-07-10,2024,BOS,OAK,10,6.7,28,105,6,2,0,1,0.98,BOS202407100
Nick Pivetta,piven001,2024-07-19,2024,BOS,LAN,8,6.0,21,90,2,1,0,0,1.03,LAN202407190
Nick Pivetta,piven001,2024-07-24,2024,BOS,COL,6,2.7,19,76,10,0,2,0,0.92,COL202407240
Nick Pivetta,piven001,2024-07-29,2024,BOS,SEA,10,6.7,27,109,6,1,2,1,0.98,BOS202407290
Nick Pivetta,piven001,2024-08-04,2024,BOS,TEX,5,4.7,18,70,2,1,2,0,0.99,TEX202408040
Nick Pivetta,piven001,2024-08-15,2024,BOS,BAL,6,5.0,19,90,3,1,2,0,1.0,BAL202408150
Nick Pivetta,piven001,2024-08-20,2024,BOS,HOU,2,5.0,23,84,6,3,2,0,1.02,HOU202408200
Nick Pivetta,piven001,2024-08-31,2024,BOS,DET,6,6.0,25,96,7,1,0,0,1.0,DET202408310
Nick Pivetta,piven001,2024-09-06,2024,BOS,CHA,6,6.0,25,97,5,3,0,1,0.98,BOS202409060
Nick Pivetta,piven001,2024-09-11,2024,BOS,BAL,9,6.0,23,94,4,1,1,1,0.98,BOS202409110
Nick Pivetta,piven001,2024-09-17,2024,BOS,TBA,6,4.7,19,83,5,0,3,0,1.05,TBA202409170
Nick Pivetta,piven001,2024-09-22,2024,BOS,MIN,4,5.0,23,95,4,3,0,1,0.98,BOS202409221
Nick Pivetta,piven001,2024-09-27,2024,BOS,TBA,6,6.7,24,100,4,1,0,1,0.98,BOS202409270
Zach Plesac,plesz001,2024-06-17,2024,ANA,MIL,1,6.0,23,86,4,2,2,1,0.99,ANA202406170
Zach Plesac,plesz001,2024-06-22,2024,ANA,LAN,1,3.3,18,65,7,1,2,0,1.03,LAN202406220
Zach Plesac,plesz001,2024-06-28,2024,ANA,DET,3,2.7,13,57,1,4,0,1,0.99,ANA202406280
Cody Poteet,potec001,2024-04-13,2024,NYA,CLE,4,6.0,23,77,6,0,1,0,1.04,CLE202404132
Cody Poteet,potec001,2024-06-01,2024,NYA,SFN,6,5.0,19,78,3,1,1,0,1.03,SFN202406010
Cody Poteet,potec001,2024-06-07,2024,NYA,LAN,1,4.7,19,84,2,3,0,1,0.99,NYA202406070
Cody Poteet,potec001,2024-06-12,2024,NYA,KCA,2,5.3,21,88,4,3,0,0,0.96,KCA202406120
Cade Povich,povic001,2024-06-06,2024,BAL,TOR,2,5.3,25,100,5,4,1,0,1.0,TOR202406060
Cade Povich,povic001,2024-06-12,2024,BAL,ATL,6,6.0,24,89,5,0,0,1,1.0,BAL202406120
Cade Povich,povic001,2024-06-19,2024,BAL,NYA,1,4.7,20,94,1,5,0,0,0.99,NYA202406190
Cade Povich,povic001,2024-06-24,2024,BAL,CLE,5,5.7,24,95,7,1,1,1,1.0,BAL202406240
Cade Povich,povic001,2024-06-29,2024,BAL,TEX,3,5.0,21,86,5,0,2,1,1.0,BAL202406290
Cade Povich,povic001,2024-07-06,2024,BAL,OAK,1,1.0,11,43,5,3,2,0,1.0,OAK202407060
Cade Povich,povic001,2024-07-12,2024,BAL,NYA,6,5.3,24,97,5,5,1,1,1.0,BAL202407120
Cade Povich,povic001,2024-07-29,2024,BAL,TOR,1,4.3,26,94,7,5,0,1,1.0,BAL202407292
Cade Povich,povic001,2024-08-17,2024,BAL,BOS,6,6.3,25,89,6,0,0,1,1.0,BAL202408170
Cade Povich,povic001,2024-08-23,2024,BAL,HOU,3,5.0,24,84,8,2,2,1,1.0,BAL202408230
Cade Povich,povic001,2024-08-29,2024,BAL,LAN,3,3.3,21,87,10,1,0,0,1.03,LAN202408290
Cade Povich,povic001,2024-09-03,2024,BAL,CHA,10,7.3,27,95,5,0,0,1,1.0,BAL202409030
Cade Povich,povic001,2024-09-09,2024,BAL,BOS,5,4.7,21,76,5,2,2,0,0.98,BOS202409090
Cade Povich,povic001,2024-09-15,2024,BAL,DET,8,5.0,19,89,2,2,1,0,1.0,DET202409150
Cade Povich,povic001,2024-09-21,2024,BAL,DET,7,5.0,20,89,2,3,0,1,1.0,BAL202409210
Cade Povich,povic001,2024-09-27,2024,BAL,MIN,2,5.7,20,79,2,1,0,0,1.0,MIN202409270
Quinn Priester,prieq001,2024-04-19,2024,PIT,BOS,2,4.3,21,86,7,1,3,1,1.0,PIT202404190
Quinn Priester,prieq001,2024-04-26,2024,PIT,SFN,6,6.0,22,84,3,1,0,0,1.03,SFN202404260
Quinn Priester,prieq001,2024-05-01,2024,PIT,OAK,3,6.0,28,97,5,4,2,0,1.0,OAK202405010
Quinn Priester,prieq001,2024-05-07,2024,PIT,ANA,1,4.7,24,74,7,2,1,1,1.0,PIT202405070
Quinn Priester,prieq001,2024-05-14,2024,PIT,MIL,5,6.0,28,93,9,2,1,0,1.05,MIL202405140
Quinn Priester,prieq001,2024-06-02,2024,PIT,TOR,3,4.7,22,87,8,0,0,0,1.0,TOR202406020
Quinn Priester,prieq001,2024-09-29,2024,BOS,TBA,2,5.0,20,89,4,1,0,1,0.98,BOS202409290
A. J. Puk,puk-a001,2024-03-29,2024,MIA,PIT,1,2.0,14,68,3,6,0,1,0.98,MIA202403290
A. J. Puk,puk-a001,2024-04-03,2024,MIA,ANA,5,4.0,21,88,5,3,0,1,0.98,MIA202404030
A. J. Puk,puk-a001,2024-04-09,2024,MIA,NYA,2,4.7,23,98,4,5,1,0,0.99,NYA202404090
A. J. Puk,puk-a001,2024-04-19,2024,MIA,CHN,4,3.0,19,70,7,3,0,0,0.97,CHN202404190
Cal Quantrill,quanc001,2024-03-29,2024,COL,ARI,1,5.0,24,88,9,1,2,0,1.03,ARI202403290
Cal Quantrill,quanc001,2024-04-03,2024,COL,CHN,3,4.0,19,90,4,4,0,0,0.97,CHN202404030
Cal Quantrill,quanc001,2024-04-09,2024,COL,ARI,6,6.0,25,98,8,0,2,1,0.92,COL202404090
Cal Quantrill,quanc001,2024-04-15,2024,COL,PHI,1,6.0,23,90,4,2,0,0,1.01,PHI202404150
Cal Quantrill,quanc001,2024-04-21,2024,COL,SEA,4,6.0,27,108,3,5,0,1,0.92,COL202404211
Cal Quantrill,quanc001,2024-04-27,2024,COL,HOU,2,5.0,24,95,6,2,2,1,0.92,COL202404270
Cal Quantrill,quanc001,2024-05-03,2024,COL,PIT,9,7.7,26,99,3,0,0,0,1.0,PIT202405030
Cal Quantrill,quanc001,2024-05-09,2024,COL,SFN,5,6.0,24,92,5,3,1,1,0.92,COL202405090
Cal Quantrill,quanc001,2024-05-14,2024,COL,SDN,5,6.0,23,91,6,3,0,0,1.08,SDN202405140
Cal Quantrill,quanc001,2024-05-21,2024,COL,OAK,8,6.0,22,98,3,1,1,0,1.0,OAK202405210
Cal Quantrill,quanc001,2024-05-26,2024,COL,PHI,5,6.0,22,98,3,2,0,1,0.92,COL202405260
Cal Quantrill,quanc001,2024-06-01,2024,COL,LAN,1,4.3,22,95,9,2,0,0,1.03,LAN202406010
Cal Quantrill,quanc001,2024-06-06,2024,COL,SLN,1,5.0,21,96,3,4,0,0,1.0,SLN202406060
Cal Quantrill,quanc001,2024-06-11,2024,COL,MIN,5,6.0,23,100,3,1,0,0,1.0,MIN202406110
Cal Quantrill,quanc001,2024-06-17,2024,COL,LAN,3,5.0,26,99,7,3,0,1,0.92,COL202406170
Cal Quantrill,quanc001,2024-06-22,2024,COL,WAS,5,6.0,25,95,7,1,1,1,0.92,COL202406220
Cal Quantrill,quanc001,2024-06-29,2024,COL,CHA,8,5.3,24,90,7,0,3,0,0.99,CHA202406290
Cal Quantrill,quanc001,2024-07-04,2024,COL,MIL,2,5.0,22,102,5,4,0,1,0.92,COL202407040
Cal Quantrill,quanc001,2024-07-09,2024,COL,CIN,4,2.0,12,52,4,1,2,0,1.0,CIN202407090
Cal Quantrill,quanc001,2024-07-19,2024,COL,SFN,5,6.0,26,100,5,2,0,1,0.92,COL202407190
Cal Quantrill,quanc001,2024-07-24,2024,COL,BOS,3,6.0,24,83,6,2,1,1,0.92,COL202407240
Cal Quantrill,quanc001,2024-07-30,2024,COL,ANA,4,3.7,24,92,9,2,0,0,0.99,ANA202407300
Cal Quantrill,quanc001,2024-08-04,2024,COL,SDN,2,4.3,21,88,5,3,2,0,1.08,SDN202408040
Cal Quantrill,quanc001,2024-08-16,2024,COL,SDN,5,5.0,22,92,6,2,2,1,0.92,COL202408160
Cal Quantrill,quanc001,2024-08-22,2024,COL,WAS,4,5.0,19,84,2,2,0,0,1.01,WAS202408220
Cal Quantrill,quanc001,2024-08-27,2024,COL,MIA,2,5.7,27,86,7,5,1,1,0.92,COL202408270
Cal Quantrill,quanc001,2024-09-15,2024,COL,CHN,2,2.3,17,69,4,6,0,1,0.92,COL202409150
Cal Quantrill,quanc001,2024-09-21,2024,COL,LAN,5,4.7,24,100,6,4,1,0,1.03,LAN202409210
Cal Quantrill,quanc001,2024-09-27,2024,COL,LAN,0,3.3,18,73,7,2,2,1,0.92,COL202409270
Jose Quintana,quinj001,2024-03-29,2024,NYN,MIL,4,4.7,21,85,6,2,1,1,1.06,NYN202403290
Jose Quintana,quinj001,2024-04-05,2024,NYN,CIN,4,5.7,26,102,5,4,1,0,1.0,CIN202404050
Jose Quintana,quinj001,2024-04-11,2024,NYN,ATL,4,5.3,23,100,5,2,0,0,1.02,ATL202404110
Jose Quintana,quinj001,2024-04-16,2024,NYN,PIT,4,5.0,21,93,4,3,0,1,1.06,NYN202404160
Jose Quintana,quinj001,2024-04-22,2024,NYN,SFN,4,5.0,24,91,7,3,1,0,1.03,SFN202404220
Jose Quintana,quinj001,2024-04-28,2024,NYN,SLN,3,8.0,29,99,3,1,0,1,1.06,NYN202404280
Jose Quintana,quinj001,2024-05-03,2024,NYN,TBA,2,2.7,19,65,10,1,0,0,1.05,TBA202405030
Jose Quintana,quinj001,2024-05-10,2024,NYN,ATL,3,5.0,22,85,6,2,3,1,1.06,NYN202405100
Jose Quintana,quinj001,2024-05-16,2024,NYN,PHI,4,5.3,21,81,4,0,0,0,1.01,PHI202405160
Jose Quintana,quinj001,2024-05-22,2024,NYN,CLE,4,6.0,21,70,4,0,1,0,1.04,CLE202405220
Jose Quintana,quinj001,2024-05-28,2024,NYN,LAN,3,6.0,26,89,8,0,2,1,1.06,NYN202405282
Jose Quintana,quinj001,2024-06-02,2024,NYN,ARI,4,4.0,21,84,4,3,2,1,1.06,NYN202406020
Jose Quintana,quinj001,2024-06-09,2024,NYN,PHI,1,3.7,18,69,6,2,0,0,1.01,PHI202406090
Jose Quintana,quinj001,2024-06-15,2024,NYN,SDN,6,6.0,21,88,2,2,1,1,1.06,NYN202406150
Jose Quintana,quinj001,2024-06-21,2024,NYN,CHN,8,6.3,25,103,4,1,0,0,0.97,CHN202406210
Jose Quintana,quinj001,2024-06-28,2024,NYN,HOU,7,4.0,21,93,6,3,1,1,1.06,NYN202406280
Jose Quintana,quinj001,2024-07-04,2024,NYN,WAS,1,7.0,28,95,4,3,0,0,1.01,WAS202407040
Jose Quintana,quinj001,2024-07-09,2024,NYN,WAS,5,7.0,24,103,1,1,0,1,1.06,NYN202407090
Jose Quintana,quinj001,2024-07-14,2024,NYN,COL,8,5.7,25,86,6,1,4,1,1.06,NYN202407140
Jose Quintana,quinj001,2024-07-23,2024,NYN,NYA,6,5.0,22,94,3,5,1,0,0.99,NYA202407230
Jose Quintana,quinj001,2024-07-29,2024,NYN,MIN,5,6.0,24,97,5,1,0,1,1.06,NYN202407290
Jose Quintana,quinj001,2024-08-04,2024,NYN,ANA,4,5.0,22,96,3,4,0,0,0.99,ANA202408040
Jose Quintana,quinj001,2024-08-09,2024,NYN,SEA,8,6.7,27,100,4,2,1,0,1.04,SEA202408090
Jose Quintana,quinj001,2024-08-15,2024,NYN,OAK,1,4.0,23,92,7,4,1,1,1.06,NYN202408150
Jose Quintana,quinj001,2024-08-20,2024,NYN,BAL,3,5.0,24,90,8,2,2,1,1.06,NYN202408200
Jose Quintana,quinj001,2024-08-25,2024,NYN,SDN,0,6.3,24,95,4,2,0,0,1.08,SDN202408250
Jose Quintana,quinj001,2024-08-31,2024,NYN,CHA,6,5.0,23,98,6,3,0,0,0.99,CHA202408310
Jose Quintana,quinj001,2024-09-07,2024,NYN,CIN,6,6.7,25,100,5,2,0,1,1.06,NYN202409070
Jose Quintana,quinj001,2024-09-13,2024,NYN,PHI,4,7.0,23,94,3,0,0,0,1.01,PHI202409130
Jose Quintana,quinj001,2024-09-18,2024,NYN,WAS,4,7.0,24,90,2,2,0,1,1.06,NYN202409180
Jose Quintana,quinj001,2024-09-28,2024,NYN,MIL,9,4.3,20,92,5,2,0,0,1.05,MIL202409280
Cole Ragans,ragac001,2024-03-28,2024,KCA,MIN,9,6.0,26,97,5,3,1,1,0.96,KCA202403280
Cole Ragans,ragac001,2024-04-03,2024,KCA,BAL,7,6.3,22,91,1,2,0,0,1.0,BAL202404030
Cole Ragans,ragac001,2024-04-09,2024,KCA,HOU,5,5.0,26,96,10,1,0,1,0.96,KCA202404090
Cole Ragans,ragac001,2024-04-14,2024,KCA,NYN,8,6.0,24,99,5,1,0,0,1.06,NYN202404140
Cole Ragans,ragac001,2024-04-20,2024,KCA,BAL,4,1.7,14,62,9,0,0,1,0.96,KCA202404200
Cole Ragans,ragac001,2024-04-25,2024,KCA,TOR,4,5.0,21,76,3,3,0,1,0.96,KCA202404250
Cole Ragans,ragac001,2024-04-30,2024,KCA,TOR,9,6.7,26,105,4,3,0,0,1.0,TOR202404300
Cole Ragans,ragac001,2024-05-06,2024,KCA,MIL,8,6.0,22,95,2,2,1,1,0.96,KCA202405060
Cole Ragans,ragac001,2024-05-11,2024,KCA,ANA,3,6.3,28,102,8,1,1,0,0.99,ANA202405110
Cole Ragans,ragac001,2024-05-17,2024,KCA,OAK,7,7.0,23,94,2,2,0,1,0.96,KCA202405170
Cole Ragans,ragac001,2024-05-22,2024,KCA,DET,12,6.0,23,100,1,3,0,1,0.96,KCA202405220
Cole Ragans,ragac001,2024-05-28,2024,KCA,MIN,7,5.0,24,95,8,1,0,0,1.0,MIN202405280
Cole Ragans,ragac001,2024-06-02,2024,KCA,SDN,6,6.0,24,97,5,2,0,1,0.96,KCA202406020
Cole Ragans,ragac001,2024-06-09,2024,KCA,SEA,9,6.0,22,107,3,1,1,1,0.96,KCA202406090
Cole Ragans,ragac001,2024-06-14,2024,KCA,LAN,4,7.0,26,102,6,1,2,0,1.03,LAN202406140
Cole Ragans,ragac001,2024-06-19,2024,KCA,OAK,7,6.0,26,102,4,4,0,0,1.0,OAK202406190
Cole Ragans,ragac001,2024-06-24,2024,KCA,MIA,11,6.0,25,108,4,3,0,1,0.96,KCA202406240
Cole Ragans,ragac001,2024-06-29,2024,KCA,CLE,6,4.7,21,93,6,1,1,1,0.96,KCA202406290
Cole Ragans,ragac001,2024-07-05,2024,KCA,COL,8,7.0,28,106,5,3,1,0,0.92,COL202407050
Cole Ragans,ragac001,2024-07-12,2024,KCA,BOS,7,7.0,25,102,4,1,0,0,0.98,BOS202407120
Cole Ragans,ragac001,2024-07-22,2024,KCA,ARI,5,6.0,26,105,6,2,1,1,0.96,KCA202407220
Cole Ragans,ragac001,2024-07-28,2024,KCA,CHN,7,5.7,26,102,8,1,0,1,0.96,KCA202407280
Cole Ragans,ragac001,2024-08-02,2024,KCA,DET,6,5.7,22,97,2,4,1,0,1.0,DET202408020
Cole Ragans,ragac001,2024-08-07,2024,KCA,BOS,7,6.3,27,106,6,2,2,1,0.96,KCA202408070
Cole Ragans,ragac001,2024-08-14,2024,KCA,MIN,8,7.0,26,106,5,0,1,0,1.0,MIN202408140
Cole Ragans,ragac001,2024-08-20,2024,KCA,ANA,9,5.0,22,97,3,3,1,1,0.96,KCA202408200
Cole Ragans,ragac001,2024-08-26,2024,KCA,CLE,4,4.0,20,94,3,4,0,0,1.04,CLE202408261
Cole Ragans,ragac001,2024-08-31,2024,KCA,HOU,10,5.0,22,93,4,2,0,0,1.02,HOU202408310
Cole Ragans,ragac001,2024-09-06,2024,KCA,MIN,7,6.0,22,95,4,1,0,1,0.96,KCA202409060
Cole Ragans,ragac001,2024-09-11,2024,KCA,NYA,7,6.0,23,100,3,3,1,0,0.99,NYA202409110
Cole Ragans,ragac001,2024-09-17,2024,KCA,DET,6,7.0,27,105,4,4,0,1,0.96,KCA202409170
Cole Ragans,ragac001,2024-09-24,2024,KCA,WAS,6,6.0,23,89,3,3,0,0,1.01,WAS202409240
Drew Rasmussen,rasmd002,2024-08-10,2024,TBA,BAL,0,1.0,7,30,4,0,0,1,1.05,TBA202408100
Drew Rasmussen,rasmd002,2024-08-18,2024,TBA,ARI,2,2.0,6,21,0,0,0,1,1.05,TBA202408180
Drew Rasmussen,rasmd002,2024-08-28,2024,TBA,SEA,2,2.0,7,26,2,0,0,0,1.04,SEA202408280
Drew Rasmussen,rasmd002,2024-09-14,2024,TBA,CLE,2,2.0,7,28,1,0,0,0,1.04,CLE202409140
Robbie Ray,ray-r002,2024-07-24,2024,SFN,LAN,8,5.0,19,86,0,2,0,0,1.03,LAN202407240
Robbie Ray,ray-r002,2024-07-30,2024,SFN,OAK,4,4.3,21,94,7,3,3,1,1.03,SFN202407300
Robbie Ray,ray-r002,2024-08-04,2024,SFN,CIN,9,5.0,19,86,3,1,2,0,1.0,CIN202408040
Robbie Ray,ray-r002,2024-08-09,2024,SFN,DET,7,6.0,25,105,5,3,0,1,1.03,SFN202408090
Robbie Ray,ray-r002,2024-08-14,2024,SFN,ATL,2,0.7,8,39,1,3,1,1,1.03,SFN202408140
Robbie Ray,ray-r002,2024-08-20,2024,SFN,CHA,9,6.7,24,96,3,0,0,1,1.03,SFN202408200
Robbie Ray,ray-r002,2024-08-25,2024,SFN,SEA,4,3.0,13,62,1,3,0,0,1.04,SEA202408250
Colin Rea,rea-c001,2024-03-31,2024,MIL,NYN,2,5.0,22,84,5,2,0,0,1.06,NYN202403310
Colin Rea,rea-c001,2024-04-07,2024,MIL,SEA,3,6.0,25,81,7,0,0,1,1.05,MIL202404070
Colin Rea,rea-c001,2024-04-14,2024,MIL,BAL,6,5.7,24,87,5,1,2,0,1.0,BAL202404140
Colin Rea,rea-c001,2024-04-21,2024,MIL,SLN,3,5.0,23,89,5,3,0,0,1.0,SLN202404210
Colin Rea,rea-c001,2024-04-26,2024,MIL,NYA,4,6.0,25,86,4,3,3,1,1.05,MIL202404260
Colin Rea,rea-c001,2024-05-01,2024,MIL,TBA,5,6.0,25,99,4,2,0,1,1.05,MIL202405010
Colin Rea,rea-c001,2024-05-07,2024,MIL,KCA,2,4.7,22,65,7,1,0,0,0.96,KCA202405070
Colin Rea,rea-c001,2024-05-13,2024,MIL,PIT,5,6.0,25,103,6,1,1,1,1.05,MIL202405130
Colin Rea,rea-c001,2024-05-19,2024,MIL,HOU,5,4.3,24,96,8,4,1,0,1.02,HOU202405190
Colin Rea,rea-c001,2024-05-30,2024,MIL,CHN,5,5.3,21,79,5,1,1,1,1.05,MIL202405300
Colin Rea,rea-c001,2024-06-10,2024,MIL,TOR,4,7.0,23,85,3,0,1,1,1.05,MIL202406100
Colin Rea,rea-c001,2024-06-16,2024,MIL,CIN,6,6.0,23,92,4,1,1,1,1.05,MIL202406160
Colin Rea,rea-c001,2024-06-21,2024,MIL,SDN,0,5.3,23,69,6,2,2,0,1.08,SDN202406210
Colin Rea,rea-c001,2024-06-28,2024,MIL,CHN,8,5.3,22,97,3,2,1,1,1.05,MIL202406280
Colin Rea,rea-c001,2024-07-03,2024,MIL,COL,4,7.0,25,97,6,0,0,0,0.92,COL202407030
Colin Rea,rea-c001,2024-07-09,2024,MIL,PIT,3,5.0,24,87,6,2,1,1,1.05,MIL202407090
Colin Rea,rea-c001,2024-07-23,2024,MIL,CHN,8,5.0,21,93,4,2,0,0,0.97,CHN202407230
Colin Rea,rea-c001,2024-07-29,2024,MIL,ATL,6,5.3,21,82,3,2,2,1,1.05,MIL202407290
Colin Rea,rea-c001,2024-08-06,2024,MIL,ATL,9,7.0,25,92,5,1,0,0,1.02,ATL202408060
Colin Rea,rea-c001,2024-08-13,2024,MIL,LAN,4,6.0,29,100,10,0,4,1,1.05,MIL202408130
Colin Rea,rea-c001,2024-08-18,2024,MIL,CLE,5,7.0,25,88,2,0,0,1,1.05,MIL202408180
Colin Rea,rea-c001,2024-08-24,2024,MIL,OAK,5,6.7,27,102,8,0,2,0,1.0,OAK202408240
Colin Rea,rea-c001,2024-08-30,2024,MIL,CIN,5,4.0,19,92,6,0,2,0,1.0,CIN202408301
Colin Rea,rea-c001,2024-09-04,2024,MIL,SLN,4,4.0,19,75,4,2,0,1,1.05,MIL202409040
Colin Rea,rea-c001,2024-09-11,2024,MIL,SFN,1,4.0,23,74,11,1,3,0,1.03,SFN202409110
Colin Rea,rea-c001,2024-09-20,2024,MIL,ARI,4,4.0,17,67,5,1,1,1,1.05,MIL202409200
Colin Rea,rea-c001,2024-09-29,2024,MIL,NYN,5,5.7,31,106,10,3,1,1,1.05,MIL202409290
Trevor Richards,richt001,2024-06-04,2024,TOR,BAL,4,2.0,6,40,0,0,0,1,1.0,TOR202406040
Trevor Richards,richt001,2024-06-15,2024,TOR,CLE,1,2.3,8,31,1,0,0,1,1.0,TOR202406150
Kumar Rocker,rockk001,2024-09-12,2024,TEX,SEA,7,4.0,17,74,3,2,1,0,1.04,SEA202409120
Kumar Rocker,rockk001,2024-09-19,2024,TEX,TOR,5,3.0,17,71,2,4,0,1,0.99,TEX202409190
Kumar Rocker,rockk001,2024-09-26,2024,TEX,OAK,2,4.7,21,73,7,0,0,0,1.0,OAK202409260
Carlos Rodón,rodoc001,2024-03-29,2024,NYA,HOU,4,4.3,21,87,5,3,0,0,1.02,HOU202403290
Carlos Rodón,rodoc001,2024-04-03,2024,NYA,ARI,3,5.3,24,95,7,2,2,0,1.03,ARI202404030
Carlos Rodón,rodoc001,2024-04-09,2024,NYA,MIA,6,6.0,24,89,5,2,0,1,0.99,NYA202404090
Carlos Rodón,rodoc001,2024-04-16,2024,NYA,TOR,5,4.0,21,101,5,4,0,0,1.0,TOR202404160
Carlos Rodón,rodoc001,2024-04-22,2024,NYA,OAK,4,7.0,25,91,1,2,0,1,0.99,NYA202404220
Carlos Rodón,rodoc001,2024-04-27,2024,NYA,MIL,8,6.0,21,93,2,1,1,0,1.05,MIL202404270
Carlos Rodón,rodoc001,2024-05-02,2024,NYA,BAL,6,4.0,23,80,8,0,3,0,1.0,BAL202405020
Carlos Rodón,rodoc001,2024-05-08,2024,NYA,HOU,7,6.3,27,100,7,0,1,1,0.99,NYA202405080
Carlos Rodón,rodoc001,2024-05-14,2024,NYA,MIN,6,6.0,24,102,6,0,1,0,1.0,MIN202405140
Carlos Rodón,rodoc001,2024-05-19,2024,NYA,CHA,6,6.0,24,99,4,2,1,1,0.99,NYA202405190
Carlos Rodón,rodoc001,2024-05-24,2024,NYA,SDN,2,6.0,23,93,3,3,0,0,1.08,SDN202405240
Carlos Rodón,rodoc001,2024-05-30,2024,NYA,ANA,5,6.0,22,87,3,1,1,0,0.99,ANA202405300
Carlos Rodón,rodoc001,2024-06-05,2024,NYA,MIN,9,6.0,21,100,3,0,1,1,0.99,NYA202406050
Carlos Rodón,rodoc001,2024-06-10,2024,NYA,KCA,3,7.0,25,103,5,0,0,0,0.96,KCA202406100
Carlos Rodón,rodoc001,2024-06-15,2024,NYA,BOS,7,5.0,25,109,7,3,0,0,0.98,BOS202406150
Carlos Rodón,rodoc001,2024-06-21,2024,NYA,ATL,3,3.7,24,93,11,2,3,1,0.99,NYA202406210
Carlos Rodón,rodoc001,2024-06-27,2024,NYA,TOR,8,5.0,27,107,10,1,2,0,1.0,TOR202406270
Carlos Rodón,rodoc001,2024-07-03,2024,NYA,CIN,8,5.3,21,95,3,2,2,1,0.99,NYA202407030
Carlos Rodón,rodoc001,2024-07-09,2024,NYA,TBA,5,4.0,18,95,5,2,1,0,1.05,TBA202407090
Carlos Rodón,rodoc001,2024-07-14,2024,NYA,BAL,7,4.0,19,98,4,3,1,0,1.0,BAL202407140
Carlos Rodón,rodoc001,2024-07-22,2024,NYA,TBA,10,7.0,25,101,2,2,1,1,0.99,NYA202407220
Carlos Rodón,rodoc001,2024-07-28,2024,NYA,BOS,7,6.3,25,105,5,1,2,0,0.98,BOS202407280
Carlos Rodón,rodoc001,2024-08-03,2024,NYA,TOR,8,5.3,21,106,3,2,1,1,0.99,NYA202408030
Carlos Rodón,rodoc001,2024-08-10,2024,NYA,TEX,6,5.7,25,110,3,5,0,1,0.99,NYA202408101
Carlos Rodón,rodoc001,2024-08-17,2024,NYA,DET,5,3.3,18,90,7,1,0,0,1.0,DET202408170
Carlos Rodón,rodoc001,2024-08-23,2024,NYA,COL,5,6.0,23,102,4,1,0,1,0.99,NYA202408230
Carlos Rodón,rodoc001,2024-08-28,2024,NYA,WAS,8,5.7,25,100,8,2,1,0,1.01,WAS202408280
Carlos Rodón,rodoc001,2024-09-03,2024,NYA,TEX,11,6.0,22,99,1,2,1,0,0.99,TEX202409030
Carlos Rodón,rodoc001,2024-09-09,2024,NYA,KCA,9,6.0,26,98,5,1,2,1,0.99,NYA202409090
Carlos Rodón,rodoc001,2024-09-15,2024,NYA,BOS,5,5.3,24,88,6,2,1,1,0.99,NYA202409150
Carlos Rodón,rodoc001,2024-09-21,2024,NYA,OAK,4,6.0,22,90,5,1,0,0,1.0,OAK202409210
Carlos Rodón,rodoc001,2024-09-27,2024,NYA,PIT,5,5.3,21,95,4,4,2,1,0.99,NYA202409270
Carlos Rodriguez,rodrc003,2024-06-11,2024,MIL,TOR,4,3.7,19,71,7,1,0,1,1.05,MIL202406110
Carlos Rodriguez,rodrc003,2024-06-17,2024,MIL,ANA,3,4.7,21,90,6,2,1,0,0.99,ANA202406170
Carlos Rodriguez,rodrc003,2024-06-22,2024,MIL,SDN,2,4.0,17,72,6,0,2,0,1.08,SDN202406220
Eduardo Rodríguez,rodre004,2024-08-07,2024,ARI,CLE,1,5.7,23,65,4,2,2,0,1.04,CLE202408072
Eduardo Rodríguez,rodre004,2024-08-13,2024,ARI,COL,5,5.0,22,83,6,1,0,1,1.03,ARI202408130
Eduardo Rodríguez,rodre004,2024-08-20,2024,ARI,MIA,5,5.3,23,100,6,1,0,0,0.98,MIA202408200
Eduardo Rodríguez,rodre004,2024-08-28,2024,ARI,NYN,5,5.3,22,89,5,1,1,1,1.03,ARI202408280
Eduardo Rodríguez,rodre004,2024-09-02,2024,ARI,LAN,1,4.0,20,92,7,2,1,1,1.03,ARI202409020
Eduardo Rodríguez,rodre004,2024-09-07,2024,ARI,HOU,1,4.0,23,88,7,3,0,0,1.02,HOU202409070
Eduardo Rodríguez,rodre004,2024-09-13,2024,ARI,MIL,7,5.0,22,90,5,3,1,1,1.03,ARI202409130
Eduardo Rodríguez,rodre004,2024-09-18,2024,ARI,COL,11,6.3,25,94,5,1,0,0,0.92,COL202409180
Eduardo Rodríguez,rodre004,2024-09-23,2024,ARI,SFN,8,4.7,24,103,7,3,3,1,1.03,ARI202409230
Eduardo Rodríguez,rodre004,2024-09-28,2024,ARI,SDN,3,4.7,20,62,4,2,0,1,1.03,ARI202409280
Grayson Rodriguez,rodrg003,2024-03-30,2024,BAL,ANA,9,6.0,22,84,4,1,1,1,1.0,BAL202403300
Grayson Rodriguez,rodrg003,2024-04-05,2024,BAL,PIT,7,6.3,27,97,6,2,2,0,1.0,PIT202404050
Grayson Rodriguez,rodrg003,2024-04-11,2024,BAL,BOS,5,5.7,25,94,6,2,0,0,0.98,BOS202404110
Grayson Rodriguez,rodrg003,2024-04-16,2024,BAL,MIN,6,6.0,23,87,4,3,0,1,1.0,BAL202404160
Grayson Rodriguez,rodrg003,2024-04-23,2024,BAL,ANA,7,4.3,24,82,11,1,1,0,0.99,ANA202404230
Grayson Rodriguez,rodrg003,2024-04-29,2024,BAL,NYA,3,5.7,25,101,5,3,0,1,1.0,BAL202404290
Grayson Rodriguez,rodrg003,2024-05-18,2024,BAL,SEA,7,6.0,22,82,1,3,0,1,1.0,BAL202405180
Grayson Rodriguez,rodrg003,2024-05-23,2024,BAL,CHA,7,5.0,24,94,3,5,0,0,0.99,CHA202405230
Grayson Rodriguez,rodrg003,2024-05-28,2024,BAL,BOS,10,6.0,27,90,7,1,1,1,1.0,BAL202405280
Grayson Rodriguez,rodrg003,2024-06-03,2024,BAL,TOR,4,6.7,27,86,7,0,1,0,1.0,TOR202406030
Grayson Rodriguez,rodrg003,2024-06-09,2024,BAL,TBA,6,5.7,20,107,2,1,0,0,1.05,TBA202406090
Grayson Rodriguez,rodrg003,2024-06-15,2024,BAL,PHI,6,7.0,28,99,7,1,1,1,1.0,BAL202406150
Grayson Rodriguez,rodrg003,2024-06-21,2024,BAL,HOU,8,5.0,26,94,9,2,1,0,1.02,HOU202406210
Grayson Rodriguez,rodrg003,2024-06-26,2024,BAL,CLE,4,7.0,26,97,5,0,2,1,1.0,BAL202406260
Grayson Rodriguez,rodrg003,2024-07-02,2024,BAL,SEA,8,6.3,24,104,2,4,0,0,1.04,SEA202407020
Grayson Rodriguez,rodrg003,2024-07-07,2024,BAL,OAK,8,6.0,26,95,6,1,0,0,1.0,OAK202407070
Grayson Rodriguez,rodrg003,2024-07-13,2024,BAL,NYA,7,5.0,24,91,8,1,3,1,1.0,BAL202407130
Grayson Rodriguez,rodrg003,2024-07-20,2024,BAL,TEX,8,6.0,23,103,3,2,0,0,0.99,TEX202407200
Grayson Rodriguez,rodrg003,2024-07-26,2024,BAL,SDN,2,5.0,20,96,7,0,1,1,1.0,BAL202407260
Grayson Rodriguez,rodrg003,2024-07-31,2024,BAL,TOR,8,6.0,28,96,6,3,1,1,1.0,BAL202407310
Randy Rodríguez,rodrr010,2024-06-25,2024,SFN,CHN,5,2.7,11,53,1,2,0,1,1.03,SFN202406250
Yariel Rodríguez,rodry003,2024-04-13,2024,TOR,COL,6,3.7,16,68,4,2,1,1,1.0,TOR202404130
Yariel Rodríguez,rodry003,2024-04-19,2024,TOR,SDN,7,4.0,16,83,3,1,1,0,1.08,SDN202404190
Yariel Rodríguez,rodry003,2024-04-24,2024,TOR,KCA,2,4.0,20,69,6,2,0,0,0.96,KCA202404240
Yariel Rodríguez,rodry003,2024-04-29,2024,TOR,KCA,1,3.7,20,82,6,3,0,1,1.0,TOR202404290
Yariel Rodríguez,rodry003,2024-06-21,2024,TOR,CLE,1,1.3,9,52,2,3,0,0,1.04,CLE202406210
Yariel Rodríguez,rodry003,2024-06-26,2024,TOR,BOS,0,1.0,4,15,0,1,0,0,0.98,BOS202406260
Yariel Rodríguez,rodry003,2024-07-01,2024,TOR,HOU,6,6.7,23,83,2,2,1,1,1.0,TOR202407010
Yariel Rodríguez,rodry003,2024-07-06,2024,TOR,SEA,6,6.0,20,82,1,2,0,0,1.04,SEA202407060
Yariel Rodríguez,rodry003,2024-07-12,2024,TOR,ARI,7,4.0,19,82,4,3,0,0,1.03,ARI202407120
Yariel Rodríguez,rodry003,2024-07-24,2024,TOR,TBA,6,5.7,20,73,2,1,0,1,1.0,TOR202407240
Yariel Rodríguez,rodry003,2024-07-29,2024,TOR,BAL,1,0.7,9,43,1,4,0,0,1.0,BAL202407291
Yariel Rodríguez,rodry003,2024-08-04,2024,TOR,NYA,4,4.7,19,76,4,1,0,0,0.99,NYA202408040
Yariel Rodríguez,rodry003,2024-08-10,2024,TOR,OAK,5,5.7,23,85,5,1,1,1,1.0,TOR202408100
Yariel Rodríguez,rodry003,2024-08-16,2024,TOR,CHN,5,5.0,21,88,4,2,3,0,0.97,CHN202408160
Yariel Rodríguez,rodry003,2024-08-21,2024,TOR,CIN,6,4.3,19,87,6,2,1,1,1.0,TOR202408210
Yariel Rodríguez,rodry003,2024-08-27,2024,TOR,BOS,3,5.0,24,79,8,1,1,0,0.98,BOS202408270
Yariel Rodríguez,rodry003,2024-09-01,2024,TOR,MIN,3,3.0,13,57,3,2,0,0,1.0,MIN202409010
Yariel Rodríguez,rodry003,2024-09-08,2024,TOR,ATL,6,5.0,17,73,2,1,1,0,1.02,ATL202409080
Yariel Rodríguez,rodry003,2024-09-15,2024,TOR,SLN,2,4.3,17,62,3,1,0,1,1.0,TOR202409150
Yariel Rodríguez,rodry003,2024-09-21,2024,TOR,TBA,3,4.0,18,81,4,3,1,0,1.05,TBA202409210
Yariel Rodríguez,rodry003,2024-09-28,2024,TOR,MIA,5,5.0,21,82,4,2,0,1,1.0,TOR202409280
Trevor Rogers,roget003,2024-03-31,2024,MIA,PIT,6,5.0,26,97,7,4,0,1,0.98,MIA202403310
Trevor Rogers,roget003,2024-04-06,2024,MIA,SLN,3,5.0,23,90,5,3,0,0,1.0,SLN202404060
Trevor Rogers,roget003,2024-04-12,2024,MIA,ATL,5,5.0,23,80,8,1,0,1,0.98,MIA202404120
Trevor Rogers,roget003,2024-04-17,2024,MIA,SFN,6,5.7,21,93,4,0,0,1,0.98,MIA202404170
Trevor Rogers,roget003,2024-04-23,2024,MIA,ATL,4,5.7,26,84,7,1,1,0,1.02,ATL202404230
Trevor Rogers,roget003,2024-04-29,2024,MIA,WAS,3,5.0,22,89,4,3,1,1,0.98,MIA202404290
Trevor Rogers,roget003,2024-05-04,2024,MIA,OAK,1,2.3,18,78,8,3,2,0,1.0,OAK202405040
Trevor Rogers,roget003,2024-05-10,2024,MIA,PHI,3,3.3,21,81,9,2,1,1,0.98,MIA202405100
Trevor Rogers,roget003,2024-05-15,2024,MIA,DET,6,5.0,21,83,3,2,0,0,1.0,DET202405150
Trevor Rogers,roget003,2024-05-21,2024,MIA,MIL,4,3.7,21,90,6,4,0,1,0.98,MIA202405210
Trevor Rogers,roget003,2024-05-27,2024,MIA,SDN,3,5.3,23,90,6,2,1,0,1.08,SDN202405270
Trevor Rogers,roget003,2024-06-02,2024,MIA,TEX,3,6.0,25,87,6,2,1,1,0.98,MIA202406020
Trevor Rogers,roget003,2024-06-09,2024,MIA,CLE,5,5.0,20,88,2,4,1,1,0.98,MIA202406090
Trevor Rogers,roget003,2024-06-15,2024,MIA,WAS,3,7.0,27,93,6,0,1,0,1.01,WAS202406150
Trevor Rogers,roget003,2024-06-21,2024,MIA,SEA,5,6.3,23,90,4,1,0,1,0.98,MIA202406210
Trevor Rogers,roget003,2024-06-27,2024,MIA,PHI,4,6.0,28,103,6,4,1,0,1.01,PHI202406270
Trevor Rogers,roget003,2024-07-03,2024,MIA,BOS,6,3.0,17,84,5,3,0,1,0.98,MIA202407030
Trevor Rogers,roget003,2024-07-09,2024,MIA,HOU,5,5.3,24,107,6,2,0,0,1.02,HOU202407090
Trevor Rogers,roget003,2024-07-14,2024,MIA,CIN,4,5.7,21,87,2,3,1,0,1.0,CIN202407140
Trevor Rogers,roget003,2024-07-21,2024,MIA,NYN,5,4.7,22,99,5,2,0,1,0.98,MIA202407210
Trevor Rogers,roget003,2024-07-26,2024,MIA,MIL,1,5.3,20,93,6,0,1,0,1.05,MIL202407260
Trevor Rogers,roget003,2024-08-01,2024,BAL,CLE,3,4.3,22,94,6,3,1,0,1.04,CLE202408010
Trevor Rogers,roget003,2024-08-07,2024,BAL,TOR,2,5.0,23,94,7,2,0,0,1.0,TOR202408070
Trevor Rogers,roget003,2024-08-13,2024,BAL,WAS,2,5.0,23,78,7,2,0,1,1.0,BAL202408130
Trevor Rogers,roget003,2024-08-19,2024,BAL,NYN,5,4.7,22,91,5,3,1,0,1.06,NYN202408190
Kenny Rosenberg,rosek001,2024-07-25,2024,ANA,OAK,1,3.3,16,65,6,1,3,1,0.99,ANA202407250
Joe Ross,rossj002,2024-04-03,2024,MIL,MIN,3,3.7,18,73,2,5,0,1,1.05,MIL202404030
Joe Ross,rossj002,2024-04-09,2024,MIL,CIN,7,6.3,26,87,5,1,0,0,1.0,CIN202404090
Joe Ross,rossj002,2024-04-15,2024,MIL,SDN,4,4.7,26,80,9,2,0,1,1.05,MIL202404150
Joe Ross,rossj002,2024-04-22,2024,MIL,PIT,4,5.3,21,79,6,1,1,0,1.0,PIT202404220
Joe Ross,rossj002,2024-04-27,2024,MIL,NYA,5,5.0,28,99,8,3,1,1,1.05,MIL202404270
Joe Ross,rossj002,2024-05-03,2024,MIL,CHN,4,6.0,23,86,6,0,1,0,0.97,CHN202405030
Joe Ross,rossj002,2024-05-08,2024,MIL,KCA,2,5.0,20,67,3,2,0,0,0.96,KCA202405080
Joe Ross,rossj002,2024-05-14,2024,MIL,PIT,6,5.0,19,91,2,1,1,1,1.05,MIL202405140
Joe Ross,rossj002,2024-05-20,2024,MIL,MIA,0,1.0,4,15,1,1,0,0,0.98,MIA202405200
Joe Ross,rossj002,2024-07-30,2024,MIL,ATL,4,5.0,24,87,8,2,1,1,1.05,MIL202407300
Landen Roupp,roupl001,2024-09-10,2024,SFN,MIL,3,5.0,19,68,5,0,0,1,1.03,SFN202409100
Landen Roupp,roupl001,2024-09-15,2024,SFN,SDN,4,5.0,18,74,2,2,0,1,1.03,SFN202409150
Landen Roupp,roupl001,2024-09-21,2024,SFN,KCA,3,5.0,21,87,3,3,0,0,0.96,KCA202409210
Landen Roupp,roupl001,2024-09-27,2024,SFN,SLN,4,3.7,22,97,9,2,1,1,1.03,SFN202409270
Jackson Rutledge,rutlj002,2024-07-12,2024,WAS,MIL,6,4.7,20,89,3,2,0,0,1.05,MIL202407120
Joe Ryan,ryanj002,2024-03-30,2024,MIN,KCA,5,5.3,20,81,3,1,0,0,0.96,KCA202403300
Joe Ryan,ryanj002,2024-04-06,2024,MIN,CLE,7,6.0,24,90,5,0,1,1,1.0,MIN202404060
Joe Ryan,ryanj002,2024-04-13,2024,MIN,DET,12,6.0,26,96,6,1,1,0,1.0,DET202404131
Joe Ryan,ryanj002,2024-04-19,2024,MIN,DET,6,5.3,23,93,7,1,0,1,1.0,MIN202404190
Joe Ryan,ryanj002,2024-04-24,2024,MIN,CHA,8,6.0,23,92,4,1,2,1,1.0,MIN202404240
Joe Ryan,ryanj002,2024-04-29,2024,MIN,CHA,3,6.0,23,86,6,1,0,0,0.99,CHA202404290
Joe Ryan,ryanj002,2024-05-05,2024,MIN,BOS,5,6.0,23,95,4,1,1,1,1.0,MIN202405050
Joe Ryan,ryanj002,2024-05-10,2024,MIN,TOR,7,7.0,27,104,6,0,1,0,1.0,TOR202405100
Joe Ryan,ryanj002,2024-05-16,2024,MIN,NYA,5,5.3,23,93,6,1,1,1,1.0,MIN202405160
Joe Ryan,ryanj002,2024-05-21,2024,MIN,WAS,6,7.0,25,95,3,2,0,0,1.01,WAS202405210
Joe Ryan,ryanj002,2024-05-27,2024,MIN,KCA,9,7.0,25,99,4,0,0,1,1.0,MIN202405270
Joe Ryan,ryanj002,2024-06-01,2024,MIN,HOU,4,5.0,23,95,8,2,4,0,1.02,HOU202406010
Joe Ryan,ryanj002,2024-06-07,2024,MIN,PIT,8,7.0,25,92,2,2,1,0,1.0,PIT202406070
Joe Ryan,ryanj002,2024-06-13,2024,MIN,OAK,5,7.0,25,95,3,1,1,1,1.0,MIN202406130
Joe Ryan,ryanj002,2024-06-19,2024,MIN,TBA,5,6.0,24,94,6,1,1,1,1.0,MIN202406190
Joe Ryan,ryanj002,2024-06-25,2024,MIN,ARI,5,6.0,24,86,6,0,1,0,1.03,ARI202406250
Joe Ryan,ryanj002,2024-06-30,2024,MIN,SEA,10,5.7,27,99,6,0,0,0,1.04,SEA202406300
Joe Ryan,ryanj002,2024-07-06,2024,MIN,HOU,8,5.7,24,110,5,1,1,1,1.0,MIN202407060
Joe Ryan,ryanj002,2024-07-12,2024,MIN,SFN,6,5.3,25,98,6,3,0,0,1.03,SFN202407120
Joe Ryan,ryanj002,2024-07-21,2024,MIN,MIL,6,6.0,25,88,7,0,1,1,1.0,MIN202407210
Joe Ryan,ryanj002,2024-07-27,2024,MIN,DET,8,6.0,23,89,3,1,0,0,1.0,DET202407270
Joe Ryan,ryanj002,2024-08-02,2024,MIN,CHA,7,6.3,24,103,3,3,1,1,1.0,MIN202408020
Joe Ryan,ryanj002,2024-08-07,2024,MIN,CHN,2,2.0,7,33,1,0,1,0,0.97,CHN202408070
River Ryan,ryanr003,2024-07-22,2024,LAN,SFN,2,5.3,22,73,4,3,0,1,1.03,LAN202407220
River Ryan,ryanr003,2024-07-28,2024,LAN,HOU,8,5.7,21,91,2,3,0,0,1.02,HOU202407280
River Ryan,ryanr003,2024-08-04,2024,LAN,OAK,4,4.7,21,75,5,3,1,0,1.0,OAK202408040
River Ryan,ryanr003,2024-08-10,2024,LAN,PIT,4,4.7,17,56,4,0,0,1,1.03,LAN202408100
Chris Sale,salec001,2024-03-31,2024,ATL,PHI,7,5.3,22,83,5,2,1,0,1.01,PHI202403310
Chris Sale,salec001,2024-04-07,2024,ATL,ARI,6,5.3,20,96,4,0,0,1,1.02,ATL202404070
Chris Sale,salec001,2024-04-13,2024,ATL,MIA,7,7.0,29,102,6,3,1,0,0.98,MIA202404130
Chris Sale,salec001,2024-04-19,2024,ATL,TEX,7,7.0,27,89,5,1,1,1,1.02,ATL202404190
Chris Sale,salec001,2024-04-26,2024,ATL,CLE,6,7.0,25,95,2,1,1,1,1.02,ATL202404260
Chris Sale,salec001,2024-05-01,2024,ATL,SEA,9,5.0,22,100,6,0,0,0,1.04,SEA202405010
Chris Sale,salec001,2024-05-08,2024,ATL,BOS,10,6.0,25,103,6,1,0,1,1.02,ATL202405080
Chris Sale,salec001,2024-05-14,2024,ATL,CHN,9,7.0,25,92,2,0,0,1,1.02,ATL202405140
Chris Sale,salec001,2024-05-20,2024,ATL,SDN,9,7.0,26,103,5,0,0,1,1.02,ATL202405202
Chris Sale,salec001,2024-05-26,2024,ATL,PIT,8,7.0,26,97,4,1,0,0,1.0,PIT202405260
Chris Sale,salec001,2024-06-01,2024,ATL,OAK,4,4.0,22,71,9,1,2,1,1.02,ATL202406010
Chris Sale,salec001,2024-06-07,2024,ATL,WAS,10,7.0,27,102,5,1,0,0,1.01,WAS202406070
Chris Sale,salec001,2024-06-14,2024,ATL,TBA,7,7.0,27,105,5,2,0,1,1.02,ATL202406140
Chris Sale,salec001,2024-06-21,2024,ATL,NYA,8,5.0,18,95,1,3,0,0,0.99,NYA202406210
Chris Sale,salec001,2024-06-27,2024,ATL,CHA,11,7.0,24,105,4,1,1,0,0.99,CHA202406270
Chris Sale,salec001,2024-07-03,2024,ATL,SFN,9,6.0,23,103,3,2,0,1,1.02,ATL202407030
Chris Sale,salec001,2024-07-09,2024,ATL,ARI,9,5.3,24,100,5,3,0,0,1.03,ARI202407090
Chris Sale,salec001,2024-07-14,2024,ATL,SDN,4,5.0,20,79,4,2,0,0,1.08,SDN202407140
Chris Sale,salec001,2024-07-25,2024,ATL,NYN,9,7.3,24,94,2,1,1,0,1.06,NYN202407250
Chris Sale,salec001,2024-07-31,2024,ATL,MIL,6,5.7,25,100,6,3,0,0,1.05,MIL202407310
Chris Sale,salec001,2024-08-07,2024,ATL,MIL,10,4.7,25,96,9,2,0,1,1.02,ATL202408070
Chris Sale,salec001,2024-08-12,2024,ATL,SFN,12,7.0,25,107,4,0,0,0,1.03,SFN202408120
Chris Sale,salec001,2024-08-17,2024,ATL,ANA,10,6.0,25,95,6,2,0,0,0.99,ANA202408170
Chris Sale,salec001,2024-08-23,2024,ATL,WAS,4,7.0,28,99,9,1,0,1,1.02,ATL202408230
Chris Sale,salec001,2024-08-28,2024,ATL,MIN,6,6.0,24,109,6,1,0,0,1.0,MIN202408280
Chris Sale,salec001,2024-09-03,2024,ATL,COL,9,7.0,27,93,6,0,0,1,1.02,ATL202409030
Chris Sale,salec001,2024-09-08,2024,ATL,TOR,7,6.0,23,113,2,1,0,1,1.02,ATL202409080
Chris Sale,salec001,2024-09-14,2024,ATL,LAN,6,6.0,23,96,5,2,0,1,1.02,ATL202409140
Chris Sale,salec001,2024-09-19,2024,ATL,CIN,6,5.0,21,93,5,2,1,0,1.0,CIN202409190
Cristopher Sánchez,sancc002,2024-04-01,2024,PHI,CIN,8,5.0,20,85,5,1,0,1,1.01,PHI202404010
Cristopher Sánchez,sancc002,2024-04-07,2024,PHI,WAS,1,4.3,22,83,6,3,0,0,1.01,WAS202404070
Cristopher Sánchez,sancc002,2024-04-12,2024,PHI,PIT,6,6.0,26,91,4,3,0,1,1.01,PHI202404120
Cristopher Sánchez,sancc002,2024-04-17,2024,PHI,COL,10,6.0,24,97,6,1,0,1,1.01,PHI202404170
Cristopher Sánchez,sancc002,2024-04-23,2024,PHI,CIN,3,3.0,18,74,4,3,0,0,1.0,CIN202404230
Cristopher Sánchez,sancc002,2024-04-29,2024,PHI,ANA,1,5.0,22,75,7,2,1,0,0.99,ANA202404290
Cristopher Sánchez,sancc002,2024-05-07,2024,PHI,TOR,5,7.0,27,89,6,2,0,1,1.01,PHI202405070
Cristopher Sánchez,sancc002,2024-05-13,2024,PHI,NYN,5,5.7,27,108,7,3,0,0,1.06,NYN202405130
Cristopher Sánchez,sancc002,2024-05-18,2024,PHI,WAS,8,7.0,26,92,8,0,0,1,1.01,PHI202405180
Cristopher Sánchez,sancc002,2024-05-24,2024,PHI,COL,2,5.3,24,83,7,1,0,0,0.92,COL202405240
Cristopher Sánchez,sancc002,2024-05-29,2024,PHI,SFN,7,6.0,24,96,4,1,0,0,1.03,SFN202405290
Cristopher Sánchez,sancc002,2024-06-04,2024,PHI,MIL,3,6.0,21,83,4,1,0,1,1.01,PHI202406040
Cristopher Sánchez,sancc002,2024-06-12,2024,PHI,BOS,2,4.0,19,67,7,2,0,0,0.98,BOS202406120
Cristopher Sánchez,sancc002,2024-06-17,2024,PHI,SDN,5,7.0,25,94,6,1,0,1,1.01,PHI202406170
Cristopher Sánchez,sancc002,2024-06-23,2024,PHI,ARI,4,7.0,22,80,3,0,0,1,1.01,PHI202406230
Cristopher Sánchez,sancc002,2024-06-28,2024,PHI,MIA,9,9.0,29,101,3,0,0,1,1.01,PHI202406280
Cristopher Sánchez,sancc002,2024-07-04,2024,PHI,CHN,3,4.0,22,79,7,3,1,0,0.97,CHN202407040
Cristopher Sánchez,sancc002,2024-07-10,2024,PHI,LAN,5,6.0,24,91,5,1,0,1,1.01,PHI202407100
Cristopher Sánchez,sancc002,2024-07-20,2024,PHI,PIT,2,5.7,23,90,8,0,1,0,1.0,PIT202407200
Cristopher Sánchez,sancc002,2024-07-26,2024,PHI,CLE,2,6.0,29,88,8,2,0,1,1.01,PHI202407260
Cristopher Sánchez,sancc002,2024-07-31,2024,PHI,NYA,7,5.7,25,94,8,1,1,1,1.01,PHI202407310
Cristopher Sánchez,sancc002,2024-08-06,2024,PHI,LAN,2,6.0,25,89,5,1,0,0,1.03,LAN202408060
Cristopher Sánchez,sancc002,2024-08-11,2024,PHI,ARI,4,4.7,27,96,12,2,0,0,1.03,ARI202408110
Cristopher Sánchez,sancc002,2024-08-17,2024,PHI,WAS,4,9.0,29,99,2,0,1,1,1.01,PHI202408170
Cristopher Sánchez,sancc002,2024-08-22,2024,PHI,ATL,8,6.0,27,95,9,1,1,0,1.02,ATL202408220
Cristopher Sánchez,sancc002,2024-08-29,2024,PHI,ATL,8,5.7,26,105,7,1,2,1,1.01,PHI202408290
Cristopher Sánchez,sancc002,2024-09-04,2024,PHI,TOR,7,7.0,27,96,6,0,0,0,1.0,TOR202409040
Cristopher Sánchez,sancc002,2024-09-09,2024,PHI,TBA,4,6.0,23,94,4,1,0,1,1.01,PHI202409090
Cristopher Sánchez,sancc002,2024-09-15,2024,PHI,NYN,7,7.0,27,87,6,1,1,1,1.01,PHI202409150
Cristopher Sánchez,sancc002,2024-09-20,2024,PHI,NYN,7,5.0,22,98,3,5,1,0,1.06,NYN202409200
Cristopher Sánchez,sancc002,2024-09-25,2024,PHI,CHN,4,4.7,22,94,5,1,1,1,1.01,PHI202409250
Sixto Sánchez,sancs001,2024-04-24,2024,MIA,ATL,3,2.7,13,59,5,1,0,0,1.02,ATL202404240
Sixto Sánchez,sancs001,2024-04-30,2024,MIA,COL,3,4.0,19,68,7,0,1,1,0.98,MIA202404300
Sixto Sánchez,sancs001,2024-05-05,2024,MIA,OAK,2,4.0,19,65,3,3,0,0,1.0,OAK202405050
Sixto Sánchez,sancs001,2024-05-13,2024,MIA,DET,2,4.7,21,81,5,2,0,0,1.0,DET202405130
Sixto Sánchez,sancs001,2024-05-19,2024,MIA,NYN,2,4.0,20,85,6,2,0,1,0.98,MIA202405190
Sixto Sánchez,sancs001,2024-05-25,2024,MIA,ARI,2,5.0,21,76,5,2,0,0,1.03,ARI202405250
Sixto Sánchez,sancs001,2024-05-31,2024,MIA,TEX,0,4.0,15,53,4,1,1,1,0.98,MIA202405310
Nick Sandlin,sandn001,2024-08-26,2024,CLE,KCA,2,1.0,5,22,0,2,0,1,1.04,CLE202408261
Patrick Sandoval,sandp002,2024-03-28,2024,ANA,BAL,2,1.7,14,60,6,2,0,0,1.0,BAL202403280
Patrick Sandoval,sandp002,2024-04-03,2024,ANA,MIA,7,5.7,23,93,4,2,0,0,0.98,MIA202404030
Patrick Sandoval,sandp002,2024-04-09,2024,ANA,TBA,6,5.0,24,101,5,3,0,1,0.99,ANA202404090
Patrick Sandoval,sandp002,2024-04-15,2024,ANA,TBA,3,5.0,21,93,4,2,0,0,1.05,TBA202404150
Patrick Sandoval,sandp002,2024-04-20,2024,ANA,CIN,6,4.0,21,83,6,5,1,0,1.0,CIN202404200
Patrick Sandoval,sandp002,2024-04-26,2024,ANA,MIN,4,5.7,24,99,9,0,1,1,0.99,ANA202404260
Patrick Sandoval,sandp002,2024-05-01,2024,ANA,PHI,10,5.0,21,102,4,2,0,1,0.99,ANA202405010
Patrick Sandoval,sandp002,2024-05-07,2024,ANA,PIT,7,7.0,25,103,3,1,0,0,1.0,PIT202405070
Patrick Sandoval,sandp002,2024-05-12,2024,ANA,KCA,3,6.0,29,95,11,0,0,1,0.99,ANA202405120
Patrick Sandoval,sandp002,2024-05-18,2024,ANA,TEX,5,6.0,23,99,3,3,1,0,0.99,TEX202405180
Patrick Sandoval,sandp002,2024-05-24,2024,ANA,CLE,4,3.7,22,83,6,4,3,1,0.99,ANA202405240
Patrick Sandoval,sandp002,2024-05-30,2024,ANA,NYA,7,6.0,22,102,2,3,1,1,0.99,ANA202405300
Patrick Sandoval,sandp002,2024-06-04,2024,ANA,SDN,7,6.0,24,100,4,1,0,1,0.99,ANA202406040
Patrick Sandoval,sandp002,2024-06-09,2024,ANA,HOU,4,5.7,26,99,8,3,0,1,0.99,ANA202406090
Patrick Sandoval,sandp002,2024-06-15,2024,ANA,SFN,5,5.0,24,98,8,2,1,0,1.03,SFN202406150
Patrick Sandoval,sandp002,2024-06-21,2024,ANA,LAN,1,2.3,10,34,2,2,0,0,1.03,LAN202406210
Tony Santillan,santt001,2024-07-30,2024,CIN,CHN,0,1.0,4,23,0,1,0,1,1.0,CIN202407300
Max Scherzer,schem001,2024-06-23,2024,TEX,KCA,4,5.0,16,57,1,0,0,1,0.99,TEX202406230
Max Scherzer,schem001,2024-06-28,2024,TEX,BAL,4,5.3,22,77,4,2,1,0,1.0,BAL202406280
Max Scherzer,schem001,2024-07-04,2024,TEX,SDN,3,6.3,24,90,6,1,1,1,0.99,TEX202407040
Max Scherzer,schem001,2024-07-09,2024,TEX,ANA,6,6.7,27,95,8,0,2,0,0.99,ANA202407090
Max Scherzer,schem001,2024-07-14,2024,TEX,HOU,6,4.0,17,71,4,1,1,0,1.02,HOU202407140
Max Scherzer,schem001,2024-07-20,2024,TEX,BAL,1,2.0,14,53,5,2,0,1,0.99,TEX202407200
Max Scherzer,schem001,2024-07-25,2024,TEX,CHA,9,6.0,21,85,3,1,0,1,0.99,TEX202407250
Max Scherzer,schem001,2024-07-30,2024,TEX,SLN,5,4.0,17,68,4,1,1,0,1.0,SLN202407300
Max Scherzer,schem001,2024-09-14,2024,TEX,SEA,2,4.0,19,73,5,2,1,0,1.04,SEA202409140
Clarke Schmidt,schmc002,2024-03-31,2024,NYA,HOU,5,5.3,21,75,7,0,1,0,1.02,HOU202403310
Clarke Schmidt,schmc002,2024-04-06,2024,NYA,TOR,4,4.3,22,91,6,3,0,1,0.99,NYA202404060
Clarke Schmidt,schmc002,2024-04-13,2024,NYA,CLE,7,5.0,20,85,3,5,0,0,1.04,CLE202404131
Clarke Schmidt,schmc002,2024-04-19,2024,NYA,TBA,7,5.3,23,102,7,0,1,1,0.99,NYA202404190
Clarke Schmidt,schmc002,2024-04-24,2024,NYA,OAK,6,5.3,22,92,4,2,1,1,0.99,NYA202404240
Clarke Schmidt,schmc002,2024-04-29,2024,NYA,BAL,5,5.7,22,92,3,3,1,0,1.0,BAL202404290
Clarke Schmidt,schmc002,2024-05-04,2024,NYA,DET,7,5.0,20,91,4,0,1,1,0.99,NYA202405040
Clarke Schmidt,schmc002,2024-05-10,2024,NYA,TBA,6,6.7,24,87,5,2,0,0,1.05,TBA202405100
Clarke Schmidt,schmc002,2024-05-16,2024,NYA,MIN,8,8.0,30,103,3,0,0,0,1.0,MIN202405160
Clarke Schmidt,schmc002,2024-05-21,2024,NYA,SEA,6,5.0,20,100,4,2,1,1,0.99,NYA202405210
Clarke Schmidt,schmc002,2024-05-26,2024,NYA,SDN,6,5.0,23,101,3,3,0,0,1.08,SDN202405260
Clarke Schmidt,schmc002,2024-09-07,2024,NYA,CHN,2,4.7,17,75,4,1,0,0,0.97,CHN202409070
Clarke Schmidt,schmc002,2024-09-13,2024,NYA,BOS,5,5.7,22,86,5,1,1,1,0.99,NYA202409130
Clarke Schmidt,schmc002,2024-09-19,2024,NYA,SEA,7,5.0,26,99,6,3,0,0,1.04,SEA202409190
Clarke Schmidt,schmc002,2024-09-24,2024,NYA,BAL,7,5.3,21,100,4,1,1,1,0.99,NYA202409240
Clarke Schmidt,schmc002,2024-09-29,2024,NYA,PIT,5,4.0,20,75,3,4,0,1,0.99,NYA202409290
Spencer Schwellenbach,schws001,2024-05-29,2024,ATL,WAS,5,5.0,22,88,5,1,1,1,1.02,ATL202405290
Spencer Schwellenbach,schws001,2024-06-05,2024,ATL,BOS,4,4.7,23,85,7,2,1,0,0.98,BOS202406050
Spencer Schwellenbach,schws001,2024-06-12,2024,ATL,BAL,3,6.0,23,89,4,2,0,0,1.0,BAL202406120
Spencer Schwellenbach,schws001,2024-06-18,2024,ATL,DET,7,6.0,25,89,3,2,0,1,1.02,ATL202406180
Spencer Schwellenbach,schws001,2024-06-24,2024,ATL,SLN,6,5.0,21,86,8,0,0,0,1.0,SLN202406240
Spencer Schwellenbach,schws001,2024-06-30,2024,ATL,PIT,7,5.0,24,85,5,2,2,1,1.02,ATL202406300
Spencer Schwellenbach,schws001,2024-07-06,2024,ATL,PHI,6,6.0,24,81,7,0,0,1,1.02,ATL202407060
Spencer Schwellenbach,schws001,2024-07-12,2024,ATL,SDN,3,7.0,25,94,3,1,0,0,1.08,SDN202407120
Spencer Schwellenbach,schws001,2024-07-21,2024,ATL,SLN,8,6.0,25,98,7,0,3,1,1.02,ATL202407210
Spencer Schwellenbach,schws001,2024-07-27,2024,ATL,NYN,11,7.0,23,89,2,0,0,0,1.06,NYN202407270
Spencer Schwellenbach,schws001,2024-08-02,2024,ATL,MIA,10,7.0,27,94,6,0,2,1,1.02,ATL202408020
Spencer Schwellenbach,schws001,2024-08-11,2024,ATL,COL,7,6.0,25,96,6,2,0,0,0.92,COL202408110
Spencer Schwellenbach,schws001,2024-08-16,2024,ATL,ANA,8,5.0,22,92,4,2,1,0,0.99,ANA202408160
Spencer Schwellenbach,schws001,2024-08-22,2024,ATL,PHI,9,6.7,24,94,3,1,0,1,1.02,ATL202408220
Spencer Schwellenbach,schws001,2024-08-27,2024,ATL,MIN,8,4.7,22,106,5,3,0,0,1.0,MIN202408270
Spencer Schwellenbach,schws001,2024-09-01,2024,ATL,PHI,2,5.7,22,82,5,1,0,0,1.01,PHI202409010
Spencer Schwellenbach,schws001,2024-09-07,2024,ATL,TOR,3,5.0,24,72,10,0,2,1,1.02,ATL202409070
Spencer Schwellenbach,schws001,2024-09-13,2024,ATL,LAN,6,6.0,23,92,4,1,1,1,1.02,ATL202409130
Spencer Schwellenbach,schws001,2024-09-18,2024,ATL,CIN,5,6.0,25,94,5,2,0,0,1.0,CIN202409180
Spencer Schwellenbach,schws001,2024-09-24,2024,ATL,NYN,4,7.0,26,87,3,1,1,1,1.02,ATL202409240
Spencer Schwellenbach,schws001,2024-09-30,2024,ATL,NYN,5,7.0,25,94,4,0,0,1,1.02,ATL202409301
Christian Scott,scotc001,2024-05-04,2024,NYN,TBA,6,6.7,25,94,5,1,0,0,1.05,TBA202405040
Christian Scott,scotc001,2024-05-11,2024,NYN,ATL,8,6.0,25,91,6,2,1,1,1.06,NYN202405110
Christian Scott,scotc001,2024-05-17,2024,NYN,MIA,3,4.0,21,84,7,1,1,0,0.98,MIA202405170
Christian Scott,scotc001,2024-05-24,2024,NYN,SFN,4,6.0,21,94,2,1,1,1,1.06,NYN202405240
Christian Scott,scotc001,2024-05-30,2024,NYN,ARI,4,5.0,20,91,4,1,0,1,1.06,NYN202405300
Christian Scott,scotc001,2024-07-03,2024,NYN,WAS,2,5.7,24,99,6,2,1,0,1.01,WAS202407030
Christian Scott,scotc001,2024-07-08,2024,NYN,PIT,3,5.7,19,77,1,1,1,0,1.0,PIT202407080
Christian Scott,scotc001,2024-07-13,2024,NYN,COL,5,4.3,21,82,7,1,2,1,1.06,NYN202407130
Christian Scott,scotc001,2024-07-21,2024,NYN,MIA,4,4.0,21,75,7,2,1,0,0.98,MIA202407210
Tayler Scott,scott004,2024-07-29,2024,HOU,PIT,4,3.0,9,35,0,0,0,1,1.02,HOU202407290
JP Sears,searj001,2024-03-30,2024,OAK,CLE,1,3.7,20,83,6,2,0,1,1.0,OAK202403300
JP Sears,searj001,2024-04-05,2024,OAK,DET,1,5.7,24,91,6,1,2,0,1.0,DET202404050
JP Sears,searj001,2024-04-11,2024,OAK,TEX,5,6.3,22,88,1,3,0,0,0.99,TEX202404110
JP Sears,searj001,2024-04-16,2024,OAK,SLN,2,5.0,21,82,2,3,0,1,1.0,OAK202404160
JP Sears,searj001,2024-04-22,2024,OAK,NYA,7,6.0,21,91,3,1,0,0,0.99,NYA202404220
JP Sears,searj001,2024-04-27,2024,OAK,BAL,8,6.3,28,98,8,1,3,0,1.0,BAL202404270
JP Sears,searj001,2024-05-03,2024,OAK,MIA,6,6.3,23,95,4,1,0,1,1.0,OAK202405030
JP Sears,searj001,2024-05-08,2024,OAK,TEX,3,5.7,26,88,8,1,2,1,1.0,OAK202405081
JP Sears,searj001,2024-05-14,2024,OAK,HOU,2,5.0,21,100,5,1,1,0,1.02,HOU202405140
JP Sears,searj001,2024-05-19,2024,OAK,KCA,4,4.3,19,65,5,2,0,0,0.96,KCA202405190
JP Sears,searj001,2024-05-25,2024,OAK,HOU,1,6.0,22,68,2,1,0,1,1.0,OAK202405250
JP Sears,searj001,2024-05-31,2024,OAK,ATL,5,7.0,29,97,6,2,0,0,1.02,ATL202405310
JP Sears,searj001,2024-06-06,2024,OAK,SEA,8,6.0,24,101,3,2,0,1,1.0,OAK202406060
JP Sears,searj001,2024-06-11,2024,OAK,SDN,1,5.0,22,80,7,3,0,0,1.08,SDN202406110
JP Sears,searj001,2024-06-16,2024,OAK,MIN,1,4.3,26,95,9,4,3,0,1.0,MIN202406161
JP Sears,searj001,2024-06-22,2024,OAK,MIN,1,1.3,16,50,9,0,1,1,1.0,OAK202406220
JP Sears,searj001,2024-06-28,2024,OAK,ARI,6,6.0,24,83,5,1,1,0,1.03,ARI202406280
JP Sears,searj001,2024-07-04,2024,OAK,ANA,6,5.0,20,95,2,1,0,1,1.0,OAK202407040
JP Sears,searj001,2024-07-10,2024,OAK,BOS,8,5.7,23,114,4,2,1,0,0.98,BOS202407100
JP Sears,searj001,2024-07-19,2024,OAK,ANA,4,5.7,24,81,9,0,2,1,1.0,OAK202407190
JP Sears,searj001,2024-07-24,2024,OAK,HOU,3,6.0,29,82,9,0,1,1,1.0,OAK202407240
JP Sears,searj001,2024-07-30,2024,OAK,SFN,9,7.0,23,95,3,1,0,0,1.03,SFN202407300
JP Sears,searj001,2024-08-05,2024,OAK,CHA,5,7.0,25,89,3,1,0,1,1.0,OAK202408050
JP Sears,searj001,2024-08-11,2024,OAK,TOR,4,7.0,25,97,3,3,1,0,1.0,TOR202408110
JP Sears,searj001,2024-08-18,2024,OAK,SFN,9,7.7,27,104,7,0,1,1,1.0,OAK202408180
JP Sears,searj001,2024-08-23,2024,OAK,MIL,3,3.7,21,90,9,1,2,1,1.0,OAK202408230
JP Sears,searj001,2024-08-30,2024,OAK,TEX,4,7.0,28,97,5,2,1,0,0.99,TEX202408300
JP Sears,searj001,2024-09-04,2024,OAK,SEA,5,6.0,25,94,5,1,0,1,1.0,OAK202409040
JP Sears,searj001,2024-09-10,2024,OAK,HOU,1,6.0,24,82,4,2,0,0,1.02,HOU202409100
JP Sears,searj001,2024-09-15,2024,OAK,CHA,4,6.0,26,86,7,1,2,0,0.99,CHA202409150
JP Sears,searj001,2024-09-21,2024,OAK,NYA,6,5.0,25,93,9,2,2,1,1.0,OAK202409210
JP Sears,searj001,2024-09-27,2024,OAK,SEA,4,6.0,25,102,4,3,2,0,1.04,SEA202409270
Kodai Senga,sengk001,2024-07-26,2024,NYN,ATL,9,5.3,20,73,2,1,1,1,1.06,NYN202407260
Antonio Senzatela,senza001,2024-09-16,2024,COL,ARI,2,3.0,14,67,4,2,1,1,0.92,COL202409160
Antonio Senzatela,senza001,2024-09-22,2024,COL,LAN,2,5.0,19,73,5,2,1,0,1.03,LAN202409220
Antonio Senzatela,senza001,2024-09-28,2024,COL,LAN,3,4.3,21,78,6,4,1,1,0.92,COL202409280
Luis Severino,sevel001,2024-03-30,2024,NYN,MIL,6,5.0,27,88,11,0,1,1,1.06,NYN202403300
Luis Severino,sevel001,2024-04-06,2024,NYN,CIN,7,5.0,21,99,3,2,0,0,1.0,CIN202404060
Luis Severino,sevel001,2024-04-12,2024,NYN,KCA,4,5.0,20,90,1,4,1,1,1.06,NYN202404120
Luis Severino,sevel001,2024-04-17,2024,NYN,PIT,4,6.0,24,96,5,3,0,1,1.06,NYN202404170
Luis Severino,sevel001,2024-04-23,2024,NYN,SFN,5,6.0,24,91,5,0,0,0,1.03,SFN202404230
Luis Severino,sevel001,2024-04-29,2024,NYN,CHN,5,8.0,27,101,1,2,0,1,1.06,NYN202404290
Luis Severino,sevel001,2024-05-05,2024,NYN,TBA,6,5.0,26,98,4,6,0,0,1.05,TBA202405050
Luis Severino,sevel001,2024-05-12,2024,NYN,ATL,4,5.0,22,94,4,3,1,1,1.06,NYN202405120
Luis Severino,sevel001,2024-05-18,2024,NYN,MIA,3,6.7,28,95,6,3,1,0,0.98,MIA202405180
Luis Severino,sevel001,2024-05-25,2024,NYN,SFN,6,7.0,26,103,2,3,0,1,1.06,NYN202405250
Luis Severino,sevel001,2024-05-31,2024,NYN,ARI,4,5.3,25,97,6,1,1,1,1.06,NYN202405310
Luis Severino,sevel001,2024-06-05,2024,NYN,WAS,4,8.0,27,92,7,0,0,0,1.01,WAS202406050
Luis Severino,sevel001,2024-06-13,2024,NYN,MIA,2,6.0,26,103,7,3,1,1,1.06,NYN202406130
Luis Severino,sevel001,2024-06-18,2024,NYN,TEX,1,6.3,28,92,8,1,2,0,0.99,TEX202406180
Luis Severino,sevel001,2024-06-23,2024,NYN,CHN,10,6.0,22,102,3,0,0,0,0.97,CHN202406230
Luis Severino,sevel001,2024-06-30,2024,NYN,HOU,3,7.0,28,79,8,1,1,1,1.06,NYN202406300
Luis Severino,sevel001,2024-07-05,2024,NYN,PIT,3,6.0,28,91,9,2,3,0,1.0,PIT202407050
Luis Severino,sevel001,2024-07-10,2024,NYN,WAS,4,6.3,27,92,4,3,0,1,1.06,NYN202407100
Luis Severino,sevel001,2024-07-20,2024,NYN,MIA,7,6.0,25,91,2,3,0,0,0.98,MIA202407200
Luis Severino,sevel001,2024-07-25,2024,NYN,ATL,6,5.0,23,95,7,2,0,1,1.06,NYN202407250
Luis Severino,sevel001,2024-07-31,2024,NYN,MIN,2,3.0,16,62,6,2,2,1,1.06,NYN202407310
Luis Severino,sevel001,2024-08-06,2024,NYN,COL,5,5.0,24,89,8,0,1,0,0.92,COL202408060
Luis Severino,sevel001,2024-08-11,2024,NYN,SEA,8,5.0,22,92,6,2,2,0,1.04,SEA202408110
Luis Severino,sevel001,2024-08-17,2024,NYN,MIA,8,9.0,32,113,4,1,0,1,1.06,NYN202408170
Luis Severino,sevel001,2024-08-22,2024,NYN,SDN,5,5.0,23,87,5,4,0,0,1.08,SDN202408220
Luis Severino,sevel001,2024-08-28,2024,NYN,ARI,9,4.7,23,100,8,1,2,0,1.03,ARI202408280
Luis Severino,sevel001,2024-09-02,2024,NYN,BOS,5,7.0,26,100,6,2,0,1,1.06,NYN202409020
Luis Severino,sevel001,2024-09-08,2024,NYN,CIN,8,6.7,25,97,5,2,0,1,1.06,NYN202409080
Luis Severino,sevel001,2024-09-14,2024,NYN,PHI,5,6.0,22,86,3,1,2,0,1.01,PHI202409140
Luis Severino,sevel001,2024-09-19,2024,NYN,PHI,7,6.0,24,86,5,2,1,1,1.06,NYN202409190
Luis Severino,sevel001,2024-09-24,2024,NYN,ATL,5,4.0,20,89,7,1,1,0,1.02,ATL202409240
Jared Shuster,shusj001,2024-07-04,2024,CHA,CLE,2,2.0,10,40,4,0,1,0,1.04,CLE202407040
Jared Shuster,shusj001,2024-07-14,2024,CHA,PIT,0,1.7,7,22,1,1,0,1,0.99,CHA202407140
Jared Shuster,shusj001,2024-09-09,2024,CHA,CLE,5,2.7,13,47,5,0,1,1,0.99,CHA202409090
Jared Shuster,shusj001,2024-09-18,2024,CHA,ANA,1,3.0,10,39,1,0,0,0,0.99,ANA202409180
Chase Silseth,silsc001,2024-04-01,2024,ANA,MIA,5,3.0,18,76,5,2,0,0,0.98,MIA202404010
Chase Silseth,silsc001,2024-04-07,2024,ANA,BOS,7,5.0,20,91,3,2,3,1,0.99,ANA202404070
Brady Singer,singb001,2024-03-31,2024,KCA,MIN,10,7.0,27,98,3,1,0,1,0.96,KCA202403310
Brady Singer,singb001,2024-04-05,2024,KCA,CHA,4,6.3,21,72,2,1,1,1,0.96,KCA202404050
Brady Singer,singb001,2024-04-11,2024,KCA,HOU,4,5.0,22,87,5,2,1,1,0.96,KCA202404110
Brady Singer,singb001,2024-04-17,2024,KCA,CHA,5,5.0,20,93,3,3,1,0,0.99,CHA202404171
Brady Singer,singb001,2024-04-22,2024,KCA,TOR,5,6.0,26,107,5,3,1,1,0.96,KCA202404220
Brady Singer,singb001,2024-04-27,2024,KCA,DET,6,5.0,23,93,4,3,0,0,1.0,DET202404270
Brady Singer,singb001,2024-05-03,2024,KCA,TEX,8,6.0,22,105,4,0,0,1,0.96,KCA202405030
Brady Singer,singb001,2024-05-08,2024,KCA,MIL,4,5.3,22,89,5,2,0,1,0.96,KCA202405080
Brady Singer,singb001,2024-05-13,2024,KCA,SEA,6,5.0,25,108,9,1,1,0,1.04,SEA202405130
Brady Singer,singb001,2024-05-19,2024,KCA,OAK,9,6.0,26,89,6,1,0,1,0.96,KCA202405190
Brady Singer,singb001,2024-05-25,2024,KCA,TBA,3,5.0,22,90,4,2,1,0,1.05,TBA202405250
Brady Singer,singb001,2024-06-06,2024,KCA,CLE,2,3.7,21,70,9,1,1,0,1.04,CLE202406060
Brady Singer,singb001,2024-06-11,2024,KCA,NYA,6,5.7,27,103,7,1,1,1,0.96,KCA202406110
Brady Singer,singb001,2024-06-16,2024,KCA,LAN,4,6.0,24,90,5,2,3,0,1.03,LAN202406160
Brady Singer,singb001,2024-06-21,2024,KCA,TEX,4,5.0,21,89,3,2,0,0,0.99,TEX202406210
Brady Singer,singb001,2024-06-26,2024,KCA,MIA,5,7.3,27,92,5,1,0,1,0.96,KCA202406260
Brady Singer,singb001,2024-07-02,2024,KCA,TBA,4,5.0,20,88,3,3,0,1,0.96,KCA202407020
Brady Singer,singb001,2024-07-07,2024,KCA,COL,7,7.0,27,86,6,2,0,0,0.92,COL202407070
Brady Singer,singb001,2024-07-14,2024,KCA,BOS,3,2.7,16,74,8,1,2,0,0.98,BOS202407140
Brady Singer,singb001,2024-07-20,2024,KCA,CHA,7,7.0,27,93,5,2,0,1,0.96,KCA202407200
Brady Singer,singb001,2024-07-26,2024,KCA,CHN,5,7.0,24,99,2,2,0,1,0.96,KCA202407260
Brady Singer,singb001,2024-07-31,2024,KCA,CHA,4,7.0,27,89,6,0,0,0,0.99,CHA202407310
Brady Singer,singb001,2024-08-05,2024,KCA,BOS,6,5.7,27,107,10,1,0,1,0.96,KCA202408050
Brady Singer,singb001,2024-08-12,2024,KCA,MIN,9,5.0,25,95,8,2,2,0,1.0,MIN202408120
Brady Singer,singb001,2024-08-18,2024,KCA,CIN,6,6.0,23,94,5,1,0,0,1.0,CIN202408180
Brady Singer,singb001,2024-08-24,2024,KCA,PHI,5,5.0,25,100,11,0,1,1,0.96,KCA202408240
Brady Singer,singb001,2024-08-29,2024,KCA,HOU,6,6.0,24,101,5,1,0,0,1.02,HOU202408290
Brady Singer,singb001,2024-09-03,2024,KCA,CLE,3,5.7,24,99,5,2,0,1,0.96,KCA202409030
Brady Singer,singb001,2024-09-09,2024,KCA,NYA,3,5.0,22,92,5,3,1,0,0.99,NYA202409090
Brady Singer,singb001,2024-09-15,2024,KCA,PIT,6,5.0,25,89,6,4,0,0,1.0,PIT202409150
Brady Singer,singb001,2024-09-21,2024,KCA,SFN,6,5.3,24,88,7,1,4,1,0.96,KCA202409210
Brady Singer,singb001,2024-09-27,2024,KCA,ATL,5,6.0,26,98,4,3,1,0,1.02,ATL202409270
Paul Skenes,skenp001,2024-05-11,2024,PIT,CHN,7,4.0,20,84,6,2,1,1,1.0,PIT202405110
Paul Skenes,skenp001,2024-05-17,2024,PIT,CHN,11,6.0,19,100,0,1,0,0,0.97,CHN202405170
Paul Skenes,skenp001,2024-05-23,2024,PIT,SFN,3,6.0,23,93,6,1,0,1,1.0,PIT202405230
Paul Skenes,skenp001,2024-05-29,2024,PIT,DET,9,6.0,22,96,3,1,1,0,1.0,DET202405292
Paul Skenes,skenp001,2024-06-05,2024,PIT,LAN,8,5.0,23,93,6,1,2,1,1.0,PIT202406050
Paul Skenes,skenp001,2024-06-11,2024,PIT,SLN,8,6.3,23,103,5,0,0,0,1.0,SLN202406110
Paul Skenes,skenp001,2024-06-17,2024,PIT,CIN,7,6.0,24,96,6,1,0,1,1.0,PIT202406170
Paul Skenes,skenp001,2024-06-23,2024,PIT,TBA,8,7.0,27,98,6,1,1,1,1.0,PIT202406230
Paul Skenes,skenp001,2024-06-29,2024,PIT,ATL,9,6.0,24,102,6,2,1,0,1.02,ATL202406290
Paul Skenes,skenp001,2024-07-05,2024,PIT,NYN,8,7.0,27,107,4,2,1,1,1.0,PIT202407050
Paul Skenes,skenp001,2024-07-11,2024,PIT,MIL,11,7.0,23,99,0,1,0,0,1.05,MIL202407110
Paul Skenes,skenp001,2024-07-23,2024,PIT,SLN,8,8.3,29,104,4,0,1,1,1.0,PIT202407230
Paul Skenes,skenp001,2024-07-29,2024,PIT,HOU,6,6.0,25,101,5,3,0,0,1.02,HOU202407290
Paul Skenes,skenp001,2024-08-04,2024,PIT,ARI,4,5.3,22,100,5,3,0,1,1.0,PIT202408040
Paul Skenes,skenp001,2024-08-10,2024,PIT,LAN,8,6.0,25,91,6,1,1,0,1.03,LAN202408100
Paul Skenes,skenp001,2024-08-16,2024,PIT,SEA,6,6.0,25,93,3,4,1,1,1.0,PIT202408160
Paul Skenes,skenp001,2024-08-22,2024,PIT,CIN,9,6.0,19,87,2,1,0,1,1.0,PIT202408220
Paul Skenes,skenp001,2024-08-28,2024,PIT,CHN,6,5.0,21,82,5,1,0,1,1.0,PIT202408280
Paul Skenes,skenp001,2024-09-03,2024,PIT,CHN,6,5.0,23,100,4,4,0,0,0.97,CHN202409030
Paul Skenes,skenp001,2024-09-09,2024,PIT,MIA,9,6.0,24,98,6,1,0,1,1.0,PIT202409090
Paul Skenes,skenp001,2024-09-16,2024,PIT,SLN,7,6.0,22,102,4,1,0,0,1.0,SLN202409160
Paul Skenes,skenp001,2024-09-22,2024,PIT,CIN,9,5.0,18,73,2,0,0,0,1.0,CIN202409220
Paul Skenes,skenp001,2024-09-28,2024,PIT,NYA,3,2.0,6,23,0,0,0,0,0.99,NYA202409280
Tarik Skubal,skubt001,2024-03-28,2024,DET,CHA,6,6.0,21,83,3,0,0,0,0.99,CHA202403280
Tarik Skubal,skubt001,2024-04-05,2024,DET,OAK,9,6.3,25,92,4,2,2,1,1.0,DET202404050
Tarik Skubal,skubt001,2024-04-12,2024,DET,MIN,5,5.0,19,93,2,2,0,1,1.0,DET202404120
Tarik Skubal,skubt001,2024-04-17,2024,DET,TEX,6,6.3,27,86,5,1,0,1,1.0,DET202404170
Tarik Skubal,skubt001,2024-04-22,2024,DET,TBA,9,6.0,20,86,3,0,0,0,1.05,TBA202404220
Tarik Skubal,skubt001,2024-04-28,2024,DET,KCA,6,7.0,26,91,4,1,0,1,1.0,DET202404280
Tarik Skubal,skubt001,2024-05-05,2024,DET,NYA,12,6.0,24,96,6,0,1,0,0.99,NYA202405050
Tarik Skubal,skubt001,2024-05-11,2024,DET,HOU,7,6.3,28,97,7,2,0,1,1.0,DET202405110
Tarik Skubal,skubt001,2024-05-17,2024,DET,ARI,6,6.0,19,74,1,0,0,0,1.03,ARI202405170
Tarik Skubal,skubt001,2024-05-22,2024,DET,KCA,6,5.0,22,96,6,2,1,0,0.96,KCA202405220
Tarik Skubal,skubt001,2024-05-29,2024,DET,PIT,8,7.0,25,93,3,1,0,1,1.0,DET202405291
Tarik Skubal,skubt001,2024-06-03,2024,DET,TEX,6,6.0,26,96,7,2,1,0,0.99,TEX202406030
Tarik Skubal,skubt001,2024-06-09,2024,DET,MIL,10,6.7,27,95,5,2,0,1,1.0,DET202406090
Tarik Skubal,skubt001,2024-06-14,2024,DET,HOU,2,6.3,27,84,6,1,1,0,1.02,HOU202406140
Tarik Skubal,skubt001,2024-06-19,2024,DET,ATL,7,4.0,23,83,7,2,2,0,1.02,ATL202406190
Tarik Skubal,skubt001,2024-06-25,2024,DET,PHI,7,7.0,26,91,3,1,0,1,1.0,DET202406250
Tarik Skubal,skubt001,2024-07-02,2024,DET,MIN,7,6.0,23,94,4,1,1,0,1.0,MIN202407020
Tarik Skubal,skubt001,2024-07-07,2024,DET,CIN,13,7.0,25,93,3,0,0,0,1.0,CIN202407070
Tarik Skubal,skubt001,2024-07-12,2024,DET,LAN,8,6.0,22,101,2,1,1,1,1.0,DET202407120
Tarik Skubal,skubt001,2024-07-22,2024,DET,CLE,6,7.0,31,97,10,1,0,0,1.04,CLE202407220
Tarik Skubal,skubt001,2024-07-27,2024,DET,MIN,8,7.0,28,96,5,2,1,1,1.0,DET202407270
Tarik Skubal,skubt001,2024-08-02,2024,DET,KCA,8,6.3,28,95,7,2,1,1,1.0,DET202408020
Tarik Skubal,skubt001,2024-08-07,2024,DET,SEA,9,7.0,26,102,3,2,1,0,1.04,SEA202408070
Tarik Skubal,skubt001,2024-08-13,2024,DET,SEA,9,6.0,23,88,3,1,0,1,1.0,DET202408130
Tarik Skubal,skubt001,2024-08-18,2024,DET,NYA,5,6.0,23,100,3,4,0,1,1.0,DET202408180
Tarik Skubal,skubt001,2024-08-24,2024,DET,CHA,8,5.0,22,88,8,0,0,0,0.99,CHA202408240
Tarik Skubal,skubt001,2024-08-31,2024,DET,BOS,8,8.0,27,98,4,0,1,1,1.0,DET202408310
Tarik Skubal,skubt001,2024-09-06,2024,DET,OAK,7,5.7,24,96,9,0,0,0,1.0,OAK202409060
Tarik Skubal,skubt001,2024-09-12,2024,DET,COL,6,6.0,22,84,4,0,1,1,1.0,DET202409120
Tarik Skubal,skubt001,2024-09-18,2024,DET,KCA,7,5.0,21,95,3,1,0,0,0.96,KCA202409180
Tarik Skubal,skubt001,2024-09-24,2024,DET,TBA,7,7.0,23,103,2,1,0,1,1.0,DET202409240
AJ Smith-Shawver,smita001,2024-05-23,2024,ATL,CHN,4,4.3,18,87,3,2,0,0,0.97,CHN202405230
Blake Snell,snelb001,2024-04-08,2024,SFN,WAS,5,3.0,14,72,3,2,0,1,1.03,SFN202404080
Blake Snell,snelb001,2024-04-14,2024,SFN,TBA,4,4.0,20,78,6,2,2,0,1.05,TBA202404140
Blake Snell,snelb001,2024-04-19,2024,SFN,ARI,3,4.7,24,85,9,1,0,1,1.03,SFN202404190
Blake Snell,snelb001,2024-05-22,2024,SFN,PIT,5,3.3,19,87,4,4,0,0,1.0,PIT202405220
Blake Snell,snelb001,2024-05-27,2024,SFN,PHI,7,4.0,20,90,5,2,1,1,1.03,SFN202405270
Blake Snell,snelb001,2024-06-02,2024,SFN,NYA,7,4.7,22,99,5,3,1,1,1.03,SFN202406020
Blake Snell,snelb001,2024-07-09,2024,SFN,TOR,3,5.0,18,73,1,3,0,1,1.03,SFN202407090
Blake Snell,snelb001,2024-07-14,2024,SFN,MIN,8,7.0,21,80,1,0,0,1,1.03,SFN202407140
Blake Snell,snelb001,2024-07-22,2024,SFN,LAN,4,6.0,23,83,4,2,1,0,1.03,LAN202407220
Blake Snell,snelb001,2024-07-27,2024,SFN,COL,15,6.0,22,103,2,2,0,1,1.03,SFN202407271
Blake Snell,snelb001,2024-08-02,2024,SFN,CIN,11,9.0,29,114,0,3,0,0,1.0,CIN202408020
Blake Snell,snelb001,2024-08-07,2024,SFN,WAS,8,6.0,23,93,4,1,1,0,1.01,WAS202408070
Blake Snell,snelb001,2024-08-12,2024,SFN,ATL,11,6.3,23,114,2,3,0,1,1.03,SFN202408120
Blake Snell,snelb001,2024-08-18,2024,SFN,OAK,10,7.0,28,109,6,2,0,0,1.0,OAK202408180
Blake Snell,snelb001,2024-08-24,2024,SFN,SEA,5,3.0,15,74,0,6,0,0,1.04,SEA202408240
Blake Snell,snelb001,2024-08-30,2024,SFN,MIA,8,7.0,26,96,4,1,0,1,1.03,SFN202408300
Blake Snell,snelb001,2024-09-05,2024,SFN,ARI,2,1.0,8,42,2,2,0,1,1.03,SFN202409050
Blake Snell,snelb001,2024-09-11,2024,SFN,MIL,8,5.0,21,95,4,2,0,1,1.03,SFN202409110
Blake Snell,snelb001,2024-09-17,2024,SFN,BAL,12,6.0,21,98,1,2,0,0,1.0,BAL202409170
Blake Snell,snelb001,2024-09-22,2024,SFN,KCA,9,6.0,21,88,2,1,0,0,0.96,KCA202409220
José Soriano,sorij002,2024-04-10,2024,ANA,TBA,6,4.0,18,72,6,0,1,1,0.99,ANA202404100
José Soriano,sorij002,2024-04-16,2024,ANA,TBA,6,5.0,20,90,1,5,0,0,1.05,TBA202404160
José Soriano,sorij002,2024-04-21,2024,ANA,CIN,7,6.0,25,92,3,3,0,0,1.0,CIN202404210
José Soriano,sorij002,2024-04-27,2024,ANA,MIN,1,1.7,12,48,3,3,0,1,0.99,ANA202404270
José Soriano,sorij002,2024-05-03,2024,ANA,CLE,3,6.0,24,88,5,1,0,0,1.04,CLE202405030
José Soriano,sorij002,2024-05-08,2024,ANA,PIT,6,4.7,22,82,6,2,0,0,1.0,PIT202405080
José Soriano,sorij002,2024-05-13,2024,ANA,SLN,6,5.3,20,83,2,3,0,1,0.99,ANA202405130
José Soriano,sorij002,2024-05-19,2024,ANA,TEX,5,7.7,30,93,5,2,1,0,0.99,TEX202405190
José Soriano,sorij002,2024-05-25,2024,ANA,CLE,8,6.0,23,91,4,1,1,1,0.99,ANA202405250
José Soriano,sorij002,2024-05-31,2024,ANA,SEA,3,6.0,27,98,7,2,0,0,1.04,SEA202405310
José Soriano,sorij002,2024-06-05,2024,ANA,SDN,1,6.0,23,85,6,1,0,1,0.99,ANA202406050
José Soriano,sorij002,2024-06-12,2024,ANA,ARI,5,8.0,27,97,5,2,1,0,1.03,ARI202406120
José Soriano,sorij002,2024-07-02,2024,ANA,OAK,4,4.0,17,62,3,1,2,0,1.0,OAK202407020
José Soriano,sorij002,2024-07-07,2024,ANA,CHN,3,5.0,21,73,6,1,0,0,0.97,CHN202407070
José Soriano,sorij002,2024-07-13,2024,ANA,SEA,5,6.0,26,87,5,4,0,1,0.99,ANA202407130
José Soriano,sorij002,2024-07-23,2024,ANA,SEA,5,7.7,29,100,3,3,0,0,1.04,SEA202407230
José Soriano,sorij002,2024-07-28,2024,ANA,OAK,2,2.7,15,62,5,2,0,1,0.99,ANA202407280
José Soriano,sorij002,2024-08-03,2024,ANA,NYN,6,6.0,25,93,5,2,0,1,0.99,ANA202408030
José Soriano,sorij002,2024-08-09,2024,ANA,WAS,7,6.0,23,88,4,1,0,0,1.01,WAS202408090
José Soriano,sorij002,2024-08-16,2024,ANA,ATL,5,3.3,16,76,3,3,0,1,0.99,ANA202408160
Michael Soroka,sorom001,2024-03-30,2024,CHA,DET,0,5.0,24,77,7,3,1,1,0.99,CHA202403300
Michael Soroka,sorom001,2024-04-04,2024,CHA,KCA,2,6.0,22,91,6,0,1,0,0.96,KCA202404040
Michael Soroka,sorom001,2024-04-09,2024,CHA,CLE,4,3.7,18,79,4,3,1,0,1.04,CLE202404090
Michael Soroka,sorom001,2024-04-14,2024,CHA,CIN,4,4.7,25,91,5,6,1,1,0.99,CHA202404140
Michael Soroka,sorom001,2024-04-20,2024,CHA,PHI,2,4.7,23,100,6,3,1,0,1.01,PHI202404200
Michael Soroka,sorom001,2024-04-25,2024,CHA,MIN,1,5.0,21,68,4,2,2,0,1.0,MIN202404250
Michael Soroka,sorom001,2024-04-30,2024,CHA,MIN,3,4.3,18,67,3,2,0,1,0.99,CHA202404300
Michael Soroka,sorom001,2024-05-07,2024,CHA,TBA,4,5.0,21,102,3,4,1,0,1.05,TBA202405070
Michael Soroka,sorom001,2024-05-12,2024,CHA,CLE,4,5.3,21,71,4,1,2,1,0.99,CHA202405120
Mitch Spence,spenm001,2024-05-17,2024,OAK,KCA,4,4.7,20,77,5,1,0,0,0.96,KCA202405170
Mitch Spence,spenm001,2024-05-22,2024,OAK,COL,4,3.0,17,70,5,3,1,1,1.0,OAK202405220
Mitch Spence,spenm001,2024-05-28,2024,OAK,TBA,4,5.3,18,98,1,1,0,0,1.05,TBA202405280
Mitch Spence,spenm001,2024-06-04,2024,OAK,SEA,3,6.0,27,99,9,1,0,1,1.0,OAK202406040
Mitch Spence,spenm001,2024-06-09,2024,OAK,TOR,3,7.0,24,89,5,0,0,1,1.0,OAK202406090
Mitch Spence,spenm001,2024-06-14,2024,OAK,MIN,3,5.7,24,83,9,1,1,0,1.0,MIN202406140
Mitch Spence,spenm001,2024-06-20,2024,OAK,KCA,7,6.0,25,98,6,1,2,1,1.0,OAK202406200
Mitch Spence,spenm001,2024-06-25,2024,OAK,ANA,6,5.3,26,80,8,1,1,0,0.99,ANA202406250
Mitch Spence,spenm001,2024-07-02,2024,OAK,ANA,5,5.3,23,94,6,1,0,1,1.0,OAK202407020
Mitch Spence,spenm001,2024-07-07,2024,OAK,BAL,5,6.0,27,96,7,1,2,1,1.0,OAK202407070
Mitch Spence,spenm001,2024-07-13,2024,OAK,PHI,6,3.7,21,94,5,5,3,0,1.01,PHI202407130
Mitch Spence,spenm001,2024-07-20,2024,OAK,ANA,3,5.3,24,85,5,3,0,1,1.0,OAK202407200
Mitch Spence,spenm001,2024-07-27,2024,OAK,ANA,3,6.0,23,98,3,2,1,0,0.99,ANA202407270
Mitch Spence,spenm001,2024-08-03,2024,OAK,LAN,6,5.7,24,97,5,3,0,1,1.0,OAK202408030
Mitch Spence,spenm001,2024-08-09,2024,OAK,TOR,2,5.7,24,81,8,0,1,0,1.0,TOR202408090
Mitch Spence,spenm001,2024-08-15,2024,OAK,NYN,1,2.7,16,89,4,3,1,0,1.06,NYN202408150
Mitch Spence,spenm001,2024-08-21,2024,OAK,TBA,10,7.0,29,101,7,1,1,1,1.0,OAK202408210
Mitch Spence,spenm001,2024-08-27,2024,OAK,CIN,3,5.3,23,84,5,3,0,0,1.0,CIN202408270
Mitch Spence,spenm001,2024-09-01,2024,OAK,TEX,5,5.0,21,87,5,3,0,0,0.99,TEX202409010
Mitch Spence,spenm001,2024-09-06,2024,OAK,DET,6,4.3,21,70,8,0,0,1,1.0,OAK202409060
Mitch Spence,spenm001,2024-09-12,2024,OAK,HOU,2,7.0,28,81,7,0,1,0,1.02,HOU202409120
Mitch Spence,spenm001,2024-09-17,2024,OAK,CHN,6,5.0,22,92,7,1,1,0,0.97,CHN202409170
Mitch Spence,spenm001,2024-09-24,2024,OAK,TEX,2,4.7,24,92,7,2,1,1,1.0,OAK202409240
Mitch Spence,spenm001,2024-09-29,2024,OAK,SEA,5,4.3,21,75,7,0,1,0,1.04,SEA202409290
Carson Spiers,spiec001,2024-06-17,2024,CIN,PIT,5,6.0,26,104,7,1,0,0,1.0,PIT202406170
Carson Spiers,spiec001,2024-06-24,2024,CIN,PIT,5,6.0,26,93,7,1,0,1,1.0,CIN202406240
Carson Spiers,spiec001,2024-06-29,2024,CIN,SLN,4,6.0,23,90,3,1,1,0,1.0,SLN202406290
Carson Spiers,spiec001,2024-07-05,2024,CIN,DET,3,4.7,24,89,8,2,3,1,1.0,CIN202407050
Carson Spiers,spiec001,2024-07-12,2024,CIN,MIA,9,5.0,21,90,6,0,1,1,1.0,CIN202407120
Carson Spiers,spiec001,2024-07-29,2024,CIN,CHN,4,5.0,18,68,1,2,0,1,1.0,CIN202407290
Carson Spiers,spiec001,2024-08-04,2024,CIN,SFN,5,5.7,21,86,5,0,2,1,1.0,CIN202408040
Carson Spiers,spiec001,2024-08-09,2024,CIN,MIL,7,5.0,27,108,7,4,2,0,1.05,MIL202408090
Carson Spiers,spiec001,2024-08-20,2024,CIN,TOR,3,4.3,28,85,13,2,5,0,1.0,TOR202408200
Carson Spiers,spiec001,2024-09-24,2024,CIN,CLE,2,4.0,18,69,5,2,2,0,1.04,CLE202409240
Jeffrey Springs,sprij001,2024-07-30,2024,TBA,MIA,3,3.7,18,76,6,1,1,1,1.05,TBA202407300
Jeffrey Springs,sprij001,2024-08-06,2024,TBA,SLN,3,5.0,24,87,6,3,2,0,1.0,SLN202408060
Jeffrey Springs,sprij001,2024-08-11,2024,TBA,BAL,8,5.0,21,83,6,0,1,1,1.05,TBA202408110
Jeffrey Springs,sprij001,2024-08-17,2024,TBA,ARI,7,5.0,20,76,4,1,0,1,1.05,TBA202408170
Jeffrey Springs,sprij001,2024-08-22,2024,TBA,OAK,3,3.3,18,82,7,2,0,0,1.0,OAK202408220
Jeffrey Springs,sprij001,2024-08-27,2024,TBA,SEA,9,5.0,17,79,1,2,0,0,1.04,SEA202408270
Jeffrey Springs,sprij001,2024-09-03,2024,TBA,MIN,4,6.0,24,82,4,2,1,1,1.05,TBA202409030
Justin Steele,steej002,2024-03-28,2024,CHN,TEX,6,4.7,18,67,3,1,0,0,0.99,TEX202403280
Justin Steele,steej002,2024-05-06,2024,CHN,SDN,2,4.7,18,68,3,1,0,1,0.97,CHN202405060
Justin Steele,steej002,2024-05-11,2024,CHN,PIT,3,4.0,20,74,6,2,3,0,1.0,PIT202405110
Justin Steele,steej002,2024-05-16,2024,CHN,PIT,7,5.7,25,88,6,1,2,1,0.97,CHN202405160
Justin Steele,steej002,2024-05-22,2024,CHN,ATL,5,6.3,27,93,6,1,1,1,0.97,CHN202405220
Justin Steele,steej002,2024-05-27,2024,CHN,MIL,8,7.0,25,93,3,1,0,0,1.05,MIL202405270
Justin Steele,steej002,2024-06-01,2024,CHN,CIN,5,5.0,27,98,7,4,0,1,0.97,CHN202406010
Justin Steele,steej002,2024-06-07,2024,CHN,CIN,7,7.0,28,90,5,1,0,0,1.0,CIN202406070
Justin Steele,steej002,2024-06-13,2024,CHN,TBA,5,6.0,22,93,3,1,0,0,1.05,TBA202406130
Justin Steele,steej002,2024-06-18,2024,CHN,SFN,8,6.7,26,96,4,2,0,1,0.97,CHN202406180
Justin Steele,steej002,2024-06-24,2024,CHN,SFN,9,7.3,29,106,6,1,2,0,1.03,SFN202406240
Justin Steele,steej002,2024-06-29,2024,CHN,MIL,5,6.0,24,88,7,0,0,0,1.05,MIL202406290
Justin Steele,steej002,2024-07-05,2024,CHN,ANA,7,9.0,32,95,2,2,0,1,0.97,CHN202407050
Justin Steele,steej002,2024-07-11,2024,CHN,BAL,4,7.0,24,70,3,0,0,0,1.0,BAL202407110
Justin Steele,steej002,2024-07-19,2024,CHN,ARI,6,4.7,25,94,9,2,0,1,0.97,CHN202407190
Justin Steele,steej002,2024-07-24,2024,CHN,MIL,4,5.3,24,98,6,3,0,1,0.97,CHN202407240
Justin Steele,steej002,2024-07-30,2024,CHN,CIN,7,5.0,25,93,6,4,1,0,1.0,CIN202407300
Justin Steele,steej002,2024-08-04,2024,CHN,SLN,6,6.7,26,99,4,2,1,1,0.97,CHN202408040
Justin Steele,steej002,2024-08-10,2024,CHN,CHA,8,6.0,27,101,6,2,0,0,0.99,CHA202408100
Justin Steele,steej002,2024-08-17,2024,CHN,TOR,3,2.0,8,36,0,1,0,1,0.97,CHN202408170
Justin Steele,steej002,2024-08-22,2024,CHN,DET,10,7.0,24,94,4,0,1,1,0.97,CHN202408220
Justin Steele,steej002,2024-08-27,2024,CHN,PIT,6,5.0,23,93,6,2,0,0,1.0,PIT202408270
Justin Steele,steej002,2024-09-18,2024,CHN,OAK,1,2.7,12,57,2,3,0,1,0.97,CHN202409180
Justin Steele,steej002,2024-09-24,2024,CHN,PHI,3,4.0,16,62,4,0,1,0,1.01,PHI202409240
Gavin Stone,stong001,2024-03-31,2024,LAN,SLN,6,5.0,23,85,7,1,0,1,1.03,LAN202403310
Gavin Stone,stong001,2024-04-07,2024,LAN,CHN,5,3.0,18,77,6,3,0,0,0.97,CHN202404070
Gavin Stone,stong001,2024-04-13,2024,LAN,SDN,4,6.7,25,88,5,1,0,1,1.03,LAN202404130
Gavin Stone,stong001,2024-04-20,2024,LAN,NYN,1,3.3,18,72,4,5,0,1,1.03,LAN202404200
Gavin Stone,stong001,2024-04-26,2024,LAN,TOR,2,7.0,25,94,2,2,1,0,1.0,TOR202404260
Gavin Stone,stong001,2024-05-03,2024,LAN,ATL,5,6.0,23,86,5,1,1,1,1.03,LAN202405030
Gavin Stone,stong001,2024-05-08,2024,LAN,MIA,4,7.0,26,89,6,0,1,1,1.03,LAN202405080
Gavin Stone,stong001,2024-05-14,2024,LAN,SFN,2,6.0,25,90,5,3,0,0,1.03,SFN202405140
Gavin Stone,stong001,2024-05-21,2024,LAN,ARI,5,6.0,26,93,8,1,1,1,1.03,LAN202405210
Gavin Stone,stong001,2024-05-28,2024,LAN,NYN,7,7.0,24,87,3,0,0,0,1.06,NYN202405282
Gavin Stone,stong001,2024-06-02,2024,LAN,COL,6,5.0,20,75,4,2,0,1,1.03,LAN202406020
Gavin Stone,stong001,2024-06-08,2024,LAN,NYA,6,5.7,27,101,8,2,1,0,0.99,NYA202406080
Gavin Stone,stong001,2024-06-14,2024,LAN,KCA,3,7.0,26,94,4,2,1,1,1.03,LAN202406140
Gavin Stone,stong001,2024-06-20,2024,LAN,COL,7,5.3,23,77,4,2,0,0,0.92,COL202406200
Gavin Stone,stong001,2024-06-26,2024,LAN,CHA,7,9.0,30,103,4,0,0,0,0.99,CHA202406260
Gavin Stone,stong001,2024-07-03,2024,LAN,ARI,3,3.0,19,77,7,3,1,1,1.03,LAN202407030
Gavin Stone,stong001,2024-07-10,2024,LAN,PHI,3,4.7,21,77,9,0,1,0,1.01,PHI202407100
Gavin Stone,stong001,2024-07-19,2024,LAN,BOS,3,5.0,21,80,6,0,1,1,1.03,LAN202407190
Gavin Stone,stong001,2024-07-26,2024,LAN,HOU,3,6.0,29,99,9,2,2,0,1.02,HOU202407260
Gavin Stone,stong001,2024-08-02,2024,LAN,OAK,5,4.0,21,84,8,1,2,0,1.0,OAK202408020
Gavin Stone,stong001,2024-08-07,2024,LAN,PHI,2,4.7,20,84,6,1,1,1,1.03,LAN202408070
Gavin Stone,stong001,2024-08-13,2024,LAN,MIL,6,5.0,19,86,3,0,1,0,1.05,MIL202408130
Gavin Stone,stong001,2024-08-19,2024,LAN,SEA,10,7.0,24,90,2,2,0,1,1.03,LAN202408190
Gavin Stone,stong001,2024-08-25,2024,LAN,TBA,7,7.0,26,80,3,2,1,1,1.03,LAN202408250
Gavin Stone,stong001,2024-08-31,2024,LAN,ARI,4,5.0,21,84,5,1,2,0,1.03,ARI202408310
Ross Stripling,strir001,2024-03-29,2024,OAK,CLE,6,5.0,24,92,7,2,1,1,1.0,OAK202403290
Ross Stripling,strir001,2024-04-03,2024,OAK,BOS,3,7.0,26,85,8,0,0,1,1.0,OAK202404030
Ross Stripling,strir001,2024-04-10,2024,OAK,TEX,5,6.0,29,97,11,3,0,0,0.99,TEX202404100
Ross Stripling,strir001,2024-04-15,2024,OAK,SLN,4,5.7,25,101,6,2,0,1,1.0,OAK202404150
Ross Stripling,strir001,2024-04-21,2024,OAK,CLE,4,5.0,21,85,5,1,1,0,1.04,CLE202404210
Ross Stripling,strir001,2024-04-26,2024,OAK,BAL,3,5.7,23,97,6,0,1,0,1.0,BAL202404260
Ross Stripling,strir001,2024-05-01,2024,OAK,PIT,2,6.0,23,79,3,0,0,1,1.0,OAK202405010
Ross Stripling,strir001,2024-05-07,2024,OAK,TEX,2,1.7,18,60,10,2,1,1,1.0,OAK202405070
Ross Stripling,strir001,2024-05-13,2024,OAK,HOU,1,5.0,20,52,4,2,1,0,1.02,HOU202405130
Ross Stripling,strir001,2024-05-18,2024,OAK,KCA,2,5.0,24,87,9,0,0,0,0.96,KCA202405180
Ross Stripling,strir001,2024-05-24,2024,OAK,HOU,3,3.7,19,61,8,0,1,1,1.0,OAK202405240
Ross Stripling,strir001,2024-07-25,2024,OAK,ANA,3,5.7,24,77,6,2,0,0,0.99,ANA202407250
Ross Stripling,strir001,2024-07-31,2024,OAK,SFN,0,5.7,22,78,4,1,0,0,1.03,SFN202407310
Ross Stripling,strir001,2024-08-06,2024,OAK,CHA,2,5.3,22,79,5,1,1,1,1.0,OAK202408060
Spencer Strider,stris002,2024-03-29,2024,ATL,PHI,8,5.0,20,90,3,2,1,0,1.01,PHI202403290
Spencer Strider,stris002,2024-04-05,2024,ATL,ARI,4,4.0,22,88,7,3,1,1,1.02,ATL202404050
Marcus Stroman,strom001,2024-03-30,2024,NYA,HOU,4,6.0,25,101,4,2,0,0,1.02,HOU202403300
Marcus Stroman,strom001,2024-04-05,2024,NYA,TOR,6,6.0,23,98,3,1,0,1,0.99,NYA202404050
Marcus Stroman,strom001,2024-04-10,2024,NYA,MIA,7,5.0,21,95,4,4,1,1,0.99,NYA202404100
Marcus Stroman,strom001,2024-04-17,2024,NYA,TOR,2,5.3,22,99,6,2,1,0,1.0,TOR202404170
Marcus Stroman,strom001,2024-04-23,2024,NYA,OAK,9,5.3,24,97,7,1,2,1,0.99,NYA202404230
Marcus Stroman,strom001,2024-04-28,2024,NYA,MIL,4,4.0,23,88,6,5,1,0,1.05,MIL202404280
Marcus Stroman,strom001,2024-05-03,2024,NYA,DET,3,5.3,23,90,3,5,0,1,0.99,NYA202405030
Marcus Stroman,strom001,2024-05-09,2024,NYA,HOU,5,5.7,26,95,9,2,2,1,0.99,NYA202405090
Marcus Stroman,strom001,2024-05-15,2024,NYA,MIN,2,6.0,24,91,2,3,0,0,1.0,MIN202405150
Marcus Stroman,strom001,2024-05-20,2024,NYA,SEA,6,7.3,25,96,3,1,1,1,0.99,NYA202405200
Marcus Stroman,strom001,2024-05-25,2024,NYA,SDN,5,6.0,23,91,3,1,0,0,1.08,SDN202405250
Marcus Stroman,strom001,2024-05-31,2024,NYA,SFN,2,7.3,26,91,5,2,0,0,1.03,SFN202405310
Marcus Stroman,strom001,2024-06-06,2024,NYA,MIN,2,4.7,24,78,6,2,2,1,0.99,NYA202406060
Marcus Stroman,strom001,2024-06-11,2024,NYA,KCA,1,5.7,24,102,4,3,0,0,0.96,KCA202406110
Marcus Stroman,strom001,2024-06-16,2024,NYA,BOS,3,5.0,24,102,7,4,0,0,0.98,BOS202406160
Marcus Stroman,strom001,2024-06-22,2024,NYA,ATL,6,6.7,24,93,3,2,2,1,0.99,NYA202406220
Marcus Stroman,strom001,2024-06-28,2024,NYA,TOR,3,4.3,22,88,5,3,0,0,1.0,TOR202406280
Marcus Stroman,strom001,2024-07-04,2024,NYA,CIN,6,5.0,23,99,5,2,3,1,0.99,NYA202407040
Marcus Stroman,strom001,2024-07-10,2024,NYA,TBA,2,4.3,21,84,7,2,0,0,1.05,TBA202407100
Marcus Stroman,strom001,2024-07-21,2024,NYA,TBA,5,5.3,20,87,5,0,2,1,0.99,NYA202407210
Marcus Stroman,strom001,2024-07-27,2024,NYA,BOS,0,3.3,19,60,9,1,1,0,0.98,BOS202407270
Marcus Stroman,strom001,2024-08-02,2024,NYA,TOR,3,2.7,17,64,8,1,0,1,0.99,NYA202408020
Marcus Stroman,strom001,2024-08-11,2024,NYA,TEX,1,5.0,20,89,4,3,0,1,0.99,NYA202408110
Marcus Stroman,strom001,2024-08-18,2024,NYA,DET,5,6.0,24,87,4,2,0,0,1.0,DET202408180
Marcus Stroman,strom001,2024-08-25,2024,NYA,COL,5,5.0,23,97,5,3,0,1,0.99,NYA202408250
Marcus Stroman,strom001,2024-08-30,2024,NYA,SLN,5,7.0,27,98,9,0,0,1,0.99,NYA202408300
Marcus Stroman,strom001,2024-09-04,2024,NYA,TEX,3,3.7,21,88,9,1,0,0,0.99,TEX202409040
Marcus Stroman,strom001,2024-09-10,2024,NYA,KCA,4,5.3,24,89,7,2,0,1,0.99,NYA202409100
Marcus Stroman,strom001,2024-09-25,2024,NYA,BAL,1,3.3,19,66,10,0,0,1,0.99,NYA202409250
Albert Suárez,suara001,2024-04-17,2024,BAL,MIN,4,5.7,21,75,3,0,0,1,1.0,BAL202404170
Albert Suárez,suara001,2024-04-22,2024,BAL,ANA,5,5.7,22,89,4,2,0,0,0.99,ANA202404220
Albert Suárez,suara001,2024-04-28,2024,BAL,OAK,6,4.0,20,83,7,1,1,1,1.0,BAL202404280
Albert Suárez,suara001,2024-05-25,2024,BAL,CHA,3,4.0,15,80,2,2,0,0,0.99,CHA202405250
Albert Suárez,suara001,2024-05-31,2024,BAL,TBA,5,5.0,21,95,4,2,0,1,1.0,BAL202405310
Albert Suárez,suara001,2024-06-05,2024,BAL,TOR,4,5.0,21,84,5,1,0,0,1.0,TOR202406050
Albert Suárez,suara001,2024-06-11,2024,BAL,ATL,4,5.3,23,97,4,3,0,1,1.0,BAL202406110
Albert Suárez,suara001,2024-06-18,2024,BAL,NYA,3,3.7,23,96,6,5,0,0,0.99,NYA202406180
Albert Suárez,suara001,2024-06-23,2024,BAL,HOU,3,5.0,27,78,10,3,1,0,1.02,HOU202406230
Albert Suárez,suara001,2024-06-28,2024,BAL,TEX,2,6.0,21,87,3,0,0,1,1.0,BAL202406280
Albert Suárez,suara001,2024-07-05,2024,BAL,OAK,6,6.0,23,86,4,1,2,0,1.0,OAK202407050
Albert Suárez,suara001,2024-07-11,2024,BAL,CHN,4,5.0,23,90,6,2,0,1,1.0,BAL202407110
Albert Suárez,suara001,2024-07-23,2024,BAL,MIA,3,2.0,15,60,8,1,1,0,0.98,MIA202407230
Albert Suárez,suara001,2024-07-28,2024,BAL,SDN,2,4.7,20,83,5,3,0,1,1.0,BAL202407280
Albert Suárez,suara001,2024-08-06,2024,BAL,TOR,6,5.0,18,73,2,2,0,0,1.0,TOR202408060
Albert Suárez,suara001,2024-08-11,2024,BAL,TBA,5,6.7,25,94,4,1,0,0,1.05,TBA202408110
Albert Suárez,suara001,2024-08-18,2024,BAL,BOS,6,6.0,25,99,7,0,0,1,1.0,BAL202408180
Albert Suárez,suara001,2024-08-24,2024,BAL,HOU,3,5.7,22,91,4,2,2,1,1.0,BAL202408240
Albert Suárez,suara001,2024-08-30,2024,BAL,COL,4,7.0,27,95,8,0,0,0,0.92,COL202408300
Albert Suárez,suara001,2024-09-04,2024,BAL,CHA,2,4.3,22,66,8,2,3,1,1.0,BAL202409040
Albert Suárez,suara001,2024-09-10,2024,BAL,BOS,8,6.0,24,101,4,2,0,0,0.98,BOS202409100
Albert Suárez,suara001,2024-09-17,2024,BAL,SFN,3,3.3,18,82,6,2,1,1,1.0,BAL202409170
Albert Suárez,suara001,2024-09-22,2024,BAL,DET,6,5.0,21,80,5,1,3,1,1.0,BAL202409220
Albert Suárez,suara001,2024-09-29,2024,BAL,MIN,4,6.0,22,71,4,1,2,0,1.0,MIN202409290
José Suarez,suarj001,2024-06-11,2024,ANA,ARI,3,2.7,14,65,6,1,1,0,1.03,ARI202406110
José Suarez,suarj001,2024-09-19,2024,ANA,HOU,5,5.0,21,96,3,2,0,0,1.02,HOU202409190
José Suarez,suarj001,2024-09-25,2024,ANA,CHA,5,5.0,22,76,5,2,2,0,0.99,CHA202409250
Ranger Suárez,suarr001,2024-03-31,2024,PHI,ATL,7,5.0,18,83,3,1,1,1,1.01,PHI202403310
Ranger Suárez,suarr001,2024-04-06,2024,PHI,WAS,4,6.0,23,82,4,0,1,0,1.01,WAS202404060
Ranger Suárez,suarr001,2024-04-11,2024,PHI,PIT,8,6.0,22,97,2,2,0,1,1.01,PHI202404110
Ranger Suárez,suarr001,2024-04-16,2024,PHI,COL,8,9.0,32,112,7,1,0,1,1.01,PHI202404160
Ranger Suárez,suarr001,2024-04-22,2024,PHI,CIN,5,7.0,23,88,2,1,0,0,1.0,CIN202404220
Ranger Suárez,suarr001,2024-04-27,2024,PHI,SDN,8,8.0,26,96,3,0,1,0,1.08,SDN202404270
Ranger Suárez,suarr001,2024-05-04,2024,PHI,SFN,6,6.0,27,94,7,1,1,1,1.01,PHI202405040
Ranger Suárez,suarr001,2024-05-10,2024,PHI,MIA,9,7.0,25,97,3,2,0,0,0.98,MIA202405100
Ranger Suárez,suarr001,2024-05-15,2024,PHI,NYN,3,5.0,23,83,4,2,0,1,1.01,PHI202405150
Ranger Suárez,suarr001,2024-05-21,2024,PHI,TEX,10,7.0,27,108,5,2,0,1,1.01,PHI202405210
Ranger Suárez,suarr001,2024-05-26,2024,PHI,COL,9,6.0,25,100,3,4,1,0,0.92,COL202405260
Ranger Suárez,suarr001,2024-06-01,2024,PHI,SLN,2,2.0,6,23,0,0,0,1,1.01,PHI202406010
Ranger Suárez,suarr001,2024-06-08,2024,PHI,NYN,6,5.7,27,89,8,1,0,0,1.06,NYN202406080
Ranger Suárez,suarr001,2024-06-14,2024,PHI,BAL,6,6.7,27,88,6,2,0,0,1.0,BAL202406140
Ranger Suárez,suarr001,2024-06-19,2024,PHI,SDN,4,6.0,23,94,6,0,1,1,1.01,PHI202406190
Ranger Suárez,suarr001,2024-06-25,2024,PHI,DET,4,6.0,26,88,8,0,0,0,1.0,DET202406250
Ranger Suárez,suarr001,2024-06-30,2024,PHI,MIA,0,4.7,26,91,10,2,1,1,1.01,PHI202406300
Ranger Suárez,suarr001,2024-07-06,2024,PHI,ATL,7,5.0,24,91,6,2,2,0,1.02,ATL202407060
Ranger Suárez,suarr001,2024-07-12,2024,PHI,OAK,6,6.0,27,97,6,3,0,1,1.01,PHI202407120
Ranger Suárez,suarr001,2024-07-22,2024,PHI,MIN,4,5.3,24,79,7,1,0,0,1.0,MIN202407220
Ranger Suárez,suarr001,2024-08-24,2024,PHI,KCA,6,5.0,19,72,4,1,0,0,0.96,KCA202408240
Ranger Suárez,suarr001,2024-08-30,2024,PHI,ATL,6,4.0,18,78,5,1,2,1,1.01,PHI202408300
Ranger Suárez,suarr001,2024-09-05,2024,PHI,MIA,4,5.0,19,82,3,2,0,0,0.98,MIA202409050
Ranger Suárez,suarr001,2024-09-10,2024,PHI,TBA,2,5.3,29,88,12,2,0,1,1.01,PHI202409100
Ranger Suárez,suarr001,2024-09-16,2024,PHI,MIL,5,5.0,22,104,4,3,0,0,1.05,MIL202409160
Ranger Suárez,suarr001,2024-09-21,2024,PHI,NYN,4,5.0,23,91,5,3,2,0,1.06,NYN202409210
Ranger Suárez,suarr001,2024-09-27,2024,PHI,WAS,2,2.0,15,59,7,2,1,0,1.01,WAS202409270
Cole Sulser,sulsc001,2024-09-04,2024,TBA,MIN,1,2.0,7,37,1,0,0,1,1.05,TBA202409040
Cole Sulser,sulsc001,2024-09-09,2024,TBA,PHI,0,1.0,5,28,0,2,0,0,1.01,PHI202409090
Brent Suter,suteb001,2024-05-16,2024,CIN,LAN,0,0.7,3,16,0,1,0,0,1.03,LAN202405160
Brent Suter,suteb001,2024-05-26,2024,CIN,LAN,0,0.7,3,7,1,0,0,1,1.0,CIN202405260
Brent Suter,suteb001,2024-06-11,2024,CIN,CLE,0,1.0,4,15,1,0,0,1,1.0,CIN202406110
Jameson Taillon,tailj001,2024-04-19,2024,CHN,MIA,4,5.0,18,73,3,0,1,1,0.97,CHN202404190
Jameson Taillon,tailj001,2024-04-24,2024,CHN,HOU,4,5.7,26,89,7,2,0,1,0.97,CHN202404240
Jameson Taillon,tailj001,2024-04-29,2024,CHN,NYN,1,7.3,27,78,4,1,1,0,1.06,NYN202404290
Jameson Taillon,tailj001,2024-05-04,2024,CHN,MIL,7,6.0,23,99,2,2,0,1,0.97,CHN202405040
Jameson Taillon,tailj001,2024-05-14,2024,CHN,ATL,2,4.0,23,85,7,3,2,0,1.02,ATL202405140
Jameson Taillon,tailj001,2024-05-19,2024,CHN,PIT,4,4.7,21,92,6,2,1,1,0.97,CHN202405190
Jameson Taillon,tailj001,2024-05-25,2024,CHN,SLN,3,5.7,26,105,9,1,0,0,1.0,SLN202405250
Jameson Taillon,tailj001,2024-05-30,2024,CHN,MIL,4,6.0,24,87,6,1,0,0,1.05,MIL202405300
Jameson Taillon,tailj001,2024-06-05,2024,CHN,CHA,6,5.0,25,75,10,1,1,1,0.97,CHN202406050
Jameson Taillon,tailj001,2024-06-11,2024,CHN,TBA,5,6.0,23,91,4,1,0,0,1.05,TBA202406110
Jameson Taillon,tailj001,2024-06-16,2024,CHN,SLN,3,6.0,26,93,7,2,1,1,0.97,CHN202406160
Jameson Taillon,tailj001,2024-06-22,2024,CHN,NYN,10,7.0,27,93,6,0,1,1,0.97,CHN202406220
Jameson Taillon,tailj001,2024-06-28,2024,CHN,MIL,5,6.0,24,90,4,1,1,0,1.05,MIL202406280
Jameson Taillon,tailj001,2024-07-04,2024,CHN,PHI,7,7.0,25,88,4,0,1,1,0.97,CHN202407040
Jameson Taillon,tailj001,2024-07-09,2024,CHN,BAL,7,6.0,22,88,4,1,1,0,1.0,BAL202407090
Jameson Taillon,tailj001,2024-07-14,2024,CHN,SLN,3,5.7,23,83,7,0,1,0,1.0,SLN202407140
Jameson Taillon,tailj001,2024-07-23,2024,CHN,MIL,3,7.3,26,94,4,3,0,1,0.97,CHN202407230
Jameson Taillon,tailj001,2024-07-29,2024,CHN,CIN,4,4.3,20,81,6,1,2,0,1.0,CIN202407290
Jameson Taillon,tailj001,2024-08-03,2024,CHN,SLN,4,6.0,24,88,6,0,1,1,0.97,CHN202408030
Jameson Taillon,tailj001,2024-08-09,2024,CHN,CHA,4,5.0,24,95,9,0,2,0,0.99,CHA202408090
Jameson Taillon,tailj001,2024-08-14,2024,CHN,CLE,6,6.0,25,90,5,2,0,0,1.04,CLE202408140
Jameson Taillon,tailj001,2024-08-21,2024,CHN,DET,5,5.0,23,96,6,2,2,1,0.97,CHN202408210
Jameson Taillon,tailj001,2024-08-26,2024,CHN,PIT,3,6.7,27,90,8,0,1,0,1.0,PIT202408260
Jameson Taillon,tailj001,2024-09-02,2024,CHN,PIT,3,7.0,26,89,3,1,0,1,0.97,CHN202409020
Jameson Taillon,tailj001,2024-09-08,2024,CHN,NYA,6,6.0,25,97,6,1,0,1,0.97,CHN202409080
Jameson Taillon,tailj001,2024-09-14,2024,CHN,COL,6,6.0,24,85,5,1,1,0,0.92,COL202409140
Jameson Taillon,tailj001,2024-09-20,2024,CHN,WAS,4,6.0,23,80,2,2,0,1,0.97,CHN202409200
Jameson Taillon,tailj001,2024-09-27,2024,CHN,CIN,2,7.0,25,89,4,2,0,1,0.97,CHN202409270
Julio Teherán,tehej001,2024-04-08,2024,NYN,ATL,3,2.7,16,68,6,2,1,0,1.02,ATL202404080
Zack Thompson,thomz002,2024-03-29,2024,SLN,LAN,4,5.3,23,87,6,2,3,0,1.03,LAN202403290
Zack Thompson,thomz002,2024-04-03,2024,SLN,SDN,5,5.0,24,92,5,4,1,0,1.08,SDN202404030
Drew Thorpe,thord001,2024-06-11,2024,CHA,SEA,4,5.0,22,98,3,2,0,0,1.04,SEA202406110
Drew Thorpe,thord001,2024-06-16,2024,CHA,ARI,0,3.3,21,60,6,5,1,0,1.03,ARI202406160
Drew Thorpe,thord001,2024-06-22,2024,CHA,DET,5,6.0,23,94,2,4,0,0,1.0,DET202406220
Drew Thorpe,thord001,2024-06-28,2024,CHA,COL,4,6.0,21,88,2,1,1,1,0.99,CHA202406280
Drew Thorpe,thord001,2024-07-05,2024,CHA,MIA,5,6.3,24,90,3,2,0,0,0.98,MIA202407050
Drew Thorpe,thord001,2024-07-10,2024,CHA,MIN,1,6.0,22,76,3,1,2,1,0.99,CHA202407102
Drew Thorpe,thord001,2024-07-21,2024,CHA,KCA,5,6.0,23,97,3,2,0,0,0.96,KCA202407210
Drew Thorpe,thord001,2024-07-26,2024,CHA,SEA,1,0.7,10,39,6,2,3,1,0.99,CHA202407260
Drew Thorpe,thord001,2024-07-31,2024,CHA,KCA,0,5.0,24,79,7,2,1,1,0.99,CHA202407310
Spencer Turnbull,turns003,2024-04-02,2024,PHI,CIN,7,5.0,19,83,3,0,0,1,1.01,PHI202404020
Spencer Turnbull,turns003,2024-04-08,2024,PHI,SLN,6,6.0,22,82,2,1,0,0,1.0,SLN202404080
Spencer Turnbull,turns003,2024-04-13,2024,PHI,PIT,3,4.0,20,88,4,4,1,1,1.01,PHI202404130
Spencer Turnbull,turns003,2024-04-19,2024,PHI,CHA,6,7.0,24,92,1,2,0,1,1.01,PHI202404190
Spencer Turnbull,turns003,2024-04-24,2024,PHI,CIN,8,5.0,21,89,3,3,1,0,1.0,CIN202404240
Spencer Turnbull,turns003,2024-04-30,2024,PHI,ANA,6,5.3,21,98,4,0,1,0,0.99,ANA202404300
Spencer Turnbull,turns003,2024-06-26,2024,PHI,DET,2,3.0,10,36,1,2,1,0,1.0,DET202406260
Kyle Tyler,tylek001,2024-06-23,2024,MIA,SEA,2,4.0,17,65,3,3,1,1,0.98,MIA202406230
Kyle Tyler,tylek001,2024-06-28,2024,MIA,PHI,4,4.7,19,81,4,2,0,0,1.01,PHI202406280
Kyle Tyler,tylek001,2024-07-04,2024,MIA,BOS,3,5.3,21,87,3,3,0,1,0.98,MIA202407040
Kyle Tyler,tylek001,2024-07-23,2024,MIA,BAL,5,4.7,22,94,9,2,0,1,0.98,MIA202407230
Kyle Tyler,tylek001,2024-07-28,2024,MIA,MIL,5,4.0,20,75,7,2,1,0,1.05,MIL202407280
Kyle Tyler,tylek001,2024-08-03,2024,MIA,ATL,2,2.7,16,73,5,4,1,0,1.02,ATL202408030
Kyle Tyler,tylek001,2024-08-08,2024,MIA,CIN,3,4.3,20,84,5,2,1,1,0.98,MIA202408080
José Ureña,urenj001,2024-05-07,2024,TEX,OAK,2,5.0,23,90,4,2,0,0,1.0,OAK202405070
José Ureña,urenj001,2024-05-12,2024,TEX,COL,3,6.7,27,92,6,1,1,0,0.92,COL202405120
José Ureña,urenj001,2024-05-18,2024,TEX,ANA,3,6.0,24,101,4,1,1,1,0.99,TEX202405180
José Ureña,urenj001,2024-05-24,2024,TEX,MIN,6,5.0,24,95,9,1,1,0,1.0,MIN202405240
José Ureña,urenj001,2024-05-31,2024,TEX,MIA,1,2.3,14,65,4,2,1,0,0.98,MIA202405310
José Ureña,urenj001,2024-06-05,2024,TEX,DET,6,6.7,22,97,1,1,1,1,0.99,TEX202406050
José Ureña,urenj001,2024-08-02,2024,TEX,BOS,2,4.0,19,69,8,0,1,1,0.99,TEX202408020
José Ureña,urenj001,2024-08-07,2024,TEX,HOU,0,4.0,19,65,6,3,1,1,0.99,TEX202408070
José Ureña,urenj001,2024-08-13,2024,TEX,BOS,3,4.7,23,93,7,2,1,0,0.98,BOS202408130
Framber Valdez,valdf001,2024-03-28,2024,HOU,NYA,5,4.7,23,86,5,6,0,1,1.02,HOU202403280
Framber Valdez,valdf001,2024-04-02,2024,HOU,TOR,5,7.7,27,85,6,0,0,1,1.02,HOU202404020
Framber Valdez,valdf001,2024-04-28,2024,HOU,COL,6,5.0,18,71,5,0,0,0,0.92,COL202404280
Framber Valdez,valdf001,2024-05-04,2024,HOU,SEA,3,5.3,25,91,9,1,2,1,1.02,HOU202405040
Framber Valdez,valdf001,2024-05-10,2024,HOU,DET,4,7.0,29,103,6,2,0,0,1.0,DET202405100
Framber Valdez,valdf001,2024-05-15,2024,HOU,OAK,8,7.0,24,97,2,2,0,1,1.02,HOU202405150
Framber Valdez,valdf001,2024-05-20,2024,HOU,ANA,3,5.0,25,86,10,1,3,1,1.02,HOU202405200
Framber Valdez,valdf001,2024-05-27,2024,HOU,SEA,4,6.0,27,96,6,3,0,0,1.04,SEA202405270
Framber Valdez,valdf001,2024-06-01,2024,HOU,MIN,4,7.0,24,85,2,2,0,1,1.02,HOU202406010
Framber Valdez,valdf001,2024-06-07,2024,HOU,ANA,8,9.0,31,106,4,1,1,0,0.99,ANA202406070
Framber Valdez,valdf001,2024-06-12,2024,HOU,SFN,1,4.0,21,59,8,1,0,0,1.03,SFN202406120
Framber Valdez,valdf001,2024-06-18,2024,HOU,CHA,5,6.0,24,92,2,5,0,0,0.99,CHA202406180
Framber Valdez,valdf001,2024-06-23,2024,HOU,BAL,7,7.0,29,104,6,2,1,1,1.02,HOU202406230
Framber Valdez,valdf001,2024-06-29,2024,HOU,NYN,5,4.7,26,95,8,3,1,0,1.06,NYN202406290
Framber Valdez,valdf001,2024-07-04,2024,HOU,TOR,4,6.0,25,90,9,2,0,0,1.0,TOR202407040
Framber Valdez,valdf001,2024-07-10,2024,HOU,MIA,10,7.0,25,95,6,1,0,1,1.02,HOU202407100
Framber Valdez,valdf001,2024-07-20,2024,HOU,SEA,6,5.7,24,100,3,4,1,0,1.04,SEA202407200
Framber Valdez,valdf001,2024-07-26,2024,HOU,LAN,10,6.3,25,96,4,2,0,1,1.02,HOU202407260
Framber Valdez,valdf001,2024-07-31,2024,HOU,PIT,10,6.0,25,89,6,0,1,1,1.02,HOU202407310
Framber Valdez,valdf001,2024-08-06,2024,HOU,TEX,5,8.7,29,107,1,3,1,0,0.99,TEX202408060
Framber Valdez,valdf001,2024-08-12,2024,HOU,TBA,9,5.7,21,101,3,1,0,0,1.05,TBA202408120
Framber Valdez,valdf001,2024-08-18,2024,HOU,CHA,9,7.0,23,82,3,1,0,1,1.02,HOU202408180
Framber Valdez,valdf001,2024-08-24,2024,HOU,BAL,8,5.7,24,104,6,1,0,0,1.0,BAL202408240
Framber Valdez,valdf001,2024-08-30,2024,HOU,KCA,7,7.0,24,98,0,3,0,1,1.02,HOU202408300
Framber Valdez,valdf001,2024-09-06,2024,HOU,ARI,7,7.0,25,96,2,3,0,1,1.02,HOU202409060
Framber Valdez,valdf001,2024-09-12,2024,HOU,OAK,6,6.3,26,96,5,1,0,1,1.02,HOU202409120
Framber Valdez,valdf001,2024-09-18,2024,HOU,SDN,6,7.0,28,94,5,2,1,0,1.08,SDN202409180
Framber Valdez,valdf001,2024-09-24,2024,HOU,SEA,4,5.7,26,90,8,2,1,1,1.02,HOU202409240
Louis Varland,varll001,2024-04-02,2024,MIN,MIL,4,4.0,21,89,6,2,1,0,1.05,MIL202404020
Louis Varland,varll001,2024-04-09,2024,MIN,LAN,6,5.0,24,97,7,3,2,1,1.0,MIN202404090
Louis Varland,varll001,2024-04-15,2024,MIN,BAL,6,5.0,27,94,11,0,2,0,1.0,BAL202404150
Louis Varland,varll001,2024-04-21,2024,MIN,DET,2,2.7,15,74,3,4,1,1,1.0,MIN202404210
Louis Varland,varll001,2024-06-11,2024,MIN,COL,3,5.0,18,63,1,1,0,1,1.0,MIN202406110
Louis Varland,varll001,2024-08-09,2024,MIN,CLE,4,4.7,24,85,8,0,1,1,1.0,MIN202408092
Louis Varland,varll001,2024-08-14,2024,MIN,KCA,3,6.0,26,98,8,1,2,1,1.0,MIN202408140
Randy Vásquez,vasqr001,2024-04-20,2024,SDN,TOR,3,5.0,22,97,5,1,1,1,1.08,SDN202404200
Randy Vásquez,vasqr001,2024-04-25,2024,SDN,COL,2,2.7,15,72,6,2,1,0,0.92,COL202404250
Randy Vásquez,vasqr001,2024-05-07,2024,SDN,CHN,6,4.3,17,83,5,0,1,0,0.97,CHN202405070
Randy Vásquez,vasqr001,2024-05-13,2024,SDN,COL,0,3.7,20,73,8,1,0,1,1.08,SDN202405130
Randy Vásquez,vasqr001,2024-05-20,2024,SDN,ATL,2,6.0,26,101,10,0,1,0,1.02,ATL202405202
Randy Vásquez,vasqr001,2024-06-01,2024,SDN,KCA,5,5.0,20,81,4,1,1,0,0.96,KCA202406010
Randy Vásquez,vasqr001,2024-06-06,2024,SDN,ARI,3,6.7,27,92,6,0,2,1,1.08,SDN202406060
Randy Vásquez,vasqr001,2024-06-11,2024,SDN,OAK,5,5.0,22,86,7,2,1,1,1.08,SDN202406110
Randy Vásquez,vasqr001,2024-06-17,2024,SDN,PHI,2,4.3,24,89,12,2,2,0,1.01,PHI202406170
Randy Vásquez,vasqr001,2024-06-22,2024,SDN,MIL,3,5.0,20,98,5,3,0,1,1.08,SDN202406220
Randy Vásquez,vasqr001,2024-06-28,2024,SDN,BOS,1,4.0,18,59,5,1,0,0,0.98,BOS202406280
Randy Vásquez,vasqr001,2024-07-05,2024,SDN,ARI,6,6.3,25,102,6,1,1,1,1.08,SDN202407050
Randy Vásquez,vasqr001,2024-07-14,2024,SDN,ATL,5,5.0,19,73,4,1,0,1,1.08,SDN202407140
Randy Vásquez,vasqr001,2024-07-23,2024,SDN,WAS,1,6.0,22,68,5,0,0,0,1.01,WAS202407230
Randy Vásquez,vasqr001,2024-07-28,2024,SDN,BAL,2,2.0,14,63,4,4,0,0,1.0,BAL202407280
Randy Vásquez,vasqr001,2024-08-02,2024,SDN,COL,4,5.0,20,85,3,2,1,1,1.08,SDN202408020
Randy Vásquez,vasqr001,2024-08-08,2024,SDN,PIT,3,5.7,24,85,6,1,0,0,1.0,PIT202408080
Randy Vásquez,vasqr001,2024-08-26,2024,SDN,SLN,2,6.0,25,91,6,2,0,0,1.0,SLN202408260
Randy Vásquez,vasqr001,2024-08-31,2024,SDN,TBA,3,4.3,28,93,11,4,1,0,1.05,TBA202408310
Randy Vásquez,vasqr001,2024-09-28,2024,SDN,ARI,4,6.0,23,96,1,1,0,0,1.03,ARI202409280
Justin Verlander,verlj001,2024-04-19,2024,HOU,WAS,4,6.0,21,78,4,0,1,0,1.01,WAS202404190
Justin Verlander,verlj001,2024-04-25,2024,HOU,CHN,7,4.3,20,95,3,4,0,0,0.97,CHN202404250
Justin Verlander,verlj001,2024-05-01,2024,HOU,CLE,2,7.0,27,97,6,3,1,1,1.02,HOU202405010
Justin Verlander,verlj001,2024-05-07,2024,HOU,NYA,2,5.0,26,97,8,3,3,0,0.99,NYA202405070
Justin Verlander,verlj001,2024-05-12,2024,HOU,DET,8,7.0,25,95,2,2,0,0,1.0,DET202405120
Justin Verlander,verlj001,2024-05-18,2024,HOU,MIL,3,4.7,20,98,4,2,1,1,1.02,HOU202405180
Justin Verlander,verlj001,2024-05-24,2024,HOU,OAK,9,6.0,28,99,8,0,1,0,1.0,OAK202405240
Justin Verlander,verlj001,2024-05-29,2024,HOU,SEA,9,7.0,25,98,3,1,1,0,1.04,SEA202405290
Justin Verlander,verlj001,2024-06-03,2024,HOU,SLN,4,5.0,24,104,7,2,3,1,1.02,HOU202406030
Justin Verlander,verlj001,2024-06-09,2024,HOU,ANA,3,5.0,23,101,7,0,0,0,0.99,ANA202406090
Justin Verlander,verlj001,2024-08-21,2024,HOU,BOS,6,5.0,20,76,4,1,0,1,1.02,HOU202408210
Justin Verlander,verlj001,2024-08-27,2024,HOU,PHI,3,5.0,22,90,7,1,1,0,1.01,PHI202408270
Justin Verlander,verlj001,2024-09-02,2024,HOU,CIN,3,4.7,26,107,8,4,0,0,1.0,CIN202409020
Justin Verlander,verlj001,2024-09-08,2024,HOU,ARI,0,3.0,19,75,8,1,2,1,1.02,HOU202409080
Justin Verlander,verlj001,2024-09-14,2024,HOU,ANA,2,5.0,21,89,4,2,0,0,0.99,ANA202409140
Justin Verlander,verlj001,2024-09-20,2024,HOU,ANA,4,4.7,24,86,8,1,0,1,1.02,HOU202409200
Justin Verlander,verlj001,2024-09-28,2024,HOU,CLE,5,6.0,25,95,7,0,1,0,1.04,CLE202409280
Darius Vines,vined001,2024-04-15,2024,ATL,HOU,4,4.7,19,80,4,3,0,0,1.02,HOU202404150
Darius Vines,vined001,2024-04-21,2024,ATL,TEX,2,5.0,22,74,7,0,2,1,1.02,ATL202404210
Michael Wacha,wachm001,2024-04-01,2024,KCA,BAL,5,5.0,19,72,3,1,1,0,1.0,BAL202404010
Michael Wacha,wachm001,2024-04-06,2024,KCA,CHA,8,7.0,23,93,2,1,0,1,0.96,KCA202404060
Michael Wacha,wachm001,2024-04-12,2024,KCA,NYN,4,6.0,27,84,10,2,0,0,1.06,NYN202404120
Michael Wacha,wachm001,2024-04-17,2024,KCA,CHA,4,6.0,24,92,4,2,1,0,0.99,CHA202404172
Michael Wacha,wachm001,2024-04-23,2024,KCA,TOR,4,4.3,24,96,8,3,0,1,0.96,KCA202404230
Michael Wacha,wachm001,2024-04-28,2024,KCA,DET,3,5.7,26,91,9,0,2,0,1.0,DET202404280
Michael Wacha,wachm001,2024-05-04,2024,KCA,TEX,3,3.7,21,77,9,1,0,1,0.96,KCA202405040
Michael Wacha,wachm001,2024-05-09,2024,KCA,ANA,6,6.0,27,103,3,5,0,0,0.99,ANA202405090
Michael Wacha,wachm001,2024-05-14,2024,KCA,SEA,7,6.0,23,94,3,2,1,0,1.04,SEA202405140
Michael Wacha,wachm001,2024-05-20,2024,KCA,DET,3,7.0,26,89,6,1,1,1,0.96,KCA202405200
Michael Wacha,wachm001,2024-05-26,2024,KCA,TBA,7,6.0,22,94,3,1,0,0,1.05,TBA202405260
Michael Wacha,wachm001,2024-05-31,2024,KCA,SDN,2,5.3,21,78,5,1,0,1,0.96,KCA202405310
Michael Wacha,wachm001,2024-06-22,2024,KCA,TEX,5,5.0,19,74,3,1,1,0,0.99,TEX202406220
Michael Wacha,wachm001,2024-06-27,2024,KCA,CLE,6,5.3,25,99,7,2,0,1,0.96,KCA202406270
Michael Wacha,wachm001,2024-07-03,2024,KCA,TBA,8,6.0,24,97,2,3,1,1,0.96,KCA202407030
Michael Wacha,wachm001,2024-07-10,2024,KCA,SLN,3,5.0,23,84,7,1,1,0,1.0,SLN202407102
Michael Wacha,wachm001,2024-07-19,2024,KCA,CHA,7,7.0,24,95,4,1,0,1,0.96,KCA202407190
Michael Wacha,wachm001,2024-07-24,2024,KCA,ARI,1,4.7,20,81,6,1,3,1,0.96,KCA202407240
Michael Wacha,wachm001,2024-07-30,2024,KCA,CHA,5,7.0,27,89,5,2,1,0,0.99,CHA202407300
Michael Wacha,wachm001,2024-08-04,2024,KCA,DET,2,6.0,28,99,7,4,0,0,1.0,DET202408040
Michael Wacha,wachm001,2024-08-10,2024,KCA,SLN,6,7.0,27,92,5,2,1,1,0.96,KCA202408100
Michael Wacha,wachm001,2024-08-17,2024,KCA,CIN,9,6.0,22,87,4,1,0,0,1.0,CIN202408170
Michael Wacha,wachm001,2024-08-23,2024,KCA,PHI,5,6.0,24,94,6,0,0,1,0.96,KCA202408230
Michael Wacha,wachm001,2024-08-28,2024,KCA,CLE,7,6.0,29,100,9,0,1,0,1.04,CLE202408280
Michael Wacha,wachm001,2024-09-02,2024,KCA,CLE,3,5.0,20,85,5,1,1,1,0.96,KCA202409020
Michael Wacha,wachm001,2024-09-08,2024,KCA,MIN,7,7.0,23,91,4,1,0,1,0.96,KCA202409080
Michael Wacha,wachm001,2024-09-14,2024,KCA,PIT,8,5.0,22,93,4,3,0,0,1.0,PIT202409140
Michael Wacha,wachm001,2024-09-20,2024,KCA,SFN,5,5.7,23,96,6,1,0,1,0.96,KCA202409200
Michael Wacha,wachm001,2024-09-26,2024,KCA,WAS,2,5.0,22,83,5,1,1,0,1.01,WAS202409260
Jacob Waguespack,waguj001,2024-04-12,2024,TBA,SFN,4,4.0,17,71,4,2,0,1,1.05,TBA202404120
Hurston Waldrep,waldh001,2024-06-09,2024,ATL,WAS,1,3.7,18,62,4,4,1,0,1.01,WAS202406090
Hurston Waldrep,waldh001,2024-06-16,2024,ATL,TBA,2,3.3,18,71,5,4,2,1,1.02,ATL202406160
Matt Waldron,waldm003,2024-04-01,2024,SDN,SLN,7,4.0,22,91,9,1,1,1,1.08,SDN202404010
Matt Waldron,waldm003,2024-04-07,2024,SDN,SFN,5,5.3,21,85,3,1,0,0,1.03,SFN202404070
Matt Waldron,waldm003,2024-04-13,2024,SDN,LAN,4,5.0,23,93,3,4,0,0,1.03,LAN202404130
Matt Waldron,waldm003,2024-04-19,2024,SDN,TOR,2,4.7,22,96,7,1,1,1,1.08,SDN202404190
Matt Waldron,waldm003,2024-04-24,2024,SDN,COL,5,6.0,25,91,4,3,1,0,0.92,COL202404240
Matt Waldron,waldm003,2024-04-29,2024,SDN,CIN,4,6.0,24,97,6,0,1,1,1.08,SDN202404290
Matt Waldron,waldm003,2024-05-05,2024,SDN,ARI,2,3.0,19,65,8,3,1,0,1.03,ARI202405050
Matt Waldron,waldm003,2024-05-11,2024,SDN,LAN,6,5.3,20,82,2,2,1,1,1.08,SDN202405110
Matt Waldron,waldm003,2024-05-17,2024,SDN,ATL,10,5.7,23,98,5,2,0,0,1.02,ATL202405170
Matt Waldron,waldm003,2024-05-23,2024,SDN,CIN,7,5.0,22,90,6,2,0,0,1.0,CIN202405230
Matt Waldron,waldm003,2024-05-28,2024,SDN,MIA,8,7.0,27,85,6,0,0,1,1.08,SDN202405280
Matt Waldron,waldm003,2024-06-03,2024,SDN,ANA,4,6.3,21,95,2,0,0,0,0.99,ANA202406030
Matt Waldron,waldm003,2024-06-08,2024,SDN,ARI,4,6.0,23,94,3,2,0,1,1.08,SDN202406080
Matt Waldron,waldm003,2024-06-14,2024,SDN,NYN,2,7.0,26,98,3,2,0,0,1.06,NYN202406140
Matt Waldron,waldm003,2024-06-19,2024,SDN,PHI,6,7.0,28,104,5,2,1,0,1.01,PHI202406190
Matt Waldron,waldm003,2024-06-24,2024,SDN,WAS,8,6.0,26,107,5,2,0,1,1.08,SDN202406240
Matt Waldron,waldm003,2024-06-30,2024,SDN,BOS,3,4.3,20,74,6,1,2,0,0.98,BOS202406300
Matt Waldron,waldm003,2024-07-06,2024,SDN,ARI,6,6.0,25,106,5,2,1,1,1.08,SDN202407060
Matt Waldron,waldm003,2024-07-12,2024,SDN,ATL,1,7.0,26,80,6,1,2,1,1.08,SDN202407120
Matt Waldron,waldm003,2024-07-19,2024,SDN,CLE,5,6.0,23,97,6,0,0,0,1.04,CLE202407190
Matt Waldron,waldm003,2024-07-24,2024,SDN,WAS,4,6.0,22,90,4,2,1,0,1.01,WAS202407240
Matt Waldron,waldm003,2024-07-30,2024,SDN,LAN,6,4.0,18,81,5,1,1,1,1.08,SDN202407300
Matt Waldron,waldm003,2024-08-04,2024,SDN,COL,7,5.7,21,80,2,2,1,1,1.08,SDN202408040
Matt Waldron,waldm003,2024-08-10,2024,SDN,MIA,5,4.3,22,83,5,2,1,0,0.98,MIA202408100
Matt Waldron,waldm003,2024-08-16,2024,SDN,COL,6,5.7,27,102,9,1,2,0,0.92,COL202408160
Matt Waldron,waldm003,2024-08-21,2024,SDN,MIN,3,4.3,27,92,12,1,1,1,1.08,SDN202408210
Ryan Walker,walkr001,2024-04-24,2024,SFN,NYN,2,1.0,5,22,1,0,0,1,1.03,SFN202404240
Taijuan Walker,walkt004,2024-04-28,2024,PHI,SDN,4,6.3,27,90,8,2,2,0,1.08,SDN202404280
Taijuan Walker,walkt004,2024-05-05,2024,PHI,SFN,7,6.3,25,90,5,1,1,1,1.01,PHI202405050
Taijuan Walker,walkt004,2024-05-11,2024,PHI,MIA,4,6.0,25,86,8,1,1,0,0.98,MIA202405110
Taijuan Walker,walkt004,2024-05-16,2024,PHI,NYN,1,3.3,15,59,4,2,1,1,1.01,PHI202405160
Taijuan Walker,walkt004,2024-05-22,2024,PHI,TEX,5,4.7,23,86,6,4,1,1,1.01,PHI202405220
Taijuan Walker,walkt004,2024-05-27,2024,PHI,SFN,4,6.0,29,98,9,2,0,0,1.03,SFN202405270
Taijuan Walker,walkt004,2024-06-02,2024,PHI,SLN,5,5.0,23,93,5,3,2,1,1.01,PHI202406020
Taijuan Walker,walkt004,2024-06-09,2024,PHI,NYN,6,5.7,20,79,2,1,0,1,1.01,PHI202406090
Taijuan Walker,walkt004,2024-06-15,2024,PHI,BAL,4,5.7,25,92,6,2,1,0,1.0,BAL202406150
Taijuan Walker,walkt004,2024-06-21,2024,PHI,ARI,3,4.0,18,77,5,3,3,1,1.01,PHI202406210
Taijuan Walker,walkt004,2024-08-13,2024,PHI,MIA,5,4.0,19,76,4,3,1,1,1.01,PHI202408130
Taijuan Walker,walkt004,2024-08-18,2024,PHI,WAS,3,4.7,20,99,4,3,2,1,1.01,PHI202408180
Taijuan Walker,walkt004,2024-08-23,2024,PHI,KCA,2,3.0,18,78,8,1,2,0,0.96,KCA202408230
Taijuan Walker,walkt004,2024-08-28,2024,PHI,HOU,0,6.0,28,93,13,1,1,1,1.01,PHI202408280
Taijuan Walker,walkt004,2024-09-19,2024,PHI,NYN,2,3.3,19,71,6,3,4,0,1.06,NYN202409190
Blake Walston,walsb001,2024-05-26,2024,ARI,MIA,4,4.7,20,65,4,1,0,1,1.03,ARI202405260
Blake Walston,walsb001,2024-06-04,2024,ARI,SFN,2,4.3,19,88,2,4,0,1,1.03,ARI202406040
Andrew Walters,walta001,2024-09-25,2024,CLE,CIN,0,1.7,5,20,0,0,0,1,1.04,CLE202409250
Will Warren,warrw001,2024-07-30,2024,NYA,PHI,6,5.3,23,97,4,2,1,0,1.01,PHI202407300
Will Warren,warrw001,2024-08-07,2024,NYA,ANA,6,4.3,24,93,8,3,1,1,0.99,NYA202408072
Will Warren,warrw001,2024-08-14,2024,NYA,CHA,5,5.0,20,94,7,0,1,0,0.99,CHA202408140
Will Warren,warrw001,2024-08-24,2024,NYA,COL,6,3.0,18,76,7,1,0,1,0.99,NYA202408240
Will Warren,warrw001,2024-08-31,2024,NYA,SLN,3,4.0,19,76,5,3,1,1,0.99,NYA202408310
Ryan Weathers,weatr001,2024-03-30,2024,MIA,PIT,5,4.0,22,94,7,2,0,1,0.98,MIA202403300
Ryan Weathers,weatr001,2024-04-04,2024,MIA,SLN,6,5.0,23,85,3,3,1,0,1.0,SLN202404040
Ryan Weathers,weatr001,2024-04-10,2024,MIA,NYA,1,5.0,20,94,3,3,0,0,0.99,NYA202404100
Ryan Weathers,weatr001,2024-04-16,2024,MIA,SFN,10,6.0,24,90,5,1,1,1,0.98,MIA202404160
Ryan Weathers,weatr001,2024-04-22,2024,MIA,ATL,1,5.7,26,96,6,3,1,0,1.02,ATL202404220
Ryan Weathers,weatr001,2024-04-28,2024,MIA,WAS,3,4.0,24,87,5,3,1,1,0.98,MIA202404280
Ryan Weathers,weatr001,2024-05-03,2024,MIA,OAK,5,6.0,24,99,5,0,1,0,1.0,OAK202405030
Ryan Weathers,weatr001,2024-05-08,2024,MIA,LAN,3,6.0,23,97,5,1,1,0,1.03,LAN202405080
Ryan Weathers,weatr001,2024-05-14,2024,MIA,DET,4,8.0,26,97,3,0,0,0,1.0,DET202405140
Ryan Weathers,weatr001,2024-05-20,2024,MIA,MIL,8,7.0,27,94,2,3,1,1,0.98,MIA202405200
Ryan Weathers,weatr001,2024-05-26,2024,MIA,ARI,7,6.0,23,91,4,1,0,0,1.03,ARI202405260
Ryan Weathers,weatr001,2024-06-01,2024,MIA,TEX,11,6.0,27,96,9,0,0,1,0.98,MIA202406010
Ryan Weathers,weatr001,2024-06-07,2024,MIA,CLE,3,2.3,9,40,4,0,1,1,0.98,MIA202406070
Ryan Weathers,weatr001,2024-09-18,2024,MIA,LAN,5,4.3,22,74,8,0,3,1,0.98,MIA202409180
Ryan Weathers,weatr001,2024-09-24,2024,MIA,MIN,2,5.0,23,82,6,2,0,0,1.0,MIN202409240
Ryan Weathers,weatr001,2024-09-29,2024,MIA,TOR,6,6.3,24,97,3,2,0,0,1.0,TOR202409290
Logan Webb,webbl001,2024-03-28,2024,SFN,SDN,5,6.0,24,97,5,2,0,0,1.08,SDN202403280
Logan Webb,webbl001,2024-04-02,2024,SFN,LAN,5,3.7,20,96,7,2,1,0,1.03,LAN202404020
Logan Webb,webbl001,2024-04-07,2024,SFN,SDN,3,7.0,29,85,10,0,0,1,1.03,SFN202404070
Logan Webb,webbl001,2024-04-13,2024,SFN,TBA,4,7.0,27,96,6,1,0,0,1.05,TBA202404130
Logan Webb,webbl001,2024-04-18,2024,SFN,ARI,5,7.0,23,102,2,1,0,1,1.03,SFN202404180
Logan Webb,webbl001,2024-04-23,2024,SFN,NYN,4,8.0,30,106,6,1,0,1,1.03,SFN202404230
Logan Webb,webbl001,2024-04-30,2024,SFN,BOS,4,3.7,22,91,9,3,0,0,0.98,BOS202404300
Logan Webb,webbl001,2024-05-05,2024,SFN,PHI,6,4.0,22,98,7,2,1,0,1.01,PHI202405050
Logan Webb,webbl001,2024-05-10,2024,SFN,CIN,6,7.0,29,100,8,2,0,1,1.03,SFN202405100
Logan Webb,webbl001,2024-05-15,2024,SFN,LAN,5,6.0,25,103,3,3,0,1,1.03,SFN202405150
Logan Webb,webbl001,2024-05-21,2024,SFN,PIT,6,6.0,24,103,6,1,0,0,1.0,PIT202405210
Logan Webb,webbl001,2024-05-26,2024,SFN,NYN,8,7.0,25,96,3,1,0,0,1.06,NYN202405260
Logan Webb,webbl001,2024-06-01,2024,SFN,NYA,6,7.0,27,108,7,1,1,1,1.03,SFN202406010
Logan Webb,webbl001,2024-06-07,2024,SFN,TEX,6,7.0,26,94,5,0,0,0,0.99,TEX202406070
Logan Webb,webbl001,2024-06-12,2024,SFN,HOU,5,6.0,24,83,7,0,1,1,1.03,SFN202406120
Logan Webb,webbl001,2024-06-18,2024,SFN,CHN,5,7.0,28,101,6,1,1,0,0.97,CHN202406180
Logan Webb,webbl001,2024-06-23,2024,SFN,SLN,8,6.0,28,105,9,2,0,0,1.0,SLN202406230
Logan Webb,webbl001,2024-06-28,2024,SFN,LAN,6,7.0,27,93,5,3,0,1,1.03,SFN202406280
Logan Webb,webbl001,2024-07-04,2024,SFN,ATL,6,7.0,26,104,7,1,0,0,1.02,ATL202407040
Logan Webb,webbl001,2024-07-10,2024,SFN,TOR,4,5.0,24,86,8,1,1,1,1.03,SFN202407100
Logan Webb,webbl001,2024-07-20,2024,SFN,COL,4,6.0,27,99,8,4,1,0,0.92,COL202407200
Logan Webb,webbl001,2024-07-25,2024,SFN,LAN,4,5.0,26,89,9,3,0,0,1.03,LAN202407250
Logan Webb,webbl001,2024-07-31,2024,SFN,OAK,6,9.0,34,106,5,1,0,1,1.03,SFN202407310
Logan Webb,webbl001,2024-08-05,2024,SFN,WAS,4,5.7,24,95,4,3,0,0,1.01,WAS202408050
Logan Webb,webbl001,2024-08-10,2024,SFN,DET,8,7.0,27,110,4,1,0,1,1.03,SFN202408100
Logan Webb,webbl001,2024-08-15,2024,SFN,ATL,7,7.7,27,104,4,1,0,1,1.03,SFN202408150
Logan Webb,webbl001,2024-08-21,2024,SFN,CHA,6,8.0,27,93,5,0,0,1,1.03,SFN202408210
Logan Webb,webbl001,2024-08-27,2024,SFN,MIL,4,5.0,23,110,4,3,2,0,1.05,MIL202408270
Logan Webb,webbl001,2024-09-01,2024,SFN,MIA,4,6.0,26,90,8,0,1,1,1.03,SFN202409010
Logan Webb,webbl001,2024-09-07,2024,SFN,SDN,3,6.0,27,84,10,2,0,0,1.08,SDN202409070
Logan Webb,webbl001,2024-09-13,2024,SFN,SDN,4,4.0,20,83,7,1,1,1,1.03,SFN202409130
Logan Webb,webbl001,2024-09-19,2024,SFN,BAL,8,5.0,21,96,4,2,0,0,1.0,BAL202409190
Logan Webb,webbl001,2024-09-24,2024,SFN,ARI,3,6.0,22,95,4,1,0,0,1.03,ARI202409240
Tyler Wells,wellt003,2024-03-31,2024,BAL,ANA,7,6.0,23,82,5,0,1,1,1.0,BAL202403310
Tyler Wells,wellt003,2024-04-06,2024,BAL,PIT,3,5.3,25,87,7,2,1,0,1.0,PIT202404060
Tyler Wells,wellt003,2024-04-12,2024,BAL,MIL,3,4.0,19,90,6,1,1,1,1.0,BAL202404120
Hayden Wesneski,wesnh001,2024-04-28,2024,CHN,BOS,3,4.0,19,63,5,1,0,0,0.98,BOS202404280
Hayden Wesneski,wesnh001,2024-05-03,2024,CHN,MIL,8,6.3,24,90,3,2,0,1,0.97,CHN202405030
Hayden Wesneski,wesnh001,2024-05-08,2024,CHN,SDN,3,6.0,27,94,7,1,0,1,0.97,CHN202405080
Hayden Wesneski,wesnh001,2024-06-26,2024,CHN,SFN,7,4.0,15,72,2,1,2,0,1.03,SFN202406260
Hayden Wesneski,wesnh001,2024-07-02,2024,CHN,PHI,7,5.0,23,89,5,3,2,1,0.97,CHN202407020
Hayden Wesneski,wesnh001,2024-07-07,2024,CHN,ANA,2,6.3,22,86,1,1,0,1,0.97,CHN202407070
Hayden Wesneski,wesnh001,2024-07-13,2024,CHN,SLN,4,4.0,26,88,10,1,1,0,1.0,SLN202407131
Zack Wheeler,wheez001,2024-03-29,2024,PHI,ATL,5,6.0,23,89,5,0,0,1,1.01,PHI202403290
Zack Wheeler,wheez001,2024-04-03,2024,PHI,CIN,10,6.0,25,93,4,1,0,1,1.01,PHI202404030
Zack Wheeler,wheez001,2024-04-09,2024,PHI,SLN,5,7.0,28,107,6,1,1,0,1.0,SLN202404090
Zack Wheeler,wheez001,2024-04-14,2024,PHI,PIT,10,5.0,24,100,5,3,1,1,1.01,PHI202404140
Zack Wheeler,wheez001,2024-04-20,2024,PHI,CHA,8,7.3,26,106,1,2,0,1,1.01,PHI202404200
Zack Wheeler,wheez001,2024-04-25,2024,PHI,CIN,8,6.0,22,103,1,4,0,0,1.0,CIN202404250
Zack Wheeler,wheez001,2024-05-01,2024,PHI,ANA,6,5.0,22,106,5,1,1,0,0.99,ANA202405010
Zack Wheeler,wheez001,2024-05-06,2024,PHI,SFN,11,7.0,26,102,4,1,0,1,1.01,PHI202405060
Zack Wheeler,wheez001,2024-05-12,2024,PHI,MIA,2,4.0,21,80,6,3,1,0,0.98,MIA202405120
Zack Wheeler,wheez001,2024-05-17,2024,PHI,WAS,6,7.3,27,104,3,3,0,1,1.01,PHI202405170
Zack Wheeler,wheez001,2024-05-23,2024,PHI,TEX,5,7.0,28,91,5,2,1,1,1.01,PHI202405230
Zack Wheeler,wheez001,2024-05-28,2024,PHI,SFN,9,6.0,21,101,2,2,0,0,1.03,SFN202405280
Zack Wheeler,wheez001,2024-06-03,2024,PHI,MIL,6,7.0,26,114,5,3,1,1,1.01,PHI202406030
Zack Wheeler,wheez001,2024-06-11,2024,PHI,BOS,4,7.0,24,88,3,1,0,0,0.98,BOS202406110
Zack Wheeler,wheez001,2024-06-16,2024,PHI,BAL,4,4.3,26,91,9,2,4,0,1.0,BAL202406160
Zack Wheeler,wheez001,2024-06-22,2024,PHI,ARI,8,7.0,24,97,2,0,0,1,1.01,PHI202406220
Zack Wheeler,wheez001,2024-06-27,2024,PHI,MIA,5,6.7,27,115,7,2,0,1,1.01,PHI202406270
Zack Wheeler,wheez001,2024-07-03,2024,PHI,CHN,7,6.0,26,102,5,2,0,0,0.97,CHN202407030
Zack Wheeler,wheez001,2024-07-09,2024,PHI,LAN,7,5.0,21,76,3,2,1,1,1.01,PHI202407090
Zack Wheeler,wheez001,2024-07-23,2024,PHI,MIN,7,7.0,26,107,3,2,0,0,1.0,MIN202407230
Zack Wheeler,wheez001,2024-07-29,2024,PHI,NYA,6,5.0,23,103,7,3,3,1,1.01,PHI202407290
Zack Wheeler,wheez001,2024-08-04,2024,PHI,SEA,9,8.0,27,96,2,1,0,0,1.04,SEA202408040
Zack Wheeler,wheez001,2024-08-09,2024,PHI,ARI,8,6.0,25,100,7,2,1,0,1.03,ARI202408090
Zack Wheeler,wheez001,2024-08-15,2024,PHI,WAS,6,6.0,22,96,3,0,1,1,1.01,PHI202408150
Zack Wheeler,wheez001,2024-08-20,2024,PHI,ATL,8,6.0,24,97,6,0,1,0,1.02,ATL202408200
Zack Wheeler,wheez001,2024-08-26,2024,PHI,HOU,6,6.0,25,97,6,2,0,1,1.01,PHI202408260
Zack Wheeler,wheez001,2024-08-31,2024,PHI,ATL,7,7.0,26,96,4,0,0,1,1.01,PHI202408310
Zack Wheeler,wheez001,2024-09-06,2024,PHI,MIA,7,6.0,21,84,2,1,0,0,0.98,MIA202409060
Zack Wheeler,wheez001,2024-09-11,2024,PHI,TBA,9,6.0,26,103,4,3,1,1,1.01,PHI202409110
Zack Wheeler,wheez001,2024-09-17,2024,PHI,MIL,6,7.0,24,99,4,0,0,0,1.05,MIL202409170
Zack Wheeler,wheez001,2024-09-22,2024,PHI,NYN,8,7.0,28,94,7,1,1,0,1.06,NYN202409220
Zack Wheeler,wheez001,2024-09-28,2024,PHI,WAS,11,6.3,23,97,3,2,1,0,1.01,WAS202409280
Garrett Whitlock,whitg002,2024-03-31,2024,BOS,SEA,8,5.0,19,81,3,0,0,0,1.04,SEA202403310
Garrett Whitlock,whitg002,2024-04-06,2024,BOS,ANA,4,4.3,20,101,4,4,0,0,0.99,ANA202404060
Garrett Whitlock,whitg002,2024-04-11,2024,BOS,BAL,4,5.0,20,85,4,2,1,1,0.98,BOS202404110
Garrett Whitlock,whitg002,2024-04-16,2024,BOS,CLE,1,4.0,16,54,3,1,0,1,0.98,BOS202404160
Jordan Wicks,wickj001,2024-03-31,2024,CHN,TEX,6,4.0,22,85,5,3,0,0,0.99,TEX202403310
Jordan Wicks,wickj001,2024-04-06,2024,CHN,LAN,7,4.7,21,100,6,1,0,1,0.97,CHN202404060
Jordan Wicks,wickj001,2024-04-12,2024,CHN,SEA,6,4.0,22,94,5,4,0,0,1.04,SEA202404120
Jordan Wicks,wickj001,2024-04-17,2024,CHN,ARI,5,4.3,20,74,5,1,1,0,1.03,ARI202404170
Jordan Wicks,wickj001,2024-04-23,2024,CHN,HOU,4,6.0,23,86,5,0,1,1,0.97,CHN202404230
Jordan Wicks,wickj001,2024-06-14,2024,CHN,SLN,2,1.7,7,28,2,0,0,1,0.97,CHN202406140
Jordan Wicks,wickj001,2024-09-01,2024,CHN,WAS,0,5.0,18,69,4,0,0,0,1.01,WAS202409010
Jordan Wicks,wickj001,2024-09-06,2024,CHN,NYA,4,5.0,22,95,5,4,0,1,0.97,CHN202409060
Jordan Wicks,wickj001,2024-09-11,2024,CHN,LAN,2,3.0,21,78,8,4,4,0,1.03,LAN202409110
Jordan Wicks,wickj001,2024-09-17,2024,CHN,OAK,4,5.0,23,91,7,2,3,1,0.97,CHN202409170
Brandon Williamson,willb003,2024-09-01,2024,CIN,MIL,5,3.3,14,66,3,0,1,1,1.0,CIN202409010
Brandon Williamson,willb003,2024-09-11,2024,CIN,SLN,5,5.0,19,82,3,2,1,0,1.0,SLN202409110
Brandon Williamson,willb003,2024-09-17,2024,CIN,ATL,1,1.3,9,48,3,2,2,1,1.0,CIN202409170
Gavin Williams,willg004,2024-07-03,2024,CLE,CHA,2,4.0,21,74,7,2,0,1,1.04,CLE202407030
Gavin Williams,willg004,2024-07-08,2024,CLE,DET,5,5.3,21,89,4,1,0,0,1.0,DET202407080
Gavin Williams,willg004,2024-07-13,2024,CLE,TBA,2,5.0,20,94,3,3,0,0,1.05,TBA202407130
Gavin Williams,willg004,2024-07-20,2024,CLE,SDN,5,3.7,21,84,6,2,0,1,1.04,CLE202407200
Gavin Williams,willg004,2024-07-25,2024,CLE,DET,9,6.0,25,105,6,2,1,1,1.04,CLE202407250
Gavin Williams,willg004,2024-07-30,2024,CLE,DET,8,5.0,19,90,2,1,0,0,1.0,DET202407300
Gavin Williams,willg004,2024-08-04,2024,CLE,BAL,8,4.0,22,86,8,2,2,1,1.04,CLE202408040
Gavin Williams,willg004,2024-08-10,2024,CLE,MIN,3,6.0,23,73,4,0,0,0,1.0,MIN202408100
Gavin Williams,willg004,2024-08-16,2024,CLE,MIL,5,4.0,21,92,6,2,1,0,1.05,MIL202408160
Gavin Williams,willg004,2024-08-22,2024,CLE,NYA,5,4.3,20,98,4,4,1,0,0.99,NYA202408220
Gavin Williams,willg004,2024-08-27,2024,CLE,KCA,6,5.0,20,83,3,2,1,1,1.04,CLE202408270
Gavin Williams,willg004,2024-09-02,2024,CLE,KCA,6,7.0,24,98,1,2,0,0,0.96,KCA202409020
Gavin Williams,willg004,2024-09-07,2024,CLE,LAN,0,0.7,7,37,2,3,0,0,1.03,LAN202409070
Gavin Williams,willg004,2024-09-12,2024,CLE,TBA,5,5.3,24,90,7,2,1,1,1.04,CLE202409120
Gavin Williams,willg004,2024-09-17,2024,CLE,MIN,7,5.0,22,89,5,2,0,1,1.04,CLE202409170
Gavin Williams,willg004,2024-09-22,2024,CLE,SLN,3,5.7,22,86,4,2,0,0,1.0,SLN202409220
Trevor Williams,willt002,2024-04-03,2024,WAS,PIT,5,5.3,21,91,3,2,0,1,1.01,WAS202404030
Trevor Williams,willt002,2024-04-08,2024,WAS,SFN,2,5.0,20,81,3,3,0,0,1.03,SFN202404080
Trevor Williams,willt002,2024-04-14,2024,WAS,OAK,7,5.3,21,78,6,1,0,0,1.0,OAK202404140
Trevor Williams,willt002,2024-04-20,2024,WAS,HOU,4,6.0,19,77,3,0,0,1,1.01,WAS202404200
Trevor Williams,willt002,2024-04-26,2024,WAS,MIA,1,5.0,20,80,5,2,0,0,0.98,MIA202404260
Trevor Williams,willt002,2024-05-01,2024,WAS,TEX,3,5.0,23,79,5,4,0,0,0.99,TEX202405010
Trevor Williams,willt002,2024-05-07,2024,WAS,BAL,8,5.0,18,77,2,0,0,1,1.01,WAS202405070
Trevor Williams,willt002,2024-05-14,2024,WAS,CHA,2,5.0,20,81,4,1,1,0,0.99,CHA202405141
Trevor Williams,willt002,2024-05-19,2024,WAS,PHI,3,4.3,19,97,5,1,0,0,1.01,PHI202405190
Trevor Williams,willt002,2024-05-25,2024,WAS,SEA,8,5.0,20,85,5,0,1,1,1.01,WAS202405250
Trevor Williams,willt002,2024-05-30,2024,WAS,ATL,4,5.7,23,95,4,2,0,0,1.02,ATL202405300
Trevor Williams,willt002,2024-09-20,2024,WAS,CHN,7,5.0,18,66,3,0,1,0,0.97,CHN202409200
Trevor Williams,willt002,2024-09-27,2024,WAS,PHI,5,5.0,18,77,3,2,0,1,1.01,WAS202409270
Bryse Wilson,wilsb003,2024-04-17,2024,MIL,SDN,2,3.7,14,57,2,1,0,1,1.05,MIL202404170
Bryse Wilson,wilsb003,2024-04-24,2024,MIL,PIT,3,4.3,19,75,3,3,1,0,1.0,PIT202404240
Bryse Wilson,wilsb003,2024-04-29,2024,MIL,TBA,6,6.0,23,91,4,2,0,1,1.05,MIL202404290
Bryse Wilson,wilsb003,2024-05-06,2024,MIL,KCA,6,6.0,22,89,1,3,0,0,0.96,KCA202405060
Bryse Wilson,wilsb003,2024-05-12,2024,MIL,SLN,1,4.0,22,80,5,5,1,1,1.05,MIL202405120
Bryse Wilson,wilsb003,2024-05-18,2024,MIL,HOU,3,4.7,19,58,5,1,1,0,1.02,HOU202405180
Bryse Wilson,wilsb003,2024-05-29,2024,MIL,CHN,1,4.0,20,82,6,2,1,1,1.05,MIL202405290
Bryse Wilson,wilsb003,2024-06-09,2024,MIL,DET,4,4.3,24,89,6,2,0,0,1.0,DET202406090
Bryse Wilson,wilsb003,2024-06-20,2024,MIL,SDN,5,4.7,23,77,7,2,3,0,1.08,SDN202406200
Allan Winans,winaa001,2024-04-11,2024,ATL,NYN,1,5.0,25,82,8,2,1,1,1.02,ATL202404110
Allan Winans,winaa001,2024-07-24,2024,ATL,CIN,3,2.7,16,65,6,2,2,1,1.02,ATL202407240
Josh Winckowski,wincj001,2024-04-21,2024,BOS,PIT,1,3.3,12,46,3,0,0,0,1.0,PIT202404210
Josh Winckowski,wincj001,2024-04-27,2024,BOS,CHN,1,3.0,13,52,3,0,0,1,0.98,BOS202404270
Josh Winckowski,wincj001,2024-05-02,2024,BOS,SFN,0,4.3,16,53,2,2,1,1,0.98,BOS202405020
Josh Winckowski,wincj001,2024-06-30,2024,BOS,SDN,1,5.0,18,58,4,0,0,1,0.98,BOS202406300
Josh Winckowski,wincj001,2024-07-06,2024,BOS,NYA,4,3.7,18,66,5,2,2,0,0.99,NYA202407060
Josh Winckowski,wincj001,2024-08-10,2024,BOS,HOU,1,3.0,11,38,2,0,1,1,0.98,BOS202408100
Keaton Winn,winnk001,2024-04-01,2024,SFN,LAN,6,5.0,20,89,4,1,0,0,1.03,LAN202404010
Keaton Winn,winnk001,2024-04-06,2024,SFN,SDN,1,6.0,22,80,3,3,1,1,1.03,SFN202404060
Keaton Winn,winnk001,2024-04-12,2024,SFN,TBA,6,5.0,24,89,5,3,0,0,1.05,TBA202404120
Keaton Winn,winnk001,2024-04-17,2024,SFN,MIA,4,6.0,21,81,4,1,1,0,0.98,MIA202404170
Keaton Winn,winnk001,2024-04-22,2024,SFN,NYN,6,6.0,21,87,4,1,1,1,1.03,SFN202404220
Keaton Winn,winnk001,2024-04-28,2024,SFN,PIT,5,6.0,22,80,3,1,0,1,1.03,SFN202404280
Keaton Winn,winnk001,2024-05-04,2024,SFN,PHI,0,0.7,8,39,4,2,0,0,1.01,PHI202405040
Keaton Winn,winnk001,2024-05-09,2024,SFN,COL,1,3.7,19,51,8,0,1,0,0.92,COL202405090
Keaton Winn,winnk001,2024-05-14,2024,SFN,LAN,4,4.0,20,78,5,3,1,1,1.03,SFN202405140
Keaton Winn,winnk001,2024-06-09,2024,SFN,TEX,7,4.3,22,69,6,2,1,0,0.99,TEX202406090
Keaton Winn,winnk001,2024-06-15,2024,SFN,ANA,6,6.0,25,91,5,2,2,1,1.03,SFN202406150
Keaton Winn,winnk001,2024-06-20,2024,SFN,SLN,2,2.7,14,43,5,1,1,0,1.0,SLN202406200
Bryan Woo,woo-b001,2024-05-10,2024,SEA,OAK,3,4.3,15,62,1,1,0,1,1.04,SEA202405100
Bryan Woo,woo-b001,2024-05-15,2024,SEA,KCA,5,5.3,20,79,3,1,0,1,1.04,SEA202405150
Bryan Woo,woo-b001,2024-05-21,2024,SEA,NYA,7,6.0,20,77,2,0,0,0,0.99,NYA202405210
Bryan Woo,woo-b001,2024-05-26,2024,SEA,WAS,1,6.0,24,70,5,0,1,0,1.01,WAS202405260
Bryan Woo,woo-b001,2024-05-31,2024,SEA,ANA,2,6.0,19,66,3,0,0,1,1.04,SEA202405310
Bryan Woo,woo-b001,2024-06-06,2024,SEA,OAK,6,6.0,21,85,2,0,0,0,1.0,OAK202406060
Bryan Woo,woo-b001,2024-06-19,2024,SEA,CLE,1,4.0,17,64,4,1,1,0,1.04,CLE202406190
Bryan Woo,woo-b001,2024-06-24,2024,SEA,TBA,3,3.0,14,60,5,0,0,0,1.05,TBA202406240
Bryan Woo,woo-b001,2024-07-12,2024,SEA,ANA,1,3.3,20,66,9,2,1,0,0.99,ANA202407120
Bryan Woo,woo-b001,2024-07-21,2024,SEA,HOU,5,5.7,20,73,4,0,1,1,1.04,SEA202407210
Bryan Woo,woo-b001,2024-07-27,2024,SEA,CHA,3,4.0,18,70,4,1,0,0,0.99,CHA202407270
Bryan Woo,woo-b001,2024-08-02,2024,SEA,PHI,6,7.0,26,92,5,0,0,1,1.04,SEA202408020
Bryan Woo,woo-b001,2024-08-08,2024,SEA,DET,7,6.7,26,88,5,1,0,1,1.04,SEA202408080
Bryan Woo,woo-b001,2024-08-14,2024,SEA,DET,6,7.0,25,85,4,0,0,0,1.0,DET202408140
Bryan Woo,woo-b001,2024-08-19,2024,SEA,LAN,5,6.3,24,87,2,2,1,0,1.03,LAN202408190
Bryan Woo,woo-b001,2024-08-25,2024,SEA,SFN,7,7.0,25,94,4,0,1,1,1.04,SEA202408250
Bryan Woo,woo-b001,2024-08-31,2024,SEA,ANA,3,6.3,24,69,5,0,3,0,0.99,ANA202408310
Bryan Woo,woo-b001,2024-09-05,2024,SEA,OAK,6,5.0,23,88,8,0,1,0,1.0,OAK202409050
Bryan Woo,woo-b001,2024-09-11,2024,SEA,SDN,5,6.7,23,89,2,1,1,1,1.04,SEA202409110
Bryan Woo,woo-b001,2024-09-17,2024,SEA,NYA,7,4.7,24,94,9,1,2,1,1.04,SEA202409170
Bryan Woo,woo-b001,2024-09-22,2024,SEA,TEX,4,6.0,25,82,7,1,1,0,0.99,TEX202409220
Bryan Woo,woo-b001,2024-09-27,2024,SEA,OAK,8,5.0,19,76,3,1,0,1,1.04,SEA202409270
Alex Wood,wooda002,2024-03-28,2024,OAK,CLE,3,3.3,18,78,7,1,0,1,1.0,OAK202403280
Alex Wood,wooda002,2024-04-02,2024,OAK,BOS,7,5.0,24,96,6,2,0,1,1.0,OAK202404020
Alex Wood,wooda002,2024-04-09,2024,OAK,TEX,2,4.0,18,67,5,3,1,0,0.99,TEX202404090
Alex Wood,wooda002,2024-04-14,2024,OAK,WAS,4,4.3,25,100,7,4,1,1,1.0,OAK202404140
Alex Wood,wooda002,2024-04-20,2024,OAK,CLE,4,5.0,23,86,8,1,1,0,1.04,CLE202404200
Alex Wood,wooda002,2024-04-25,2024,OAK,NYA,5,5.7,25,98,8,2,1,0,0.99,NYA202404250
Alex Wood,wooda002,2024-04-30,2024,OAK,PIT,4,4.0,20,93,4,4,1,1,1.0,OAK202404300
Alex Wood,wooda002,2024-05-06,2024,OAK,TEX,3,6.0,21,78,2,1,0,1,1.0,OAK202405060
Alex Wood,wooda002,2024-05-12,2024,OAK,SEA,1,2.0,12,60,4,1,1,0,1.04,SEA202405120
Jake Woodford,woodj003,2024-05-28,2024,CHA,TOR,4,4.3,20,86,5,2,0,1,0.99,CHA202405280
Jake Woodford,woodj003,2024-06-06,2024,CHA,BOS,3,4.0,26,87,10,3,2,1,0.99,CHA202406060
Jake Woodford,woodj003,2024-07-31,2024,PIT,HOU,3,5.0,20,71,2,0,0,0,1.02,HOU202407310
Jake Woodford,woodj003,2024-08-12,2024,PIT,SDN,2,6.0,20,74,3,0,0,0,1.08,SDN202408120
Jake Woodford,woodj003,2024-08-18,2024,PIT,SEA,4,4.0,23,91,9,1,2,1,1.0,PIT202408180
Jake Woodford,woodj003,2024-08-24,2024,PIT,CIN,3,3.3,20,74,7,3,0,1,1.0,PIT202408240
Jake Woodford,woodj003,2024-09-18,2024,PIT,SLN,5,4.7,22,82,8,0,1,0,1.0,SLN202409180
Simeon Woods Richardson,woods002,2024-04-13,2024,MIN,DET,5,6.0,21,80,2,1,0,0,1.0,DET202404132
Simeon Woods Richardson,woods002,2024-04-25,2024,MIN,CHA,6,5.0,23,94,7,1,0,1,1.0,MIN202404250
Simeon Woods Richardson,woods002,2024-04-30,2024,MIN,CHA,2,3.7,19,81,7,2,0,0,0.99,CHA202404300
Simeon Woods Richardson,woods002,2024-05-06,2024,MIN,SEA,8,6.0,20,82,1,1,0,1,1.0,MIN202405060
Simeon Woods Richardson,woods002,2024-05-11,2024,MIN,TOR,2,4.3,21,91,8,1,2,0,1.0,TOR202405110
Simeon Woods Richardson,woods002,2024-05-17,2024,MIN,CLE,2,5.3,21,79,4,0,0,0,1.04,CLE202405170
Simeon Woods Richardson,woods002,2024-05-22,2024,MIN,WAS,1,4.7,18,77,3,1,0,0,1.01,WAS202405220
Simeon Woods Richardson,woods002,2024-05-28,2024,MIN,KCA,4,5.0,20,83,3,2,0,1,1.0,MIN202405280
Simeon Woods Richardson,woods002,2024-06-02,2024,MIN,HOU,6,4.3,18,66,3,2,2,0,1.02,HOU202406020
Simeon Woods Richardson,woods002,2024-06-08,2024,MIN,PIT,6,6.3,26,97,6,0,1,0,1.0,PIT202406080
Simeon Woods Richardson,woods002,2024-06-14,2024,MIN,OAK,4,4.0,20,80,4,4,1,1,1.0,MIN202406140
Simeon Woods Richardson,woods002,2024-06-20,2024,MIN,TBA,6,6.0,24,92,4,2,0,1,1.0,MIN202406200
Simeon Woods Richardson,woods002,2024-06-26,2024,MIN,ARI,4,5.3,22,90,4,2,0,0,1.03,ARI202406260
Simeon Woods Richardson,woods002,2024-07-02,2024,MIN,DET,4,5.7,23,94,4,2,2,1,1.0,MIN202407020
Simeon Woods Richardson,woods002,2024-07-07,2024,MIN,HOU,4,6.0,23,88,3,2,0,1,1.0,MIN202407070
Simeon Woods Richardson,woods002,2024-07-13,2024,MIN,SFN,7,4.3,21,86,7,1,0,0,1.03,SFN202407130
Simeon Woods Richardson,woods002,2024-07-23,2024,MIN,PHI,5,6.0,20,88,3,1,0,1,1.0,MIN202407230
Simeon Woods Richardson,woods002,2024-07-29,2024,MIN,NYN,2,3.3,20,81,7,3,1,0,1.06,NYN202407290
Simeon Woods Richardson,woods002,2024-08-04,2024,MIN,CHA,6,4.0,21,89,6,3,0,1,1.0,MIN202408040
Simeon Woods Richardson,woods002,2024-08-10,2024,MIN,CLE,7,7.0,25,89,4,0,2,1,1.0,MIN202408100
Simeon Woods Richardson,woods002,2024-08-16,2024,MIN,TEX,1,5.0,20,78,3,2,1,0,0.99,TEX202408160
Simeon Woods Richardson,woods002,2024-08-21,2024,MIN,SDN,7,5.0,21,101,4,2,1,0,1.08,SDN202408210
Simeon Woods Richardson,woods002,2024-08-27,2024,MIN,ATL,3,4.7,20,91,3,3,1,1,1.0,MIN202408270
Simeon Woods Richardson,woods002,2024-09-02,2024,MIN,TBA,2,3.7,19,71,6,2,0,0,1.05,TBA202409020
Simeon Woods Richardson,woods002,2024-09-08,2024,MIN,KCA,2,4.3,19,70,3,3,0,0,0.96,KCA202409080
Simeon Woods Richardson,woods002,2024-09-14,2024,MIN,CIN,3,3.0,15,69,5,3,0,1,1.0,MIN202409140
Simeon Woods Richardson,woods002,2024-09-19,2024,MIN,CLE,6,4.7,19,72,5,1,1,0,1.04,CLE202409190
Simeon Woods Richardson,woods002,2024-09-25,2024,MIN,MIA,2,1.0,10,36,6,1,1,1,1.0,MIN202409250
Justin Wrobleski,wrobj001,2024-07-07,2024,LAN,MIL,4,5.0,19,76,5,2,2,1,1.03,LAN202407070
Justin Wrobleski,wrobj001,2024-07-13,2024,LAN,DET,4,5.0,23,84,5,2,2,0,1.0,DET202407130
Justin Wrobleski,wrobj001,2024-07-20,2024,LAN,BOS,5,4.3,17,83,3,2,0,1,1.03,LAN202407200
Justin Wrobleski,wrobj001,2024-07-27,2024,LAN,HOU,2,5.7,21,82,4,1,0,0,1.02,HOU202407270
Justin Wrobleski,wrobj001,2024-08-16,2024,LAN,SLN,3,5.0,20,79,4,2,3,0,1.0,SLN202408160
Justin Wrobleski,wrobj001,2024-09-01,2024,LAN,ARI,2,5.3,29,99,10,2,2,0,1.03,ARI202409010
Yoshinobu Yamamoto,yamay001,2024-03-21,2024,LAN,SDN,2,1.0,9,43,4,1,0,1,1.03,LAN202403210
Yoshinobu Yamamoto,yamay001,2024-03-30,2024,LAN,SLN,5,5.0,17,68,2,0,0,1,1.03,LAN202403300
Yoshinobu Yamamoto,yamay001,2024-04-06,2024,LAN,CHN,8,5.0,21,80,3,2,0,0,0.97,CHN202404060
Yoshinobu Yamamoto,yamay001,2024-04-12,2024,LAN,SDN,6,5.0,19,91,4,1,2,1,1.03,LAN202404120
Yoshinobu Yamamoto,yamay001,2024-04-19,2024,LAN,NYN,9,6.0,27,99,7,1,1,1,1.03,LAN202404190
Yoshinobu Yamamoto,yamay001,2024-04-25,2024,LAN,WAS,7,6.0,23,97,4,1,0,0,1.01,WAS202404250
Yoshinobu Yamamoto,yamay001,2024-05-01,2024,LAN,ARI,5,6.0,24,94,5,2,0,0,1.03,ARI202405010
Yoshinobu Yamamoto,yamay001,2024-05-07,2024,LAN,MIA,5,8.0,29,97,5,0,2,1,1.03,LAN202405070
Yoshinobu Yamamoto,yamay001,2024-05-13,2024,LAN,SFN,6,5.7,24,84,5,2,1,0,1.03,SFN202405130
Yoshinobu Yamamoto,yamay001,2024-05-20,2024,LAN,ARI,8,6.3,27,100,7,1,0,1,1.03,LAN202405200
Yoshinobu Yamamoto,yamay001,2024-05-26,2024,LAN,CIN,8,5.0,23,100,6,2,0,0,1.0,CIN202405260
Yoshinobu Yamamoto,yamay001,2024-06-01,2024,LAN,COL,7,6.0,25,101,7,1,0,1,1.03,LAN202406010
Yoshinobu Yamamoto,yamay001,2024-06-07,2024,LAN,NYA,7,7.0,25,106,2,2,0,0,0.99,NYA202406070
Yoshinobu Yamamoto,yamay001,2024-06-15,2024,LAN,KCA,1,2.0,8,28,1,1,0,1,1.03,LAN202406150
Yoshinobu Yamamoto,yamay001,2024-09-10,2024,LAN,CHN,8,4.0,15,59,3,0,0,1,1.03,LAN202409100
Yoshinobu Yamamoto,yamay001,2024-09-16,2024,LAN,ATL,3,4.0,17,72,4,2,0,0,1.02,ATL202409160
Yoshinobu Yamamoto,yamay001,2024-09-22,2024,LAN,COL,4,3.0,17,79,5,3,0,1,1.03,LAN202409220
Yoshinobu Yamamoto,yamay001,2024-09-28,2024,LAN,COL,6,5.0,18,71,4,0,1,0,0.92,COL202409280
Rob Zastryzny,zastr001,2024-07-01,2024,MIL,COL,0,1.0,3,10,0,0,0,0,0.92,COL202407010
Rob Zastryzny,zastr001,2024-07-14,2024,MIL,WAS,1,1.3,4,6,0,0,0,1,1.05,MIL202407140
Rob Zastryzny,zastr001,2024-07-24,2024,MIL,CHN,0,1.0,7,38,4,0,0,0,0.97,CHN202407240
