pitcher_name,pitcher_id,game_date,season,team,opponent,strikeouts,innings_pitched,batters_faced,hits,walks,is_home,park_k_factor,days_rest,game_id
Gerrit Cole,10000,2025-04-03,2025,ATL,BOS,2,3.0,11,3,0,0,0.98,5,2025_10000_0
Gerrit Cole,10000,2025-04-06,2025,ATL,BOS,6,6.0,24,4,3,0,0.98,3,2025_10000_1
Gerrit Cole,10000,2025-04-15,2025,ATL,SEA,3,4.0,16,4,1,1,1.02,9,2025_10000_2
Gerrit Cole,10000,2025-04-29,2025,ATL,CHW,4,4.0,15,3,1,0,0.99,14,2025_10000_3
Gerrit Cole,10000,2025-05-01,2025,ATL,BAL,3,5.0,22,4,3,1,1.02,2,2025_10000_4
Gerrit Cole,10000,2025-05-16,2025,ATL,KCR,2,4.7,18,4,0,1,1.02,15,2025_10000_5
Gerrit Cole,10000,2025-05-28,2025,ATL,LAA,4,6.3,27,8,3,1,1.02,12,2025_10000_6
Gerrit Cole,10000,2025-06-01,2025,ATL,CHW,1,4.0,18,7,2,1,1.02,4,2025_10000_7
Gerrit Cole,10000,2025-06-02,2025,ATL,MIL,1,5.3,21,7,1,1,1.02,1,2025_10000_8
Gerrit Cole,10000,2025-06-11,2025,ATL,COL,3,4.0,22,3,1,1,1.02,9,2025_10000_9
Gerrit Cole,10000,2025-06-21,2025,ATL,HOU,3,6.0,29,8,3,0,1.02,10,2025_10000_10
Gerrit Cole,10000,2025-06-27,2025,ATL,TBR,3,5.0,21,6,3,0,1.05,6,2025_10000_11
Gerrit Cole,10000,2025-07-02,2025,ATL,SEA,3,3.0,15,0,0,0,1.04,5,2025_10000_12
Gerrit Cole,10000,2025-07-20,2025,ATL,DET,3,3.0,15,4,1,1,1.02,18,2025_10000_13
Gerrit Cole,10000,2025-08-15,2025,ATL,NYM,1,3.3,11,7,1,1,1.02,26,2025_10000_14
Gerrit Cole,10000,2025-08-23,2025,ATL,OAK,1,4.0,19,5,2,1,1.02,8,2025_10000_15
Gerrit Cole,10000,2025-08-28,2025,ATL,LAA,5,5.7,28,7,2,1,1.02,5,2025_10000_16
Gerrit Cole,10000,2025-08-30,2025,ATL,MIA,3,5.3,27,7,1,1,1.02,2,2025_10000_17
Gerrit Cole,10000,2025-08-31,2025,ATL,TEX,3,5.0,23,6,1,1,1.02,1,2025_10000_18
Gerrit Cole,10000,2025-09-07,2025,ATL,BOS,4,5.0,22,6,3,1,1.02,7,2025_10000_19
Gerrit Cole,10000,2025-09-19,2025,ATL,PIT,5,5.3,21,6,1,0,1.0,12,2025_10000_20
Gerrit Cole,10000,2025-09-22,2025,ATL,COL,4,6.7,27,6,2,1,1.02,3,2025_10000_21
Max Scherzer,10001,2025-04-14,2025,ARI,PIT,4,6.0,21,8,2,0,1.0,5,2025_10001_0
Max Scherzer,10001,2025-04-22,2025,ARI,CLE,6,8.7,37,10,4,0,1.04,8,2025_10001_1
Max Scherzer,10001,2025-04-26,2025,ARI,DET,8,8.7,34,10,3,0,1.0,4,2025_10001_2
Max Scherzer,10001,2025-04-27,2025,ARI,SEA,8,6.0,23,7,0,0,1.04,1,2025_10001_3
Max Scherzer,10001,2025-04-28,2025,ARI,CHW,7,6.0,27,5,3,1,1.03,1,2025_10001_4
Max Scherzer,10001,2025-05-16,2025,ARI,CHC,8,7.7,31,6,3,0,0.97,18,2025_10001_5
Max Scherzer,10001,2025-05-28,2025,ARI,CHC,20,6.7,30,3,2,1,1.03,12,2025_10001_6
Max Scherzer,10001,2025-05-30,2025,ARI,WSN,11,6.3,25,5,3,1,1.03,2,2025_10001_7
Max Scherzer,10001,2025-06-04,2025,ARI,SDP,4,5.7,22,8,3,1,1.03,5,2025_10001_8
Max Scherzer,10001,2025-06-13,2025,ARI,HOU,8,7.0,29,10,2,0,1.02,9,2025_10001_9
Max Scherzer,10001,2025-06-15,2025,ARI,LAD,15,6.7,25,8,2,1,1.03,2,2025_10001_10
Max Scherzer,10001,2025-06-16,2025,ARI,TBR,7,7.0,29,6,3,0,1.05,1,2025_10001_11
Max Scherzer,10001,2025-06-17,2025,ARI,NYY,17,7.3,36,8,3,0,0.99,1,2025_10001_12
Max Scherzer,10001,2025-07-06,2025,ARI,HOU,6,4.7,20,7,1,1,1.03,19,2025_10001_13
Max Scherzer,10001,2025-07-08,2025,ARI,MIN,14,7.0,33,7,3,1,1.03,2,2025_10001_14
Max Scherzer,10001,2025-07-12,2025,ARI,TBR,16,7.0,28,8,2,0,1.05,4,2025_10001_15
Max Scherzer,10001,2025-07-16,2025,ARI,SDP,9,6.7,29,7,1,1,1.03,4,2025_10001_16
Max Scherzer,10001,2025-08-03,2025,ARI,PIT,20,7.7,30,6,1,1,1.03,18,2025_10001_17
Max Scherzer,10001,2025-08-06,2025,ARI,TBR,13,7.0,25,6,2,1,1.03,3,2025_10001_18
Max Scherzer,10001,2025-08-10,2025,ARI,MIA,7,5.3,26,7,2,1,1.03,4,2025_10001_19
Max Scherzer,10001,2025-08-17,2025,ARI,TEX,11,7.7,35,5,2,1,1.03,7,2025_10001_20
Max Scherzer,10001,2025-08-19,2025,ARI,CLE,11,6.7,24,8,4,0,1.04,2,2025_10001_21
Max Scherzer,10001,2025-08-24,2025,ARI,OAK,19,9.0,39,9,2,1,1.03,5,2025_10001_22
Max Scherzer,10001,2025-08-25,2025,ARI,SEA,8,5.3,27,3,2,0,1.04,1,2025_10001_23
Max Scherzer,10001,2025-08-29,2025,ARI,MIA,8,4.3,21,4,2,0,0.98,4,2025_10001_24
Max Scherzer,10001,2025-09-20,2025,ARI,SEA,12,6.7,32,7,0,1,1.03,22,2025_10001_25
Max Scherzer,10001,2025-09-23,2025,ARI,NYY,9,6.3,24,6,2,1,1.03,3,2025_10001_26
Max Scherzer,10001,2025-09-28,2025,ARI,SEA,12,8.0,33,8,1,0,1.04,5,2025_10001_27
Max Scherzer,10001,2025-09-29,2025,ARI,PHI,10,7.0,31,7,2,1,1.03,1,2025_10001_28
Shane Bieber,10003,2025-04-10,2025,STL,ATL,1,3.7,14,3,0,1,1.0,5,2025_10003_0
Shane Bieber,10003,2025-05-06,2025,STL,KCR,2,4.0,20,4,1,0,0.96,26,2025_10003_1
Shane Bieber,10003,2025-05-23,2025,STL,BAL,2,4.0,15,5,0,0,1.0,17,2025_10003_2
Shane Bieber,10003,2025-05-27,2025,STL,WSN,4,5.3,21,5,2,0,1.01,4,2025_10003_3
Shane Bieber,10003,2025-06-05,2025,STL,KCR,1,4.0,18,4,1,1,1.0,9,2025_10003_4
Shane Bieber,10003,2025-06-11,2025,STL,TEX,5,5.3,25,3,3,1,1.0,6,2025_10003_5
Shane Bieber,10003,2025-06-22,2025,STL,DET,4,4.3,19,4,3,0,1.0,11,2025_10003_6
Shane Bieber,10003,2025-06-30,2025,STL,HOU,6,6.0,29,8,0,0,1.02,8,2025_10003_7
Shane Bieber,10003,2025-07-03,2025,STL,CLE,0,4.7,20,5,1,1,1.0,3,2025_10003_8
Shane Bieber,10003,2025-07-05,2025,STL,MIN,4,5.0,17,7,1,0,1.0,2,2025_10003_9
Shane Bieber,10003,2025-07-12,2025,STL,ARI,1,3.0,10,3,1,0,1.03,7,2025_10003_10
Shane Bieber,10003,2025-08-03,2025,STL,LAA,1,4.3,17,5,2,0,0.99,22,2025_10003_11
Shane Bieber,10003,2025-08-05,2025,STL,ATL,3,5.0,20,6,2,0,1.02,2,2025_10003_12
Shane Bieber,10003,2025-08-09,2025,STL,NYY,4,5.0,21,6,0,1,1.0,4,2025_10003_13
Shane Bieber,10003,2025-08-18,2025,STL,ARI,0,3.7,19,3,2,0,1.03,9,2025_10003_14
Shane Bieber,10003,2025-08-21,2025,STL,BOS,2,3.7,13,3,0,1,1.0,3,2025_10003_15
Shane Bieber,10003,2025-09-14,2025,STL,HOU,1,4.3,15,3,2,0,1.02,24,2025_10003_16
Shane Bieber,10003,2025-09-28,2025,STL,LAA,4,4.7,19,2,0,0,0.99,14,2025_10003_17
Corbin Burnes,10004,2025-03-28,2025,OAK,TOR,8,6.3,24,4,2,0,1.0,5,2025_10004_0
Corbin Burnes,10004,2025-04-05,2025,OAK,SDP,5,5.3,23,5,2,0,1.08,8,2025_10004_1
Corbin Burnes,10004,2025-04-16,2025,OAK,ARI,4,6.7,32,8,2,1,1.0,11,2025_10004_2
Corbin Burnes,10004,2025-04-20,2025,OAK,BAL,4,5.3,21,4,1,0,1.0,4,2025_10004_3
Corbin Burnes,10004,2025-05-03,2025,OAK,HOU,2,5.0,17,4,1,0,1.02,13,2025_10004_4
Corbin Burnes,10004,2025-05-06,2025,OAK,TEX,6,6.3,28,5,2,1,1.0,3,2025_10004_5
Corbin Burnes,10004,2025-05-12,2025,OAK,CHC,5,6.3,27,7,3,0,0.97,6,2025_10004_6
Corbin Burnes,10004,2025-05-13,2025,OAK,ARI,4,8.0,31,9,2,1,1.0,1,2025_10004_7
Corbin Burnes,10004,2025-05-27,2025,OAK,TEX,2,4.3,17,3,1,0,0.99,14,2025_10004_8
Corbin Burnes,10004,2025-05-30,2025,OAK,DET,8,5.7,21,6,2,0,1.0,3,2025_10004_9
Corbin Burnes,10004,2025-06-04,2025,OAK,SEA,7,6.3,31,9,2,0,1.04,5,2025_10004_10
Corbin Burnes,10004,2025-06-07,2025,OAK,HOU,14,6.3,30,9,2,1,1.0,3,2025_10004_11
Corbin Burnes,10004,2025-06-11,2025,OAK,CLE,5,5.3,19,4,1,1,1.0,4,2025_10004_12
Corbin Burnes,10004,2025-06-15,2025,OAK,SEA,5,5.7,20,6,1,1,1.0,4,2025_10004_13
Corbin Burnes,10004,2025-06-17,2025,OAK,SFG,1,3.0,13,3,0,1,1.0,2,2025_10004_14
Corbin Burnes,10004,2025-06-29,2025,OAK,BAL,7,7.3,29,7,2,1,1.0,12,2025_10004_15
Corbin Burnes,10004,2025-07-04,2025,OAK,CHW,5,5.0,20,4,1,0,0.99,5,2025_10004_16
Corbin Burnes,10004,2025-07-05,2025,OAK,LAD,2,6.0,29,6,3,1,1.0,1,2025_10004_17
Corbin Burnes,10004,2025-07-13,2025,OAK,TEX,3,6.0,26,7,2,0,0.99,8,2025_10004_18
Corbin Burnes,10004,2025-07-22,2025,OAK,PHI,4,5.7,21,7,0,0,1.01,9,2025_10004_19
Corbin Burnes,10004,2025-07-23,2025,OAK,MIN,3,5.3,20,5,1,1,1.0,1,2025_10004_20
Corbin Burnes,10004,2025-08-12,2025,OAK,ATL,4,5.3,24,7,2,1,1.0,20,2025_10004_21
Corbin Burnes,10004,2025-08-21,2025,OAK,BAL,5,5.0,27,5,1,0,1.0,9,2025_10004_22
Corbin Burnes,10004,2025-08-26,2025,OAK,NYM,3,6.7,26,6,2,0,1.06,5,2025_10004_23
Corbin Burnes,10004,2025-08-31,2025,OAK,TBR,2,5.7,25,6,2,0,1.05,5,2025_10004_24
Corbin Burnes,10004,2025-09-05,2025,OAK,KCR,5,7.0,28,7,4,1,1.0,5,2025_10004_25
Corbin Burnes,10004,2025-09-06,2025,OAK,BAL,2,5.7,23,7,2,1,1.0,1,2025_10004_26
Corbin Burnes,10004,2025-09-12,2025,OAK,DET,4,6.3,25,7,2,0,1.0,6,2025_10004_27
Corbin Burnes,10004,2025-09-13,2025,OAK,HOU,0,6.0,24,9,3,0,1.02,1,2025_10004_28
Corbin Burnes,10004,2025-09-22,2025,OAK,TOR,2,4.7,22,5,2,0,1.0,9,2025_10004_29
Corbin Burnes,10004,2025-09-26,2025,OAK,WSN,4,5.7,25,4,3,1,1.0,4,2025_10004_30
Zack Wheeler,10006,2025-03-30,2025,ARI,SEA,4,8.7,37,8,4,1,1.03,5,2025_10006_0
Zack Wheeler,10006,2025-04-11,2025,ARI,SFG,12,7.3,31,8,2,0,1.03,12,2025_10006_1
Zack Wheeler,10006,2025-04-13,2025,ARI,MIN,2,8.3,33,9,3,1,1.03,2,2025_10006_2
Zack Wheeler,10006,2025-04-27,2025,ARI,DET,3,5.3,26,7,2,1,1.03,14,2025_10006_3
Zack Wheeler,10006,2025-04-28,2025,ARI,SDP,11,6.3,26,6,1,1,1.03,1,2025_10006_4
Zack Wheeler,10006,2025-04-29,2025,ARI,PIT,8,8.0,35,10,2,1,1.03,1,2025_10006_5
Zack Wheeler,10006,2025-05-11,2025,ARI,MIL,9,5.3,25,5,1,0,1.05,12,2025_10006_6
Zack Wheeler,10006,2025-05-16,2025,ARI,TBR,13,8.0,36,9,2,1,1.03,5,2025_10006_7
Zack Wheeler,10006,2025-05-26,2025,ARI,WSN,7,7.3,31,7,2,1,1.03,10,2025_10006_8
Zack Wheeler,10006,2025-05-28,2025,ARI,MIL,6,7.7,29,7,1,0,1.05,2,2025_10006_9
Zack Wheeler,10006,2025-05-30,2025,ARI,MIN,1,5.3,22,3,2,1,1.03,2,2025_10006_10
Zack Wheeler,10006,2025-06-03,2025,ARI,KCR,10,6.3,28,6,2,0,0.96,4,2025_10006_11
Zack Wheeler,10006,2025-06-06,2025,ARI,MIL,2,5.7,24,6,2,0,1.05,3,2025_10006_12
Zack Wheeler,10006,2025-06-13,2025,ARI,WSN,7,5.7,29,6,2,0,1.01,7,2025_10006_13
Zack Wheeler,10006,2025-07-01,2025,ARI,BAL,1,7.3,34,8,2,1,1.03,18,2025_10006_14
Zack Wheeler,10006,2025-07-27,2025,ARI,CHC,6,7.7,31,7,2,1,1.03,26,2025_10006_15
Zack Wheeler,10006,2025-07-28,2025,ARI,BAL,8,4.7,22,4,1,1,1.03,1,2025_10006_16
Zack Wheeler,10006,2025-08-01,2025,ARI,TOR,11,6.3,27,6,1,0,1.0,4,2025_10006_17
Zack Wheeler,10006,2025-08-05,2025,ARI,OAK,1,7.3,27,6,2,1,1.03,4,2025_10006_18
Zack Wheeler,10006,2025-08-19,2025,ARI,PHI,5,8.3,35,10,3,0,1.01,14,2025_10006_19
Zack Wheeler,10006,2025-08-24,2025,ARI,SDP,6,7.0,28,9,2,0,1.08,5,2025_10006_20
Zack Wheeler,10006,2025-09-01,2025,ARI,TOR,2,6.3,27,8,3,1,1.03,8,2025_10006_21
Zack Wheeler,10006,2025-09-08,2025,ARI,MIA,5,6.0,26,4,1,1,1.03,7,2025_10006_22
Zack Wheeler,10006,2025-09-11,2025,ARI,COL,2,7.0,30,7,3,0,0.92,3,2025_10006_23
Zack Wheeler,10006,2025-09-12,2025,ARI,LAD,10,7.7,28,10,4,0,1.03,1,2025_10006_24
Zack Wheeler,10006,2025-09-18,2025,ARI,PIT,7,5.7,23,8,2,0,1.0,6,2025_10006_25
Zack Wheeler,10006,2025-09-21,2025,ARI,WSN,14,6.0,27,7,2,1,1.03,3,2025_10006_26
Zack Wheeler,10006,2025-09-27,2025,ARI,KCR,8,8.0,37,11,2,1,1.03,6,2025_10006_27
Aaron Nola,10007,2025-03-30,2025,DET,PHI,2,5.0,22,5,1,0,1.01,5,2025_10007_0
Aaron Nola,10007,2025-03-31,2025,DET,CIN,0,3.0,10,1,1,1,1.0,1,2025_10007_1
Aaron Nola,10007,2025-04-03,2025,DET,TBR,6,3.7,19,4,1,1,1.0,3,2025_10007_2
Aaron Nola,10007,2025-04-09,2025,DET,PIT,7,6.3,30,5,2,1,1.0,6,2025_10007_3
Aaron Nola,10007,2025-04-17,2025,DET,BAL,4,3.7,13,3,1,1,1.0,8,2025_10007_4
Aaron Nola,10007,2025-04-23,2025,DET,LAD,1,3.7,12,3,3,1,1.0,6,2025_10007_5
Aaron Nola,10007,2025-04-24,2025,DET,WSN,3,6.0,23,6,2,1,1.0,1,2025_10007_6
Aaron Nola,10007,2025-04-25,2025,DET,LAD,3,6.0,29,4,1,0,1.03,1,2025_10007_7
Aaron Nola,10007,2025-05-04,2025,DET,CLE,6,6.7,24,8,2,1,1.0,9,2025_10007_8
Aaron Nola,10007,2025-05-05,2025,DET,NYY,5,5.0,25,5,2,0,0.99,1,2025_10007_9
Aaron Nola,10007,2025-05-13,2025,DET,STL,3,7.0,24,8,3,0,1.0,8,2025_10007_10
Aaron Nola,10007,2025-05-24,2025,DET,BOS,2,4.7,16,4,2,0,0.98,11,2025_10007_11
Aaron Nola,10007,2025-05-27,2025,DET,CIN,4,5.3,18,3,2,0,1.0,3,2025_10007_12
Aaron Nola,10007,2025-06-03,2025,DET,MIN,7,4.7,24,3,2,0,1.0,7,2025_10007_13
Aaron Nola,10007,2025-06-24,2025,DET,LAD,4,3.7,13,5,0,1,1.0,21,2025_10007_14
Aaron Nola,10007,2025-06-28,2025,DET,KCR,9,5.7,23,3,2,1,1.0,4,2025_10007_15
Aaron Nola,10007,2025-07-03,2025,DET,COL,7,6.0,26,9,2,0,0.92,5,2025_10007_16
Aaron Nola,10007,2025-07-06,2025,DET,COL,11,6.3,22,8,1,0,0.92,3,2025_10007_17
Aaron Nola,10007,2025-07-18,2025,DET,LAD,6,5.0,24,5,2,0,1.03,12,2025_10007_18
Aaron Nola,10007,2025-07-23,2025,DET,HOU,6,4.7,19,7,1,1,1.0,5,2025_10007_19
Aaron Nola,10007,2025-08-04,2025,DET,BAL,5,5.7,22,6,1,0,1.0,12,2025_10007_20
Aaron Nola,10007,2025-08-05,2025,DET,MIN,6,4.3,19,4,2,0,1.0,1,2025_10007_21
Aaron Nola,10007,2025-08-07,2025,DET,CIN,1,3.0,12,4,0,1,1.0,2,2025_10007_22
Aaron Nola,10007,2025-08-10,2025,DET,OAK,4,5.0,20,5,1,1,1.0,3,2025_10007_23
Aaron Nola,10007,2025-08-13,2025,DET,MIA,1,4.0,17,5,1,1,1.0,3,2025_10007_24
Aaron Nola,10007,2025-08-23,2025,DET,HOU,3,5.7,25,7,2,1,1.0,10,2025_10007_25
Aaron Nola,10007,2025-08-24,2025,DET,CHW,1,4.0,19,1,1,1,1.0,1,2025_10007_26
Aaron Nola,10007,2025-08-27,2025,DET,CHW,4,4.7,18,4,2,0,0.99,3,2025_10007_27
Aaron Nola,10007,2025-08-29,2025,DET,BOS,1,3.0,11,1,0,0,0.98,2,2025_10007_28
Aaron Nola,10007,2025-09-02,2025,DET,WSN,2,5.3,20,6,2,0,1.01,4,2025_10007_29
Aaron Nola,10007,2025-09-30,2025,DET,TEX,3,5.0,20,2,1,0,0.99,28,2025_10007_30
Justin Verlander,10008,2025-04-05,2025,CLE,SFG,6,5.7,25,6,1,0,1.03,5,2025_10008_0
Justin Verlander,10008,2025-04-12,2025,CLE,LAA,7,5.7,28,6,2,0,0.99,7,2025_10008_1
Justin Verlander,10008,2025-04-14,2025,CLE,MIN,12,6.7,30,6,3,0,1.0,2,2025_10008_2
Justin Verlander,10008,2025-04-20,2025,CLE,BOS,16,6.7,27,7,2,1,1.04,6,2025_10008_3
Justin Verlander,10008,2025-04-27,2025,CLE,COL,7,6.0,27,8,1,1,1.04,7,2025_10008_4
Justin Verlander,10008,2025-05-03,2025,CLE,SDP,3,5.0,23,4,2,0,1.08,6,2025_10008_5
Justin Verlander,10008,2025-05-07,2025,CLE,WSN,5,6.0,26,7,3,0,1.01,4,2025_10008_6
Justin Verlander,10008,2025-05-11,2025,CLE,MIN,8,6.7,26,10,4,1,1.04,4,2025_10008_7
Justin Verlander,10008,2025-05-17,2025,CLE,COL,11,6.3,26,10,2,1,1.04,6,2025_10008_8
Justin Verlander,10008,2025-05-19,2025,CLE,MIL,4,5.7,30,4,0,1,1.04,2,2025_10008_9
Justin Verlander,10008,2025-05-27,2025,CLE,PHI,7,7.3,31,10,2,1,1.04,8,2025_10008_10
Justin Verlander,10008,2025-06-09,2025,CLE,BAL,3,5.3,24,7,2,1,1.04,13,2025_10008_11
Justin Verlander,10008,2025-06-15,2025,CLE,MIL,2,5.7,24,6,1,0,1.05,6,2025_10008_12
Justin Verlander,10008,2025-06-21,2025,CLE,CHW,6,8.0,35,12,2,1,1.04,6,2025_10008_13
Justin Verlander,10008,2025-07-03,2025,CLE,ATL,10,7.0,32,8,3,1,1.04,12,2025_10008_14
Justin Verlander,10008,2025-07-11,2025,CLE,MIA,3,4.3,18,3,1,1,1.04,8,2025_10008_15
Justin Verlander,10008,2025-07-15,2025,CLE,BAL,6,6.7,33,8,2,0,1.0,4,2025_10008_16
Justin Verlander,10008,2025-07-21,2025,CLE,BAL,5,5.3,21,4,1,1,1.04,6,2025_10008_17
Justin Verlander,10008,2025-07-31,2025,CLE,BAL,11,7.3,33,6,2,0,1.0,10,2025_10008_18
Justin Verlander,10008,2025-08-06,2025,CLE,MIN,11,7.7,30,9,5,0,1.0,6,2025_10008_19
Justin Verlander,10008,2025-08-13,2025,CLE,STL,7,5.7,24,6,2,1,1.04,7,2025_10008_20
Justin Verlander,10008,2025-08-18,2025,CLE,MIL,5,7.3,33,7,2,0,1.05,5,2025_10008_21
Justin Verlander,10008,2025-08-27,2025,CLE,BAL,6,5.7,23,5,2,0,1.0,9,2025_10008_22
Justin Verlander,10008,2025-09-08,2025,CLE,LAA,8,7.3,32,7,4,1,1.04,12,2025_10008_23
Justin Verlander,10008,2025-09-10,2025,CLE,KCR,6,5.7,24,8,2,1,1.04,2,2025_10008_24
Justin Verlander,10008,2025-09-13,2025,CLE,STL,5,6.3,27,8,3,0,1.0,3,2025_10008_25
Justin Verlander,10008,2025-09-26,2025,CLE,SDP,11,7.0,31,10,2,1,1.04,13,2025_10008_26
Yu Darvish,10009,2025-04-02,2025,WSN,LAD,7,6.3,25,7,3,0,1.03,5,2025_10009_0
Yu Darvish,10009,2025-04-15,2025,WSN,MIN,10,7.0,28,6,3,0,1.0,13,2025_10009_1
Yu Darvish,10009,2025-04-17,2025,WSN,DET,6,5.0,17,4,3,0,1.0,2,2025_10009_2
Yu Darvish,10009,2025-05-01,2025,WSN,CHC,3,5.3,22,5,2,1,1.01,14,2025_10009_3
Yu Darvish,10009,2025-05-06,2025,WSN,PHI,2,4.0,19,7,1,1,1.01,5,2025_10009_4
Yu Darvish,10009,2025-05-07,2025,WSN,BAL,6,5.0,24,4,0,0,1.0,1,2025_10009_5
Yu Darvish,10009,2025-05-17,2025,WSN,NYY,6,4.7,20,7,2,0,0.99,10,2025_10009_6
Yu Darvish,10009,2025-05-19,2025,WSN,CHW,4,7.3,28,8,2,1,1.01,2,2025_10009_7
Yu Darvish,10009,2025-06-01,2025,WSN,ATL,2,5.3,26,6,1,1,1.01,13,2025_10009_8
Yu Darvish,10009,2025-06-06,2025,WSN,CHW,7,6.0,27,7,2,0,0.99,5,2025_10009_9
Yu Darvish,10009,2025-06-07,2025,WSN,LAA,4,5.3,22,4,2,0,0.99,1,2025_10009_10
Yu Darvish,10009,2025-06-16,2025,WSN,TBR,2,4.0,15,4,1,0,1.05,9,2025_10009_11
Yu Darvish,10009,2025-06-28,2025,WSN,SFG,4,4.0,18,5,1,0,1.03,12,2025_10009_12
Yu Darvish,10009,2025-07-08,2025,WSN,CHC,9,7.0,33,8,1,1,1.01,10,2025_10009_13
Yu Darvish,10009,2025-07-12,2025,WSN,NYY,6,6.0,31,9,2,0,0.99,4,2025_10009_14
Yu Darvish,10009,2025-07-15,2025,WSN,TBR,7,4.7,17,7,0,0,1.05,3,2025_10009_15
Yu Darvish,10009,2025-07-19,2025,WSN,COL,1,4.7,18,5,1,0,0.92,4,2025_10009_16
Yu Darvish,10009,2025-07-24,2025,WSN,NYM,3,4.0,17,6,1,0,1.06,5,2025_10009_17
Yu Darvish,10009,2025-07-25,2025,WSN,TEX,7,5.7,24,5,1,1,1.01,1,2025_10009_18
Yu Darvish,10009,2025-07-30,2025,WSN,BAL,8,7.3,34,6,3,0,1.0,5,2025_10009_19
Yu Darvish,10009,2025-08-07,2025,WSN,SDP,1,4.3,18,3,1,1,1.01,8,2025_10009_20
Yu Darvish,10009,2025-08-22,2025,WSN,CHC,9,6.3,29,6,2,1,1.01,15,2025_10009_21
Yu Darvish,10009,2025-08-25,2025,WSN,SFG,2,4.7,21,6,2,0,1.03,3,2025_10009_22
Yu Darvish,10009,2025-09-03,2025,WSN,BOS,3,5.3,22,4,0,1,1.01,9,2025_10009_23
Yu Darvish,10009,2025-09-20,2025,WSN,PHI,10,6.3,27,5,1,1,1.01,17,2025_10009_24
Dylan Cease,10010,2025-04-05,2025,TOR,SEA,2,7.3,34,9,2,1,1.0,5,2025_10010_0
Dylan Cease,10010,2025-04-08,2025,TOR,ATL,4,7.3,33,8,3,0,1.02,3,2025_10010_1
Dylan Cease,10010,2025-04-14,2025,TOR,LAD,3,6.3,30,6,1,1,1.0,6,2025_10010_2
Dylan Cease,10010,2025-04-19,2025,TOR,BOS,5,4.0,19,2,0,0,0.98,5,2025_10010_3
Dylan Cease,10010,2025-04-22,2025,TOR,BAL,5,8.7,34,10,3,0,1.0,3,2025_10010_4
Dylan Cease,10010,2025-05-07,2025,TOR,PIT,5,6.3,29,7,0,1,1.0,15,2025_10010_5
Dylan Cease,10010,2025-05-13,2025,TOR,LAA,9,7.0,28,7,3,1,1.0,6,2025_10010_6
Dylan Cease,10010,2025-05-25,2025,TOR,ATL,6,6.0,26,2,3,0,1.02,12,2025_10010_7
Dylan Cease,10010,2025-05-27,2025,TOR,LAD,5,6.7,28,8,2,1,1.0,2,2025_10010_8
Dylan Cease,10010,2025-06-01,2025,TOR,ARI,5,5.0,19,7,1,0,1.03,5,2025_10010_9
Dylan Cease,10010,2025-06-23,2025,TOR,SDP,2,4.3,21,5,1,0,1.08,22,2025_10010_10
Dylan Cease,10010,2025-07-04,2025,TOR,PIT,8,7.0,31,7,2,1,1.0,11,2025_10010_11
Dylan Cease,10010,2025-07-10,2025,TOR,OAK,3,7.3,33,6,3,1,1.0,6,2025_10010_12
Dylan Cease,10010,2025-07-13,2025,TOR,CHW,5,8.0,37,6,3,1,1.0,3,2025_10010_13
Dylan Cease,10010,2025-07-19,2025,TOR,MIN,9,7.0,32,7,1,1,1.0,6,2025_10010_14
Dylan Cease,10010,2025-07-29,2025,TOR,CIN,2,6.3,28,8,3,1,1.0,10,2025_10010_15
Dylan Cease,10010,2025-08-04,2025,TOR,BOS,0,6.7,31,7,2,0,0.98,6,2025_10010_16
Dylan Cease,10010,2025-08-06,2025,TOR,BAL,3,6.0,24,9,1,0,1.0,2,2025_10010_17
Dylan Cease,10010,2025-08-22,2025,TOR,PHI,1,5.0,22,6,0,1,1.0,16,2025_10010_18
Dylan Cease,10010,2025-08-30,2025,TOR,MIL,8,7.3,31,5,4,1,1.0,8,2025_10010_19
Dylan Cease,10010,2025-09-07,2025,TOR,NYY,11,5.7,21,6,1,1,1.0,8,2025_10010_20
Dylan Cease,10010,2025-09-08,2025,TOR,HOU,2,6.7,35,7,0,0,1.02,1,2025_10010_21
Dylan Cease,10010,2025-09-09,2025,TOR,TEX,8,5.3,24,5,2,0,0.99,1,2025_10010_22
Dylan Cease,10010,2025-09-16,2025,TOR,HOU,10,7.0,29,7,1,1,1.0,7,2025_10010_23
Dylan Cease,10010,2025-09-18,2025,TOR,SEA,6,6.0,24,7,2,1,1.0,2,2025_10010_24
Kevin Gausman,10011,2025-04-01,2025,SDP,LAA,5,5.7,23,4,1,0,0.99,5,2025_10011_0
Kevin Gausman,10011,2025-04-06,2025,SDP,PIT,4,3.0,15,7,1,0,1.0,5,2025_10011_1
Kevin Gausman,10011,2025-04-22,2025,SDP,LAA,5,4.7,24,6,1,0,0.99,16,2025_10011_2
Kevin Gausman,10011,2025-04-23,2025,SDP,OAK,6,5.3,22,5,3,1,1.08,1,2025_10011_3
Kevin Gausman,10011,2025-04-24,2025,SDP,CLE,4,5.3,21,6,2,1,1.08,1,2025_10011_4
Kevin Gausman,10011,2025-04-30,2025,SDP,HOU,2,7.7,35,8,3,0,1.02,6,2025_10011_5
Kevin Gausman,10011,2025-05-08,2025,SDP,CIN,6,6.3,29,7,4,1,1.08,8,2025_10011_6
Kevin Gausman,10011,2025-05-18,2025,SDP,DET,11,8.3,37,11,1,0,1.0,10,2025_10011_7
Kevin Gausman,10011,2025-06-10,2025,SDP,HOU,13,6.0,25,5,2,1,1.08,23,2025_10011_8
Kevin Gausman,10011,2025-06-14,2025,SDP,MIL,3,4.7,20,5,1,1,1.08,4,2025_10011_9
Kevin Gausman,10011,2025-06-23,2025,SDP,CHC,5,7.0,29,7,2,0,0.97,9,2025_10011_10
Kevin Gausman,10011,2025-07-01,2025,SDP,NYY,6,4.7,22,5,0,1,1.08,8,2025_10011_11
Kevin Gausman,10011,2025-07-08,2025,SDP,PIT,2,3.3,13,2,1,0,1.0,7,2025_10011_12
Kevin Gausman,10011,2025-07-17,2025,SDP,BAL,3,5.3,22,5,1,1,1.08,9,2025_10011_13
Kevin Gausman,10011,2025-07-25,2025,SDP,SEA,11,6.0,26,7,2,0,1.04,8,2025_10011_14
Kevin Gausman,10011,2025-08-04,2025,SDP,STL,8,5.3,21,5,1,1,1.08,10,2025_10011_15
Kevin Gausman,10011,2025-08-08,2025,SDP,MIA,2,5.7,29,6,2,0,0.98,4,2025_10011_16
Kevin Gausman,10011,2025-08-17,2025,SDP,SFG,4,4.3,20,5,2,0,1.03,9,2025_10011_17
Kevin Gausman,10011,2025-08-24,2025,SDP,KCR,4,4.0,14,4,1,0,0.96,7,2025_10011_18
Kevin Gausman,10011,2025-08-30,2025,SDP,SFG,4,4.3,17,5,2,0,1.03,6,2025_10011_19
Kevin Gausman,10011,2025-09-05,2025,SDP,HOU,4,8.7,39,11,4,0,1.02,6,2025_10011_20
Kevin Gausman,10011,2025-09-06,2025,SDP,TBR,4,4.7,19,5,2,0,1.05,1,2025_10011_21
Kevin Gausman,10011,2025-09-07,2025,SDP,DET,6,5.7,25,6,2,1,1.08,1,2025_10011_22
Kevin Gausman,10011,2025-09-27,2025,SDP,HOU,3,4.3,15,3,1,1,1.08,20,2025_10011_23
Kevin Gausman,10011,2025-09-29,2025,SDP,TEX,5,5.7,25,7,2,0,0.99,2,2025_10011_24
Robbie Ray,10012,2025-04-20,2025,MIN,COL,0,3.0,12,3,0,0,0.92,5,2025_10012_0
Robbie Ray,10012,2025-04-23,2025,MIN,TOR,1,5.3,24,6,2,0,1.0,3,2025_10012_1
Robbie Ray,10012,2025-04-24,2025,MIN,KCR,1,5.0,20,1,2,1,1.0,1,2025_10012_2
Robbie Ray,10012,2025-05-02,2025,MIN,STL,8,6.7,28,7,2,1,1.0,8,2025_10012_3
Robbie Ray,10012,2025-05-28,2025,MIN,MIA,0,4.7,18,5,1,0,0.98,26,2025_10012_4
Robbie Ray,10012,2025-05-29,2025,MIN,CHW,5,3.0,16,5,0,1,1.0,1,2025_10012_5
Robbie Ray,10012,2025-06-19,2025,MIN,SEA,3,4.3,19,5,1,0,1.04,21,2025_10012_6
Robbie Ray,10012,2025-06-22,2025,MIN,STL,2,4.0,16,4,1,1,1.0,3,2025_10012_7
Robbie Ray,10012,2025-06-29,2025,MIN,CHW,4,5.3,25,5,1,0,0.99,7,2025_10012_8
Robbie Ray,10012,2025-07-16,2025,MIN,CHW,6,6.7,24,7,2,1,1.0,17,2025_10012_9
Robbie Ray,10012,2025-07-19,2025,MIN,SEA,5,5.3,25,5,2,0,1.04,3,2025_10012_10
Robbie Ray,10012,2025-08-13,2025,MIN,HOU,6,5.7,19,7,2,1,1.0,25,2025_10012_11
Robbie Ray,10012,2025-08-18,2025,MIN,DET,1,5.3,22,4,2,1,1.0,5,2025_10012_12
Robbie Ray,10012,2025-08-22,2025,MIN,ARI,0,5.3,19,4,2,1,1.0,4,2025_10012_13
Robbie Ray,10012,2025-09-05,2025,MIN,SFG,2,7.0,28,5,1,1,1.0,14,2025_10012_14
Robbie Ray,10012,2025-09-07,2025,MIN,SFG,3,5.0,18,7,2,1,1.0,2,2025_10012_15
Robbie Ray,10012,2025-09-13,2025,MIN,HOU,1,5.3,25,4,2,0,1.02,6,2025_10012_16
Robbie Ray,10012,2025-09-21,2025,MIN,CHC,6,4.7,17,3,2,0,0.97,8,2025_10012_17
Robbie Ray,10012,2025-09-22,2025,MIN,CLE,6,5.7,25,4,2,0,1.04,1,2025_10012_18
Robbie Ray,10012,2025-09-24,2025,MIN,LAD,6,5.7,25,5,2,1,1.0,2,2025_10012_19
Carlos Rodon,10013,2025-03-30,2025,KCR,NYM,1,4.7,19,4,2,0,1.06,5,2025_10013_0
Carlos Rodon,10013,2025-04-04,2025,KCR,BAL,5,7.0,27,7,3,1,0.96,5,2025_10013_1
Carlos Rodon,10013,2025-04-05,2025,KCR,MIN,5,5.7,23,5,2,1,0.96,1,2025_10013_2
Carlos Rodon,10013,2025-04-18,2025,KCR,MIL,3,6.7,28,7,3,1,0.96,13,2025_10013_3
Carlos Rodon,10013,2025-05-07,2025,KCR,BOS,11,7.0,33,10,3,0,0.98,19,2025_10013_4
Carlos Rodon,10013,2025-05-12,2025,KCR,MIA,5,7.7,33,10,2,0,0.98,5,2025_10013_5
Carlos Rodon,10013,2025-05-13,2025,KCR,OAK,11,8.0,30,6,2,0,1.0,1,2025_10013_6
Carlos Rodon,10013,2025-05-15,2025,KCR,LAA,6,6.3,25,8,3,0,0.99,2,2025_10013_7
Carlos Rodon,10013,2025-05-29,2025,KCR,CHW,1,7.7,29,10,3,1,0.96,14,2025_10013_8
Carlos Rodon,10013,2025-05-31,2025,KCR,CLE,5,5.3,23,6,2,0,1.04,2,2025_10013_9
Carlos Rodon,10013,2025-06-04,2025,KCR,CHW,3,5.7,26,3,3,0,0.99,4,2025_10013_10
Carlos Rodon,10013,2025-06-18,2025,KCR,PHI,10,9.0,34,9,3,1,0.96,14,2025_10013_11
Carlos Rodon,10013,2025-06-19,2025,KCR,MIN,8,7.0,37,4,2,0,1.0,1,2025_10013_12
Carlos Rodon,10013,2025-06-26,2025,KCR,CIN,1,5.7,23,7,1,1,0.96,7,2025_10013_13
Carlos Rodon,10013,2025-07-11,2025,KCR,SFG,10,8.3,36,9,3,0,1.03,15,2025_10013_14
Carlos Rodon,10013,2025-07-18,2025,KCR,CHW,3,6.3,26,4,1,1,0.96,7,2025_10013_15
Carlos Rodon,10013,2025-07-27,2025,KCR,PHI,1,6.0,28,7,2,0,1.01,9,2025_10013_16
Carlos Rodon,10013,2025-08-06,2025,KCR,CHW,3,7.3,31,9,4,1,0.96,10,2025_10013_17
Carlos Rodon,10013,2025-08-11,2025,KCR,TBR,8,7.7,30,8,3,0,1.05,5,2025_10013_18
Carlos Rodon,10013,2025-08-16,2025,KCR,WSN,4,7.7,31,8,2,1,0.96,5,2025_10013_19
Carlos Rodon,10013,2025-08-20,2025,KCR,CHC,3,6.3,24,8,2,1,0.96,4,2025_10013_20
Carlos Rodon,10013,2025-08-21,2025,KCR,ARI,7,7.0,31,6,3,0,1.03,1,2025_10013_21
Carlos Rodon,10013,2025-09-06,2025,KCR,TOR,8,6.3,27,5,3,0,1.0,16,2025_10013_22
Carlos Rodon,10013,2025-09-17,2025,KCR,NYY,3,7.0,33,5,4,0,0.99,11,2025_10013_23
Carlos Rodon,10013,2025-09-18,2025,KCR,PIT,2,5.0,23,6,1,0,1.0,1,2025_10013_24
Carlos Rodon,10013,2025-09-30,2025,KCR,NYY,9,7.3,27,10,3,1,0.96,12,2025_10013_25
Logan Webb,10014,2025-03-28,2025,DET,TEX,4,6.3,27,7,2,0,0.99,5,2025_10014_0
Logan Webb,10014,2025-03-29,2025,DET,MIL,7,6.0,26,4,2,1,1.0,1,2025_10014_1
Logan Webb,10014,2025-04-05,2025,DET,CHW,8,6.0,29,7,2,1,1.0,7,2025_10014_2
Logan Webb,10014,2025-04-08,2025,DET,STL,5,5.3,21,6,2,0,1.0,3,2025_10014_3
Logan Webb,10014,2025-04-16,2025,DET,SEA,5,6.3,24,5,3,1,1.0,8,2025_10014_4
Logan Webb,10014,2025-04-20,2025,DET,ATL,16,6.0,24,9,2,0,1.02,4,2025_10014_5
Logan Webb,10014,2025-05-06,2025,DET,PIT,7,6.0,29,6,1,1,1.0,16,2025_10014_6
Logan Webb,10014,2025-05-11,2025,DET,LAD,3,3.3,12,5,0,1,1.0,5,2025_10014_7
Logan Webb,10014,2025-05-18,2025,DET,LAA,6,5.3,24,6,1,1,1.0,7,2025_10014_8
Logan Webb,10014,2025-05-19,2025,DET,MIL,8,3.3,12,4,0,1,1.0,1,2025_10014_9
Logan Webb,10014,2025-05-30,2025,DET,MIA,7,5.7,25,8,1,0,0.98,11,2025_10014_10
Logan Webb,10014,2025-06-02,2025,DET,MIN,6,6.0,30,7,2,1,1.0,3,2025_10014_11
Logan Webb,10014,2025-06-14,2025,DET,MIL,8,5.3,27,4,2,1,1.0,12,2025_10014_12
Logan Webb,10014,2025-06-27,2025,DET,TBR,10,6.3,27,5,1,0,1.05,13,2025_10014_13
Logan Webb,10014,2025-06-29,2025,DET,SEA,4,5.7,19,5,2,1,1.0,2,2025_10014_14
Logan Webb,10014,2025-06-30,2025,DET,LAD,9,6.7,28,6,2,0,1.03,1,2025_10014_15
Logan Webb,10014,2025-07-02,2025,DET,NYY,8,4.3,20,10,2,1,1.0,2,2025_10014_16
Logan Webb,10014,2025-07-04,2025,DET,KCR,4,4.3,18,4,1,1,1.0,2,2025_10014_17
Logan Webb,10014,2025-07-15,2025,DET,CHW,8,4.0,17,3,1,1,1.0,11,2025_10014_18
Logan Webb,10014,2025-07-17,2025,DET,NYY,9,4.3,18,4,0,1,1.0,2,2025_10014_19
Logan Webb,10014,2025-07-23,2025,DET,MIL,7,5.0,23,5,2,0,1.05,6,2025_10014_20
Logan Webb,10014,2025-08-03,2025,DET,OAK,9,6.7,23,8,2,0,1.0,11,2025_10014_21
Logan Webb,10014,2025-08-11,2025,DET,MIL,10,5.3,20,6,3,0,1.05,8,2025_10014_22
Logan Webb,10014,2025-08-16,2025,DET,TBR,7,5.7,25,7,2,0,1.05,5,2025_10014_23
Logan Webb,10014,2025-08-19,2025,DET,OAK,5,6.7,29,7,3,0,1.0,3,2025_10014_24
Logan Webb,10014,2025-08-24,2025,DET,MIL,6,6.3,27,8,1,0,1.05,5,2025_10014_25
Logan Webb,10014,2025-08-31,2025,DET,TOR,8,6.0,27,8,2,0,1.0,7,2025_10014_26
Logan Webb,10014,2025-09-08,2025,DET,WSN,8,5.7,19,7,2,0,1.01,8,2025_10014_27
Logan Webb,10014,2025-09-11,2025,DET,MIN,7,4.3,17,4,1,0,1.0,3,2025_10014_28
Logan Webb,10014,2025-09-17,2025,DET,NYM,2,3.3,14,6,1,0,1.06,6,2025_10014_29
Logan Webb,10014,2025-09-19,2025,DET,WSN,5,4.3,22,7,2,1,1.0,2,2025_10014_30
Logan Webb,10014,2025-09-20,2025,DET,PHI,7,4.3,18,5,2,1,1.0,1,2025_10014_31
Framber Valdez,10015,2025-03-29,2025,DET,ATL,3,4.3,17,6,0,1,1.0,5,2025_10015_0
Framber Valdez,10015,2025-04-04,2025,DET,ATL,6,7.0,29,8,2,1,1.0,6,2025_10015_1
Framber Valdez,10015,2025-04-13,2025,DET,TOR,5,6.3,25,5,2,0,1.0,9,2025_10015_2
Framber Valdez,10015,2025-04-15,2025,DET,LAA,5,6.0,25,5,3,0,0.99,2,2025_10015_3
Framber Valdez,10015,2025-04-26,2025,DET,WSN,3,5.7,20,9,1,1,1.0,11,2025_10015_4
Framber Valdez,10015,2025-05-10,2025,DET,TEX,7,4.0,14,2,0,0,0.99,14,2025_10015_5
Framber Valdez,10015,2025-05-18,2025,DET,MIA,14,6.7,27,9,0,0,0.98,8,2025_10015_6
Framber Valdez,10015,2025-05-25,2025,DET,CHW,5,4.7,18,5,2,1,1.0,7,2025_10015_7
Framber Valdez,10015,2025-05-26,2025,DET,LAA,2,4.7,19,3,0,1,1.0,1,2025_10015_8
Framber Valdez,10015,2025-05-27,2025,DET,SFG,6,7.3,31,6,4,0,1.03,1,2025_10015_9
Framber Valdez,10015,2025-05-28,2025,DET,TEX,9,7.3,28,7,3,0,0.99,1,2025_10015_10
Framber Valdez,10015,2025-06-05,2025,DET,WSN,9,6.0,23,7,2,1,1.0,8,2025_10015_11
Framber Valdez,10015,2025-06-14,2025,DET,ARI,3,6.7,27,4,2,1,1.0,9,2025_10015_12
Framber Valdez,10015,2025-06-15,2025,DET,CHW,4,4.0,19,5,0,0,0.99,1,2025_10015_13
Framber Valdez,10015,2025-06-27,2025,DET,MIN,2,5.3,24,5,1,1,1.0,12,2025_10015_14
Framber Valdez,10015,2025-06-29,2025,DET,PIT,4,4.7,20,4,2,0,1.0,2,2025_10015_15
Framber Valdez,10015,2025-07-09,2025,DET,CLE,5,6.3,31,8,4,1,1.0,10,2025_10015_16
Framber Valdez,10015,2025-07-28,2025,DET,CHC,5,6.3,28,10,3,1,1.0,19,2025_10015_17
Framber Valdez,10015,2025-08-01,2025,DET,TEX,5,5.0,24,6,2,1,1.0,4,2025_10015_18
Framber Valdez,10015,2025-08-09,2025,DET,ATL,4,5.3,23,3,1,0,1.02,8,2025_10015_19
Framber Valdez,10015,2025-08-10,2025,DET,ATL,3,4.0,17,6,1,0,1.02,1,2025_10015_20
Framber Valdez,10015,2025-08-12,2025,DET,ATL,5,7.3,32,8,0,0,1.02,2,2025_10015_21
Framber Valdez,10015,2025-08-15,2025,DET,CIN,7,6.7,26,11,2,1,1.0,3,2025_10015_22
Framber Valdez,10015,2025-08-17,2025,DET,BOS,4,6.0,21,6,2,1,1.0,2,2025_10015_23
Framber Valdez,10015,2025-09-01,2025,DET,CLE,11,6.3,24,7,2,0,1.04,15,2025_10015_24
Framber Valdez,10015,2025-09-02,2025,DET,CIN,4,4.3,17,5,1,1,1.0,1,2025_10015_25
Framber Valdez,10015,2025-09-03,2025,DET,KCR,9,6.0,29,5,3,0,0.96,1,2025_10015_26
Framber Valdez,10015,2025-09-09,2025,DET,KCR,7,6.7,34,7,3,1,1.0,6,2025_10015_27
Framber Valdez,10015,2025-09-17,2025,DET,CLE,9,6.7,31,5,4,0,1.04,8,2025_10015_28
Framber Valdez,10015,2025-09-26,2025,DET,KCR,9,6.3,24,7,1,1,1.0,9,2025_10015_29
Framber Valdez,10015,2025-09-27,2025,DET,WSN,7,6.7,25,6,1,0,1.01,1,2025_10015_30
Tyler Glasnow,10016,2025-04-02,2025,PHI,KCR,3,5.0,21,4,2,1,1.01,5,2025_10016_0
Tyler Glasnow,10016,2025-04-21,2025,PHI,COL,3,4.0,15,4,2,1,1.01,19,2025_10016_1
Tyler Glasnow,10016,2025-04-28,2025,PHI,BOS,6,5.3,26,5,1,0,0.98,7,2025_10016_2
Tyler Glasnow,10016,2025-04-29,2025,PHI,TEX,4,5.3,25,4,3,1,1.01,1,2025_10016_3
Tyler Glasnow,10016,2025-05-01,2025,PHI,CHC,2,5.7,21,5,3,0,0.97,2,2025_10016_4
Tyler Glasnow,10016,2025-05-06,2025,PHI,HOU,2,3.0,10,2,1,1,1.01,5,2025_10016_5
Tyler Glasnow,10016,2025-05-13,2025,PHI,DET,1,3.0,18,4,1,1,1.01,7,2025_10016_6
Tyler Glasnow,10016,2025-05-14,2025,PHI,CIN,9,4.3,18,5,2,1,1.01,1,2025_10016_7
Tyler Glasnow,10016,2025-05-17,2025,PHI,CIN,1,3.3,18,3,1,0,1.0,3,2025_10016_8
Tyler Glasnow,10016,2025-05-24,2025,PHI,TOR,3,5.7,25,6,2,0,1.0,7,2025_10016_9
Tyler Glasnow,10016,2025-06-01,2025,PHI,LAA,4,4.0,15,5,1,1,1.01,8,2025_10016_10
Tyler Glasnow,10016,2025-06-03,2025,PHI,ARI,5,5.0,23,7,1,0,1.03,2,2025_10016_11
Tyler Glasnow,10016,2025-06-18,2025,PHI,BOS,3,4.7,25,5,1,1,1.01,15,2025_10016_12
Tyler Glasnow,10016,2025-06-22,2025,PHI,SEA,3,5.0,17,6,1,0,1.04,4,2025_10016_13
Tyler Glasnow,10016,2025-06-25,2025,PHI,NYM,4,3.3,13,5,1,0,1.06,3,2025_10016_14
Tyler Glasnow,10016,2025-06-27,2025,PHI,KCR,2,4.7,21,1,0,1,1.01,2,2025_10016_15
Tyler Glasnow,10016,2025-06-30,2025,PHI,ATL,1,4.0,19,5,0,0,1.02,3,2025_10016_16
Tyler Glasnow,10016,2025-07-12,2025,PHI,CHC,1,6.3,29,6,3,0,0.97,12,2025_10016_17
Tyler Glasnow,10016,2025-07-14,2025,PHI,MIL,2,3.7,15,0,1,1,1.01,2,2025_10016_18
Tyler Glasnow,10016,2025-07-16,2025,PHI,WSN,1,4.0,15,7,2,0,1.01,2,2025_10016_19
Tyler Glasnow,10016,2025-07-25,2025,PHI,LAA,4,4.3,18,2,2,1,1.01,9,2025_10016_20
Tyler Glasnow,10016,2025-07-26,2025,PHI,SEA,1,4.0,18,3,2,0,1.04,1,2025_10016_21
Tyler Glasnow,10016,2025-07-30,2025,PHI,CHC,4,8.7,36,11,1,1,1.01,4,2025_10016_22
Tyler Glasnow,10016,2025-08-07,2025,PHI,TOR,11,5.3,25,2,3,0,1.0,8,2025_10016_23
Tyler Glasnow,10016,2025-08-08,2025,PHI,MIA,0,3.3,15,3,1,1,1.01,1,2025_10016_24
Tyler Glasnow,10016,2025-08-11,2025,PHI,MIA,3,5.3,18,3,3,0,0.98,3,2025_10016_25
Tyler Glasnow,10016,2025-08-28,2025,PHI,TBR,2,5.7,27,7,2,0,1.05,17,2025_10016_26
Tyler Glasnow,10016,2025-09-01,2025,PHI,CHC,2,4.0,17,3,1,0,0.97,4,2025_10016_27
Tyler Glasnow,10016,2025-09-27,2025,PHI,OAK,3,5.3,20,6,3,1,1.01,26,2025_10016_28
Tyler Glasnow,10016,2025-09-29,2025,PHI,LAD,3,4.7,24,3,2,1,1.01,2,2025_10016_29
Chris Sale,10017,2025-04-10,2025,NYY,TBR,6,4.7,24,5,1,0,1.05,5,2025_10017_0
Chris Sale,10017,2025-04-17,2025,NYY,SFG,4,5.7,23,8,2,1,0.99,7,2025_10017_1
Chris Sale,10017,2025-04-25,2025,NYY,MIA,0,4.0,19,5,1,0,0.98,8,2025_10017_2
Chris Sale,10017,2025-05-08,2025,NYY,KCR,2,3.0,11,2,1,0,0.96,13,2025_10017_3
Chris Sale,10017,2025-05-11,2025,NYY,CLE,3,5.3,18,6,3,1,0.99,3,2025_10017_4
Chris Sale,10017,2025-05-18,2025,NYY,SDP,2,3.3,17,1,1,1,0.99,7,2025_10017_5
Chris Sale,10017,2025-05-20,2025,NYY,PHI,1,3.0,14,2,0,0,1.01,2,2025_10017_6
Chris Sale,10017,2025-05-22,2025,NYY,BOS,3,6.3,27,5,3,0,0.98,2,2025_10017_7
Chris Sale,10017,2025-05-27,2025,NYY,PHI,3,3.0,16,3,0,0,1.01,5,2025_10017_8
Chris Sale,10017,2025-06-03,2025,NYY,CHC,7,5.3,28,6,2,1,0.99,7,2025_10017_9
Chris Sale,10017,2025-06-14,2025,NYY,SDP,4,3.7,17,4,1,1,0.99,11,2025_10017_10
Chris Sale,10017,2025-06-15,2025,NYY,STL,3,5.0,17,4,1,1,0.99,1,2025_10017_11
Chris Sale,10017,2025-06-21,2025,NYY,PIT,4,6.3,25,6,1,0,1.0,6,2025_10017_12
Chris Sale,10017,2025-06-28,2025,NYY,LAA,4,4.3,16,5,0,0,0.99,7,2025_10017_13
Chris Sale,10017,2025-07-12,2025,NYY,LAA,5,5.3,24,3,2,1,0.99,14,2025_10017_14
Chris Sale,10017,2025-07-13,2025,NYY,SDP,2,4.7,20,6,1,0,1.08,1,2025_10017_15
Chris Sale,10017,2025-07-14,2025,NYY,HOU,5,6.7,34,8,5,1,0.99,1,2025_10017_16
Chris Sale,10017,2025-07-16,2025,NYY,TEX,3,6.0,27,6,3,1,0.99,2,2025_10017_17
Chris Sale,10017,2025-07-18,2025,NYY,CHC,7,7.0,33,7,2,0,0.97,2,2025_10017_18
Chris Sale,10017,2025-07-22,2025,NYY,ATL,4,5.0,22,6,2,0,1.02,4,2025_10017_19
Chris Sale,10017,2025-08-10,2025,NYY,CLE,1,4.7,16,4,1,1,0.99,19,2025_10017_20
Chris Sale,10017,2025-08-11,2025,NYY,HOU,0,4.3,15,5,1,0,1.02,1,2025_10017_21
Chris Sale,10017,2025-08-22,2025,NYY,COL,3,5.0,19,3,1,0,0.92,11,2025_10017_22
Chris Sale,10017,2025-08-23,2025,NYY,SFG,2,5.7,23,5,2,0,1.03,1,2025_10017_23
Chris Sale,10017,2025-08-25,2025,NYY,SFG,3,4.0,18,3,2,0,1.03,2,2025_10017_24
Chris Sale,10017,2025-09-03,2025,NYY,OAK,6,4.7,18,4,1,0,1.0,9,2025_10017_25
Chris Sale,10017,2025-09-14,2025,NYY,TOR,4,5.3,22,6,2,1,0.99,11,2025_10017_26
Chris Sale,10017,2025-09-20,2025,NYY,TEX,4,6.3,27,6,3,0,0.99,6,2025_10017_27
Blake Snell,10018,2025-04-05,2025,ATL,PIT,4,5.7,21,5,0,0,1.0,5,2025_10018_0
Blake Snell,10018,2025-04-09,2025,ATL,SDP,0,4.0,17,3,0,1,1.02,4,2025_10018_1
Blake Snell,10018,2025-04-15,2025,ATL,TEX,4,3.7,14,2,2,0,0.99,6,2025_10018_2
Blake Snell,10018,2025-04-16,2025,ATL,MIA,6,3.0,16,4,0,1,1.02,1,2025_10018_3
Blake Snell,10018,2025-04-23,2025,ATL,BOS,7,4.3,17,5,2,1,1.02,7,2025_10018_4
Blake Snell,10018,2025-05-06,2025,ATL,MIN,3,3.0,14,1,1,0,1.0,13,2025_10018_5
Blake Snell,10018,2025-05-12,2025,ATL,DET,0,3.3,14,5,0,1,1.02,6,2025_10018_6
Blake Snell,10018,2025-05-24,2025,ATL,MIN,1,5.0,18,5,1,1,1.02,12,2025_10018_7
Blake Snell,10018,2025-05-25,2025,ATL,MIN,1,3.7,17,5,0,0,1.0,1,2025_10018_8
Blake Snell,10018,2025-05-28,2025,ATL,MIL,1,4.0,21,5,1,0,1.05,3,2025_10018_9
Blake Snell,10018,2025-05-30,2025,ATL,OAK,5,3.0,16,0,3,0,1.0,2,2025_10018_10
Blake Snell,10018,2025-06-12,2025,ATL,KCR,2,3.3,14,2,1,1,1.02,13,2025_10018_11
Blake Snell,10018,2025-06-14,2025,ATL,CLE,1,3.7,17,2,2,1,1.02,2,2025_10018_12
Blake Snell,10018,2025-06-17,2025,ATL,PIT,2,3.0,12,4,2,0,1.0,3,2025_10018_13
Blake Snell,10018,2025-07-04,2025,ATL,STL,2,3.7,18,3,0,0,1.0,17,2025_10018_14
Blake Snell,10018,2025-07-17,2025,ATL,MIA,7,5.3,22,6,2,0,0.98,13,2025_10018_15
Blake Snell,10018,2025-07-19,2025,ATL,CLE,2,6.7,29,9,3,0,1.04,2,2025_10018_16
Blake Snell,10018,2025-07-30,2025,ATL,HOU,14,6.7,30,6,3,1,1.02,11,2025_10018_17
Blake Snell,10018,2025-08-01,2025,ATL,KCR,1,3.7,14,2,1,0,0.96,2,2025_10018_18
Blake Snell,10018,2025-08-07,2025,ATL,SFG,1,4.7,16,5,2,1,1.02,6,2025_10018_19
Blake Snell,10018,2025-08-10,2025,ATL,CHC,2,4.0,19,2,1,1,1.02,3,2025_10018_20
Blake Snell,10018,2025-08-22,2025,ATL,LAA,0,3.3,13,3,2,0,0.99,12,2025_10018_21
Blake Snell,10018,2025-09-06,2025,ATL,DET,6,6.7,26,10,3,0,1.0,15,2025_10018_22
Blake Snell,10018,2025-09-15,2025,ATL,SFG,8,6.3,25,6,1,1,1.02,9,2025_10018_23
Blake Snell,10018,2025-09-16,2025,ATL,PHI,4,3.7,19,3,1,1,1.02,1,2025_10018_24
Sandy Alcantara,10019,2025-03-30,2025,SFG,HOU,1,3.7,17,1,2,1,1.03,5,2025_10019_0
Sandy Alcantara,10019,2025-04-08,2025,SFG,DET,11,6.7,30,10,3,0,1.0,9,2025_10019_1
Sandy Alcantara,10019,2025-04-13,2025,SFG,ARI,7,6.7,33,8,1,0,1.03,5,2025_10019_2
Sandy Alcantara,10019,2025-05-12,2025,SFG,KCR,3,3.7,16,5,2,0,0.96,29,2025_10019_3
Sandy Alcantara,10019,2025-05-16,2025,SFG,CIN,5,6.7,28,7,1,1,1.03,4,2025_10019_4
Sandy Alcantara,10019,2025-05-22,2025,SFG,PIT,3,3.7,13,3,0,1,1.03,6,2025_10019_5
Sandy Alcantara,10019,2025-05-26,2025,SFG,COL,5,5.7,22,7,2,1,1.03,4,2025_10019_6
Sandy Alcantara,10019,2025-06-10,2025,SFG,WSN,11,6.7,28,3,1,0,1.01,15,2025_10019_7
Sandy Alcantara,10019,2025-06-11,2025,SFG,MIL,8,4.3,17,5,2,0,1.05,1,2025_10019_8
Sandy Alcantara,10019,2025-06-19,2025,SFG,SEA,6,8.0,35,12,1,0,1.04,8,2025_10019_9
Sandy Alcantara,10019,2025-06-23,2025,SFG,SDP,3,5.0,19,5,1,0,1.08,4,2025_10019_10
Sandy Alcantara,10019,2025-07-02,2025,SFG,MIN,2,4.0,16,3,2,1,1.03,9,2025_10019_11
Sandy Alcantara,10019,2025-07-06,2025,SFG,PIT,6,5.7,23,7,2,0,1.0,4,2025_10019_12
Sandy Alcantara,10019,2025-07-08,2025,SFG,CIN,6,8.7,40,7,3,0,1.0,2,2025_10019_13
Sandy Alcantara,10019,2025-07-11,2025,SFG,TOR,2,3.7,18,2,3,0,1.0,3,2025_10019_14
Sandy Alcantara,10019,2025-07-12,2025,SFG,PIT,4,4.7,21,5,1,0,1.0,1,2025_10019_15
Sandy Alcantara,10019,2025-07-14,2025,SFG,COL,4,5.7,22,8,3,0,0.92,2,2025_10019_16
Sandy Alcantara,10019,2025-07-16,2025,SFG,KCR,6,7.7,32,6,2,0,0.96,2,2025_10019_17
Sandy Alcantara,10019,2025-07-19,2025,SFG,BAL,9,5.3,19,5,2,1,1.03,3,2025_10019_18
Sandy Alcantara,10019,2025-07-22,2025,SFG,TOR,8,6.7,27,8,3,0,1.0,3,2025_10019_19
Sandy Alcantara,10019,2025-07-23,2025,SFG,PIT,5,8.0,33,8,1,1,1.03,1,2025_10019_20
Sandy Alcantara,10019,2025-07-31,2025,SFG,KCR,11,8.3,36,9,4,1,1.03,8,2025_10019_21
Sandy Alcantara,10019,2025-08-01,2025,SFG,ATL,2,6.0,26,5,3,1,1.03,1,2025_10019_22
Sandy Alcantara,10019,2025-08-08,2025,SFG,BOS,6,6.0,28,8,2,0,0.98,7,2025_10019_23
Sandy Alcantara,10019,2025-08-13,2025,SFG,COL,8,6.3,27,9,1,1,1.03,5,2025_10019_24
Sandy Alcantara,10019,2025-08-24,2025,SFG,SDP,7,6.7,30,7,2,0,1.08,11,2025_10019_25
Sandy Alcantara,10019,2025-08-26,2025,SFG,PIT,11,5.3,24,6,2,0,1.0,2,2025_10019_26
Sandy Alcantara,10019,2025-08-28,2025,SFG,MIN,4,4.3,17,6,1,1,1.03,2,2025_10019_27
Sandy Alcantara,10019,2025-09-07,2025,SFG,ARI,8,7.3,28,7,3,1,1.03,10,2025_10019_28
Sandy Alcantara,10019,2025-09-12,2025,SFG,ARI,11,5.7,24,4,3,1,1.03,5,2025_10019_29
Sandy Alcantara,10019,2025-09-29,2025,SFG,MIA,8,6.7,31,8,2,1,1.03,17,2025_10019_30
Shohei Ohtani,10020,2025-03-31,2025,HOU,CIN,12,8.3,35,11,4,1,1.02,5,2025_10020_0
Shohei Ohtani,10020,2025-04-01,2025,HOU,STL,10,8.0,33,9,3,1,1.02,1,2025_10020_1
Shohei Ohtani,10020,2025-04-11,2025,HOU,STL,8,5.7,28,7,2,0,1.0,10,2025_10020_2
Shohei Ohtani,10020,2025-04-15,2025,HOU,TEX,6,7.3,28,7,1,0,0.99,4,2025_10020_3
Shohei Ohtani,10020,2025-04-23,2025,HOU,TBR,5,6.3,29,6,2,1,1.02,8,2025_10020_4
Shohei Ohtani,10020,2025-05-05,2025,HOU,PHI,6,5.0,22,5,3,1,1.02,12,2025_10020_5
Shohei Ohtani,10020,2025-05-06,2025,HOU,SFG,2,7.7,30,9,2,1,1.02,1,2025_10020_6
Shohei Ohtani,10020,2025-05-09,2025,HOU,CLE,18,6.7,28,9,3,0,1.04,3,2025_10020_7
Shohei Ohtani,10020,2025-05-10,2025,HOU,BOS,12,6.7,29,7,4,1,1.02,1,2025_10020_8
Shohei Ohtani,10020,2025-05-21,2025,HOU,NYM,3,5.7,26,6,0,1,1.02,11,2025_10020_9
Shohei Ohtani,10020,2025-05-30,2025,HOU,MIL,9,6.0,25,6,2,0,1.05,9,2025_10020_10
Shohei Ohtani,10020,2025-06-10,2025,HOU,TEX,9,6.7,34,7,1,0,0.99,11,2025_10020_11
Shohei Ohtani,10020,2025-06-23,2025,HOU,PHI,4,6.0,27,7,3,0,1.01,13,2025_10020_12
Shohei Ohtani,10020,2025-06-29,2025,HOU,SFG,10,6.7,27,7,1,1,1.02,6,2025_10020_13
Shohei Ohtani,10020,2025-07-10,2025,HOU,CHW,9,6.3,26,6,2,0,0.99,11,2025_10020_14
Shohei Ohtani,10020,2025-07-18,2025,HOU,STL,8,6.0,28,7,2,1,1.02,8,2025_10020_15
Shohei Ohtani,10020,2025-07-27,2025,HOU,SDP,8,5.7,26,5,2,1,1.02,9,2025_10020_16
Shohei Ohtani,10020,2025-08-03,2025,HOU,STL,8,8.0,32,7,2,1,1.02,7,2025_10020_17
Shohei Ohtani,10020,2025-08-10,2025,HOU,PHI,8,5.0,21,7,2,0,1.01,7,2025_10020_18
Shohei Ohtani,10020,2025-08-13,2025,HOU,LAD,8,4.0,14,6,1,0,1.03,3,2025_10020_19
Shohei Ohtani,10020,2025-08-24,2025,HOU,PIT,11,5.7,19,4,1,1,1.02,11,2025_10020_20
Shohei Ohtani,10020,2025-08-26,2025,HOU,SEA,5,6.7,26,4,1,1,1.02,2,2025_10020_21
Shohei Ohtani,10020,2025-08-30,2025,HOU,COL,9,6.3,27,5,0,0,0.92,4,2025_10020_22
Shohei Ohtani,10020,2025-09-01,2025,HOU,TEX,8,6.7,28,5,3,1,1.02,2,2025_10020_23
Shohei Ohtani,10020,2025-09-03,2025,HOU,ATL,9,7.7,31,8,3,1,1.02,2,2025_10020_24
Shohei Ohtani,10020,2025-09-05,2025,HOU,MIA,6,6.3,24,9,0,1,1.02,2,2025_10020_25
Shohei Ohtani,10020,2025-09-11,2025,HOU,TBR,7,6.0,26,8,2,0,1.05,6,2025_10020_26
Shohei Ohtani,10020,2025-09-28,2025,HOU,DET,11,7.0,32,5,2,1,1.02,17,2025_10020_27
Brandon Woodruff,10022,2025-04-02,2025,WSN,COL,13,7.3,31,6,2,0,0.92,5,2025_10022_0
Brandon Woodruff,10022,2025-04-12,2025,WSN,MIN,11,8.0,35,10,1,1,1.01,10,2025_10022_1
Brandon Woodruff,10022,2025-04-13,2025,WSN,HOU,5,5.3,26,8,2,0,1.02,1,2025_10022_2
Brandon Woodruff,10022,2025-04-14,2025,WSN,SEA,6,8.0,36,9,3,0,1.04,1,2025_10022_3
Brandon Woodruff,10022,2025-04-16,2025,WSN,NYM,5,7.0,29,6,1,1,1.01,2,2025_10022_4
Brandon Woodruff,10022,2025-04-21,2025,WSN,STL,3,5.0,23,6,1,0,1.0,5,2025_10022_5
Brandon Woodruff,10022,2025-04-25,2025,WSN,CHC,1,3.0,14,3,1,1,1.01,4,2025_10022_6
Brandon Woodruff,10022,2025-04-27,2025,WSN,DET,2,4.7,16,4,1,0,1.0,2,2025_10022_7
Brandon Woodruff,10022,2025-05-03,2025,WSN,CIN,2,5.3,23,7,2,0,1.0,6,2025_10022_8
Brandon Woodruff,10022,2025-05-26,2025,WSN,NYY,6,5.0,19,3,3,1,1.01,23,2025_10022_9
Brandon Woodruff,10022,2025-05-31,2025,WSN,ATL,3,7.3,25,6,1,0,1.02,5,2025_10022_10
Brandon Woodruff,10022,2025-06-03,2025,WSN,CHW,7,6.3,24,6,2,1,1.01,3,2025_10022_11
Brandon Woodruff,10022,2025-06-17,2025,WSN,STL,5,5.0,20,7,2,0,1.0,14,2025_10022_12
Brandon Woodruff,10022,2025-06-24,2025,WSN,SDP,8,5.3,25,6,2,0,1.08,7,2025_10022_13
Brandon Woodruff,10022,2025-07-02,2025,WSN,TEX,2,5.7,19,5,2,0,0.99,8,2025_10022_14
Brandon Woodruff,10022,2025-07-09,2025,WSN,CHC,3,6.0,27,6,2,1,1.01,7,2025_10022_15
Brandon Woodruff,10022,2025-07-19,2025,WSN,ARI,4,5.7,25,7,2,0,1.03,10,2025_10022_16
Brandon Woodruff,10022,2025-07-21,2025,WSN,PHI,6,5.3,24,6,2,1,1.01,2,2025_10022_17
Brandon Woodruff,10022,2025-08-20,2025,WSN,MIN,9,6.7,27,3,2,0,1.0,30,2025_10022_18
Brandon Woodruff,10022,2025-08-29,2025,WSN,BAL,7,5.0,22,4,1,0,1.0,9,2025_10022_19
Brandon Woodruff,10022,2025-09-01,2025,WSN,TEX,3,6.0,25,8,2,1,1.01,3,2025_10022_20
Brandon Woodruff,10022,2025-09-24,2025,WSN,HOU,6,6.3,24,6,2,1,1.01,23,2025_10022_21
Brandon Woodruff,10022,2025-09-26,2025,WSN,LAD,5,6.0,29,8,3,0,1.03,2,2025_10022_22
Max Fried,10023,2025-04-06,2025,CIN,PIT,4,5.0,23,5,0,0,1.0,5,2025_10023_0
Max Fried,10023,2025-04-18,2025,CIN,SDP,4,4.3,20,2,1,1,1.0,12,2025_10023_1
Max Fried,10023,2025-04-21,2025,CIN,CLE,4,4.7,16,4,1,0,1.04,3,2025_10023_2
Max Fried,10023,2025-04-25,2025,CIN,NYY,5,6.7,31,9,3,1,1.0,4,2025_10023_3
Max Fried,10023,2025-05-05,2025,CIN,ATL,7,7.0,28,7,3,0,1.02,10,2025_10023_4
Max Fried,10023,2025-05-08,2025,CIN,SDP,7,6.0,24,6,1,0,1.08,3,2025_10023_5
Max Fried,10023,2025-05-14,2025,CIN,CLE,5,3.3,16,4,1,0,1.04,6,2025_10023_6
Max Fried,10023,2025-06-04,2025,CIN,STL,3,5.0,20,4,2,1,1.0,21,2025_10023_7
Max Fried,10023,2025-06-08,2025,CIN,LAD,3,5.0,22,5,1,1,1.0,4,2025_10023_8
Max Fried,10023,2025-06-24,2025,CIN,MIN,9,5.7,21,8,1,1,1.0,16,2025_10023_9
Max Fried,10023,2025-06-25,2025,CIN,CHC,5,5.3,19,4,1,1,1.0,1,2025_10023_10
Max Fried,10023,2025-06-27,2025,CIN,TOR,1,4.3,15,6,1,1,1.0,2,2025_10023_11
Max Fried,10023,2025-07-10,2025,CIN,TOR,2,4.3,21,4,1,0,1.0,13,2025_10023_12
Max Fried,10023,2025-07-13,2025,CIN,CLE,7,7.7,33,5,2,1,1.0,3,2025_10023_13
Max Fried,10023,2025-07-24,2025,CIN,DET,2,4.3,17,4,1,1,1.0,11,2025_10023_14
Max Fried,10023,2025-07-27,2025,CIN,SDP,7,6.0,23,6,1,1,1.0,3,2025_10023_15
Max Fried,10023,2025-07-30,2025,CIN,BAL,2,5.3,19,6,1,1,1.0,3,2025_10023_16
Max Fried,10023,2025-08-11,2025,CIN,ATL,2,4.3,18,2,2,0,1.02,12,2025_10023_17
Max Fried,10023,2025-08-15,2025,CIN,MIN,9,5.3,25,4,2,1,1.0,4,2025_10023_18
Max Fried,10023,2025-08-16,2025,CIN,CHC,7,5.7,25,7,1,1,1.0,1,2025_10023_19
Max Fried,10023,2025-08-22,2025,CIN,DET,7,4.3,15,7,3,0,1.0,6,2025_10023_20
Max Fried,10023,2025-08-23,2025,CIN,PIT,7,5.7,22,6,1,1,1.0,1,2025_10023_21
Max Fried,10023,2025-08-30,2025,CIN,MIN,12,5.7,21,5,2,0,1.0,7,2025_10023_22
Max Fried,10023,2025-08-31,2025,CIN,LAA,8,4.3,15,7,2,0,0.99,1,2025_10023_23
Max Fried,10023,2025-09-08,2025,CIN,NYY,11,5.7,22,6,2,0,0.99,8,2025_10023_24
Max Fried,10023,2025-09-11,2025,CIN,TEX,8,7.0,30,6,3,1,1.0,3,2025_10023_25
Max Fried,10023,2025-09-26,2025,CIN,PIT,11,7.0,32,9,0,0,1.0,15,2025_10023_26
Max Fried,10023,2025-09-27,2025,CIN,ATL,7,4.7,22,4,1,1,1.0,1,2025_10023_27
Freddy Peralta,10024,2025-03-29,2025,ARI,NYY,9,5.0,20,4,2,1,1.03,5,2025_10024_0
Freddy Peralta,10024,2025-04-04,2025,ARI,SFG,6,6.7,29,9,2,1,1.03,6,2025_10024_1
Freddy Peralta,10024,2025-04-08,2025,ARI,STL,3,5.7,19,7,2,1,1.03,4,2025_10024_2
Freddy Peralta,10024,2025-04-10,2025,ARI,LAA,9,7.3,34,8,1,0,0.99,2,2025_10024_3
Freddy Peralta,10024,2025-04-14,2025,ARI,MIA,9,6.0,23,4,2,1,1.03,4,2025_10024_4
Freddy Peralta,10024,2025-04-17,2025,ARI,MIN,13,7.3,31,6,2,0,1.0,3,2025_10024_5
Freddy Peralta,10024,2025-04-27,2025,ARI,MIL,11,7.7,32,6,3,0,1.05,10,2025_10024_6
Freddy Peralta,10024,2025-05-03,2025,ARI,PHI,12,7.7,33,5,4,0,1.01,6,2025_10024_7
Freddy Peralta,10024,2025-05-16,2025,ARI,PIT,4,6.7,25,6,2,1,1.03,13,2025_10024_8
Freddy Peralta,10024,2025-06-05,2025,ARI,MIA,5,7.3,32,7,2,0,0.98,20,2025_10024_9
Freddy Peralta,10024,2025-06-07,2025,ARI,SFG,10,8.7,39,7,1,1,1.03,2,2025_10024_10
Freddy Peralta,10024,2025-06-12,2025,ARI,CHW,11,7.3,31,5,4,0,0.99,5,2025_10024_11
Freddy Peralta,10024,2025-06-20,2025,ARI,KCR,5,6.7,30,9,4,0,0.96,8,2025_10024_12
Freddy Peralta,10024,2025-06-23,2025,ARI,NYY,7,6.0,24,5,3,0,0.99,3,2025_10024_13
Freddy Peralta,10024,2025-06-26,2025,ARI,OAK,11,6.7,32,9,2,0,1.0,3,2025_10024_14
Freddy Peralta,10024,2025-07-06,2025,ARI,TEX,13,7.3,34,9,1,1,1.03,10,2025_10024_15
Freddy Peralta,10024,2025-07-07,2025,ARI,MIN,1,5.7,22,4,2,0,1.0,1,2025_10024_16
Freddy Peralta,10024,2025-07-09,2025,ARI,DET,8,5.7,25,5,1,1,1.03,2,2025_10024_17
Freddy Peralta,10024,2025-07-14,2025,ARI,NYM,15,6.0,26,7,2,1,1.03,5,2025_10024_18
Freddy Peralta,10024,2025-07-21,2025,ARI,NYM,9,7.7,33,7,2,0,1.06,7,2025_10024_19
Freddy Peralta,10024,2025-07-26,2025,ARI,MIN,10,7.0,30,8,3,1,1.03,5,2025_10024_20
Freddy Peralta,10024,2025-08-02,2025,ARI,TBR,7,6.7,32,8,1,1,1.03,7,2025_10024_21
Freddy Peralta,10024,2025-08-05,2025,ARI,SEA,9,6.3,26,6,3,0,1.04,3,2025_10024_22
Freddy Peralta,10024,2025-08-06,2025,ARI,NYM,13,6.7,25,8,2,1,1.03,1,2025_10024_23
Freddy Peralta,10024,2025-08-11,2025,ARI,CHC,5,8.3,34,8,3,1,1.03,5,2025_10024_24
Freddy Peralta,10024,2025-08-27,2025,ARI,CHW,9,7.7,37,9,2,1,1.03,16,2025_10024_25
Freddy Peralta,10024,2025-08-28,2025,ARI,PHI,7,7.0,30,11,2,0,1.01,1,2025_10024_26
Freddy Peralta,10024,2025-09-07,2025,ARI,MIL,15,8.3,34,6,3,0,1.05,10,2025_10024_27
Freddy Peralta,10024,2025-09-27,2025,ARI,SFG,8,6.7,27,8,2,0,1.03,20,2025_10024_28
Pablo Lopez,10025,2025-04-06,2025,MIN,SEA,5,4.0,19,4,1,1,1.0,5,2025_10025_0
Pablo Lopez,10025,2025-04-07,2025,MIN,MIL,1,5.0,23,8,2,0,1.05,1,2025_10025_1
Pablo Lopez,10025,2025-04-16,2025,MIN,LAA,4,4.7,17,4,1,0,0.99,9,2025_10025_2
Pablo Lopez,10025,2025-04-30,2025,MIN,ARI,7,4.7,23,7,1,0,1.03,14,2025_10025_3
Pablo Lopez,10025,2025-05-03,2025,MIN,HOU,2,6.0,25,3,2,0,1.02,3,2025_10025_4
Pablo Lopez,10025,2025-05-06,2025,MIN,NYM,6,3.0,15,0,1,0,1.06,3,2025_10025_5
Pablo Lopez,10025,2025-05-07,2025,MIN,TBR,4,4.3,20,4,2,1,1.0,1,2025_10025_6
Pablo Lopez,10025,2025-05-09,2025,MIN,ARI,1,5.0,17,5,1,1,1.0,2,2025_10025_7
Pablo Lopez,10025,2025-05-12,2025,MIN,PIT,5,5.3,21,7,1,1,1.0,3,2025_10025_8
Pablo Lopez,10025,2025-05-16,2025,MIN,TEX,4,7.0,31,6,2,0,0.99,4,2025_10025_9
Pablo Lopez,10025,2025-05-25,2025,MIN,CHC,9,4.3,20,4,2,0,0.97,9,2025_10025_10
Pablo Lopez,10025,2025-05-26,2025,MIN,NYY,6,6.0,26,6,2,1,1.0,1,2025_10025_11
Pablo Lopez,10025,2025-05-27,2025,MIN,PIT,5,4.3,18,5,0,1,1.0,1,2025_10025_12
Pablo Lopez,10025,2025-06-16,2025,MIN,ATL,6,5.0,24,3,2,0,1.02,20,2025_10025_13
Pablo Lopez,10025,2025-06-25,2025,MIN,ARI,2,3.3,14,4,0,1,1.0,9,2025_10025_14
Pablo Lopez,10025,2025-06-29,2025,MIN,OAK,6,4.7,22,5,1,1,1.0,4,2025_10025_15
Pablo Lopez,10025,2025-06-30,2025,MIN,DET,4,5.7,23,8,1,0,1.0,1,2025_10025_16
Pablo Lopez,10025,2025-07-05,2025,MIN,ATL,7,5.3,24,5,1,1,1.0,5,2025_10025_17
Pablo Lopez,10025,2025-07-06,2025,MIN,MIA,5,6.3,29,8,2,1,1.0,1,2025_10025_18
Pablo Lopez,10025,2025-07-09,2025,MIN,SDP,2,3.0,10,2,1,1,1.0,3,2025_10025_19
Pablo Lopez,10025,2025-07-13,2025,MIN,WSN,3,4.3,19,2,1,1,1.0,4,2025_10025_20
Pablo Lopez,10025,2025-07-15,2025,MIN,ARI,3,3.3,15,1,0,1,1.0,2,2025_10025_21
Pablo Lopez,10025,2025-08-03,2025,MIN,CHC,5,4.3,15,4,1,1,1.0,19,2025_10025_22
Pablo Lopez,10025,2025-08-07,2025,MIN,SEA,2,4.0,16,4,2,0,1.04,4,2025_10025_23
Pablo Lopez,10025,2025-08-19,2025,MIN,MIL,5,5.7,23,7,1,0,1.05,12,2025_10025_24
Pablo Lopez,10025,2025-08-21,2025,MIN,TOR,6,5.0,18,4,2,1,1.0,2,2025_10025_25
Pablo Lopez,10025,2025-08-23,2025,MIN,NYM,5,5.0,21,4,1,0,1.06,2,2025_10025_26
Pablo Lopez,10025,2025-08-31,2025,MIN,WSN,7,6.3,31,6,3,0,1.01,8,2025_10025_27
Pablo Lopez,10025,2025-09-03,2025,MIN,SEA,2,4.3,16,4,1,0,1.04,3,2025_10025_28
Pablo Lopez,10025,2025-09-05,2025,MIN,NYM,5,6.0,27,7,3,1,1.0,2,2025_10025_29
Pablo Lopez,10025,2025-09-07,2025,MIN,CHW,8,5.7,27,3,3,1,1.0,2,2025_10025_30
Pablo Lopez,10025,2025-09-09,2025,MIN,CLE,1,5.0,24,4,1,0,1.04,2,2025_10025_31
Pablo Lopez,10025,2025-09-15,2025,MIN,TBR,8,4.0,18,5,0,0,1.05,6,2025_10025_32
Sonny Gray,10027,2025-04-09,2025,TOR,NYY,3,4.7,18,6,2,0,0.99,5,2025_10027_0
Sonny Gray,10027,2025-04-15,2025,TOR,ATL,1,6.0,23,8,2,0,1.02,6,2025_10027_1
Sonny Gray,10027,2025-04-21,2025,TOR,OAK,3,4.7,18,7,2,1,1.0,6,2025_10027_2
Sonny Gray,10027,2025-04-27,2025,TOR,MIL,1,3.7,16,1,2,0,1.05,6,2025_10027_3
Sonny Gray,10027,2025-04-29,2025,TOR,BOS,4,4.3,15,4,1,1,1.0,2,2025_10027_4
Sonny Gray,10027,2025-05-08,2025,TOR,LAA,5,5.7,20,4,3,1,1.0,9,2025_10027_5
Sonny Gray,10027,2025-05-13,2025,TOR,NYY,4,5.0,18,5,1,0,0.99,5,2025_10027_6
Sonny Gray,10027,2025-05-18,2025,TOR,OAK,6,5.7,24,7,2,1,1.0,5,2025_10027_7
Sonny Gray,10027,2025-05-19,2025,TOR,CHW,4,5.7,27,8,2,0,0.99,1,2025_10027_8
Sonny Gray,10027,2025-05-31,2025,TOR,ATL,2,3.0,14,1,1,0,1.02,12,2025_10027_9
Sonny Gray,10027,2025-06-03,2025,TOR,LAD,3,6.7,29,7,3,1,1.0,3,2025_10027_10
Sonny Gray,10027,2025-06-06,2025,TOR,NYM,7,7.0,32,10,1,1,1.0,3,2025_10027_11
Sonny Gray,10027,2025-06-21,2025,TOR,SDP,1,3.0,11,3,1,1,1.0,15,2025_10027_12
Sonny Gray,10027,2025-06-23,2025,TOR,MIA,2,5.7,27,6,2,1,1.0,2,2025_10027_13
Sonny Gray,10027,2025-07-02,2025,TOR,ARI,3,6.0,29,4,2,1,1.0,9,2025_10027_14
Sonny Gray,10027,2025-07-14,2025,TOR,DET,3,5.0,19,4,2,0,1.0,12,2025_10027_15
Sonny Gray,10027,2025-07-31,2025,TOR,MIN,3,5.0,17,7,4,1,1.0,17,2025_10027_16
Sonny Gray,10027,2025-08-06,2025,TOR,LAA,7,4.7,20,3,2,1,1.0,6,2025_10027_17
Sonny Gray,10027,2025-08-07,2025,TOR,BAL,4,6.0,24,4,2,1,1.0,1,2025_10027_18
Sonny Gray,10027,2025-08-10,2025,TOR,COL,4,4.3,16,7,2,1,1.0,3,2025_10027_19
Sonny Gray,10027,2025-08-25,2025,TOR,CIN,7,5.3,21,7,1,1,1.0,15,2025_10027_20
Sonny Gray,10027,2025-09-16,2025,TOR,BAL,5,6.0,27,9,2,0,1.0,22,2025_10027_21
Sonny Gray,10027,2025-09-22,2025,TOR,HOU,4,5.3,29,5,1,0,1.02,6,2025_10027_22
Sonny Gray,10027,2025-09-25,2025,TOR,LAA,1,3.3,17,2,2,0,0.99,3,2025_10027_23
Alek Manoah,10028,2025-04-04,2025,BAL,NYY,5,7.0,28,8,3,1,1.0,5,2025_10028_0
Alek Manoah,10028,2025-04-26,2025,BAL,MIN,8,6.3,27,7,2,0,1.0,22,2025_10028_1
Alek Manoah,10028,2025-04-28,2025,BAL,COL,6,8.3,39,7,3,0,0.92,2,2025_10028_2
Alek Manoah,10028,2025-04-30,2025,BAL,STL,9,6.7,29,7,3,0,1.0,2,2025_10028_3
Alek Manoah,10028,2025-05-09,2025,BAL,LAA,19,7.7,30,6,1,0,0.99,9,2025_10028_4
Alek Manoah,10028,2025-05-15,2025,BAL,TEX,9,8.7,33,11,3,1,1.0,6,2025_10028_5
Alek Manoah,10028,2025-05-17,2025,BAL,PIT,7,5.3,24,7,3,1,1.0,2,2025_10028_6
Alek Manoah,10028,2025-05-23,2025,BAL,NYM,16,9.0,42,8,4,0,1.06,6,2025_10028_7
Alek Manoah,10028,2025-06-01,2025,BAL,NYM,15,8.7,33,10,3,0,1.06,9,2025_10028_8
Alek Manoah,10028,2025-06-05,2025,BAL,DET,14,7.0,31,11,0,1,1.0,4,2025_10028_9
Alek Manoah,10028,2025-06-08,2025,BAL,MIN,15,8.3,29,7,2,1,1.0,3,2025_10028_10
Alek Manoah,10028,2025-06-09,2025,BAL,OAK,6,6.3,29,4,2,0,1.0,1,2025_10028_11
Alek Manoah,10028,2025-06-12,2025,BAL,LAA,9,8.3,33,10,5,0,0.99,3,2025_10028_12
Alek Manoah,10028,2025-06-15,2025,BAL,LAD,14,8.0,34,5,4,0,1.03,3,2025_10028_13
Alek Manoah,10028,2025-06-18,2025,BAL,ARI,11,5.3,19,6,0,0,1.03,3,2025_10028_14
Alek Manoah,10028,2025-06-20,2025,BAL,PHI,10,7.7,31,7,4,0,1.01,2,2025_10028_15
Alek Manoah,10028,2025-06-24,2025,BAL,CHW,10,6.7,28,8,2,1,1.0,4,2025_10028_16
Alek Manoah,10028,2025-06-25,2025,BAL,PIT,7,6.0,26,7,2,0,1.0,1,2025_10028_17
Alek Manoah,10028,2025-07-05,2025,BAL,ARI,5,7.3,31,6,3,0,1.03,10,2025_10028_18
Alek Manoah,10028,2025-07-07,2025,BAL,CIN,20,8.7,42,9,2,1,1.0,2,2025_10028_19
Alek Manoah,10028,2025-07-13,2025,BAL,WSN,7,7.3,32,7,3,1,1.0,6,2025_10028_20
Alek Manoah,10028,2025-07-19,2025,BAL,PIT,14,9.0,42,9,3,1,1.0,6,2025_10028_21
Alek Manoah,10028,2025-07-22,2025,BAL,STL,12,7.3,30,5,2,1,1.0,3,2025_10028_22
Alek Manoah,10028,2025-07-29,2025,BAL,CHC,18,8.7,40,9,4,1,1.0,7,2025_10028_23
Alek Manoah,10028,2025-08-06,2025,BAL,LAA,12,9.0,37,10,3,1,1.0,8,2025_10028_24
Alek Manoah,10028,2025-08-21,2025,BAL,ATL,10,8.3,34,9,2,1,1.0,15,2025_10028_25
Alek Manoah,10028,2025-08-31,2025,BAL,NYM,7,5.7,24,7,2,1,1.0,10,2025_10028_26
Alek Manoah,10028,2025-09-03,2025,BAL,ATL,11,6.0,32,7,3,0,1.02,3,2025_10028_27
Alek Manoah,10028,2025-09-11,2025,BAL,KCR,12,8.0,31,9,2,1,1.0,8,2025_10028_28
Alek Manoah,10028,2025-09-23,2025,BAL,COL,16,9.0,44,9,2,0,0.92,12,2025_10028_29
Alek Manoah,10028,2025-09-26,2025,BAL,DET,7,7.0,35,9,3,0,1.0,3,2025_10028_30
Nestor Cortes,10029,2025-03-29,2025,ARI,TEX,4,6.3,29,5,1,1,1.03,5,2025_10029_0
Nestor Cortes,10029,2025-03-30,2025,ARI,OAK,14,7.3,31,9,1,1,1.03,1,2025_10029_1
Nestor Cortes,10029,2025-04-06,2025,ARI,MIA,8,6.0,27,9,2,0,0.98,7,2025_10029_2
Nestor Cortes,10029,2025-04-15,2025,ARI,DET,6,6.3,29,4,3,1,1.03,9,2025_10029_3
Nestor Cortes,10029,2025-04-25,2025,ARI,HOU,7,5.7,22,6,2,1,1.03,10,2025_10029_4
Nestor Cortes,10029,2025-04-30,2025,ARI,TOR,9,8.0,34,9,3,1,1.03,5,2025_10029_5
Nestor Cortes,10029,2025-05-02,2025,ARI,BOS,12,6.0,25,6,2,1,1.03,2,2025_10029_6
Nestor Cortes,10029,2025-05-08,2025,ARI,KCR,4,6.7,28,6,1,0,0.96,6,2025_10029_7
Nestor Cortes,10029,2025-06-17,2025,ARI,CHW,8,5.3,25,5,1,0,0.99,30,2025_10029_8
Nestor Cortes,10029,2025-06-24,2025,ARI,ATL,7,3.7,16,4,2,0,1.02,7,2025_10029_9
Nestor Cortes,10029,2025-06-25,2025,ARI,NYY,3,6.3,25,6,4,1,1.03,1,2025_10029_10
Nestor Cortes,10029,2025-06-28,2025,ARI,NYY,5,6.3,31,4,2,0,0.99,3,2025_10029_11
Nestor Cortes,10029,2025-07-05,2025,ARI,SDP,6,6.3,25,4,1,0,1.08,7,2025_10029_12
Nestor Cortes,10029,2025-07-16,2025,ARI,PHI,3,5.3,21,5,2,1,1.03,11,2025_10029_13
Nestor Cortes,10029,2025-07-21,2025,ARI,SEA,7,5.7,21,6,1,1,1.03,5,2025_10029_14
Nestor Cortes,10029,2025-07-22,2025,ARI,SDP,0,3.0,12,0,1,0,1.08,1,2025_10029_15
Nestor Cortes,10029,2025-07-23,2025,ARI,BAL,3,6.7,30,8,2,1,1.03,1,2025_10029_16
Nestor Cortes,10029,2025-07-27,2025,ARI,CHW,7,5.7,27,9,3,0,0.99,4,2025_10029_17
Nestor Cortes,10029,2025-07-28,2025,ARI,MIA,7,6.0,27,8,2,1,1.03,1,2025_10029_18
Nestor Cortes,10029,2025-08-11,2025,ARI,WSN,9,6.3,27,5,2,0,1.01,14,2025_10029_19
Nestor Cortes,10029,2025-08-19,2025,ARI,LAA,3,6.7,26,4,2,0,0.99,8,2025_10029_20
Nestor Cortes,10029,2025-09-07,2025,ARI,DET,18,8.0,33,8,3,1,1.03,19,2025_10029_21
Nestor Cortes,10029,2025-09-14,2025,ARI,MIA,10,8.7,34,9,3,0,0.98,7,2025_10029_22
Nestor Cortes,10029,2025-09-20,2025,ARI,SFG,2,5.3,28,5,0,0,1.03,6,2025_10029_23
Nestor Cortes,10029,2025-09-22,2025,ARI,CIN,5,4.3,20,5,0,0,1.0,2,2025_10029_24
Nestor Cortes,10029,2025-09-29,2025,ARI,STL,6,7.0,29,9,3,1,1.03,7,2025_10029_25
Julio Urias,10030,2025-04-10,2025,ATL,CHW,2,5.3,22,3,2,0,0.99,5,2025_10030_0
Julio Urias,10030,2025-04-15,2025,ATL,PIT,4,5.0,22,4,2,0,1.0,5,2025_10030_1
Julio Urias,10030,2025-04-26,2025,ATL,MIL,4,5.3,19,5,2,1,1.02,11,2025_10030_2
Julio Urias,10030,2025-05-06,2025,ATL,COL,2,3.0,13,2,2,0,0.92,10,2025_10030_3
Julio Urias,10030,2025-05-28,2025,ATL,STL,3,4.7,23,6,1,1,1.02,22,2025_10030_4
Julio Urias,10030,2025-05-29,2025,ATL,HOU,4,4.3,20,4,0,0,1.02,1,2025_10030_5
Julio Urias,10030,2025-05-31,2025,ATL,TBR,8,6.3,23,7,4,0,1.05,2,2025_10030_6
Julio Urias,10030,2025-06-05,2025,ATL,WSN,3,3.7,18,4,1,0,1.01,5,2025_10030_7
Julio Urias,10030,2025-06-16,2025,ATL,PIT,3,6.3,25,5,3,1,1.02,11,2025_10030_8
Julio Urias,10030,2025-06-24,2025,ATL,OAK,5,4.0,20,4,1,0,1.0,8,2025_10030_9
Julio Urias,10030,2025-06-29,2025,ATL,ARI,0,4.0,15,6,2,1,1.02,5,2025_10030_10
Julio Urias,10030,2025-07-11,2025,ATL,SEA,6,4.7,18,5,2,0,1.04,12,2025_10030_11
Julio Urias,10030,2025-07-26,2025,ATL,TBR,7,3.0,12,5,2,0,1.05,15,2025_10030_12
Julio Urias,10030,2025-07-28,2025,ATL,CHC,1,4.7,21,5,2,1,1.02,2,2025_10030_13
Julio Urias,10030,2025-07-30,2025,ATL,ARI,2,4.7,21,5,2,1,1.02,2,2025_10030_14
Julio Urias,10030,2025-08-03,2025,ATL,CLE,5,4.3,20,3,1,0,1.04,4,2025_10030_15
Julio Urias,10030,2025-09-02,2025,ATL,CHC,3,4.0,14,3,1,1,1.02,30,2025_10030_16
Julio Urias,10030,2025-09-07,2025,ATL,STL,2,3.7,17,3,1,1,1.02,5,2025_10030_17
Julio Urias,10030,2025-09-11,2025,ATL,PHI,6,4.3,20,3,1,0,1.01,4,2025_10030_18
Julio Urias,10030,2025-09-27,2025,ATL,SEA,3,4.0,17,5,1,0,1.04,16,2025_10030_19
Joe Musgrove,10031,2025-04-29,2025,ATL,MIL,2,3.3,14,2,1,0,1.05,5,2025_10031_0
Joe Musgrove,10031,2025-07-05,2025,ATL,CLE,5,4.7,20,4,2,0,1.04,30,2025_10031_1
Joe Musgrove,10031,2025-08-18,2025,ATL,MIA,0,5.0,26,5,1,0,0.98,30,2025_10031_2
Joe Musgrove,10031,2025-09-13,2025,ATL,TEX,2,4.0,15,4,1,0,0.99,26,2025_10031_3
Joe Musgrove,10031,2025-09-21,2025,ATL,KCR,4,3.0,10,3,1,0,0.96,8,2025_10031_4
Lance McCullers,10032,2025-03-28,2025,MIN,WSN,5,4.7,23,5,1,0,1.01,5,2025_10032_0
Lance McCullers,10032,2025-04-02,2025,MIN,MIA,3,5.0,21,4,1,0,0.98,5,2025_10032_1
Lance McCullers,10032,2025-04-07,2025,MIN,OAK,4,6.0,28,9,0,0,1.0,5,2025_10032_2
Lance McCullers,10032,2025-04-08,2025,MIN,OAK,3,6.3,26,9,2,0,1.0,1,2025_10032_3
Lance McCullers,10032,2025-04-11,2025,MIN,CLE,7,5.0,21,4,1,1,1.0,3,2025_10032_4
Lance McCullers,10032,2025-04-23,2025,MIN,ARI,6,6.0,27,4,2,0,1.03,12,2025_10032_5
Lance McCullers,10032,2025-05-03,2025,MIN,LAD,1,5.0,22,5,1,0,1.03,10,2025_10032_6
Lance McCullers,10032,2025-05-05,2025,MIN,CLE,3,3.0,16,4,0,1,1.0,2,2025_10032_7
Lance McCullers,10032,2025-05-11,2025,MIN,SDP,1,3.3,14,3,0,0,1.08,6,2025_10032_8
Lance McCullers,10032,2025-05-12,2025,MIN,PHI,4,6.0,25,6,3,1,1.0,1,2025_10032_9
Lance McCullers,10032,2025-05-13,2025,MIN,OAK,7,8.3,36,9,4,0,1.0,1,2025_10032_10
Lance McCullers,10032,2025-05-27,2025,MIN,LAD,13,5.7,22,4,2,0,1.03,14,2025_10032_11
Lance McCullers,10032,2025-05-29,2025,MIN,STL,7,6.7,32,4,4,0,1.0,2,2025_10032_12
Lance McCullers,10032,2025-06-08,2025,MIN,WSN,8,4.3,15,6,2,0,1.01,10,2025_10032_13
Lance McCullers,10032,2025-06-15,2025,MIN,CHC,10,5.3,21,5,0,1,1.0,7,2025_10032_14
Lance McCullers,10032,2025-06-18,2025,MIN,MIL,3,3.0,10,4,0,1,1.0,3,2025_10032_15
Lance McCullers,10032,2025-06-24,2025,MIN,MIA,5,5.7,24,5,1,0,0.98,6,2025_10032_16
Lance McCullers,10032,2025-06-27,2025,MIN,BOS,4,6.0,23,7,2,1,1.0,3,2025_10032_17
Lance McCullers,10032,2025-07-01,2025,MIN,TOR,2,4.7,18,4,2,0,1.0,4,2025_10032_18
Lance McCullers,10032,2025-07-05,2025,MIN,CHC,10,6.3,27,8,1,0,0.97,4,2025_10032_19
Lance McCullers,10032,2025-07-19,2025,MIN,KCR,7,4.3,18,2,1,0,0.96,14,2025_10032_20
Lance McCullers,10032,2025-07-20,2025,MIN,SDP,4,5.0,22,5,1,1,1.0,1,2025_10032_21
Lance McCullers,10032,2025-08-08,2025,MIN,LAD,8,7.3,27,8,1,1,1.0,19,2025_10032_22
Lance McCullers,10032,2025-08-12,2025,MIN,STL,4,4.3,16,3,0,0,1.0,4,2025_10032_23
Lance McCullers,10032,2025-08-15,2025,MIN,SDP,9,5.3,23,4,1,0,1.08,3,2025_10032_24
Lance McCullers,10032,2025-08-20,2025,MIN,ARI,8,5.7,22,7,1,1,1.0,5,2025_10032_25
Lance McCullers,10032,2025-09-03,2025,MIN,PHI,2,3.3,19,4,2,0,1.01,14,2025_10032_26
Lance McCullers,10032,2025-09-06,2025,MIN,TBR,4,4.7,16,3,1,1,1.0,3,2025_10032_27
Lance McCullers,10032,2025-09-16,2025,MIN,HOU,3,3.0,16,2,2,0,1.02,10,2025_10032_28
Lance McCullers,10032,2025-09-21,2025,MIN,KCR,4,6.0,25,5,2,0,0.96,5,2025_10032_29
Lance McCullers,10032,2025-09-27,2025,MIN,COL,4,6.3,28,7,2,0,0.92,6,2025_10032_30
Marcus Stroman,10033,2025-04-14,2025,PIT,HOU,1,5.0,24,2,2,0,1.02,5,2025_10033_0
Marcus Stroman,10033,2025-04-15,2025,PIT,TEX,3,4.0,16,1,2,0,0.99,1,2025_10033_1
Marcus Stroman,10033,2025-04-19,2025,PIT,CHC,7,5.7,23,5,0,0,0.97,4,2025_10033_2
Marcus Stroman,10033,2025-04-25,2025,PIT,SDP,3,6.3,24,4,2,1,1.0,6,2025_10033_3
Marcus Stroman,10033,2025-04-26,2025,PIT,HOU,5,5.0,22,2,0,1,1.0,1,2025_10033_4
Marcus Stroman,10033,2025-05-06,2025,PIT,BAL,4,4.3,21,7,2,0,1.0,10,2025_10033_5
Marcus Stroman,10033,2025-05-21,2025,PIT,LAA,6,6.3,27,5,1,0,0.99,15,2025_10033_6
Marcus Stroman,10033,2025-05-22,2025,PIT,SEA,6,7.0,31,4,2,1,1.0,1,2025_10033_7
Marcus Stroman,10033,2025-05-24,2025,PIT,CHC,1,3.7,14,0,2,1,1.0,2,2025_10033_8
Marcus Stroman,10033,2025-05-25,2025,PIT,LAA,3,5.0,24,2,0,1,1.0,1,2025_10033_9
Marcus Stroman,10033,2025-05-28,2025,PIT,TOR,2,3.7,12,5,1,0,1.0,3,2025_10033_10
Marcus Stroman,10033,2025-06-06,2025,PIT,DET,5,5.7,26,7,1,1,1.0,9,2025_10033_11
Marcus Stroman,10033,2025-06-11,2025,PIT,MIN,4,4.7,18,4,1,1,1.0,5,2025_10033_12
Marcus Stroman,10033,2025-06-17,2025,PIT,COL,4,6.3,27,7,2,1,1.0,6,2025_10033_13
Marcus Stroman,10033,2025-06-22,2025,PIT,TEX,5,4.0,17,5,1,0,0.99,5,2025_10033_14
Marcus Stroman,10033,2025-07-06,2025,PIT,DET,1,4.7,18,6,2,1,1.0,14,2025_10033_15
Marcus Stroman,10033,2025-07-14,2025,PIT,DET,1,5.7,28,4,2,1,1.0,8,2025_10033_16
Marcus Stroman,10033,2025-07-17,2025,PIT,LAA,6,5.3,24,5,2,0,0.99,3,2025_10033_17
Marcus Stroman,10033,2025-07-22,2025,PIT,NYM,2,6.0,21,8,1,0,1.06,5,2025_10033_18
Marcus Stroman,10033,2025-08-02,2025,PIT,TEX,1,3.0,15,2,0,1,1.0,11,2025_10033_19
Marcus Stroman,10033,2025-08-28,2025,PIT,SDP,1,3.0,12,2,1,0,1.08,26,2025_10033_20
Marcus Stroman,10033,2025-09-01,2025,PIT,CHC,5,4.3,15,7,1,1,1.0,4,2025_10033_21
Marcus Stroman,10033,2025-09-04,2025,PIT,LAA,0,5.0,18,7,2,1,1.0,3,2025_10033_22
Marcus Stroman,10033,2025-09-05,2025,PIT,BAL,0,5.0,22,5,4,1,1.0,1,2025_10033_23
Marcus Stroman,10033,2025-09-07,2025,PIT,BOS,4,5.3,20,6,2,1,1.0,2,2025_10033_24
Marcus Stroman,10033,2025-09-11,2025,PIT,MIA,4,4.7,21,7,2,0,0.98,4,2025_10033_25
Marcus Stroman,10033,2025-09-19,2025,PIT,MIN,1,5.0,20,4,2,0,1.0,8,2025_10033_26
Jose Berrios,10034,2025-04-04,2025,BOS,DET,8,5.3,19,6,1,1,0.98,5,2025_10034_0
Jose Berrios,10034,2025-04-10,2025,BOS,PIT,7,4.3,18,2,1,0,1.0,6,2025_10034_1
Jose Berrios,10034,2025-04-17,2025,BOS,SEA,3,6.7,30,6,2,0,1.04,7,2025_10034_2
Jose Berrios,10034,2025-04-30,2025,BOS,KCR,1,6.7,26,7,3,0,0.96,13,2025_10034_3
Jose Berrios,10034,2025-05-04,2025,BOS,BAL,3,3.7,13,3,1,0,1.0,4,2025_10034_4
Jose Berrios,10034,2025-05-05,2025,BOS,COL,3,5.3,18,5,2,0,0.92,1,2025_10034_5
Jose Berrios,10034,2025-05-24,2025,BOS,ATL,7,6.3,24,7,2,0,1.02,19,2025_10034_6
Jose Berrios,10034,2025-05-25,2025,BOS,LAD,2,6.3,24,6,2,0,1.03,1,2025_10034_7
Jose Berrios,10034,2025-06-03,2025,BOS,LAD,4,5.0,24,3,1,1,0.98,9,2025_10034_8
Jose Berrios,10034,2025-06-06,2025,BOS,TOR,5,6.7,28,7,1,1,0.98,3,2025_10034_9
Jose Berrios,10034,2025-06-08,2025,BOS,PIT,3,6.7,30,6,3,1,0.98,2,2025_10034_10
Jose Berrios,10034,2025-06-17,2025,BOS,TEX,2,5.0,23,4,2,0,0.99,9,2025_10034_11
Jose Berrios,10034,2025-06-18,2025,BOS,ATL,4,5.7,25,6,3,0,1.02,1,2025_10034_12
Jose Berrios,10034,2025-07-01,2025,BOS,ATL,5,5.3,23,4,2,0,1.02,13,2025_10034_13
Jose Berrios,10034,2025-08-02,2025,BOS,ATL,7,6.7,29,7,1,0,1.02,30,2025_10034_14
Jose Berrios,10034,2025-08-04,2025,BOS,MIL,9,6.3,27,6,4,0,1.05,2,2025_10034_15
Jose Berrios,10034,2025-08-16,2025,BOS,DET,1,5.0,23,7,2,0,1.0,12,2025_10034_16
Jose Berrios,10034,2025-08-20,2025,BOS,SEA,5,8.0,33,10,3,1,0.98,4,2025_10034_17
Jose Berrios,10034,2025-08-25,2025,BOS,TEX,10,6.3,25,8,3,0,0.99,5,2025_10034_18
Jose Berrios,10034,2025-09-02,2025,BOS,COL,6,5.7,27,6,3,0,0.92,8,2025_10034_19
Jose Berrios,10034,2025-09-11,2025,BOS,DET,3,6.0,29,7,3,1,0.98,9,2025_10034_20
Jose Berrios,10034,2025-09-21,2025,BOS,LAD,3,3.7,14,4,0,0,1.03,10,2025_10034_21
Charlie Morton,10036,2025-03-29,2025,NYM,PIT,3,5.0,19,5,1,1,1.06,5,2025_10036_0
Charlie Morton,10036,2025-04-03,2025,NYM,DET,2,5.3,25,5,2,0,1.0,5,2025_10036_1
Charlie Morton,10036,2025-04-06,2025,NYM,MIN,4,6.0,21,7,2,0,1.0,3,2025_10036_2
Charlie Morton,10036,2025-04-11,2025,NYM,BOS,4,7.3,32,7,3,0,0.98,5,2025_10036_3
Charlie Morton,10036,2025-04-26,2025,NYM,PIT,4,3.3,14,3,2,1,1.06,15,2025_10036_4
Charlie Morton,10036,2025-05-06,2025,NYM,TEX,4,3.7,16,4,2,0,0.99,10,2025_10036_5
Charlie Morton,10036,2025-05-07,2025,NYM,PHI,4,4.0,16,4,1,0,1.01,1,2025_10036_6
Charlie Morton,10036,2025-05-09,2025,NYM,CIN,4,5.0,23,4,3,0,1.0,2,2025_10036_7
Charlie Morton,10036,2025-05-17,2025,NYM,CLE,8,6.0,25,6,2,0,1.04,8,2025_10036_8
Charlie Morton,10036,2025-05-25,2025,NYM,SFG,2,5.3,25,8,1,1,1.06,8,2025_10036_9
Charlie Morton,10036,2025-05-27,2025,NYM,PIT,3,3.7,20,2,1,0,1.0,2,2025_10036_10
Charlie Morton,10036,2025-05-29,2025,NYM,MIN,6,4.0,16,4,1,1,1.06,2,2025_10036_11
Charlie Morton,10036,2025-05-30,2025,NYM,PIT,3,4.3,15,5,1,1,1.06,1,2025_10036_12
Charlie Morton,10036,2025-06-24,2025,NYM,MIA,5,3.0,10,3,0,0,0.98,25,2025_10036_13
Charlie Morton,10036,2025-07-02,2025,NYM,ARI,9,5.3,23,6,1,0,1.03,8,2025_10036_14
Charlie Morton,10036,2025-07-03,2025,NYM,PHI,3,6.0,27,5,2,1,1.06,1,2025_10036_15
Charlie Morton,10036,2025-07-11,2025,NYM,KCR,8,5.7,26,4,3,1,1.06,8,2025_10036_16
Charlie Morton,10036,2025-07-12,2025,NYM,TBR,6,5.7,26,8,2,1,1.06,1,2025_10036_17
Charlie Morton,10036,2025-07-14,2025,NYM,TOR,6,5.0,19,5,1,1,1.06,2,2025_10036_18
Charlie Morton,10036,2025-07-16,2025,NYM,SFG,1,4.3,18,3,2,0,1.03,2,2025_10036_19
Charlie Morton,10036,2025-07-20,2025,NYM,HOU,7,4.7,22,4,0,1,1.06,4,2025_10036_20
Charlie Morton,10036,2025-08-13,2025,NYM,MIN,3,4.0,14,4,0,1,1.06,24,2025_10036_21
Charlie Morton,10036,2025-08-17,2025,NYM,CHW,3,5.0,20,5,2,0,0.99,4,2025_10036_22
Charlie Morton,10036,2025-08-27,2025,NYM,LAA,1,4.7,24,2,2,0,0.99,10,2025_10036_23
Charlie Morton,10036,2025-08-28,2025,NYM,WSN,5,4.0,15,2,0,1,1.06,1,2025_10036_24
Charlie Morton,10036,2025-09-05,2025,NYM,CHC,3,4.0,16,2,2,0,0.97,8,2025_10036_25
Charlie Morton,10036,2025-09-13,2025,NYM,OAK,0,3.7,12,2,1,0,1.0,8,2025_10036_26
Charlie Morton,10036,2025-09-16,2025,NYM,PIT,1,3.3,11,3,0,0,1.0,3,2025_10036_27
Charlie Morton,10036,2025-09-24,2025,NYM,CHW,3,6.0,26,5,1,0,0.99,8,2025_10036_28
Charlie Morton,10036,2025-09-26,2025,NYM,STL,2,5.0,24,7,1,1,1.06,2,2025_10036_29
Kyle Wright,10037,2025-03-31,2025,CHC,TOR,6,4.3,19,2,0,0,1.0,5,2025_10037_0
Kyle Wright,10037,2025-05-07,2025,CHC,ATL,8,6.0,22,4,1,1,0.97,30,2025_10037_1
Kyle Wright,10037,2025-05-11,2025,CHC,MIN,10,5.7,21,6,3,1,0.97,4,2025_10037_2
Kyle Wright,10037,2025-05-17,2025,CHC,LAA,6,7.0,32,8,3,1,0.97,6,2025_10037_3
Kyle Wright,10037,2025-05-25,2025,CHC,ATL,5,8.3,33,9,3,1,0.97,8,2025_10037_4
Kyle Wright,10037,2025-05-26,2025,CHC,MIN,7,5.3,27,6,1,0,1.0,1,2025_10037_5
Kyle Wright,10037,2025-05-28,2025,CHC,MIA,3,6.3,24,9,1,0,0.98,2,2025_10037_6
Kyle Wright,10037,2025-06-02,2025,CHC,MIL,7,5.3,23,5,2,0,1.05,5,2025_10037_7
Kyle Wright,10037,2025-06-26,2025,CHC,NYY,10,6.7,24,8,2,0,0.99,24,2025_10037_8
Kyle Wright,10037,2025-07-01,2025,CHC,DET,11,5.0,21,6,4,0,1.0,5,2025_10037_9
Kyle Wright,10037,2025-07-03,2025,CHC,ARI,3,3.7,16,5,1,0,1.03,2,2025_10037_10
Kyle Wright,10037,2025-07-04,2025,CHC,NYM,5,6.3,31,6,1,0,1.06,1,2025_10037_11
Kyle Wright,10037,2025-07-09,2025,CHC,OAK,9,5.0,19,4,1,1,0.97,5,2025_10037_12
Kyle Wright,10037,2025-07-13,2025,CHC,PHI,10,8.0,32,8,4,1,0.97,4,2025_10037_13
Kyle Wright,10037,2025-07-16,2025,CHC,TBR,7,5.0,26,5,0,0,1.05,3,2025_10037_14
Kyle Wright,10037,2025-07-18,2025,CHC,SDP,2,4.7,19,4,1,1,0.97,2,2025_10037_15
Kyle Wright,10037,2025-07-25,2025,CHC,WSN,3,5.3,23,6,1,1,0.97,7,2025_10037_16
Kyle Wright,10037,2025-07-30,2025,CHC,NYM,4,4.3,15,6,2,1,0.97,5,2025_10037_17
Kyle Wright,10037,2025-08-03,2025,CHC,OAK,9,5.3,19,5,2,0,1.0,4,2025_10037_18
Kyle Wright,10037,2025-08-06,2025,CHC,SEA,6,5.0,23,4,2,0,1.04,3,2025_10037_19
Kyle Wright,10037,2025-08-09,2025,CHC,KCR,7,7.0,26,7,2,1,0.97,3,2025_10037_20
Kyle Wright,10037,2025-08-10,2025,CHC,PIT,8,6.0,27,6,1,0,1.0,1,2025_10037_21
Kyle Wright,10037,2025-08-21,2025,CHC,CIN,5,5.3,24,6,1,0,1.0,11,2025_10037_22
Kyle Wright,10037,2025-08-29,2025,CHC,LAD,7,5.0,18,5,2,1,0.97,8,2025_10037_23
Kyle Wright,10037,2025-09-01,2025,CHC,BOS,9,5.7,23,7,3,0,0.98,3,2025_10037_24
Kyle Wright,10037,2025-09-05,2025,CHC,OAK,9,7.3,32,8,3,0,1.0,4,2025_10037_25
Kyle Wright,10037,2025-09-09,2025,CHC,SEA,7,7.7,35,5,3,1,0.97,4,2025_10037_26
Kyle Wright,10037,2025-09-12,2025,CHC,CLE,4,7.7,33,6,2,0,1.04,3,2025_10037_27
Kyle Wright,10037,2025-09-16,2025,CHC,BAL,6,4.3,24,5,2,0,1.0,4,2025_10037_28
Kyle Wright,10037,2025-09-22,2025,CHC,COL,2,5.3,22,5,2,0,0.92,6,2025_10037_29
Cristian Javier,10038,2025-03-31,2025,TBR,ATL,2,4.3,23,5,1,1,1.05,5,2025_10038_0
Cristian Javier,10038,2025-04-01,2025,TBR,BAL,7,5.3,27,6,3,0,1.0,1,2025_10038_1
Cristian Javier,10038,2025-04-08,2025,TBR,MIA,6,6.0,27,7,2,0,0.98,7,2025_10038_2
Cristian Javier,10038,2025-04-12,2025,TBR,CLE,6,4.7,18,4,1,1,1.05,4,2025_10038_3
Cristian Javier,10038,2025-04-17,2025,TBR,NYM,3,3.0,10,7,1,1,1.05,5,2025_10038_4
Cristian Javier,10038,2025-04-19,2025,TBR,LAD,5,4.7,19,6,1,1,1.05,2,2025_10038_5
Cristian Javier,10038,2025-04-23,2025,TBR,WSN,2,4.3,15,7,0,0,1.01,4,2025_10038_6
Cristian Javier,10038,2025-05-01,2025,TBR,NYM,2,3.0,10,0,0,0,1.06,8,2025_10038_7
Cristian Javier,10038,2025-05-09,2025,TBR,PHI,10,3.3,14,3,1,0,1.01,8,2025_10038_8
Cristian Javier,10038,2025-05-12,2025,TBR,MIA,5,4.7,19,5,1,0,0.98,3,2025_10038_9
Cristian Javier,10038,2025-05-13,2025,TBR,COL,7,5.0,20,2,1,0,0.92,1,2025_10038_10
Cristian Javier,10038,2025-05-27,2025,TBR,COL,3,5.0,20,7,2,1,1.05,14,2025_10038_11
Cristian Javier,10038,2025-06-04,2025,TBR,CHW,4,3.3,12,1,1,0,0.99,8,2025_10038_12
Cristian Javier,10038,2025-06-08,2025,TBR,LAD,6,5.3,24,4,2,0,1.03,4,2025_10038_13
Cristian Javier,10038,2025-06-13,2025,TBR,PHI,5,6.3,25,9,2,1,1.05,5,2025_10038_14
Cristian Javier,10038,2025-06-16,2025,TBR,KCR,5,5.0,18,7,2,0,0.96,3,2025_10038_15
Cristian Javier,10038,2025-06-20,2025,TBR,NYM,4,3.3,23,3,0,1,1.05,4,2025_10038_16
Cristian Javier,10038,2025-06-21,2025,TBR,HOU,11,6.7,25,7,3,0,1.02,1,2025_10038_17
Cristian Javier,10038,2025-07-08,2025,TBR,MIA,0,3.0,15,4,1,1,1.05,17,2025_10038_18
Cristian Javier,10038,2025-07-16,2025,TBR,CLE,1,3.0,16,5,1,0,1.04,8,2025_10038_19
Cristian Javier,10038,2025-07-18,2025,TBR,SFG,1,4.7,20,4,2,1,1.05,2,2025_10038_20
Cristian Javier,10038,2025-08-07,2025,TBR,ATL,5,4.0,20,6,1,1,1.05,20,2025_10038_21
Cristian Javier,10038,2025-08-08,2025,TBR,BOS,5,5.3,22,8,2,1,1.05,1,2025_10038_22
Cristian Javier,10038,2025-09-01,2025,TBR,CHW,4,5.7,25,7,1,0,0.99,24,2025_10038_23
Cristian Javier,10038,2025-09-02,2025,TBR,LAA,7,4.3,20,3,1,1,1.05,1,2025_10038_24
Cristian Javier,10038,2025-09-04,2025,TBR,PIT,7,5.7,25,4,2,1,1.05,2,2025_10038_25
Cristian Javier,10038,2025-09-12,2025,TBR,MIN,3,4.3,18,3,1,0,1.0,8,2025_10038_26
Cristian Javier,10038,2025-09-15,2025,TBR,MIL,7,6.7,29,4,3,0,1.05,3,2025_10038_27
Cristian Javier,10038,2025-09-16,2025,TBR,PHI,8,4.7,19,4,2,0,1.01,1,2025_10038_28
George Kirby,10039,2025-03-31,2025,LAA,MIN,3,4.7,17,6,2,0,1.0,5,2025_10039_0
George Kirby,10039,2025-04-03,2025,LAA,MIL,7,4.7,21,5,1,0,1.05,3,2025_10039_1
George Kirby,10039,2025-04-20,2025,LAA,TEX,5,6.3,26,6,2,0,0.99,17,2025_10039_2
George Kirby,10039,2025-04-21,2025,LAA,STL,1,3.0,11,2,1,1,0.99,1,2025_10039_3
George Kirby,10039,2025-04-24,2025,LAA,OAK,5,4.0,16,3,0,0,1.0,3,2025_10039_4
George Kirby,10039,2025-05-13,2025,LAA,TOR,2,3.0,10,6,0,0,1.0,19,2025_10039_5
George Kirby,10039,2025-05-25,2025,LAA,CHW,3,3.0,12,2,2,0,0.99,12,2025_10039_6
George Kirby,10039,2025-05-28,2025,LAA,HOU,0,3.0,11,1,1,1,0.99,3,2025_10039_7
George Kirby,10039,2025-06-03,2025,LAA,WSN,6,4.7,17,4,2,1,0.99,6,2025_10039_8
George Kirby,10039,2025-06-17,2025,LAA,SDP,6,5.0,19,6,2,1,0.99,14,2025_10039_9
George Kirby,10039,2025-06-24,2025,LAA,WSN,4,5.0,19,5,2,1,0.99,7,2025_10039_10
George Kirby,10039,2025-07-02,2025,LAA,ARI,1,3.3,11,2,0,1,0.99,8,2025_10039_11
George Kirby,10039,2025-07-06,2025,LAA,MIA,3,3.0,13,1,1,1,0.99,4,2025_10039_12
George Kirby,10039,2025-07-10,2025,LAA,STL,7,3.0,10,5,0,1,0.99,4,2025_10039_13
George Kirby,10039,2025-07-17,2025,LAA,MIL,5,4.0,15,6,1,0,1.05,7,2025_10039_14
George Kirby,10039,2025-07-23,2025,LAA,TEX,4,3.7,15,6,0,0,0.99,6,2025_10039_15
George Kirby,10039,2025-07-31,2025,LAA,MIL,4,6.3,27,4,3,0,1.05,8,2025_10039_16
George Kirby,10039,2025-08-11,2025,LAA,CHW,5,4.7,16,5,2,1,0.99,11,2025_10039_17
George Kirby,10039,2025-08-29,2025,LAA,DET,3,3.7,15,3,2,0,1.0,18,2025_10039_18
George Kirby,10039,2025-09-05,2025,LAA,PIT,8,3.3,12,4,2,0,1.0,7,2025_10039_19
George Kirby,10039,2025-09-06,2025,LAA,CLE,1,3.7,12,3,1,0,1.04,1,2025_10039_20
George Kirby,10039,2025-09-07,2025,LAA,CLE,3,4.3,15,7,1,1,0.99,1,2025_10039_21
George Kirby,10039,2025-09-15,2025,LAA,TBR,1,3.0,15,1,0,1,0.99,8,2025_10039_22
Bryce Miller,10040,2025-04-01,2025,TBR,ARI,7,7.0,28,7,4,0,1.03,5,2025_10040_0
Bryce Miller,10040,2025-04-03,2025,TBR,BAL,2,5.3,23,6,3,1,1.05,2,2025_10040_1
Bryce Miller,10040,2025-04-04,2025,TBR,TOR,6,5.7,24,4,2,1,1.05,1,2025_10040_2
Bryce Miller,10040,2025-04-17,2025,TBR,OAK,2,5.3,22,5,1,1,1.05,13,2025_10040_3
Bryce Miller,10040,2025-04-19,2025,TBR,MIA,4,5.7,27,5,2,0,0.98,2,2025_10040_4
Bryce Miller,10040,2025-04-21,2025,TBR,KCR,3,6.0,27,7,2,0,0.96,2,2025_10040_5
Bryce Miller,10040,2025-05-01,2025,TBR,COL,6,8.0,34,9,2,0,0.92,10,2025_10040_6
Bryce Miller,10040,2025-05-06,2025,TBR,DET,7,5.3,21,8,2,1,1.05,5,2025_10040_7
Bryce Miller,10040,2025-05-07,2025,TBR,LAA,5,5.3,22,7,2,0,0.99,1,2025_10040_8
Bryce Miller,10040,2025-05-09,2025,TBR,MIA,2,4.3,17,2,1,0,0.98,2,2025_10040_9
Bryce Miller,10040,2025-05-13,2025,TBR,HOU,2,5.7,22,5,1,0,1.02,4,2025_10040_10
Bryce Miller,10040,2025-05-16,2025,TBR,CHC,11,5.3,18,8,2,1,1.05,3,2025_10040_11
Bryce Miller,10040,2025-05-23,2025,TBR,SFG,13,8.0,38,7,3,0,1.03,7,2025_10040_12
Bryce Miller,10040,2025-06-18,2025,TBR,KCR,4,4.3,19,5,1,1,1.05,26,2025_10040_13
Bryce Miller,10040,2025-06-22,2025,TBR,SEA,12,6.3,30,7,2,1,1.05,4,2025_10040_14
Bryce Miller,10040,2025-06-27,2025,TBR,CHW,6,7.3,29,8,1,0,0.99,5,2025_10040_15
Bryce Miller,10040,2025-06-29,2025,TBR,BOS,2,8.3,33,10,3,1,1.05,2,2025_10040_16
Bryce Miller,10040,2025-07-01,2025,TBR,TEX,4,5.3,28,6,4,0,0.99,2,2025_10040_17
Bryce Miller,10040,2025-07-07,2025,TBR,WSN,4,6.7,30,7,2,1,1.05,6,2025_10040_18
Bryce Miller,10040,2025-07-08,2025,TBR,KCR,8,5.7,24,8,1,1,1.05,1,2025_10040_19
Bryce Miller,10040,2025-07-09,2025,TBR,HOU,6,4.3,16,3,2,0,1.02,1,2025_10040_20
Bryce Miller,10040,2025-07-13,2025,TBR,ATL,5,7.0,35,8,2,0,1.02,4,2025_10040_21
Bryce Miller,10040,2025-07-15,2025,TBR,BAL,10,7.0,28,5,2,0,1.0,2,2025_10040_22
Bryce Miller,10040,2025-07-16,2025,TBR,NYY,5,4.3,23,4,2,1,1.05,1,2025_10040_23
Bryce Miller,10040,2025-07-20,2025,TBR,NYM,3,5.3,23,7,2,0,1.06,4,2025_10040_24
Bryce Miller,10040,2025-08-01,2025,TBR,STL,13,8.7,39,7,2,0,1.0,12,2025_10040_25
Bryce Miller,10040,2025-08-05,2025,TBR,PIT,4,6.7,27,6,3,0,1.0,4,2025_10040_26
Bryce Miller,10040,2025-08-16,2025,TBR,OAK,3,6.3,27,8,1,1,1.05,11,2025_10040_27
Bryce Miller,10040,2025-08-19,2025,TBR,ARI,2,8.7,37,13,2,0,1.03,3,2025_10040_28
Bryce Miller,10040,2025-08-26,2025,TBR,NYY,3,6.3,28,6,3,1,1.05,7,2025_10040_29
Bryce Miller,10040,2025-09-16,2025,TBR,CHC,3,4.7,18,4,1,1,1.05,21,2025_10040_30
Bryce Miller,10040,2025-09-29,2025,TBR,BAL,3,7.7,35,10,4,0,1.0,13,2025_10040_31
Seth Lugo,10041,2025-03-28,2025,CHC,MIA,4,4.0,18,3,1,0,0.98,5,2025_10041_0
Seth Lugo,10041,2025-04-12,2025,CHC,CLE,7,5.7,24,8,2,1,0.97,15,2025_10041_1
Seth Lugo,10041,2025-04-21,2025,CHC,MIA,3,5.3,18,7,2,1,0.97,9,2025_10041_2
Seth Lugo,10041,2025-04-26,2025,CHC,SDP,3,4.3,16,6,2,0,1.08,5,2025_10041_3
Seth Lugo,10041,2025-05-03,2025,CHC,TEX,4,4.7,17,2,1,1,0.97,7,2025_10041_4
Seth Lugo,10041,2025-05-06,2025,CHC,SFG,3,4.3,18,4,1,0,1.03,3,2025_10041_5
Seth Lugo,10041,2025-05-22,2025,CHC,HOU,9,4.7,21,5,1,1,0.97,16,2025_10041_6
Seth Lugo,10041,2025-05-29,2025,CHC,NYY,4,6.0,30,4,2,0,0.99,7,2025_10041_7
Seth Lugo,10041,2025-06-14,2025,CHC,OAK,3,4.0,15,1,2,1,0.97,16,2025_10041_8
Seth Lugo,10041,2025-06-16,2025,CHC,PIT,5,4.0,16,5,1,1,0.97,2,2025_10041_9
Seth Lugo,10041,2025-06-19,2025,CHC,ARI,3,4.7,22,4,2,1,0.97,3,2025_10041_10
Seth Lugo,10041,2025-06-29,2025,CHC,TEX,3,5.0,17,7,2,1,0.97,10,2025_10041_11
Seth Lugo,10041,2025-07-02,2025,CHC,LAA,8,7.3,30,9,3,0,0.99,3,2025_10041_12
Seth Lugo,10041,2025-07-07,2025,CHC,TEX,2,6.0,27,7,2,1,0.97,5,2025_10041_13
Seth Lugo,10041,2025-07-09,2025,CHC,PIT,2,4.3,21,5,1,1,0.97,2,2025_10041_14
Seth Lugo,10041,2025-07-13,2025,CHC,HOU,1,4.3,19,5,1,0,1.02,4,2025_10041_15
Seth Lugo,10041,2025-07-24,2025,CHC,PHI,1,4.0,18,4,0,1,0.97,11,2025_10041_16
Seth Lugo,10041,2025-07-29,2025,CHC,CHW,1,4.3,19,3,1,1,0.97,5,2025_10041_17
Seth Lugo,10041,2025-08-06,2025,CHC,MIA,7,6.0,27,5,1,0,0.98,8,2025_10041_18
Seth Lugo,10041,2025-08-23,2025,CHC,MIN,7,5.0,27,5,2,0,1.0,17,2025_10041_19
Seth Lugo,10041,2025-08-24,2025,CHC,TOR,8,7.0,25,4,3,1,0.97,1,2025_10041_20
Seth Lugo,10041,2025-09-07,2025,CHC,KCR,8,6.0,26,5,1,1,0.97,14,2025_10041_21
Seth Lugo,10041,2025-09-26,2025,CHC,PHI,6,3.7,20,4,1,0,1.01,19,2025_10041_22
Ranger Suarez,10042,2025-03-28,2025,CLE,SDP,7,5.7,29,10,2,1,1.04,5,2025_10042_0
Ranger Suarez,10042,2025-03-30,2025,CLE,ATL,1,4.3,21,5,2,0,1.02,2,2025_10042_1
Ranger Suarez,10042,2025-04-11,2025,CLE,CHC,3,6.0,25,6,2,0,0.97,12,2025_10042_2
Ranger Suarez,10042,2025-04-12,2025,CLE,SEA,4,3.7,14,3,0,1,1.04,1,2025_10042_3
Ranger Suarez,10042,2025-04-13,2025,CLE,LAA,5,5.0,21,5,1,1,1.04,1,2025_10042_4
Ranger Suarez,10042,2025-04-23,2025,CLE,TEX,2,5.3,27,7,2,1,1.04,10,2025_10042_5
Ranger Suarez,10042,2025-05-15,2025,CLE,COL,2,5.0,22,8,1,1,1.04,22,2025_10042_6
Ranger Suarez,10042,2025-05-23,2025,CLE,NYY,1,3.7,13,3,2,0,0.99,8,2025_10042_7
Ranger Suarez,10042,2025-07-02,2025,CLE,TOR,3,3.7,17,3,3,0,1.0,30,2025_10042_8
Ranger Suarez,10042,2025-07-12,2025,CLE,CHC,5,3.0,12,3,1,1,1.04,10,2025_10042_9
Ranger Suarez,10042,2025-07-14,2025,CLE,NYM,2,6.3,25,5,1,1,1.04,2,2025_10042_10
Ranger Suarez,10042,2025-07-20,2025,CLE,KCR,2,3.7,15,3,0,0,0.96,6,2025_10042_11
Ranger Suarez,10042,2025-07-23,2025,CLE,SEA,1,3.7,12,4,1,1,1.04,3,2025_10042_12
Ranger Suarez,10042,2025-07-24,2025,CLE,SEA,1,4.7,20,3,1,0,1.04,1,2025_10042_13
Ranger Suarez,10042,2025-07-25,2025,CLE,PIT,8,4.3,20,7,2,1,1.04,1,2025_10042_14
Ranger Suarez,10042,2025-07-28,2025,CLE,LAD,5,6.0,27,7,4,0,1.03,3,2025_10042_15
Ranger Suarez,10042,2025-08-03,2025,CLE,LAA,2,3.7,12,4,2,1,1.04,6,2025_10042_16
Ranger Suarez,10042,2025-08-12,2025,CLE,PHI,7,5.3,24,3,1,1,1.04,9,2025_10042_17
Ranger Suarez,10042,2025-08-19,2025,CLE,BAL,3,5.0,23,7,2,1,1.04,7,2025_10042_18
Ranger Suarez,10042,2025-08-30,2025,CLE,LAA,4,4.0,14,2,2,1,1.04,11,2025_10042_19
Ranger Suarez,10042,2025-09-06,2025,CLE,NYY,4,6.0,24,7,1,0,0.99,7,2025_10042_20
Ranger Suarez,10042,2025-09-13,2025,CLE,TBR,7,5.0,23,8,1,0,1.05,7,2025_10042_21
Ranger Suarez,10042,2025-09-14,2025,CLE,SEA,6,5.3,22,6,1,0,1.04,1,2025_10042_22
Tanner Houck,10043,2025-03-28,2025,KCR,NYM,4,6.3,28,8,2,0,1.06,5,2025_10043_0
Tanner Houck,10043,2025-03-30,2025,KCR,MIN,4,6.3,27,8,3,0,1.0,2,2025_10043_1
Tanner Houck,10043,2025-04-09,2025,KCR,BAL,5,6.3,27,7,3,0,1.0,10,2025_10043_2
Tanner Houck,10043,2025-04-11,2025,KCR,SFG,2,4.3,22,4,1,0,1.03,2,2025_10043_3
Tanner Houck,10043,2025-04-14,2025,KCR,NYY,4,4.0,14,2,0,1,0.96,3,2025_10043_4
Tanner Houck,10043,2025-04-27,2025,KCR,TEX,1,5.3,25,5,3,0,0.99,13,2025_10043_5
Tanner Houck,10043,2025-04-29,2025,KCR,TOR,4,5.0,22,4,2,1,0.96,2,2025_10043_6
Tanner Houck,10043,2025-05-07,2025,KCR,SEA,3,3.0,10,1,0,0,1.04,8,2025_10043_7
Tanner Houck,10043,2025-06-10,2025,KCR,MIN,8,8.7,32,9,2,1,0.96,30,2025_10043_8
Tanner Houck,10043,2025-06-19,2025,KCR,BAL,2,3.0,18,3,1,0,1.0,9,2025_10043_9
Tanner Houck,10043,2025-06-26,2025,KCR,NYY,1,4.7,16,6,1,1,0.96,7,2025_10043_10
Tanner Houck,10043,2025-07-02,2025,KCR,MIN,2,4.3,17,5,2,1,0.96,6,2025_10043_11
Tanner Houck,10043,2025-07-06,2025,KCR,TEX,7,5.3,22,5,3,1,0.96,4,2025_10043_12
Tanner Houck,10043,2025-07-21,2025,KCR,STL,1,4.0,16,2,2,1,0.96,15,2025_10043_13
Tanner Houck,10043,2025-07-24,2025,KCR,NYY,6,7.7,31,7,3,0,0.99,3,2025_10043_14
Tanner Houck,10043,2025-08-08,2025,KCR,MIL,1,4.3,25,5,3,1,0.96,15,2025_10043_15
Tanner Houck,10043,2025-08-10,2025,KCR,TOR,2,3.0,16,4,1,0,1.0,2,2025_10043_16
Tanner Houck,10043,2025-08-21,2025,KCR,TBR,2,4.3,19,3,1,0,1.05,11,2025_10043_17
Tanner Houck,10043,2025-08-22,2025,KCR,LAD,3,3.0,10,3,2,0,1.03,1,2025_10043_18
Tanner Houck,10043,2025-09-03,2025,KCR,CIN,1,4.3,17,3,1,1,0.96,12,2025_10043_19
Tanner Houck,10043,2025-09-04,2025,KCR,LAA,4,4.0,15,3,0,1,0.96,1,2025_10043_20
Tanner Houck,10043,2025-09-12,2025,KCR,ARI,1,5.0,23,4,2,0,1.03,8,2025_10043_21
Tanner Houck,10043,2025-09-20,2025,KCR,SFG,4,7.0,28,6,4,1,0.96,8,2025_10043_22
Tanner Houck,10043,2025-09-26,2025,KCR,BAL,2,6.0,29,5,1,1,0.96,6,2025_10043_23
Grayson Rodriguez,10044,2025-03-29,2025,PHI,TEX,4,6.0,26,5,3,0,0.99,5,2025_10044_0
Grayson Rodriguez,10044,2025-03-31,2025,PHI,STL,5,5.7,20,4,1,1,1.01,2,2025_10044_1
Grayson Rodriguez,10044,2025-04-08,2025,PHI,ARI,4,5.0,21,7,1,1,1.01,8,2025_10044_2
Grayson Rodriguez,10044,2025-04-25,2025,PHI,NYY,7,6.3,23,7,2,1,1.01,17,2025_10044_3
Grayson Rodriguez,10044,2025-05-07,2025,PHI,MIL,6,6.0,25,11,2,1,1.01,12,2025_10044_4
Grayson Rodriguez,10044,2025-05-19,2025,PHI,TOR,6,6.3,28,9,2,1,1.01,12,2025_10044_5
Grayson Rodriguez,10044,2025-05-24,2025,PHI,LAD,12,7.7,30,9,2,1,1.01,5,2025_10044_6
Grayson Rodriguez,10044,2025-05-29,2025,PHI,CLE,10,6.3,28,4,3,1,1.01,5,2025_10044_7
Grayson Rodriguez,10044,2025-06-25,2025,PHI,LAA,6,3.7,18,5,1,0,0.99,27,2025_10044_8
Grayson Rodriguez,10044,2025-06-28,2025,PHI,MIA,4,5.7,20,7,1,1,1.01,3,2025_10044_9
Grayson Rodriguez,10044,2025-07-07,2025,PHI,TBR,10,5.7,24,9,1,0,1.05,9,2025_10044_10
Grayson Rodriguez,10044,2025-07-11,2025,PHI,CHW,5,4.7,19,6,0,1,1.01,4,2025_10044_11
Grayson Rodriguez,10044,2025-07-12,2025,PHI,BOS,18,6.7,24,5,3,1,1.01,1,2025_10044_12
Grayson Rodriguez,10044,2025-07-15,2025,PHI,ARI,9,7.3,30,9,2,0,1.03,3,2025_10044_13
Grayson Rodriguez,10044,2025-07-20,2025,PHI,PIT,6,6.3,25,5,3,0,1.0,5,2025_10044_14
Grayson Rodriguez,10044,2025-07-21,2025,PHI,CLE,9,6.3,30,5,2,0,1.04,1,2025_10044_15
Grayson Rodriguez,10044,2025-07-23,2025,PHI,SDP,9,4.7,17,6,1,0,1.08,2,2025_10044_16
Grayson Rodriguez,10044,2025-07-25,2025,PHI,STL,2,7.0,28,10,2,1,1.01,2,2025_10044_17
Grayson Rodriguez,10044,2025-07-26,2025,PHI,MIA,6,4.0,21,4,2,0,0.98,1,2025_10044_18
Grayson Rodriguez,10044,2025-08-08,2025,PHI,TOR,5,7.3,32,7,3,1,1.01,13,2025_10044_19
Grayson Rodriguez,10044,2025-08-12,2025,PHI,MIN,11,5.3,23,6,2,1,1.01,4,2025_10044_20
Grayson Rodriguez,10044,2025-08-13,2025,PHI,TEX,8,7.3,33,12,2,0,0.99,1,2025_10044_21
Grayson Rodriguez,10044,2025-09-05,2025,PHI,SEA,9,7.0,30,7,3,1,1.01,23,2025_10044_22
Grayson Rodriguez,10044,2025-09-10,2025,PHI,BAL,3,6.3,27,6,1,0,1.0,5,2025_10044_23
Grayson Rodriguez,10044,2025-09-13,2025,PHI,DET,5,3.3,15,3,0,0,1.0,3,2025_10044_24
Grayson Rodriguez,10044,2025-09-16,2025,PHI,LAD,7,4.7,20,7,1,0,1.03,3,2025_10044_25
Grayson Rodriguez,10044,2025-09-18,2025,PHI,NYY,10,7.0,28,9,2,0,0.99,2,2025_10044_26
Grayson Rodriguez,10044,2025-09-24,2025,PHI,MIL,9,6.3,27,8,1,0,1.05,6,2025_10044_27
Grayson Rodriguez,10044,2025-09-26,2025,PHI,ARI,8,6.0,22,5,1,1,1.01,2,2025_10044_28
Michael King,10047,2025-03-30,2025,SFG,MIA,2,3.3,16,5,1,0,0.98,5,2025_10047_0
Michael King,10047,2025-04-06,2025,SFG,LAD,1,4.0,17,3,2,1,1.03,7,2025_10047_1
Michael King,10047,2025-04-30,2025,SFG,BAL,7,6.7,30,6,2,1,1.03,24,2025_10047_2
Michael King,10047,2025-05-02,2025,SFG,MIL,7,7.0,27,9,2,1,1.03,2,2025_10047_3
Michael King,10047,2025-05-03,2025,SFG,SEA,6,3.0,13,4,0,1,1.03,1,2025_10047_4
Michael King,10047,2025-05-05,2025,SFG,SEA,1,5.0,21,3,1,0,1.04,2,2025_10047_5
Michael King,10047,2025-05-08,2025,SFG,CHW,6,4.7,20,7,3,0,0.99,3,2025_10047_6
Michael King,10047,2025-05-18,2025,SFG,HOU,7,4.3,21,2,2,0,1.02,10,2025_10047_7
Michael King,10047,2025-05-31,2025,SFG,MIA,7,4.3,17,4,1,0,0.98,13,2025_10047_8
Michael King,10047,2025-06-02,2025,SFG,STL,4,6.0,28,10,3,0,1.0,2,2025_10047_9
Michael King,10047,2025-06-04,2025,SFG,CLE,9,6.7,35,7,3,0,1.04,2,2025_10047_10
Michael King,10047,2025-06-18,2025,SFG,BOS,5,5.3,25,5,1,1,1.03,14,2025_10047_11
Michael King,10047,2025-06-19,2025,SFG,STL,15,8.0,33,12,1,0,1.0,1,2025_10047_12
Michael King,10047,2025-06-22,2025,SFG,SEA,11,8.3,34,8,2,1,1.03,3,2025_10047_13
Michael King,10047,2025-07-30,2025,SFG,SEA,2,4.7,21,4,0,0,1.04,30,2025_10047_14
Michael King,10047,2025-08-01,2025,SFG,COL,5,4.0,19,1,1,1,1.03,2,2025_10047_15
Michael King,10047,2025-08-09,2025,SFG,TEX,3,4.7,23,3,1,1,1.03,8,2025_10047_16
Michael King,10047,2025-08-12,2025,SFG,ATL,2,4.7,17,7,3,0,1.02,3,2025_10047_17
Michael King,10047,2025-08-13,2025,SFG,TEX,3,6.0,22,4,2,1,1.03,1,2025_10047_18
Michael King,10047,2025-08-15,2025,SFG,MIN,6,6.3,26,6,1,0,1.0,2,2025_10047_19
Michael King,10047,2025-08-19,2025,SFG,SEA,10,5.0,20,3,2,0,1.04,4,2025_10047_20
Michael King,10047,2025-08-20,2025,SFG,ARI,0,3.3,11,3,2,0,1.03,1,2025_10047_21
Michael King,10047,2025-08-21,2025,SFG,PIT,5,6.0,28,7,2,1,1.03,1,2025_10047_22
Michael King,10047,2025-09-05,2025,SFG,LAA,4,6.3,32,8,3,1,1.03,15,2025_10047_23
Michael King,10047,2025-09-06,2025,SFG,SEA,3,4.0,16,3,0,0,1.04,1,2025_10047_24
Michael King,10047,2025-09-07,2025,SFG,STL,4,5.7,27,5,1,0,1.0,1,2025_10047_25
Michael King,10047,2025-09-12,2025,SFG,ARI,2,4.0,18,5,2,0,1.03,5,2025_10047_26
Michael King,10047,2025-09-25,2025,SFG,WSN,2,4.7,22,6,1,1,1.03,13,2025_10047_27
Patrick Corbin,10048,2025-04-07,2025,BOS,WSN,4,4.0,15,2,1,0,1.01,5,2025_10048_0
Patrick Corbin,10048,2025-04-09,2025,BOS,STL,5,5.0,21,7,2,0,1.0,2,2025_10048_1
Patrick Corbin,10048,2025-04-24,2025,BOS,MIA,3,5.0,21,4,1,0,0.98,15,2025_10048_2
Patrick Corbin,10048,2025-05-08,2025,BOS,COL,5,5.3,25,4,2,1,0.98,14,2025_10048_3
Patrick Corbin,10048,2025-05-17,2025,BOS,MIA,8,5.3,24,7,2,1,0.98,9,2025_10048_4
Patrick Corbin,10048,2025-05-22,2025,BOS,TBR,5,4.7,19,7,2,1,0.98,5,2025_10048_5
Patrick Corbin,10048,2025-05-26,2025,BOS,SDP,4,3.3,14,2,1,0,1.08,4,2025_10048_6
Patrick Corbin,10048,2025-06-05,2025,BOS,LAD,7,5.3,24,4,1,0,1.03,10,2025_10048_7
Patrick Corbin,10048,2025-06-08,2025,BOS,COL,5,7.0,31,9,1,1,0.98,3,2025_10048_8
Patrick Corbin,10048,2025-06-14,2025,BOS,WSN,8,6.0,27,6,1,1,0.98,6,2025_10048_9
Patrick Corbin,10048,2025-06-16,2025,BOS,MIL,2,6.7,30,8,3,1,0.98,2,2025_10048_10
Patrick Corbin,10048,2025-06-21,2025,BOS,OAK,4,5.7,24,5,2,0,1.0,5,2025_10048_11
Patrick Corbin,10048,2025-06-22,2025,BOS,ARI,7,6.3,27,6,3,0,1.03,1,2025_10048_12
Patrick Corbin,10048,2025-06-23,2025,BOS,MIA,5,6.0,22,4,3,0,0.98,1,2025_10048_13
Patrick Corbin,10048,2025-07-01,2025,BOS,COL,8,8.0,33,7,4,0,0.92,8,2025_10048_14
Patrick Corbin,10048,2025-07-06,2025,BOS,SEA,6,6.7,31,5,2,1,0.98,5,2025_10048_15
Patrick Corbin,10048,2025-07-10,2025,BOS,NYM,5,4.7,25,5,1,1,0.98,4,2025_10048_16
Patrick Corbin,10048,2025-07-12,2025,BOS,SEA,1,4.7,20,4,2,0,1.04,2,2025_10048_17
Patrick Corbin,10048,2025-07-14,2025,BOS,STL,5,5.7,24,7,2,0,1.0,2,2025_10048_18
Patrick Corbin,10048,2025-07-17,2025,BOS,PHI,3,3.0,10,4,1,1,0.98,3,2025_10048_19
Patrick Corbin,10048,2025-07-29,2025,BOS,MIL,8,6.0,24,7,3,1,0.98,12,2025_10048_20
Patrick Corbin,10048,2025-07-31,2025,BOS,DET,7,5.0,23,8,2,1,0.98,2,2025_10048_21
Patrick Corbin,10048,2025-08-01,2025,BOS,LAD,6,5.3,25,6,2,1,0.98,1,2025_10048_22
Patrick Corbin,10048,2025-08-03,2025,BOS,TOR,10,8.3,38,8,2,1,0.98,2,2025_10048_23
Patrick Corbin,10048,2025-08-07,2025,BOS,TBR,7,5.7,26,8,2,1,0.98,4,2025_10048_24
Patrick Corbin,10048,2025-08-08,2025,BOS,LAD,7,5.0,19,5,2,0,1.03,1,2025_10048_25
Patrick Corbin,10048,2025-08-09,2025,BOS,LAD,10,7.0,33,6,1,1,0.98,1,2025_10048_26
Patrick Corbin,10048,2025-08-10,2025,BOS,CLE,10,5.3,24,5,3,0,1.04,1,2025_10048_27
Patrick Corbin,10048,2025-08-24,2025,BOS,CHC,4,5.3,19,7,1,1,0.98,14,2025_10048_28
Patrick Corbin,10048,2025-08-26,2025,BOS,NYM,6,7.0,30,8,2,0,1.06,2,2025_10048_29
Patrick Corbin,10048,2025-09-06,2025,BOS,MIA,5,4.7,18,5,1,0,0.98,11,2025_10048_30
Patrick Corbin,10048,2025-09-21,2025,BOS,DET,9,6.3,22,5,3,0,1.0,15,2025_10048_31
Kyle Hendricks,10049,2025-03-30,2025,TEX,MIA,9,7.7,34,8,2,1,0.99,5,2025_10049_0
Kyle Hendricks,10049,2025-04-04,2025,TEX,SDP,15,5.3,25,5,2,0,1.08,5,2025_10049_1
Kyle Hendricks,10049,2025-04-10,2025,TEX,MIN,17,7.7,32,8,3,1,0.99,6,2025_10049_2
Kyle Hendricks,10049,2025-04-12,2025,TEX,TOR,5,4.7,21,7,3,1,0.99,2,2025_10049_3
Kyle Hendricks,10049,2025-04-14,2025,TEX,LAD,3,3.7,12,4,0,0,1.03,2,2025_10049_4
Kyle Hendricks,10049,2025-04-20,2025,TEX,BOS,16,6.3,31,6,3,1,0.99,6,2025_10049_5
Kyle Hendricks,10049,2025-04-23,2025,TEX,NYY,9,5.0,19,2,2,1,0.99,3,2025_10049_6
Kyle Hendricks,10049,2025-04-24,2025,TEX,MIN,0,3.0,12,3,0,1,0.99,1,2025_10049_7
Kyle Hendricks,10049,2025-05-02,2025,TEX,COL,5,4.3,18,2,2,0,0.92,8,2025_10049_8
Kyle Hendricks,10049,2025-05-13,2025,TEX,SFG,3,4.0,16,4,2,0,1.03,11,2025_10049_9
Kyle Hendricks,10049,2025-05-14,2025,TEX,MIN,7,4.3,15,2,1,1,0.99,1,2025_10049_10
Kyle Hendricks,10049,2025-05-15,2025,TEX,SDP,3,5.3,24,8,3,1,0.99,1,2025_10049_11
Kyle Hendricks,10049,2025-05-19,2025,TEX,LAA,8,5.0,22,5,1,1,0.99,4,2025_10049_12
Kyle Hendricks,10049,2025-05-20,2025,TEX,NYY,4,5.3,21,4,3,0,0.99,1,2025_10049_13
Kyle Hendricks,10049,2025-05-28,2025,TEX,CHC,10,5.7,25,7,3,1,0.99,8,2025_10049_14
Kyle Hendricks,10049,2025-06-16,2025,TEX,LAD,6,4.3,17,7,2,1,0.99,19,2025_10049_15
Kyle Hendricks,10049,2025-06-19,2025,TEX,NYY,5,5.0,21,3,1,1,0.99,3,2025_10049_16
Kyle Hendricks,10049,2025-06-29,2025,TEX,NYY,7,6.3,28,5,2,1,0.99,10,2025_10049_17
Kyle Hendricks,10049,2025-06-30,2025,TEX,ATL,5,5.7,25,4,2,1,0.99,1,2025_10049_18
Kyle Hendricks,10049,2025-07-17,2025,TEX,HOU,8,6.0,24,4,2,1,0.99,17,2025_10049_19
Kyle Hendricks,10049,2025-07-23,2025,TEX,OAK,6,5.0,20,3,1,1,0.99,6,2025_10049_20
Kyle Hendricks,10049,2025-08-03,2025,TEX,DET,17,5.7,21,6,2,0,1.0,11,2025_10049_21
Kyle Hendricks,10049,2025-08-11,2025,TEX,ARI,3,5.0,24,3,2,1,0.99,8,2025_10049_22
Kyle Hendricks,10049,2025-08-22,2025,TEX,HOU,10,6.7,30,8,3,0,1.02,11,2025_10049_23
Kyle Hendricks,10049,2025-09-09,2025,TEX,NYY,4,6.0,30,7,2,1,0.99,18,2025_10049_24
Kyle Hendricks,10049,2025-09-11,2025,TEX,WSN,3,5.0,20,4,1,1,0.99,2,2025_10049_25
Kyle Hendricks,10049,2025-09-17,2025,TEX,CHC,5,6.0,29,5,2,1,0.99,6,2025_10049_26
Kyle Hendricks,10049,2025-09-21,2025,TEX,WSN,3,5.0,24,3,3,0,1.01,4,2025_10049_27
Kyle Hendricks,10049,2025-09-22,2025,TEX,SEA,7,5.7,22,4,1,1,0.99,1,2025_10049_28
Kyle Hendricks,10049,2025-09-28,2025,TEX,WSN,3,4.0,14,4,2,0,1.01,6,2025_10049_29
Kyle Hendricks,10049,2025-09-29,2025,TEX,STL,11,5.0,23,5,0,0,1.0,1,2025_10049_30
Jon Gray,10050,2025-03-30,2025,TBR,CLE,4,6.0,23,6,1,1,1.05,5,2025_10050_0
Jon Gray,10050,2025-04-17,2025,TBR,PIT,12,8.0,31,7,2,1,1.05,18,2025_10050_1
Jon Gray,10050,2025-05-04,2025,TBR,CLE,8,7.7,34,8,3,0,1.04,17,2025_10050_2
Jon Gray,10050,2025-05-11,2025,TBR,NYM,9,6.0,29,7,3,1,1.05,7,2025_10050_3
Jon Gray,10050,2025-05-16,2025,TBR,PHI,6,5.3,25,4,3,0,1.01,5,2025_10050_4
Jon Gray,10050,2025-05-28,2025,TBR,TOR,15,8.7,35,7,2,1,1.05,12,2025_10050_5
Jon Gray,10050,2025-06-02,2025,TBR,SEA,9,6.7,27,7,3,0,1.04,5,2025_10050_6
Jon Gray,10050,2025-06-05,2025,TBR,NYY,10,6.7,24,8,1,1,1.05,3,2025_10050_7
Jon Gray,10050,2025-06-09,2025,TBR,SFG,16,8.0,33,9,3,0,1.03,4,2025_10050_8
Jon Gray,10050,2025-06-19,2025,TBR,ARI,15,7.3,31,6,2,1,1.05,10,2025_10050_9
Jon Gray,10050,2025-06-23,2025,TBR,TOR,7,5.0,23,5,1,1,1.05,4,2025_10050_10
Jon Gray,10050,2025-06-27,2025,TBR,NYM,16,6.7,31,6,2,0,1.06,4,2025_10050_11
Jon Gray,10050,2025-06-28,2025,TBR,COL,9,8.0,29,8,3,0,0.92,1,2025_10050_12
Jon Gray,10050,2025-06-30,2025,TBR,CHC,6,6.0,25,6,2,0,0.97,2,2025_10050_13
Jon Gray,10050,2025-07-03,2025,TBR,MIA,7,8.7,39,8,2,1,1.05,3,2025_10050_14
Jon Gray,10050,2025-07-06,2025,TBR,DET,8,5.7,25,6,1,0,1.0,3,2025_10050_15
Jon Gray,10050,2025-07-09,2025,TBR,SFG,7,5.7,23,6,2,0,1.03,3,2025_10050_16
Jon Gray,10050,2025-07-11,2025,TBR,SEA,9,7.0,30,8,4,1,1.05,2,2025_10050_17
Jon Gray,10050,2025-07-13,2025,TBR,SDP,17,7.3,34,9,3,1,1.05,2,2025_10050_18
Jon Gray,10050,2025-07-19,2025,TBR,BAL,6,8.0,30,8,3,1,1.05,6,2025_10050_19
Jon Gray,10050,2025-07-21,2025,TBR,MIL,13,7.0,29,9,4,0,1.05,2,2025_10050_20
Jon Gray,10050,2025-07-24,2025,TBR,NYM,12,6.0,28,5,1,0,1.06,3,2025_10050_21
Jon Gray,10050,2025-07-27,2025,TBR,LAA,14,5.3,20,6,2,1,1.05,3,2025_10050_22
Jon Gray,10050,2025-08-01,2025,TBR,CLE,13,6.7,28,7,3,1,1.05,5,2025_10050_23
Jon Gray,10050,2025-08-10,2025,TBR,MIL,10,9.0,36,9,3,0,1.05,9,2025_10050_24
Jon Gray,10050,2025-08-17,2025,TBR,DET,5,8.0,34,9,2,1,1.05,7,2025_10050_25
Jon Gray,10050,2025-08-25,2025,TBR,MIA,10,7.3,28,8,2,0,0.98,8,2025_10050_26
Jon Gray,10050,2025-08-27,2025,TBR,CLE,3,5.0,21,4,3,0,1.04,2,2025_10050_27
Jon Gray,10050,2025-09-26,2025,TBR,MIA,5,5.7,28,4,3,0,0.98,30,2025_10050_28
Mike Clevinger,10052,2025-04-04,2025,CLE,NYY,3,4.0,14,5,1,0,0.99,5,2025_10052_0
Mike Clevinger,10052,2025-04-08,2025,CLE,ATL,6,7.3,28,10,2,1,1.04,4,2025_10052_1
Mike Clevinger,10052,2025-04-10,2025,CLE,CHC,4,7.7,27,9,4,0,0.97,2,2025_10052_2
Mike Clevinger,10052,2025-04-15,2025,CLE,ARI,4,6.3,29,5,3,0,1.03,5,2025_10052_3
Mike Clevinger,10052,2025-04-23,2025,CLE,ARI,8,6.7,30,7,2,0,1.03,8,2025_10052_4
Mike Clevinger,10052,2025-05-02,2025,CLE,BOS,3,6.7,32,5,2,1,1.04,9,2025_10052_5
Mike Clevinger,10052,2025-05-04,2025,CLE,NYM,6,6.7,27,6,2,1,1.04,2,2025_10052_6
Mike Clevinger,10052,2025-05-07,2025,CLE,CIN,5,6.3,25,5,3,0,1.0,3,2025_10052_7
Mike Clevinger,10052,2025-05-29,2025,CLE,LAD,3,6.3,27,7,2,1,1.04,22,2025_10052_8
Mike Clevinger,10052,2025-06-01,2025,CLE,MIL,5,4.3,21,6,1,1,1.04,3,2025_10052_9
Mike Clevinger,10052,2025-06-04,2025,CLE,DET,8,5.7,27,5,2,1,1.04,3,2025_10052_10
Mike Clevinger,10052,2025-07-02,2025,CLE,ATL,5,6.7,28,7,3,1,1.04,28,2025_10052_11
Mike Clevinger,10052,2025-07-10,2025,CLE,DET,3,6.3,28,10,3,1,1.04,8,2025_10052_12
Mike Clevinger,10052,2025-07-11,2025,CLE,PHI,4,7.7,31,6,3,1,1.04,1,2025_10052_13
Mike Clevinger,10052,2025-07-14,2025,CLE,COL,4,5.0,18,8,2,1,1.04,3,2025_10052_14
Mike Clevinger,10052,2025-07-19,2025,CLE,SFG,10,7.7,31,8,3,0,1.03,5,2025_10052_15
Mike Clevinger,10052,2025-07-29,2025,CLE,MIA,8,5.3,22,7,1,0,0.98,10,2025_10052_16
Mike Clevinger,10052,2025-08-08,2025,CLE,COL,5,6.0,24,4,2,0,0.92,10,2025_10052_17
Mike Clevinger,10052,2025-08-13,2025,CLE,TEX,9,7.3,30,8,3,0,0.99,5,2025_10052_18
Mike Clevinger,10052,2025-08-16,2025,CLE,PIT,6,6.7,28,8,2,1,1.04,3,2025_10052_19
Mike Clevinger,10052,2025-08-28,2025,CLE,MIL,5,5.0,18,6,2,1,1.04,12,2025_10052_20
Mike Clevinger,10052,2025-08-31,2025,CLE,COL,8,6.7,28,7,3,1,1.04,3,2025_10052_21
Mike Clevinger,10052,2025-09-04,2025,CLE,SDP,9,5.7,23,4,2,0,1.08,4,2025_10052_22
Mike Clevinger,10052,2025-09-22,2025,CLE,CHC,2,5.7,21,6,2,1,1.04,18,2025_10052_23
Mike Clevinger,10052,2025-09-23,2025,CLE,LAD,10,8.0,34,8,3,0,1.03,1,2025_10052_24
Mike Clevinger,10052,2025-09-24,2025,CLE,TEX,1,6.7,27,6,1,1,1.04,1,2025_10052_25
Zach Eflin,10053,2025-03-31,2025,CIN,ATL,5,6.0,28,5,1,1,1.0,5,2025_10053_0
Zach Eflin,10053,2025-04-03,2025,CIN,MIL,5,7.3,32,8,3,0,1.05,3,2025_10053_1
Zach Eflin,10053,2025-04-05,2025,CIN,PHI,2,7.0,27,7,3,1,1.0,2,2025_10053_2
Zach Eflin,10053,2025-04-25,2025,CIN,PHI,1,3.7,15,3,1,0,1.01,20,2025_10053_3
Zach Eflin,10053,2025-05-04,2025,CIN,COL,4,7.0,31,12,2,1,1.0,9,2025_10053_4
Zach Eflin,10053,2025-05-10,2025,CIN,ATL,5,6.0,23,7,2,0,1.02,6,2025_10053_5
Zach Eflin,10053,2025-05-31,2025,CIN,SFG,2,5.7,23,4,3,0,1.03,21,2025_10053_6
Zach Eflin,10053,2025-06-08,2025,CIN,PHI,5,6.7,29,9,2,1,1.0,8,2025_10053_7
Zach Eflin,10053,2025-06-13,2025,CIN,TOR,10,6.7,28,6,2,1,1.0,5,2025_10053_8
Zach Eflin,10053,2025-06-19,2025,CIN,NYM,0,5.7,23,6,2,0,1.06,6,2025_10053_9
Zach Eflin,10053,2025-06-27,2025,CIN,NYM,3,6.7,28,7,2,1,1.0,8,2025_10053_10
Zach Eflin,10053,2025-06-29,2025,CIN,ATL,4,7.3,30,8,2,0,1.02,2,2025_10053_11
Zach Eflin,10053,2025-06-30,2025,CIN,PHI,3,7.0,25,8,1,1,1.0,1,2025_10053_12
Zach Eflin,10053,2025-07-08,2025,CIN,WSN,12,8.7,34,10,2,0,1.01,8,2025_10053_13
Zach Eflin,10053,2025-07-09,2025,CIN,DET,2,4.0,18,3,1,1,1.0,1,2025_10053_14
Zach Eflin,10053,2025-07-16,2025,CIN,NYY,11,8.3,33,9,2,0,0.99,7,2025_10053_15
Zach Eflin,10053,2025-07-30,2025,CIN,MIN,7,7.0,29,5,2,1,1.0,14,2025_10053_16
Zach Eflin,10053,2025-08-13,2025,CIN,LAA,6,4.0,20,4,2,0,0.99,14,2025_10053_17
Zach Eflin,10053,2025-08-14,2025,CIN,MIA,4,6.3,27,6,2,1,1.0,1,2025_10053_18
Zach Eflin,10053,2025-08-25,2025,CIN,STL,3,6.0,24,7,1,1,1.0,11,2025_10053_19
Zach Eflin,10053,2025-09-08,2025,CIN,PHI,7,9.0,39,8,3,1,1.0,14,2025_10053_20
Zach Eflin,10053,2025-09-16,2025,CIN,BAL,8,6.0,21,8,2,0,1.0,8,2025_10053_21
Zach Eflin,10053,2025-09-18,2025,CIN,ARI,4,8.0,32,7,3,1,1.0,2,2025_10053_22
Zach Eflin,10053,2025-09-22,2025,CIN,PHI,9,6.3,23,7,2,0,1.01,4,2025_10053_23
Zach Eflin,10053,2025-09-24,2025,CIN,DET,4,6.7,27,4,2,0,1.0,2,2025_10053_24
Zach Eflin,10053,2025-09-30,2025,CIN,SFG,1,4.7,19,4,2,0,1.03,6,2025_10053_25
Kyle Freeland,10054,2025-04-01,2025,LAD,ARI,2,3.0,10,4,1,0,1.03,5,2025_10054_0
Kyle Freeland,10054,2025-04-10,2025,LAD,SFG,9,5.7,24,7,1,0,1.03,9,2025_10054_1
Kyle Freeland,10054,2025-04-24,2025,LAD,SDP,8,6.0,29,5,1,1,1.03,14,2025_10054_2
Kyle Freeland,10054,2025-04-26,2025,LAD,CHC,10,5.7,26,7,4,1,1.03,2,2025_10054_3
Kyle Freeland,10054,2025-04-27,2025,LAD,LAA,7,7.0,32,7,2,0,0.99,1,2025_10054_4
Kyle Freeland,10054,2025-05-03,2025,LAD,MIA,9,6.7,30,5,2,1,1.03,6,2025_10054_5
Kyle Freeland,10054,2025-05-12,2025,LAD,BAL,6,6.7,29,8,2,1,1.03,9,2025_10054_6
Kyle Freeland,10054,2025-05-13,2025,LAD,ATL,4,5.3,26,6,2,0,1.02,1,2025_10054_7
Kyle Freeland,10054,2025-05-29,2025,LAD,TOR,1,6.0,27,5,2,1,1.03,16,2025_10054_8
Kyle Freeland,10054,2025-06-03,2025,LAD,COL,4,5.0,26,5,1,0,0.92,5,2025_10054_9
Kyle Freeland,10054,2025-06-11,2025,LAD,LAA,7,5.3,24,5,3,1,1.03,8,2025_10054_10
Kyle Freeland,10054,2025-06-13,2025,LAD,LAA,3,4.3,18,5,0,0,0.99,2,2025_10054_11
Kyle Freeland,10054,2025-06-14,2025,LAD,OAK,7,6.7,29,9,2,1,1.03,1,2025_10054_12
Kyle Freeland,10054,2025-06-20,2025,LAD,HOU,3,3.0,16,5,1,1,1.03,6,2025_10054_13
Kyle Freeland,10054,2025-06-23,2025,LAD,BOS,9,5.3,23,4,1,1,1.03,3,2025_10054_14
Kyle Freeland,10054,2025-06-27,2025,LAD,MIL,9,5.3,21,8,1,1,1.03,4,2025_10054_15
Kyle Freeland,10054,2025-07-06,2025,LAD,OAK,8,5.0,22,3,2,0,1.0,9,2025_10054_16
Kyle Freeland,10054,2025-07-08,2025,LAD,COL,7,4.7,20,5,2,1,1.03,2,2025_10054_17
Kyle Freeland,10054,2025-07-14,2025,LAD,COL,4,6.0,28,5,3,0,0.92,6,2025_10054_18
Kyle Freeland,10054,2025-07-18,2025,LAD,WSN,8,7.0,31,6,1,1,1.03,4,2025_10054_19
Kyle Freeland,10054,2025-07-21,2025,LAD,SFG,3,6.0,24,4,2,0,1.03,3,2025_10054_20
Kyle Freeland,10054,2025-07-26,2025,LAD,OAK,1,4.3,17,4,3,0,1.0,5,2025_10054_21
Kyle Freeland,10054,2025-08-02,2025,LAD,CIN,7,5.7,28,4,2,0,1.0,7,2025_10054_22
Kyle Freeland,10054,2025-08-18,2025,LAD,WSN,3,4.3,15,5,2,0,1.01,16,2025_10054_23
Kyle Freeland,10054,2025-08-25,2025,LAD,ATL,2,3.7,12,3,1,0,1.02,7,2025_10054_24
Kyle Freeland,10054,2025-08-26,2025,LAD,TBR,10,4.0,17,3,0,1,1.03,1,2025_10054_25
Kyle Freeland,10054,2025-08-28,2025,LAD,SDP,8,5.0,20,8,1,1,1.03,2,2025_10054_26
Kyle Freeland,10054,2025-09-06,2025,LAD,CHC,9,4.0,16,3,0,1,1.03,9,2025_10054_27
Kyle Freeland,10054,2025-09-08,2025,LAD,ARI,4,5.0,17,8,3,0,1.03,2,2025_10054_28
Kyle Freeland,10054,2025-09-13,2025,LAD,LAA,11,6.0,23,5,3,0,0.99,5,2025_10054_29
Kyle Freeland,10054,2025-09-17,2025,LAD,ATL,5,6.3,23,5,2,0,1.02,4,2025_10054_30
Kyle Freeland,10054,2025-09-19,2025,LAD,DET,8,4.7,18,3,1,0,1.0,2,2025_10054_31
Kyle Freeland,10054,2025-09-29,2025,LAD,WSN,7,5.3,22,5,1,0,1.01,10,2025_10054_32
Brady Singer,10055,2025-03-31,2025,NYY,SEA,2,4.7,19,6,0,0,1.04,5,2025_10055_0
Brady Singer,10055,2025-04-01,2025,NYY,SDP,3,4.7,22,6,1,0,1.08,1,2025_10055_1
Brady Singer,10055,2025-04-05,2025,NYY,DET,2,3.3,11,3,1,0,1.0,4,2025_10055_2
Brady Singer,10055,2025-04-06,2025,NYY,PHI,1,3.7,18,4,1,1,0.99,1,2025_10055_3
Brady Singer,10055,2025-04-11,2025,NYY,SEA,1,3.3,17,5,0,0,1.04,5,2025_10055_4
Brady Singer,10055,2025-04-16,2025,NYY,KCR,0,4.7,25,5,2,1,0.99,5,2025_10055_5
Brady Singer,10055,2025-04-18,2025,NYY,HOU,3,5.7,25,4,2,0,1.02,2,2025_10055_6
Brady Singer,10055,2025-04-28,2025,NYY,CIN,2,4.3,19,4,1,1,0.99,10,2025_10055_7
Brady Singer,10055,2025-05-04,2025,NYY,MIN,0,3.7,15,5,0,1,0.99,6,2025_10055_8
Brady Singer,10055,2025-05-05,2025,NYY,TEX,3,5.0,23,6,2,1,0.99,1,2025_10055_9
Brady Singer,10055,2025-05-08,2025,NYY,OAK,1,4.3,17,5,1,0,1.0,3,2025_10055_10
Brady Singer,10055,2025-05-22,2025,NYY,MIN,4,5.0,19,8,2,1,0.99,14,2025_10055_11
Brady Singer,10055,2025-05-25,2025,NYY,BOS,5,4.7,16,5,0,1,0.99,3,2025_10055_12
Brady Singer,10055,2025-05-29,2025,NYY,CHW,5,4.3,22,4,2,0,0.99,4,2025_10055_13
Brady Singer,10055,2025-05-31,2025,NYY,CHC,2,4.3,20,5,2,1,0.99,2,2025_10055_14
Brady Singer,10055,2025-06-01,2025,NYY,COL,5,5.3,19,8,2,1,0.99,1,2025_10055_15
Brady Singer,10055,2025-06-24,2025,NYY,SFG,6,4.7,22,7,1,1,0.99,23,2025_10055_16
Brady Singer,10055,2025-07-27,2025,NYY,PIT,1,4.7,18,4,1,0,1.0,30,2025_10055_17
Brady Singer,10055,2025-07-28,2025,NYY,KCR,1,3.0,13,3,1,0,0.96,1,2025_10055_18
Brady Singer,10055,2025-08-02,2025,NYY,KCR,1,4.0,15,5,1,0,0.96,5,2025_10055_19
Brady Singer,10055,2025-08-04,2025,NYY,SEA,2,3.0,10,4,1,0,1.04,2,2025_10055_20
Brady Singer,10055,2025-08-11,2025,NYY,CHW,1,3.0,17,3,0,1,0.99,7,2025_10055_21
Brady Singer,10055,2025-08-16,2025,NYY,DET,2,3.7,12,3,1,1,0.99,5,2025_10055_22
Brady Singer,10055,2025-08-20,2025,NYY,NYM,1,5.7,25,5,2,0,1.06,4,2025_10055_23
Brady Singer,10055,2025-08-23,2025,NYY,BAL,1,4.7,18,4,2,1,0.99,3,2025_10055_24
Brady Singer,10055,2025-08-26,2025,NYY,MIL,4,3.7,21,6,2,0,1.05,3,2025_10055_25
Brady Singer,10055,2025-09-27,2025,NYY,SFG,5,3.3,12,2,1,1,0.99,30,2025_10055_26
Brady Singer,10055,2025-09-28,2025,NYY,HOU,2,3.0,12,2,0,0,1.02,1,2025_10055_27
Merrill Kelly,10056,2025-04-14,2025,SEA,CHW,8,9.0,38,8,4,0,0.99,5,2025_10056_0
Merrill Kelly,10056,2025-04-19,2025,SEA,TBR,6,3.3,14,5,1,0,1.05,5,2025_10056_1
Merrill Kelly,10056,2025-04-20,2025,SEA,CLE,5,4.0,16,4,2,1,1.04,1,2025_10056_2
Merrill Kelly,10056,2025-05-10,2025,SEA,SDP,2,4.3,18,5,2,1,1.04,20,2025_10056_3
Merrill Kelly,10056,2025-05-17,2025,SEA,DET,2,6.3,25,5,2,0,1.0,7,2025_10056_4
Merrill Kelly,10056,2025-05-20,2025,SEA,CHW,4,4.7,21,3,1,0,0.99,3,2025_10056_5
Merrill Kelly,10056,2025-05-31,2025,SEA,MIA,5,6.3,28,6,2,0,0.98,11,2025_10056_6
Merrill Kelly,10056,2025-06-26,2025,SEA,ARI,5,4.3,19,5,0,0,1.03,26,2025_10056_7
Merrill Kelly,10056,2025-07-04,2025,SEA,CLE,3,4.0,18,2,3,1,1.04,8,2025_10056_8
Merrill Kelly,10056,2025-07-12,2025,SEA,PIT,6,4.0,17,4,0,0,1.0,8,2025_10056_9
Merrill Kelly,10056,2025-07-13,2025,SEA,STL,6,6.0,27,6,3,0,1.0,1,2025_10056_10
Merrill Kelly,10056,2025-08-07,2025,SEA,OAK,7,5.7,22,5,2,1,1.04,25,2025_10056_11
Merrill Kelly,10056,2025-08-25,2025,SEA,ATL,5,5.0,22,4,2,1,1.04,18,2025_10056_12
Merrill Kelly,10056,2025-08-30,2025,SEA,CIN,5,6.0,26,7,2,1,1.04,5,2025_10056_13
Merrill Kelly,10056,2025-09-04,2025,SEA,PIT,3,6.3,24,7,1,1,1.04,5,2025_10056_14
Merrill Kelly,10056,2025-09-11,2025,SEA,BOS,5,5.0,23,5,1,1,1.04,7,2025_10056_15
Merrill Kelly,10056,2025-09-13,2025,SEA,PIT,2,6.7,23,9,2,0,1.0,2,2025_10056_16
Merrill Kelly,10056,2025-09-23,2025,SEA,LAA,2,3.0,14,6,1,0,0.99,10,2025_10056_17
Merrill Kelly,10056,2025-09-25,2025,SEA,BAL,1,4.0,16,3,0,0,1.0,2,2025_10056_18
Merrill Kelly,10056,2025-09-27,2025,SEA,LAA,2,4.7,23,4,3,1,1.04,2,2025_10056_19
Nathan Eovaldi,10057,2025-04-15,2025,TOR,CHW,4,4.3,24,3,1,0,0.99,5,2025_10057_0
Nathan Eovaldi,10057,2025-04-23,2025,TOR,DET,7,4.0,15,2,1,0,1.0,8,2025_10057_1
Nathan Eovaldi,10057,2025-04-26,2025,TOR,LAA,8,6.3,25,7,1,1,1.0,3,2025_10057_2
Nathan Eovaldi,10057,2025-04-27,2025,TOR,STL,2,4.7,22,3,2,1,1.0,1,2025_10057_3
Nathan Eovaldi,10057,2025-05-04,2025,TOR,MIA,2,4.7,21,4,2,1,1.0,7,2025_10057_4
Nathan Eovaldi,10057,2025-05-15,2025,TOR,DET,5,4.3,17,4,0,0,1.0,11,2025_10057_5
Nathan Eovaldi,10057,2025-05-19,2025,TOR,SFG,3,5.7,26,6,2,1,1.0,4,2025_10057_6
Nathan Eovaldi,10057,2025-06-04,2025,TOR,MIA,0,3.7,12,2,2,1,1.0,16,2025_10057_7
Nathan Eovaldi,10057,2025-06-15,2025,TOR,MIN,2,6.3,27,7,1,0,1.0,11,2025_10057_8
Nathan Eovaldi,10057,2025-06-20,2025,TOR,BOS,3,4.7,20,5,2,1,1.0,5,2025_10057_9
Nathan Eovaldi,10057,2025-07-02,2025,TOR,COL,4,5.7,28,7,2,1,1.0,12,2025_10057_10
Nathan Eovaldi,10057,2025-07-06,2025,TOR,MIN,3,4.3,16,4,2,1,1.0,4,2025_10057_11
Nathan Eovaldi,10057,2025-07-19,2025,TOR,PIT,5,4.0,22,3,0,1,1.0,13,2025_10057_12
Nathan Eovaldi,10057,2025-07-20,2025,TOR,LAD,1,3.7,15,6,1,1,1.0,1,2025_10057_13
Nathan Eovaldi,10057,2025-07-24,2025,TOR,PIT,2,4.0,18,5,2,1,1.0,4,2025_10057_14
Nathan Eovaldi,10057,2025-07-29,2025,TOR,CHC,6,3.0,14,1,1,0,0.97,5,2025_10057_15
Nathan Eovaldi,10057,2025-08-01,2025,TOR,SFG,3,5.3,25,4,1,0,1.03,3,2025_10057_16
Nathan Eovaldi,10057,2025-08-11,2025,TOR,TEX,1,4.7,19,3,2,1,1.0,10,2025_10057_17
Nathan Eovaldi,10057,2025-08-13,2025,TOR,MIA,5,4.0,17,4,1,1,1.0,2,2025_10057_18
Nathan Eovaldi,10057,2025-08-17,2025,TOR,NYM,4,5.3,23,7,1,0,1.06,4,2025_10057_19
Nathan Eovaldi,10057,2025-08-27,2025,TOR,SDP,3,4.0,17,1,2,1,1.0,10,2025_10057_20
Nathan Eovaldi,10057,2025-09-14,2025,TOR,SFG,3,4.3,20,6,2,0,1.03,18,2025_10057_21
Nathan Eovaldi,10057,2025-09-16,2025,TOR,CIN,0,4.3,23,5,2,1,1.0,2,2025_10057_22
Nathan Eovaldi,10057,2025-09-21,2025,TOR,DET,0,3.0,12,3,1,0,1.0,5,2025_10057_23
Nathan Eovaldi,10057,2025-09-28,2025,TOR,MIN,6,4.3,21,6,2,0,1.0,7,2025_10057_24
Nathan Eovaldi,10057,2025-09-29,2025,TOR,CLE,0,3.7,19,5,2,1,1.0,1,2025_10057_25
Jameson Taillon,10058,2025-04-04,2025,SEA,BAL,7,6.3,27,8,2,0,1.0,5,2025_10058_0
Jameson Taillon,10058,2025-04-06,2025,SEA,TOR,7,6.3,26,6,2,0,1.0,2,2025_10058_1
Jameson Taillon,10058,2025-04-07,2025,SEA,MIN,4,5.3,21,3,1,1,1.04,1,2025_10058_2
Jameson Taillon,10058,2025-04-16,2025,SEA,BAL,4,5.3,20,6,2,1,1.04,9,2025_10058_3
Jameson Taillon,10058,2025-04-19,2025,SEA,LAA,12,8.7,39,7,3,0,0.99,3,2025_10058_4
Jameson Taillon,10058,2025-04-21,2025,SEA,TOR,6,6.7,28,7,2,1,1.04,2,2025_10058_5
Jameson Taillon,10058,2025-04-26,2025,SEA,TOR,2,4.0,19,5,0,1,1.04,5,2025_10058_6
Jameson Taillon,10058,2025-05-01,2025,SEA,MIN,10,7.7,35,7,2,1,1.04,5,2025_10058_7
Jameson Taillon,10058,2025-05-04,2025,SEA,TOR,15,8.3,39,11,3,0,1.0,3,2025_10058_8
Jameson Taillon,10058,2025-05-05,2025,SEA,DET,5,6.7,24,10,3,1,1.04,1,2025_10058_9
Jameson Taillon,10058,2025-05-10,2025,SEA,NYY,7,7.0,29,7,2,1,1.04,5,2025_10058_10
Jameson Taillon,10058,2025-05-14,2025,SEA,MIA,1,5.0,21,3,2,1,1.04,4,2025_10058_11
Jameson Taillon,10058,2025-05-27,2025,SEA,OAK,5,6.0,26,6,1,0,1.0,13,2025_10058_12
Jameson Taillon,10058,2025-05-30,2025,SEA,OAK,3,4.3,19,5,2,1,1.04,3,2025_10058_13
Jameson Taillon,10058,2025-06-12,2025,SEA,BOS,5,8.3,29,10,1,0,0.98,13,2025_10058_14
Jameson Taillon,10058,2025-06-14,2025,SEA,CIN,7,7.7,29,8,2,1,1.04,2,2025_10058_15
Jameson Taillon,10058,2025-06-23,2025,SEA,CIN,9,8.3,34,9,2,0,1.0,9,2025_10058_16
Jameson Taillon,10058,2025-06-24,2025,SEA,PHI,8,7.0,29,7,2,0,1.01,1,2025_10058_17
Jameson Taillon,10058,2025-07-03,2025,SEA,HOU,5,5.7,21,9,2,0,1.02,9,2025_10058_18
Jameson Taillon,10058,2025-07-22,2025,SEA,ARI,5,5.7,24,6,2,0,1.03,19,2025_10058_19
Jameson Taillon,10058,2025-07-31,2025,SEA,TOR,9,8.0,30,5,2,1,1.04,9,2025_10058_20
Jameson Taillon,10058,2025-08-03,2025,SEA,TOR,4,6.7,27,7,4,1,1.04,3,2025_10058_21
Jameson Taillon,10058,2025-08-16,2025,SEA,ARI,4,7.0,31,7,3,0,1.03,13,2025_10058_22
Jameson Taillon,10058,2025-08-23,2025,SEA,MIN,2,4.0,20,4,2,1,1.04,7,2025_10058_23
Jameson Taillon,10058,2025-08-31,2025,SEA,KCR,10,8.0,34,10,3,0,0.96,8,2025_10058_24
Jameson Taillon,10058,2025-09-04,2025,SEA,CHC,7,4.7,18,2,0,1,1.04,4,2025_10058_25
Jameson Taillon,10058,2025-09-16,2025,SEA,MIA,4,6.3,31,4,3,0,0.98,12,2025_10058_26
Jameson Taillon,10058,2025-09-21,2025,SEA,CIN,5,6.0,27,7,2,0,1.0,5,2025_10058_27
Jameson Taillon,10058,2025-09-29,2025,SEA,ATL,9,6.7,29,5,3,0,1.02,8,2025_10058_28
Jameson Taillon,10058,2025-09-30,2025,SEA,CLE,1,6.0,26,7,2,1,1.04,1,2025_10058_29
Tyler Anderson,10059,2025-04-22,2025,NYY,SEA,2,5.3,24,7,2,1,0.99,5,2025_10059_0
Tyler Anderson,10059,2025-04-25,2025,NYY,CHC,9,7.0,32,8,1,1,0.99,3,2025_10059_1
Tyler Anderson,10059,2025-04-29,2025,NYY,CLE,10,4.7,17,5,2,0,1.04,4,2025_10059_2
Tyler Anderson,10059,2025-05-04,2025,NYY,BAL,3,5.0,19,5,0,1,0.99,5,2025_10059_3
Tyler Anderson,10059,2025-05-06,2025,NYY,KCR,7,8.0,36,8,2,0,0.96,2,2025_10059_4
Tyler Anderson,10059,2025-05-16,2025,NYY,BOS,2,5.3,20,6,2,0,0.98,10,2025_10059_5
Tyler Anderson,10059,2025-05-17,2025,NYY,TOR,7,6.0,26,7,0,1,0.99,1,2025_10059_6
Tyler Anderson,10059,2025-05-18,2025,NYY,PHI,4,5.0,24,6,0,1,0.99,1,2025_10059_7
Tyler Anderson,10059,2025-05-20,2025,NYY,ATL,2,6.3,30,7,2,0,1.02,2,2025_10059_8
Tyler Anderson,10059,2025-05-22,2025,NYY,TOR,4,6.3,26,9,3,1,0.99,2,2025_10059_9
Tyler Anderson,10059,2025-06-06,2025,NYY,KCR,5,7.3,34,8,2,1,0.99,15,2025_10059_10
Tyler Anderson,10059,2025-06-18,2025,NYY,OAK,8,6.7,29,8,3,0,1.0,12,2025_10059_11
Tyler Anderson,10059,2025-06-27,2025,NYY,TOR,4,3.7,12,2,2,0,1.0,9,2025_10059_12
Tyler Anderson,10059,2025-06-29,2025,NYY,ATL,9,8.3,35,8,3,1,0.99,2,2025_10059_13
Tyler Anderson,10059,2025-07-16,2025,NYY,NYM,5,4.3,17,6,2,0,1.06,17,2025_10059_14
Tyler Anderson,10059,2025-08-13,2025,NYY,COL,6,7.0,30,9,1,1,0.99,28,2025_10059_15
Tyler Anderson,10059,2025-08-23,2025,NYY,CHW,8,6.7,30,7,3,1,0.99,10,2025_10059_16
Tyler Anderson,10059,2025-09-11,2025,NYY,CLE,8,5.0,17,5,1,1,0.99,19,2025_10059_17
Tyler Anderson,10059,2025-09-12,2025,NYY,PIT,6,8.7,36,12,4,1,0.99,1,2025_10059_18
Tyler Anderson,10059,2025-09-13,2025,NYY,ATL,1,5.3,28,4,1,0,1.02,1,2025_10059_19
Tyler Anderson,10059,2025-09-16,2025,NYY,DET,6,5.7,20,9,2,1,0.99,3,2025_10059_20
Tyler Anderson,10059,2025-09-18,2025,NYY,SFG,8,5.0,27,5,0,0,1.03,2,2025_10059_21
Tyler Anderson,10059,2025-09-20,2025,NYY,SFG,5,7.0,29,7,3,1,0.99,2,2025_10059_22
Tyler Anderson,10059,2025-09-21,2025,NYY,SEA,4,5.3,24,5,2,0,1.04,1,2025_10059_23
Tyler Anderson,10059,2025-09-23,2025,NYY,MIA,8,7.0,29,5,2,0,0.98,2,2025_10059_24
Jordan Montgomery,10060,2025-03-31,2025,PIT,CHC,2,4.7,19,4,1,1,1.0,5,2025_10060_0
Jordan Montgomery,10060,2025-04-02,2025,PIT,DET,1,3.3,16,6,2,0,1.0,2,2025_10060_1
Jordan Montgomery,10060,2025-04-11,2025,PIT,BOS,1,3.7,16,4,1,0,0.98,9,2025_10060_2
Jordan Montgomery,10060,2025-04-13,2025,PIT,SEA,5,3.0,13,4,1,1,1.0,2,2025_10060_3
Jordan Montgomery,10060,2025-04-14,2025,PIT,NYM,4,6.7,27,7,2,1,1.0,1,2025_10060_4
Jordan Montgomery,10060,2025-05-12,2025,PIT,OAK,3,6.0,24,6,2,1,1.0,28,2025_10060_5
Jordan Montgomery,10060,2025-05-24,2025,PIT,NYM,1,4.0,19,5,1,0,1.06,12,2025_10060_6
Jordan Montgomery,10060,2025-05-26,2025,PIT,CHW,6,4.3,16,4,0,0,0.99,2,2025_10060_7
Jordan Montgomery,10060,2025-06-14,2025,PIT,COL,8,5.0,23,4,1,1,1.0,19,2025_10060_8
Jordan Montgomery,10060,2025-06-16,2025,PIT,TEX,4,4.0,18,2,2,0,0.99,2,2025_10060_9
Jordan Montgomery,10060,2025-06-20,2025,PIT,MIL,1,4.3,21,3,0,0,1.05,4,2025_10060_10
Jordan Montgomery,10060,2025-06-22,2025,PIT,STL,10,6.0,22,8,1,0,1.0,2,2025_10060_11
Jordan Montgomery,10060,2025-06-24,2025,PIT,SEA,0,4.3,20,4,1,1,1.0,2,2025_10060_12
Jordan Montgomery,10060,2025-07-01,2025,PIT,BAL,9,6.7,29,6,2,0,1.0,7,2025_10060_13
Jordan Montgomery,10060,2025-07-15,2025,PIT,COL,6,3.3,20,4,0,0,0.92,14,2025_10060_14
Jordan Montgomery,10060,2025-07-17,2025,PIT,CHW,2,4.3,17,2,0,0,0.99,2,2025_10060_15
Jordan Montgomery,10060,2025-07-19,2025,PIT,CIN,4,5.0,17,5,1,0,1.0,2,2025_10060_16
Jordan Montgomery,10060,2025-07-29,2025,PIT,DET,5,5.3,24,8,2,1,1.0,10,2025_10060_17
Jordan Montgomery,10060,2025-07-31,2025,PIT,LAA,4,6.3,26,5,3,1,1.0,2,2025_10060_18
Jordan Montgomery,10060,2025-08-14,2025,PIT,ARI,2,4.0,20,4,1,0,1.03,14,2025_10060_19
Jordan Montgomery,10060,2025-08-18,2025,PIT,TOR,1,4.3,16,5,1,0,1.0,4,2025_10060_20
Jordan Montgomery,10060,2025-08-31,2025,PIT,TOR,3,4.3,17,2,1,1,1.0,13,2025_10060_21
Jordan Montgomery,10060,2025-09-19,2025,PIT,ARI,2,3.7,15,4,2,0,1.03,19,2025_10060_22
Jordan Montgomery,10060,2025-09-22,2025,PIT,ATL,5,5.7,26,7,1,0,1.02,3,2025_10060_23
Jordan Montgomery,10060,2025-09-25,2025,PIT,CHC,2,4.3,19,5,1,0,0.97,3,2025_10060_24
Jordan Montgomery,10060,2025-09-28,2025,PIT,MIN,5,4.3,15,5,2,0,1.0,3,2025_10060_25
Nick Pivetta,10061,2025-04-03,2025,KCR,PIT,3,3.0,14,1,1,0,1.0,5,2025_10061_0
Nick Pivetta,10061,2025-04-11,2025,KCR,CIN,0,3.0,13,4,0,1,0.96,8,2025_10061_1
Nick Pivetta,10061,2025-04-16,2025,KCR,SFG,2,5.3,26,7,3,0,1.03,5,2025_10061_2
Nick Pivetta,10061,2025-05-07,2025,KCR,ARI,1,3.0,14,4,1,1,0.96,21,2025_10061_3
Nick Pivetta,10061,2025-05-27,2025,KCR,DET,4,4.0,16,2,0,1,0.96,20,2025_10061_4
Nick Pivetta,10061,2025-06-03,2025,KCR,TBR,2,4.0,21,2,0,0,1.05,7,2025_10061_5
Nick Pivetta,10061,2025-06-08,2025,KCR,MIA,3,6.0,30,4,1,0,0.98,5,2025_10061_6
Nick Pivetta,10061,2025-06-23,2025,KCR,DET,1,3.7,15,6,1,0,1.0,15,2025_10061_7
Nick Pivetta,10061,2025-06-29,2025,KCR,PIT,6,6.0,28,7,3,0,1.0,6,2025_10061_8
Nick Pivetta,10061,2025-07-05,2025,KCR,HOU,2,5.3,26,8,3,0,1.02,6,2025_10061_9
Nick Pivetta,10061,2025-07-16,2025,KCR,MIN,1,3.0,13,4,1,0,1.0,11,2025_10061_10
Nick Pivetta,10061,2025-07-30,2025,KCR,WSN,4,4.0,14,4,1,1,0.96,14,2025_10061_11
Nick Pivetta,10061,2025-08-03,2025,KCR,ARI,5,4.7,21,7,2,0,1.03,4,2025_10061_12
Nick Pivetta,10061,2025-08-08,2025,KCR,COL,2,4.3,18,4,1,0,0.92,5,2025_10061_13
Nick Pivetta,10061,2025-08-18,2025,KCR,MIL,6,3.7,19,2,1,0,1.05,10,2025_10061_14
Nick Pivetta,10061,2025-08-28,2025,KCR,BOS,4,6.0,24,7,1,1,0.96,10,2025_10061_15
Nick Pivetta,10061,2025-08-31,2025,KCR,MIA,3,3.3,12,2,1,0,0.98,3,2025_10061_16
Nick Pivetta,10061,2025-09-02,2025,KCR,SEA,2,3.0,12,1,0,0,1.04,2,2025_10061_17
Nick Pivetta,10061,2025-09-22,2025,KCR,WSN,1,3.0,12,0,0,0,1.01,20,2025_10061_18
Nick Pivetta,10061,2025-09-27,2025,KCR,BOS,3,3.0,18,4,0,1,0.96,5,2025_10061_19
Nick Pivetta,10061,2025-09-28,2025,KCR,PIT,5,5.3,23,5,4,0,1.0,1,2025_10061_20
Mitch Keller,10062,2025-04-01,2025,WSN,HOU,5,8.0,34,7,2,1,1.01,5,2025_10062_0
Mitch Keller,10062,2025-04-02,2025,WSN,MIA,14,7.0,33,5,1,0,0.98,1,2025_10062_1
Mitch Keller,10062,2025-04-04,2025,WSN,MIA,11,7.7,32,13,4,1,1.01,2,2025_10062_2
Mitch Keller,10062,2025-04-06,2025,WSN,COL,3,6.3,28,7,2,1,1.01,2,2025_10062_3
Mitch Keller,10062,2025-04-14,2025,WSN,HOU,8,8.0,33,9,1,0,1.02,8,2025_10062_4
Mitch Keller,10062,2025-04-25,2025,WSN,MIN,3,5.7,25,6,2,1,1.01,11,2025_10062_5
Mitch Keller,10062,2025-05-04,2025,WSN,HOU,13,7.7,32,8,2,0,1.02,9,2025_10062_6
Mitch Keller,10062,2025-05-06,2025,WSN,CIN,7,5.7,26,6,3,0,1.0,2,2025_10062_7
Mitch Keller,10062,2025-05-13,2025,WSN,BOS,6,5.3,23,5,3,1,1.01,7,2025_10062_8
Mitch Keller,10062,2025-05-30,2025,WSN,LAD,11,5.3,21,4,2,0,1.03,17,2025_10062_9
Mitch Keller,10062,2025-05-31,2025,WSN,OAK,7,6.7,29,5,3,0,1.0,1,2025_10062_10
Mitch Keller,10062,2025-06-21,2025,WSN,HOU,6,6.3,25,7,3,1,1.01,21,2025_10062_11
Mitch Keller,10062,2025-06-24,2025,WSN,CHC,10,5.0,22,5,2,0,0.97,3,2025_10062_12
Mitch Keller,10062,2025-06-29,2025,WSN,PHI,8,4.7,21,5,2,1,1.01,5,2025_10062_13
Mitch Keller,10062,2025-07-18,2025,WSN,ATL,7,6.3,28,4,4,1,1.01,19,2025_10062_14
Mitch Keller,10062,2025-07-24,2025,WSN,PHI,4,5.7,27,7,4,1,1.01,6,2025_10062_15
Mitch Keller,10062,2025-07-25,2025,WSN,BOS,6,6.3,28,8,2,0,0.98,1,2025_10062_16
Mitch Keller,10062,2025-07-26,2025,WSN,CHW,10,7.7,33,8,2,1,1.01,1,2025_10062_17
Mitch Keller,10062,2025-07-31,2025,WSN,DET,7,7.3,29,8,2,1,1.01,5,2025_10062_18
Mitch Keller,10062,2025-08-01,2025,WSN,CLE,8,7.0,30,7,2,1,1.01,1,2025_10062_19
Mitch Keller,10062,2025-08-06,2025,WSN,MIN,6,6.7,30,8,2,0,1.0,5,2025_10062_20
Mitch Keller,10062,2025-08-07,2025,WSN,OAK,12,7.7,30,8,3,1,1.01,1,2025_10062_21
Mitch Keller,10062,2025-08-19,2025,WSN,KCR,14,7.0,30,8,2,0,0.96,12,2025_10062_22
Mitch Keller,10062,2025-08-23,2025,WSN,HOU,6,6.0,21,5,1,1,1.01,4,2025_10062_23
Mitch Keller,10062,2025-08-28,2025,WSN,HOU,9,8.7,42,10,3,1,1.01,5,2025_10062_24
Mitch Keller,10062,2025-08-30,2025,WSN,SEA,4,6.7,26,6,3,1,1.01,2,2025_10062_25
Mitch Keller,10062,2025-09-05,2025,WSN,ARI,17,7.7,34,11,2,1,1.01,6,2025_10062_26
Mitch Keller,10062,2025-09-09,2025,WSN,CLE,7,6.7,30,7,2,0,1.04,4,2025_10062_27
Mitch Keller,10062,2025-09-15,2025,WSN,OAK,9,4.3,18,6,0,1,1.01,6,2025_10062_28
Mitch Keller,10062,2025-09-21,2025,WSN,NYY,6,6.0,30,4,2,0,0.99,6,2025_10062_29
Mitch Keller,10062,2025-09-24,2025,WSN,SDP,7,6.0,23,7,1,0,1.08,3,2025_10062_30
Mitch Keller,10062,2025-09-26,2025,WSN,TOR,6,7.0,29,9,3,1,1.01,2,2025_10062_31
Bailey Ober,10063,2025-04-06,2025,TOR,LAA,4,5.0,24,5,0,0,0.99,5,2025_10063_0
Bailey Ober,10063,2025-04-25,2025,TOR,CHW,8,4.7,22,4,0,1,1.0,19,2025_10063_1
Bailey Ober,10063,2025-05-08,2025,TOR,MIN,0,4.7,19,4,3,0,1.0,13,2025_10063_2
Bailey Ober,10063,2025-05-21,2025,TOR,KCR,4,7.3,31,9,6,0,0.96,13,2025_10063_3
Bailey Ober,10063,2025-05-25,2025,TOR,PHI,3,5.7,27,6,1,0,1.01,4,2025_10063_4
Bailey Ober,10063,2025-05-27,2025,TOR,LAD,4,6.3,27,6,1,0,1.03,2,2025_10063_5
Bailey Ober,10063,2025-06-07,2025,TOR,SEA,10,7.3,33,8,2,1,1.0,11,2025_10063_6
Bailey Ober,10063,2025-06-17,2025,TOR,LAD,7,4.7,16,4,2,0,1.03,10,2025_10063_7
Bailey Ober,10063,2025-07-05,2025,TOR,BOS,4,5.0,23,7,1,0,0.98,18,2025_10063_8
Bailey Ober,10063,2025-07-07,2025,TOR,SEA,4,8.0,33,10,2,0,1.04,2,2025_10063_9
Bailey Ober,10063,2025-07-22,2025,TOR,HOU,4,7.3,32,6,1,1,1.0,15,2025_10063_10
Bailey Ober,10063,2025-07-24,2025,TOR,DET,2,4.7,22,4,2,0,1.0,2,2025_10063_11
Bailey Ober,10063,2025-07-27,2025,TOR,CHC,6,5.0,25,7,2,1,1.0,3,2025_10063_12
Bailey Ober,10063,2025-07-28,2025,TOR,NYY,4,4.7,21,5,1,0,0.99,1,2025_10063_13
Bailey Ober,10063,2025-08-03,2025,TOR,OAK,3,5.0,21,6,2,0,1.0,6,2025_10063_14
Bailey Ober,10063,2025-08-11,2025,TOR,MIL,7,5.3,22,5,3,0,1.05,8,2025_10063_15
Bailey Ober,10063,2025-08-18,2025,TOR,WSN,1,5.0,19,6,1,1,1.0,7,2025_10063_16
Bailey Ober,10063,2025-08-25,2025,TOR,ATL,11,6.3,27,8,3,0,1.02,7,2025_10063_17
Bailey Ober,10063,2025-08-26,2025,TOR,SDP,5,6.0,24,6,1,1,1.0,1,2025_10063_18
Bailey Ober,10063,2025-08-29,2025,TOR,PIT,4,6.0,30,5,1,0,1.0,3,2025_10063_19
Bailey Ober,10063,2025-09-02,2025,TOR,MIA,5,5.7,22,4,3,1,1.0,4,2025_10063_20
Bailey Ober,10063,2025-09-19,2025,TOR,DET,4,6.0,26,7,2,1,1.0,17,2025_10063_21
Bailey Ober,10063,2025-09-20,2025,TOR,MIL,3,5.7,22,5,1,1,1.0,1,2025_10063_22
Bailey Ober,10063,2025-09-25,2025,TOR,SDP,6,6.7,31,7,2,0,1.08,5,2025_10063_23
Bailey Ober,10063,2025-09-27,2025,TOR,OAK,9,8.0,35,9,3,1,1.0,2,2025_10063_24
Miles Mikolas,10064,2025-04-01,2025,CHC,COL,6,3.0,14,3,0,0,0.92,5,2025_10064_0
Miles Mikolas,10064,2025-04-07,2025,CHC,SDP,16,4.3,17,4,2,0,1.08,6,2025_10064_1
Miles Mikolas,10064,2025-04-13,2025,CHC,TBR,6,5.7,23,7,2,0,1.05,6,2025_10064_2
Miles Mikolas,10064,2025-04-14,2025,CHC,BOS,5,5.7,26,9,3,1,0.97,1,2025_10064_3
Miles Mikolas,10064,2025-04-15,2025,CHC,TBR,6,6.0,26,3,2,0,1.05,1,2025_10064_4
Miles Mikolas,10064,2025-04-17,2025,CHC,NYY,4,4.0,20,2,2,1,0.97,2,2025_10064_5
Miles Mikolas,10064,2025-04-21,2025,CHC,LAA,6,8.0,33,8,3,0,0.99,4,2025_10064_6
Miles Mikolas,10064,2025-04-28,2025,CHC,NYM,2,5.0,25,4,0,0,1.06,7,2025_10064_7
Miles Mikolas,10064,2025-05-16,2025,CHC,LAD,9,5.0,20,3,1,1,0.97,18,2025_10064_8
Miles Mikolas,10064,2025-05-23,2025,CHC,SFG,3,5.7,22,6,2,0,1.03,7,2025_10064_9
Miles Mikolas,10064,2025-05-24,2025,CHC,TEX,9,5.7,25,5,2,1,0.97,1,2025_10064_10
Miles Mikolas,10064,2025-06-02,2025,CHC,DET,4,4.3,17,7,2,1,0.97,9,2025_10064_11
Miles Mikolas,10064,2025-06-10,2025,CHC,ATL,8,7.0,32,7,3,1,0.97,8,2025_10064_12
Miles Mikolas,10064,2025-06-13,2025,CHC,LAD,13,5.0,22,6,1,0,1.03,3,2025_10064_13
Miles Mikolas,10064,2025-06-18,2025,CHC,CIN,8,4.3,15,2,2,0,1.0,5,2025_10064_14
Miles Mikolas,10064,2025-06-20,2025,CHC,DET,7,6.7,27,6,2,0,1.0,2,2025_10064_15
Miles Mikolas,10064,2025-06-22,2025,CHC,CIN,9,6.7,27,3,1,0,1.0,2,2025_10064_16
Miles Mikolas,10064,2025-07-03,2025,CHC,KCR,3,6.3,24,2,2,0,0.96,11,2025_10064_17
Miles Mikolas,10064,2025-07-18,2025,CHC,PHI,12,6.3,28,6,2,1,0.97,15,2025_10064_18
Miles Mikolas,10064,2025-07-22,2025,CHC,PHI,10,4.7,18,6,0,0,1.01,4,2025_10064_19
Miles Mikolas,10064,2025-07-30,2025,CHC,HOU,4,5.0,18,6,3,1,0.97,8,2025_10064_20
Miles Mikolas,10064,2025-08-01,2025,CHC,CLE,5,6.7,31,6,1,0,1.04,2,2025_10064_21
Miles Mikolas,10064,2025-08-06,2025,CHC,DET,7,8.3,35,8,3,0,1.0,5,2025_10064_22
Miles Mikolas,10064,2025-08-25,2025,CHC,PIT,7,5.3,28,5,1,1,0.97,19,2025_10064_23
Miles Mikolas,10064,2025-09-06,2025,CHC,COL,3,3.3,12,4,1,1,0.97,12,2025_10064_24
Miles Mikolas,10064,2025-09-28,2025,CHC,BOS,4,4.7,21,4,1,1,0.97,22,2025_10064_25
Martin Perez,10065,2025-03-28,2025,SFG,LAA,3,5.7,24,8,1,0,0.99,5,2025_10065_0
Martin Perez,10065,2025-04-04,2025,SFG,MIN,3,4.7,19,5,1,0,1.0,7,2025_10065_1
Martin Perez,10065,2025-04-05,2025,SFG,TEX,8,6.3,22,7,3,0,0.99,1,2025_10065_2
Martin Perez,10065,2025-04-08,2025,SFG,PHI,3,3.0,12,3,1,1,1.03,3,2025_10065_3
Martin Perez,10065,2025-04-10,2025,SFG,TOR,5,3.7,12,2,0,1,1.03,2,2025_10065_4
Martin Perez,10065,2025-04-13,2025,SFG,LAA,6,5.3,26,6,2,0,0.99,3,2025_10065_5
Martin Perez,10065,2025-05-03,2025,SFG,MIA,2,3.0,12,5,0,1,1.03,20,2025_10065_6
Martin Perez,10065,2025-05-13,2025,SFG,MIN,6,6.3,25,5,1,0,1.0,10,2025_10065_7
Martin Perez,10065,2025-05-21,2025,SFG,TEX,3,4.0,20,2,2,1,1.03,8,2025_10065_8
Martin Perez,10065,2025-05-29,2025,SFG,SEA,2,4.3,17,5,1,1,1.03,8,2025_10065_9
Martin Perez,10065,2025-06-01,2025,SFG,COL,1,5.7,27,5,2,0,0.92,3,2025_10065_10
Martin Perez,10065,2025-06-06,2025,SFG,MIN,1,4.0,18,3,1,1,1.03,5,2025_10065_11
Martin Perez,10065,2025-06-11,2025,SFG,TEX,8,7.7,34,9,3,0,0.99,5,2025_10065_12
Martin Perez,10065,2025-06-20,2025,SFG,NYM,4,6.0,26,6,4,0,1.06,9,2025_10065_13
Martin Perez,10065,2025-06-22,2025,SFG,HOU,5,3.0,11,1,0,1,1.03,2,2025_10065_14
Martin Perez,10065,2025-07-19,2025,SFG,NYY,6,4.3,16,5,1,0,0.99,27,2025_10065_15
Martin Perez,10065,2025-07-25,2025,SFG,BAL,2,4.3,21,8,1,0,1.0,6,2025_10065_16
Martin Perez,10065,2025-07-26,2025,SFG,MIA,5,5.7,26,7,2,1,1.03,1,2025_10065_17
Martin Perez,10065,2025-07-28,2025,SFG,PIT,6,6.7,28,5,2,0,1.0,2,2025_10065_18
Martin Perez,10065,2025-08-13,2025,SFG,HOU,2,3.0,10,5,1,1,1.03,16,2025_10065_19
Martin Perez,10065,2025-08-25,2025,SFG,ARI,3,3.3,18,3,1,1,1.03,12,2025_10065_20
Martin Perez,10065,2025-08-30,2025,SFG,CHW,5,4.7,18,5,2,1,1.03,5,2025_10065_21
Martin Perez,10065,2025-08-31,2025,SFG,HOU,2,3.0,12,3,1,0,1.02,1,2025_10065_22
Martin Perez,10065,2025-09-03,2025,SFG,PIT,2,3.0,13,4,0,1,1.03,3,2025_10065_23
Martin Perez,10065,2025-09-07,2025,SFG,DET,2,3.7,19,1,1,0,1.0,4,2025_10065_24
Martin Perez,10065,2025-09-10,2025,SFG,SEA,3,3.3,17,1,1,1,1.03,3,2025_10065_25
Martin Perez,10065,2025-09-24,2025,SFG,WSN,2,4.7,21,9,2,0,1.01,14,2025_10065_26
Drew Smyly,10066,2025-04-25,2025,NYM,KCR,10,5.3,22,7,3,1,1.06,5,2025_10066_0
Drew Smyly,10066,2025-04-26,2025,NYM,CLE,10,7.0,28,7,2,0,1.04,1,2025_10066_1
Drew Smyly,10066,2025-05-06,2025,NYM,PHI,3,4.0,16,3,2,0,1.01,10,2025_10066_2
Drew Smyly,10066,2025-05-08,2025,NYM,HOU,11,6.3,23,5,1,0,1.02,2,2025_10066_3
Drew Smyly,10066,2025-05-10,2025,NYM,MIN,3,4.7,18,4,1,0,1.0,2,2025_10066_4
Drew Smyly,10066,2025-05-23,2025,NYM,NYY,3,3.0,15,5,2,0,0.99,13,2025_10066_5
Drew Smyly,10066,2025-05-25,2025,NYM,TOR,4,4.7,20,7,1,1,1.06,2,2025_10066_6
Drew Smyly,10066,2025-06-06,2025,NYM,BAL,7,5.3,18,3,2,0,1.0,12,2025_10066_7
Drew Smyly,10066,2025-07-05,2025,NYM,CIN,4,5.0,23,3,3,0,1.0,29,2025_10066_8
Drew Smyly,10066,2025-07-07,2025,NYM,MIA,5,4.7,21,4,3,0,0.98,2,2025_10066_9
Drew Smyly,10066,2025-07-11,2025,NYM,BOS,4,5.7,28,5,2,0,0.98,4,2025_10066_10
Drew Smyly,10066,2025-07-16,2025,NYM,WSN,5,4.7,18,5,1,0,1.01,5,2025_10066_11
Drew Smyly,10066,2025-07-18,2025,NYM,SDP,2,6.3,30,6,3,1,1.06,2,2025_10066_12
Drew Smyly,10066,2025-07-21,2025,NYM,TBR,1,4.3,24,3,1,1,1.06,3,2025_10066_13
Drew Smyly,10066,2025-08-09,2025,NYM,SEA,4,5.7,22,9,1,0,1.04,19,2025_10066_14
Drew Smyly,10066,2025-09-06,2025,NYM,OAK,3,6.3,28,8,1,1,1.06,28,2025_10066_15
Drew Smyly,10066,2025-09-13,2025,NYM,TEX,6,4.0,18,3,0,0,0.99,7,2025_10066_16
Drew Smyly,10066,2025-09-16,2025,NYM,CLE,3,3.0,13,5,1,1,1.06,3,2025_10066_17
Drew Smyly,10066,2025-09-21,2025,NYM,DET,3,5.7,19,6,1,1,1.06,5,2025_10066_18
Drew Smyly,10066,2025-09-26,2025,NYM,BOS,6,5.0,19,3,4,0,0.98,5,2025_10066_19
Drew Smyly,10066,2025-09-27,2025,NYM,PHI,4,4.3,23,8,2,0,1.01,1,2025_10066_20
Michael Wacha,10067,2025-04-02,2025,COL,BOS,4,4.0,20,2,2,0,0.98,5,2025_10067_0
Michael Wacha,10067,2025-04-04,2025,COL,LAA,3,4.7,19,3,0,1,0.92,2,2025_10067_1
Michael Wacha,10067,2025-04-06,2025,COL,CLE,2,4.7,18,4,1,1,0.92,2,2025_10067_2
Michael Wacha,10067,2025-04-11,2025,COL,BAL,0,5.3,20,7,0,1,0.92,5,2025_10067_3
Michael Wacha,10067,2025-05-05,2025,COL,OAK,5,6.7,33,7,2,1,0.92,24,2025_10067_4
Michael Wacha,10067,2025-05-17,2025,COL,TOR,3,4.0,15,1,1,0,1.0,12,2025_10067_5
Michael Wacha,10067,2025-05-21,2025,COL,CIN,4,5.7,22,3,1,1,0.92,4,2025_10067_6
Michael Wacha,10067,2025-05-26,2025,COL,SDP,4,4.0,21,2,1,0,1.08,5,2025_10067_7
Michael Wacha,10067,2025-06-07,2025,COL,CIN,1,3.0,10,4,0,1,0.92,12,2025_10067_8
Michael Wacha,10067,2025-06-11,2025,COL,CLE,7,7.0,34,7,3,0,1.04,4,2025_10067_9
Michael Wacha,10067,2025-06-15,2025,COL,ATL,3,4.7,20,1,2,1,0.92,4,2025_10067_10
Michael Wacha,10067,2025-06-22,2025,COL,OAK,2,5.3,24,6,2,1,0.92,7,2025_10067_11
Michael Wacha,10067,2025-06-30,2025,COL,CHW,2,5.7,25,5,3,1,0.92,8,2025_10067_12
Michael Wacha,10067,2025-07-06,2025,COL,WSN,2,6.3,29,6,2,0,1.01,6,2025_10067_13
Michael Wacha,10067,2025-07-11,2025,COL,SFG,3,6.0,27,7,0,1,0.92,5,2025_10067_14
Michael Wacha,10067,2025-07-14,2025,COL,CIN,4,6.7,25,8,2,0,1.0,3,2025_10067_15
Michael Wacha,10067,2025-07-17,2025,COL,TEX,1,5.3,23,3,3,1,0.92,3,2025_10067_16
Michael Wacha,10067,2025-07-26,2025,COL,NYY,1,7.7,35,8,2,0,0.99,9,2025_10067_17
Michael Wacha,10067,2025-07-28,2025,COL,CHC,1,6.0,27,4,1,1,0.92,2,2025_10067_18
Michael Wacha,10067,2025-08-12,2025,COL,LAA,5,5.3,18,4,2,1,0.92,15,2025_10067_19
Michael Wacha,10067,2025-08-19,2025,COL,MIN,1,5.0,24,4,1,1,0.92,7,2025_10067_20
Michael Wacha,10067,2025-09-09,2025,COL,STL,1,5.7,25,7,3,1,0.92,21,2025_10067_21
Michael Wacha,10067,2025-09-17,2025,COL,CHW,1,6.0,24,4,3,1,0.92,8,2025_10067_22
Michael Wacha,10067,2025-09-18,2025,COL,CLE,0,5.0,19,6,1,1,0.92,1,2025_10067_23
Michael Wacha,10067,2025-09-24,2025,COL,WSN,7,5.0,21,3,0,0,1.01,6,2025_10067_24
Michael Wacha,10067,2025-09-26,2025,COL,SEA,4,4.0,18,6,1,1,0.92,2,2025_10067_25
Wade Miley,10068,2025-03-28,2025,PHI,DET,14,8.0,39,7,3,0,1.0,5,2025_10068_0
Wade Miley,10068,2025-03-30,2025,PHI,TEX,4,7.7,29,10,3,0,0.99,2,2025_10068_1
Wade Miley,10068,2025-03-31,2025,PHI,BOS,4,7.3,34,8,3,1,1.01,1,2025_10068_2
Wade Miley,10068,2025-04-04,2025,PHI,LAD,12,9.0,38,11,4,1,1.01,4,2025_10068_3
Wade Miley,10068,2025-04-05,2025,PHI,OAK,9,7.7,33,7,2,1,1.01,1,2025_10068_4
Wade Miley,10068,2025-04-12,2025,PHI,MIA,9,6.7,32,9,1,1,1.01,7,2025_10068_5
Wade Miley,10068,2025-04-19,2025,PHI,DET,3,6.3,30,7,2,0,1.0,7,2025_10068_6
Wade Miley,10068,2025-04-30,2025,PHI,STL,5,7.7,31,8,3,1,1.01,11,2025_10068_7
Wade Miley,10068,2025-05-10,2025,PHI,NYM,3,7.3,32,8,0,1,1.01,10,2025_10068_8
Wade Miley,10068,2025-05-16,2025,PHI,BOS,5,6.0,23,6,1,0,0.98,6,2025_10068_9
Wade Miley,10068,2025-06-03,2025,PHI,HOU,3,7.3,31,9,3,0,1.02,18,2025_10068_10
Wade Miley,10068,2025-06-06,2025,PHI,HOU,7,7.7,32,10,1,0,1.02,3,2025_10068_11
Wade Miley,10068,2025-06-07,2025,PHI,CHC,11,7.0,32,8,2,1,1.01,1,2025_10068_12
Wade Miley,10068,2025-06-11,2025,PHI,ARI,6,6.7,30,6,2,0,1.03,4,2025_10068_13
Wade Miley,10068,2025-06-12,2025,PHI,CLE,11,9.0,35,10,2,0,1.04,1,2025_10068_14
Wade Miley,10068,2025-06-13,2025,PHI,SFG,10,9.0,33,9,4,0,1.03,1,2025_10068_15
Wade Miley,10068,2025-07-01,2025,PHI,CIN,13,7.3,31,8,3,1,1.01,18,2025_10068_16
Wade Miley,10068,2025-07-09,2025,PHI,CLE,5,6.7,27,4,2,0,1.04,8,2025_10068_17
Wade Miley,10068,2025-07-13,2025,PHI,WSN,4,6.3,30,7,1,0,1.01,4,2025_10068_18
Wade Miley,10068,2025-07-22,2025,PHI,DET,3,6.3,32,9,1,1,1.01,9,2025_10068_19
Wade Miley,10068,2025-07-29,2025,PHI,CHC,6,6.7,29,5,4,1,1.01,7,2025_10068_20
Wade Miley,10068,2025-08-13,2025,PHI,MIL,9,6.7,24,6,4,1,1.01,15,2025_10068_21
Wade Miley,10068,2025-08-15,2025,PHI,BOS,11,6.7,30,5,2,0,0.98,2,2025_10068_22
Wade Miley,10068,2025-08-18,2025,PHI,CLE,6,5.7,21,3,1,1,1.01,3,2025_10068_23
Wade Miley,10068,2025-08-22,2025,PHI,NYM,6,8.0,35,4,3,1,1.01,4,2025_10068_24
Wade Miley,10068,2025-08-24,2025,PHI,CHC,9,7.3,28,7,2,1,1.01,2,2025_10068_25
Wade Miley,10068,2025-08-31,2025,PHI,CIN,18,9.0,38,8,4,1,1.01,7,2025_10068_26
Wade Miley,10068,2025-09-14,2025,PHI,MIN,14,7.3,28,7,3,0,1.0,14,2025_10068_27
Wade Miley,10068,2025-09-20,2025,PHI,NYY,10,7.3,31,10,4,0,0.99,6,2025_10068_28
Wade Miley,10068,2025-09-23,2025,PHI,SEA,8,7.3,34,6,3,1,1.01,3,2025_10068_29
Luke Weaver,10069,2025-04-01,2025,DET,STL,5,6.0,31,6,3,0,1.0,5,2025_10069_0
Luke Weaver,10069,2025-04-04,2025,DET,ATL,7,5.7,26,5,2,0,1.02,3,2025_10069_1
Luke Weaver,10069,2025-04-11,2025,DET,MIL,6,4.7,19,4,1,0,1.05,7,2025_10069_2
Luke Weaver,10069,2025-04-12,2025,DET,MIA,7,6.0,24,5,3,1,1.0,1,2025_10069_3
Luke Weaver,10069,2025-04-20,2025,DET,KCR,5,5.3,23,6,2,1,1.0,8,2025_10069_4
Luke Weaver,10069,2025-04-23,2025,DET,LAA,4,6.0,24,7,1,0,0.99,3,2025_10069_5
Luke Weaver,10069,2025-04-29,2025,DET,PIT,4,5.0,22,3,0,1,1.0,6,2025_10069_6
Luke Weaver,10069,2025-05-02,2025,DET,ATL,10,6.3,29,5,3,1,1.0,3,2025_10069_7
Luke Weaver,10069,2025-05-03,2025,DET,SFG,4,6.3,25,4,2,0,1.03,1,2025_10069_8
Luke Weaver,10069,2025-05-08,2025,DET,MIL,12,5.7,25,6,3,1,1.0,5,2025_10069_9
Luke Weaver,10069,2025-05-16,2025,DET,CHC,1,5.3,23,2,2,1,1.0,8,2025_10069_10
Luke Weaver,10069,2025-05-25,2025,DET,SFG,3,5.3,20,4,2,1,1.0,9,2025_10069_11
Luke Weaver,10069,2025-06-05,2025,DET,CIN,3,4.3,19,4,2,0,1.0,11,2025_10069_12
Luke Weaver,10069,2025-06-18,2025,DET,LAA,7,4.3,18,4,2,0,0.99,13,2025_10069_13
Luke Weaver,10069,2025-06-29,2025,DET,TBR,7,4.3,18,3,1,1,1.0,11,2025_10069_14
Luke Weaver,10069,2025-07-06,2025,DET,PIT,1,3.7,15,3,0,1,1.0,7,2025_10069_15
Luke Weaver,10069,2025-07-12,2025,DET,PHI,4,6.7,26,9,2,0,1.01,6,2025_10069_16
Luke Weaver,10069,2025-07-13,2025,DET,CHW,2,6.7,29,7,2,1,1.0,1,2025_10069_17
Luke Weaver,10069,2025-07-15,2025,DET,LAD,2,5.3,26,6,4,1,1.0,2,2025_10069_18
Luke Weaver,10069,2025-07-16,2025,DET,BOS,6,8.3,35,7,2,0,0.98,1,2025_10069_19
Luke Weaver,10069,2025-07-22,2025,DET,CHW,3,5.3,22,5,2,0,0.99,6,2025_10069_20
Luke Weaver,10069,2025-07-31,2025,DET,KCR,7,6.3,30,7,0,0,0.96,9,2025_10069_21
Luke Weaver,10069,2025-08-16,2025,DET,HOU,11,7.7,31,6,2,1,1.0,16,2025_10069_22
Luke Weaver,10069,2025-08-25,2025,DET,TOR,11,6.0,23,5,2,0,1.0,9,2025_10069_23
Luke Weaver,10069,2025-08-27,2025,DET,NYY,4,4.3,15,1,2,1,1.0,2,2025_10069_24
Luke Weaver,10069,2025-09-06,2025,DET,MIA,7,6.0,24,6,3,0,0.98,10,2025_10069_25
Luke Weaver,10069,2025-09-07,2025,DET,HOU,8,4.7,17,4,1,0,1.02,1,2025_10069_26
Luke Weaver,10069,2025-09-10,2025,DET,LAD,6,6.0,28,7,2,1,1.0,3,2025_10069_27
Luke Weaver,10069,2025-09-12,2025,DET,WSN,4,5.7,24,6,3,1,1.0,2,2025_10069_28
Luke Weaver,10069,2025-09-20,2025,DET,CHC,4,6.0,24,3,2,1,1.0,8,2025_10069_29
Luke Weaver,10069,2025-09-22,2025,DET,COL,2,3.7,15,1,0,0,0.92,2,2025_10069_30
Luke Weaver,10069,2025-09-25,2025,DET,PHI,3,6.0,29,7,1,1,1.0,3,2025_10069_31
Dane Dunning,10070,2025-03-29,2025,NYY,COL,9,5.7,23,5,1,0,0.92,5,2025_10070_0
Dane Dunning,10070,2025-04-05,2025,NYY,MIA,1,7.0,26,7,2,1,0.99,7,2025_10070_1
Dane Dunning,10070,2025-04-14,2025,NYY,OAK,1,4.7,17,4,2,1,0.99,9,2025_10070_2
Dane Dunning,10070,2025-05-08,2025,NYY,SEA,2,3.0,15,3,0,0,1.04,24,2025_10070_3
Dane Dunning,10070,2025-05-10,2025,NYY,KCR,0,3.3,17,3,2,1,0.99,2,2025_10070_4
Dane Dunning,10070,2025-05-23,2025,NYY,STL,1,4.0,21,4,3,1,0.99,13,2025_10070_5
Dane Dunning,10070,2025-06-14,2025,NYY,OAK,2,6.0,25,5,2,1,0.99,22,2025_10070_6
Dane Dunning,10070,2025-06-16,2025,NYY,HOU,3,4.7,21,5,2,0,1.02,2,2025_10070_7
Dane Dunning,10070,2025-07-05,2025,NYY,OAK,4,4.0,17,2,1,1,0.99,19,2025_10070_8
Dane Dunning,10070,2025-07-17,2025,NYY,STL,5,3.7,23,4,1,0,1.0,12,2025_10070_9
Dane Dunning,10070,2025-07-22,2025,NYY,DET,3,6.0,24,8,3,1,0.99,5,2025_10070_10
Dane Dunning,10070,2025-07-25,2025,NYY,COL,5,3.7,12,5,0,1,0.99,3,2025_10070_11
Dane Dunning,10070,2025-08-06,2025,NYY,PIT,2,5.0,22,4,3,1,0.99,12,2025_10070_12
Dane Dunning,10070,2025-08-11,2025,NYY,BOS,5,7.3,43,5,2,0,0.98,5,2025_10070_13
Dane Dunning,10070,2025-08-13,2025,NYY,BAL,3,5.3,24,8,2,0,1.0,2,2025_10070_14
Dane Dunning,10070,2025-08-15,2025,NYY,HOU,6,5.7,19,7,2,1,0.99,2,2025_10070_15
Dane Dunning,10070,2025-08-19,2025,NYY,BOS,3,3.3,15,2,0,0,0.98,4,2025_10070_16
Dane Dunning,10070,2025-08-20,2025,NYY,SDP,4,5.3,24,6,1,0,1.08,1,2025_10070_17
Dane Dunning,10070,2025-09-01,2025,NYY,SFG,1,4.7,17,3,0,1,0.99,12,2025_10070_18
Dane Dunning,10070,2025-09-08,2025,NYY,ARI,1,4.3,18,5,0,0,1.03,7,2025_10070_19
Dane Dunning,10070,2025-09-14,2025,NYY,BAL,3,3.3,17,3,1,0,1.0,6,2025_10070_20
Kutter Crawford,10071,2025-03-31,2025,STL,PIT,3,5.3,20,8,2,1,1.0,5,2025_10071_0
Kutter Crawford,10071,2025-04-06,2025,STL,SDP,5,5.0,21,3,2,0,1.08,6,2025_10071_1
Kutter Crawford,10071,2025-04-12,2025,STL,KCR,3,4.7,21,7,1,1,1.0,6,2025_10071_2
Kutter Crawford,10071,2025-04-13,2025,STL,MIN,6,7.0,30,9,2,0,1.0,1,2025_10071_3
Kutter Crawford,10071,2025-04-17,2025,STL,DET,1,6.0,25,4,3,0,1.0,4,2025_10071_4
Kutter Crawford,10071,2025-04-19,2025,STL,PIT,2,4.0,18,4,1,1,1.0,2,2025_10071_5
Kutter Crawford,10071,2025-04-21,2025,STL,PIT,6,5.0,22,2,1,0,1.0,2,2025_10071_6
Kutter Crawford,10071,2025-04-23,2025,STL,OAK,6,6.7,30,8,1,1,1.0,2,2025_10071_7
Kutter Crawford,10071,2025-05-05,2025,STL,NYY,4,5.3,26,3,1,1,1.0,12,2025_10071_8
Kutter Crawford,10071,2025-05-10,2025,STL,TEX,1,5.3,25,7,2,1,1.0,5,2025_10071_9
Kutter Crawford,10071,2025-05-13,2025,STL,LAA,4,6.0,31,5,1,1,1.0,3,2025_10071_10
Kutter Crawford,10071,2025-05-27,2025,STL,MIL,4,5.7,29,6,2,0,1.05,14,2025_10071_11
Kutter Crawford,10071,2025-05-30,2025,STL,SEA,4,3.0,19,2,1,0,1.04,3,2025_10071_12
Kutter Crawford,10071,2025-06-04,2025,STL,SEA,7,6.0,28,6,2,0,1.04,5,2025_10071_13
Kutter Crawford,10071,2025-06-10,2025,STL,BOS,5,5.3,25,5,0,1,1.0,6,2025_10071_14
Kutter Crawford,10071,2025-06-19,2025,STL,PHI,8,7.3,32,7,3,0,1.01,9,2025_10071_15
Kutter Crawford,10071,2025-06-21,2025,STL,CIN,1,3.7,15,5,1,0,1.0,2,2025_10071_16
Kutter Crawford,10071,2025-06-24,2025,STL,MIN,9,5.7,22,6,2,1,1.0,3,2025_10071_17
Kutter Crawford,10071,2025-07-12,2025,STL,LAA,2,3.0,12,2,1,1,1.0,18,2025_10071_18
Kutter Crawford,10071,2025-07-25,2025,STL,BAL,5,5.3,28,5,2,0,1.0,13,2025_10071_19
Kutter Crawford,10071,2025-07-27,2025,STL,LAA,3,3.3,16,3,2,0,0.99,2,2025_10071_20
Kutter Crawford,10071,2025-07-29,2025,STL,BOS,1,5.3,21,5,2,0,0.98,2,2025_10071_21
Kutter Crawford,10071,2025-08-05,2025,STL,DET,4,6.0,25,6,1,1,1.0,7,2025_10071_22
Kutter Crawford,10071,2025-08-21,2025,STL,CHC,3,4.7,25,6,2,1,1.0,16,2025_10071_23
Kutter Crawford,10071,2025-08-22,2025,STL,SFG,6,8.0,35,10,3,1,1.0,1,2025_10071_24
Kutter Crawford,10071,2025-08-29,2025,STL,ARI,2,5.0,20,5,0,1,1.0,7,2025_10071_25
Kutter Crawford,10071,2025-09-07,2025,STL,KCR,5,4.3,18,6,1,0,0.96,9,2025_10071_26
Kutter Crawford,10071,2025-09-12,2025,STL,CHW,9,6.7,24,5,4,1,1.0,5,2025_10071_27
Kutter Crawford,10071,2025-09-19,2025,STL,CHW,2,5.0,21,5,2,1,1.0,7,2025_10071_28
Kutter Crawford,10071,2025-09-20,2025,STL,DET,2,3.7,17,3,1,0,1.0,1,2025_10071_29
Kutter Crawford,10071,2025-09-27,2025,STL,HOU,1,4.3,19,5,1,1,1.0,7,2025_10071_30
Andrew Heaney,10072,2025-03-31,2025,WSN,DET,4,6.3,22,6,3,0,1.0,5,2025_10072_0
Andrew Heaney,10072,2025-04-03,2025,WSN,DET,7,5.3,20,5,3,1,1.01,3,2025_10072_1
Andrew Heaney,10072,2025-04-12,2025,WSN,TEX,1,3.7,15,2,1,1,1.01,9,2025_10072_2
Andrew Heaney,10072,2025-04-19,2025,WSN,TEX,6,4.7,20,6,1,1,1.01,7,2025_10072_3
Andrew Heaney,10072,2025-05-09,2025,WSN,BAL,2,6.0,25,8,2,1,1.01,20,2025_10072_4
Andrew Heaney,10072,2025-05-17,2025,WSN,MIN,3,3.7,17,4,1,0,1.0,8,2025_10072_5
Andrew Heaney,10072,2025-05-28,2025,WSN,KCR,5,4.7,22,7,3,1,1.01,11,2025_10072_6
Andrew Heaney,10072,2025-05-30,2025,WSN,SDP,2,4.3,23,4,1,1,1.01,2,2025_10072_7
Andrew Heaney,10072,2025-06-03,2025,WSN,BAL,1,3.3,12,5,1,0,1.0,4,2025_10072_8
Andrew Heaney,10072,2025-06-17,2025,WSN,COL,2,3.7,14,4,2,1,1.01,14,2025_10072_9
Andrew Heaney,10072,2025-07-07,2025,WSN,DET,2,4.7,22,6,2,1,1.01,20,2025_10072_10
Andrew Heaney,10072,2025-07-11,2025,WSN,MIL,0,5.3,25,5,1,1,1.01,4,2025_10072_11
Andrew Heaney,10072,2025-07-14,2025,WSN,SFG,2,5.3,23,7,1,0,1.03,3,2025_10072_12
Andrew Heaney,10072,2025-07-22,2025,WSN,PIT,1,5.7,21,4,1,0,1.0,8,2025_10072_13
Andrew Heaney,10072,2025-07-25,2025,WSN,STL,5,5.3,21,3,2,0,1.0,3,2025_10072_14
Andrew Heaney,10072,2025-08-05,2025,WSN,OAK,1,3.0,13,2,0,0,1.0,11,2025_10072_15
Andrew Heaney,10072,2025-08-08,2025,WSN,NYY,2,3.7,14,1,1,0,0.99,3,2025_10072_16
Andrew Heaney,10072,2025-08-20,2025,WSN,OAK,4,5.0,21,5,1,1,1.01,12,2025_10072_17
Andrew Heaney,10072,2025-08-22,2025,WSN,SEA,5,4.3,15,4,1,0,1.04,2,2025_10072_18
Andrew Heaney,10072,2025-08-27,2025,WSN,TBR,0,4.0,16,4,2,0,1.05,5,2025_10072_19
Andrew Heaney,10072,2025-09-12,2025,WSN,MIN,2,4.3,18,6,1,0,1.0,16,2025_10072_20
Rich Hill,10073,2025-03-28,2025,CHW,MIL,0,3.0,17,4,0,0,1.05,5,2025_10073_0
Rich Hill,10073,2025-03-30,2025,CHW,NYY,0,5.3,25,5,2,0,0.99,2,2025_10073_1
Rich Hill,10073,2025-04-12,2025,CHW,STL,1,6.0,27,8,2,0,1.0,13,2025_10073_2
Rich Hill,10073,2025-04-13,2025,CHW,PHI,5,4.0,15,5,1,0,1.01,1,2025_10073_3
Rich Hill,10073,2025-05-06,2025,CHW,CLE,2,3.3,11,3,0,0,1.04,23,2025_10073_4
Rich Hill,10073,2025-05-23,2025,CHW,STL,3,3.0,14,2,0,1,0.99,17,2025_10073_5
Rich Hill,10073,2025-05-24,2025,CHW,TBR,1,3.3,11,4,1,1,0.99,1,2025_10073_6
Rich Hill,10073,2025-05-29,2025,CHW,PIT,1,3.0,10,2,1,0,1.0,5,2025_10073_7
Rich Hill,10073,2025-06-07,2025,CHW,CHC,4,4.3,19,4,3,1,0.99,9,2025_10073_8
Rich Hill,10073,2025-06-21,2025,CHW,OAK,2,3.3,11,4,0,0,1.0,14,2025_10073_9
Rich Hill,10073,2025-07-03,2025,CHW,WSN,3,3.0,12,3,1,0,1.01,12,2025_10073_10
Rich Hill,10073,2025-07-09,2025,CHW,COL,1,3.0,13,5,0,1,0.99,6,2025_10073_11
Rich Hill,10073,2025-07-20,2025,CHW,TBR,1,4.7,21,7,3,1,0.99,11,2025_10073_12
Rich Hill,10073,2025-08-03,2025,CHW,OAK,3,4.3,16,5,0,1,0.99,14,2025_10073_13
Rich Hill,10073,2025-08-04,2025,CHW,LAA,2,3.0,16,2,0,1,0.99,1,2025_10073_14
Rich Hill,10073,2025-08-17,2025,CHW,BOS,6,3.7,16,4,0,1,0.99,13,2025_10073_15
Rich Hill,10073,2025-08-22,2025,CHW,MIA,0,4.3,15,6,1,0,0.98,5,2025_10073_16
Rich Hill,10073,2025-08-23,2025,CHW,HOU,0,3.3,17,4,2,0,1.02,1,2025_10073_17
Rich Hill,10073,2025-09-22,2025,CHW,NYM,1,5.0,23,4,2,1,0.99,30,2025_10073_18
Rich Hill,10073,2025-09-30,2025,CHW,TEX,0,4.7,23,5,2,0,0.99,8,2025_10073_19
Mike Minor,10074,2025-03-28,2025,TOR,ARI,5,6.0,23,4,4,0,1.03,5,2025_10074_0
Mike Minor,10074,2025-04-05,2025,TOR,KCR,10,6.3,30,6,4,1,1.0,8,2025_10074_1
Mike Minor,10074,2025-04-08,2025,TOR,LAA,3,5.3,21,2,3,1,1.0,3,2025_10074_2
Mike Minor,10074,2025-04-09,2025,TOR,BAL,2,4.3,19,5,2,0,1.0,1,2025_10074_3
Mike Minor,10074,2025-04-15,2025,TOR,MIA,2,7.3,29,8,1,1,1.0,6,2025_10074_4
Mike Minor,10074,2025-04-24,2025,TOR,WSN,2,4.7,18,1,0,0,1.01,9,2025_10074_5
Mike Minor,10074,2025-05-02,2025,TOR,DET,10,7.7,34,10,2,1,1.0,8,2025_10074_6
Mike Minor,10074,2025-05-12,2025,TOR,MIL,3,6.0,28,7,3,1,1.0,10,2025_10074_7
Mike Minor,10074,2025-05-17,2025,TOR,MIL,5,4.7,20,6,1,0,1.05,5,2025_10074_8
Mike Minor,10074,2025-05-19,2025,TOR,SFG,6,5.3,27,6,2,0,1.03,2,2025_10074_9
Mike Minor,10074,2025-05-21,2025,TOR,PHI,1,6.3,28,5,2,1,1.0,2,2025_10074_10
Mike Minor,10074,2025-05-24,2025,TOR,MIL,9,6.0,23,5,3,0,1.05,3,2025_10074_11
Mike Minor,10074,2025-06-08,2025,TOR,BOS,5,5.7,25,5,2,0,0.98,15,2025_10074_12
Mike Minor,10074,2025-06-22,2025,TOR,SFG,4,5.0,18,5,1,0,1.03,14,2025_10074_13
Mike Minor,10074,2025-06-30,2025,TOR,TEX,10,6.0,26,4,2,0,0.99,8,2025_10074_14
Mike Minor,10074,2025-07-02,2025,TOR,STL,9,7.0,29,6,3,0,1.0,2,2025_10074_15
Mike Minor,10074,2025-07-13,2025,TOR,SEA,1,5.3,25,4,2,1,1.0,11,2025_10074_16
Mike Minor,10074,2025-07-19,2025,TOR,STL,7,6.3,24,5,1,1,1.0,6,2025_10074_17
Mike Minor,10074,2025-08-09,2025,TOR,ARI,2,5.0,19,3,1,1,1.0,21,2025_10074_18
Mike Minor,10074,2025-09-06,2025,TOR,KCR,5,8.0,36,10,2,1,1.0,28,2025_10074_19
Mike Minor,10074,2025-09-15,2025,TOR,TEX,5,5.3,21,4,3,1,1.0,9,2025_10074_20
Mike Minor,10074,2025-09-21,2025,TOR,HOU,4,5.3,22,6,1,1,1.0,6,2025_10074_21
Mike Minor,10074,2025-09-28,2025,TOR,CHC,6,7.3,32,8,3,0,0.97,7,2025_10074_22
Dallas Keuchel,10075,2025-03-29,2025,TOR,CHW,8,5.0,21,6,1,0,0.99,5,2025_10075_0
Dallas Keuchel,10075,2025-04-03,2025,TOR,MIL,4,5.0,20,3,1,1,1.0,5,2025_10075_1
Dallas Keuchel,10075,2025-04-04,2025,TOR,COL,4,5.0,20,2,1,0,0.92,1,2025_10075_2
Dallas Keuchel,10075,2025-04-16,2025,TOR,CHC,8,6.0,25,6,3,1,1.0,12,2025_10075_3
Dallas Keuchel,10075,2025-04-18,2025,TOR,CIN,9,7.0,26,10,2,0,1.0,2,2025_10075_4
Dallas Keuchel,10075,2025-04-19,2025,TOR,PIT,3,4.3,18,6,2,1,1.0,1,2025_10075_5
Dallas Keuchel,10075,2025-04-24,2025,TOR,TEX,5,6.3,23,7,3,1,1.0,5,2025_10075_6
Dallas Keuchel,10075,2025-04-30,2025,TOR,KCR,6,5.0,18,3,2,1,1.0,6,2025_10075_7
Dallas Keuchel,10075,2025-05-01,2025,TOR,ATL,6,5.0,22,3,2,0,1.02,1,2025_10075_8
Dallas Keuchel,10075,2025-05-03,2025,TOR,MIL,17,7.3,25,8,1,1,1.0,2,2025_10075_9
Dallas Keuchel,10075,2025-05-09,2025,TOR,TEX,10,5.7,24,5,3,1,1.0,6,2025_10075_10
Dallas Keuchel,10075,2025-05-10,2025,TOR,SDP,7,5.3,20,6,3,1,1.0,1,2025_10075_11
Dallas Keuchel,10075,2025-05-14,2025,TOR,OAK,4,6.0,27,7,2,0,1.0,4,2025_10075_12
Dallas Keuchel,10075,2025-05-17,2025,TOR,MIL,5,6.3,29,7,3,1,1.0,3,2025_10075_13
Dallas Keuchel,10075,2025-05-18,2025,TOR,HOU,7,6.3,23,4,3,0,1.02,1,2025_10075_14
Dallas Keuchel,10075,2025-05-21,2025,TOR,COL,13,6.3,25,6,1,1,1.0,3,2025_10075_15
Dallas Keuchel,10075,2025-05-23,2025,TOR,SFG,7,6.7,26,8,2,1,1.0,2,2025_10075_16
Dallas Keuchel,10075,2025-05-31,2025,TOR,NYM,15,6.7,28,8,3,0,1.06,8,2025_10075_17
Dallas Keuchel,10075,2025-06-08,2025,TOR,LAD,9,4.7,24,4,2,1,1.0,8,2025_10075_18
Dallas Keuchel,10075,2025-06-10,2025,TOR,MIA,5,3.7,17,1,2,0,0.98,2,2025_10075_19
Dallas Keuchel,10075,2025-06-14,2025,TOR,LAD,6,6.0,22,7,2,1,1.0,4,2025_10075_20
Dallas Keuchel,10075,2025-06-18,2025,TOR,SDP,13,8.0,37,7,3,0,1.08,4,2025_10075_21
Dallas Keuchel,10075,2025-07-10,2025,TOR,KCR,16,6.7,28,8,3,0,0.96,22,2025_10075_22
Dallas Keuchel,10075,2025-07-12,2025,TOR,OAK,11,4.7,19,5,0,0,1.0,2,2025_10075_23
Dallas Keuchel,10075,2025-07-17,2025,TOR,KCR,12,8.3,38,8,3,1,1.0,5,2025_10075_24
Dallas Keuchel,10075,2025-07-25,2025,TOR,NYM,6,5.0,23,5,1,1,1.0,8,2025_10075_25
Dallas Keuchel,10075,2025-07-29,2025,TOR,LAA,9,7.3,31,9,1,1,1.0,4,2025_10075_26
Dallas Keuchel,10075,2025-07-30,2025,TOR,MIN,4,5.3,18,5,2,0,1.0,1,2025_10075_27
Dallas Keuchel,10075,2025-08-17,2025,TOR,MIL,2,5.0,22,6,1,1,1.0,18,2025_10075_28
Dallas Keuchel,10075,2025-08-22,2025,TOR,SDP,9,6.3,24,9,1,1,1.0,5,2025_10075_29
Dallas Keuchel,10075,2025-08-28,2025,TOR,DET,9,5.0,21,6,0,1,1.0,6,2025_10075_30
Dallas Keuchel,10075,2025-09-21,2025,TOR,SDP,11,6.7,33,6,1,1,1.0,24,2025_10075_31
Dallas Keuchel,10075,2025-09-29,2025,TOR,DET,12,5.7,25,8,2,0,1.0,8,2025_10075_32
Zach Davies,10076,2025-03-28,2025,SFG,OAK,5,5.0,17,7,1,0,1.0,5,2025_10076_0
Zach Davies,10076,2025-04-09,2025,SFG,BOS,6,3.0,14,4,1,1,1.03,12,2025_10076_1
Zach Davies,10076,2025-04-10,2025,SFG,NYM,7,4.0,14,6,2,1,1.03,1,2025_10076_2
Zach Davies,10076,2025-04-22,2025,SFG,TOR,4,5.3,24,8,1,1,1.03,12,2025_10076_3
Zach Davies,10076,2025-04-26,2025,SFG,LAA,2,4.3,15,4,0,0,0.99,4,2025_10076_4
Zach Davies,10076,2025-04-29,2025,SFG,NYM,4,3.3,13,4,1,1,1.03,3,2025_10076_5
Zach Davies,10076,2025-05-04,2025,SFG,DET,2,4.0,14,1,1,0,1.0,5,2025_10076_6
Zach Davies,10076,2025-05-12,2025,SFG,MIA,4,3.0,10,1,1,1,1.03,8,2025_10076_7
Zach Davies,10076,2025-05-14,2025,SFG,MIN,1,3.3,14,6,1,0,1.0,2,2025_10076_8
Zach Davies,10076,2025-05-17,2025,SFG,BOS,5,6.7,29,7,2,1,1.03,3,2025_10076_9
Zach Davies,10076,2025-05-23,2025,SFG,NYM,6,4.3,15,3,3,1,1.03,6,2025_10076_10
Zach Davies,10076,2025-05-30,2025,SFG,CHW,7,4.3,17,4,2,1,1.03,7,2025_10076_11
Zach Davies,10076,2025-06-06,2025,SFG,WSN,13,6.7,25,6,1,0,1.01,7,2025_10076_12
Zach Davies,10076,2025-06-09,2025,SFG,LAA,5,5.3,24,9,1,1,1.03,3,2025_10076_13
Zach Davies,10076,2025-06-12,2025,SFG,TBR,3,5.0,19,4,0,1,1.03,3,2025_10076_14
Zach Davies,10076,2025-06-17,2025,SFG,TOR,3,4.7,22,4,2,1,1.03,5,2025_10076_15
Zach Davies,10076,2025-06-20,2025,SFG,LAA,2,3.7,16,3,0,1,1.03,3,2025_10076_16
Zach Davies,10076,2025-06-22,2025,SFG,CHW,1,3.7,15,4,1,1,1.03,2,2025_10076_17
Zach Davies,10076,2025-07-18,2025,SFG,MIL,6,3.0,17,4,1,1,1.03,26,2025_10076_18
Zach Davies,10076,2025-07-21,2025,SFG,NYY,6,4.3,21,10,2,0,0.99,3,2025_10076_19
Zach Davies,10076,2025-07-29,2025,SFG,COL,6,5.3,23,3,2,0,0.92,8,2025_10076_20
Zach Davies,10076,2025-07-30,2025,SFG,CIN,2,4.7,18,2,0,1,1.03,1,2025_10076_21
Zach Davies,10076,2025-08-08,2025,SFG,ARI,1,6.0,24,2,2,0,1.03,9,2025_10076_22
Zach Davies,10076,2025-08-14,2025,SFG,SEA,3,4.3,15,4,2,1,1.03,6,2025_10076_23
Zach Davies,10076,2025-08-25,2025,SFG,TEX,3,3.0,16,5,0,0,0.99,11,2025_10076_24
Zach Davies,10076,2025-08-29,2025,SFG,TBR,9,7.0,31,6,2,1,1.03,4,2025_10076_25
Zach Davies,10076,2025-09-05,2025,SFG,SEA,9,5.7,22,4,1,1,1.03,7,2025_10076_26
Zach Davies,10076,2025-09-16,2025,SFG,LAA,7,6.0,27,8,4,1,1.03,11,2025_10076_27
Zach Davies,10076,2025-09-17,2025,SFG,CHC,3,5.3,23,5,3,1,1.03,1,2025_10076_28
Spenser Watkins,10078,2025-03-29,2025,KCR,PHI,5,6.7,29,7,1,1,0.96,5,2025_10078_0
Spenser Watkins,10078,2025-03-30,2025,KCR,CLE,2,4.3,21,3,0,0,1.04,1,2025_10078_1
Spenser Watkins,10078,2025-04-07,2025,KCR,COL,9,5.0,23,7,1,1,0.96,8,2025_10078_2
Spenser Watkins,10078,2025-04-20,2025,KCR,WSN,6,5.3,22,5,1,1,0.96,13,2025_10078_3
Spenser Watkins,10078,2025-04-25,2025,KCR,BOS,4,4.7,20,5,0,1,0.96,5,2025_10078_4
Spenser Watkins,10078,2025-04-28,2025,KCR,SFG,3,5.3,22,6,3,1,0.96,3,2025_10078_5
Spenser Watkins,10078,2025-05-02,2025,KCR,ATL,5,6.3,29,6,1,0,1.02,4,2025_10078_6
Spenser Watkins,10078,2025-05-11,2025,KCR,SDP,2,5.0,26,5,2,0,1.08,9,2025_10078_7
Spenser Watkins,10078,2025-05-14,2025,KCR,SFG,4,6.0,25,4,3,0,1.03,3,2025_10078_8
Spenser Watkins,10078,2025-05-25,2025,KCR,COL,7,4.7,20,4,0,0,0.92,11,2025_10078_9
Spenser Watkins,10078,2025-05-28,2025,KCR,BOS,5,4.3,17,3,1,0,0.98,3,2025_10078_10
Spenser Watkins,10078,2025-06-05,2025,KCR,PHI,1,5.7,24,7,2,1,0.96,8,2025_10078_11
Spenser Watkins,10078,2025-06-29,2025,KCR,COL,9,5.7,25,5,2,1,0.96,24,2025_10078_12
Spenser Watkins,10078,2025-07-02,2025,KCR,SDP,12,6.3,28,6,1,1,0.96,3,2025_10078_13
Spenser Watkins,10078,2025-07-23,2025,KCR,MIA,7,7.0,29,6,2,1,0.96,21,2025_10078_14
Spenser Watkins,10078,2025-07-27,2025,KCR,MIA,3,5.0,19,6,3,0,0.98,4,2025_10078_15
Spenser Watkins,10078,2025-07-30,2025,KCR,BAL,7,4.7,20,4,0,1,0.96,3,2025_10078_16
Spenser Watkins,10078,2025-07-31,2025,KCR,CHW,7,3.0,10,1,1,1,0.96,1,2025_10078_17
Spenser Watkins,10078,2025-08-02,2025,KCR,MIL,7,5.7,24,6,3,1,0.96,2,2025_10078_18
Spenser Watkins,10078,2025-08-05,2025,KCR,HOU,2,4.7,20,5,2,1,0.96,3,2025_10078_19
Spenser Watkins,10078,2025-08-06,2025,KCR,NYM,5,6.7,33,8,2,0,1.06,1,2025_10078_20
Spenser Watkins,10078,2025-08-14,2025,KCR,MIN,9,6.0,24,4,2,1,0.96,8,2025_10078_21
Spenser Watkins,10078,2025-08-15,2025,KCR,LAA,5,6.3,29,5,3,0,0.99,1,2025_10078_22
Spenser Watkins,10078,2025-08-23,2025,KCR,WSN,4,5.0,17,4,0,0,1.01,8,2025_10078_23
Spenser Watkins,10078,2025-09-02,2025,KCR,CLE,3,4.7,16,7,0,1,0.96,10,2025_10078_24
Spenser Watkins,10078,2025-09-27,2025,KCR,DET,2,3.7,16,4,1,1,0.96,25,2025_10078_25
Spenser Watkins,10078,2025-09-30,2025,KCR,COL,6,5.7,25,5,2,0,0.92,3,2025_10078_26
Austin Gomber,10079,2025-03-29,2025,TOR,STL,2,5.7,23,5,1,1,1.0,5,2025_10079_0
Austin Gomber,10079,2025-04-14,2025,TOR,CHC,6,7.3,32,9,3,0,0.97,16,2025_10079_1
Austin Gomber,10079,2025-04-17,2025,TOR,ARI,5,7.3,26,6,4,1,1.0,3,2025_10079_2
Austin Gomber,10079,2025-04-24,2025,TOR,ARI,2,5.3,21,4,1,0,1.03,7,2025_10079_3
Austin Gomber,10079,2025-05-02,2025,TOR,TEX,2,5.7,24,5,1,0,0.99,8,2025_10079_4
Austin Gomber,10079,2025-05-04,2025,TOR,CIN,3,3.7,14,3,1,1,1.0,2,2025_10079_5
Austin Gomber,10079,2025-05-12,2025,TOR,LAD,6,5.7,26,6,2,1,1.0,8,2025_10079_6
Austin Gomber,10079,2025-05-15,2025,TOR,BAL,7,7.7,33,7,2,0,1.0,3,2025_10079_7
Austin Gomber,10079,2025-05-17,2025,TOR,OAK,5,6.3,28,10,2,0,1.0,2,2025_10079_8
Austin Gomber,10079,2025-06-03,2025,TOR,CHC,6,6.0,24,5,1,0,0.97,17,2025_10079_9
Austin Gomber,10079,2025-06-13,2025,TOR,ATL,6,6.0,24,8,2,0,1.02,10,2025_10079_10
Austin Gomber,10079,2025-06-16,2025,TOR,BOS,3,5.0,21,6,1,0,0.98,3,2025_10079_11
Austin Gomber,10079,2025-06-18,2025,TOR,BOS,7,6.7,25,6,1,1,1.0,2,2025_10079_12
Austin Gomber,10079,2025-07-04,2025,TOR,CHC,6,7.3,29,5,3,0,0.97,16,2025_10079_13
Austin Gomber,10079,2025-07-05,2025,TOR,TEX,2,4.3,16,4,2,0,0.99,1,2025_10079_14
Austin Gomber,10079,2025-07-06,2025,TOR,OAK,6,6.0,24,6,3,1,1.0,1,2025_10079_15
Austin Gomber,10079,2025-07-19,2025,TOR,CIN,4,5.3,25,3,2,0,1.0,13,2025_10079_16
Austin Gomber,10079,2025-07-20,2025,TOR,PHI,1,3.7,14,3,1,1,1.0,1,2025_10079_17
Austin Gomber,10079,2025-08-03,2025,TOR,KCR,13,5.3,23,7,2,1,1.0,14,2025_10079_18
Austin Gomber,10079,2025-08-16,2025,TOR,LAD,2,6.0,25,7,2,1,1.0,13,2025_10079_19
Austin Gomber,10079,2025-08-29,2025,TOR,PIT,1,5.0,18,7,2,1,1.0,13,2025_10079_20
Austin Gomber,10079,2025-09-02,2025,TOR,CLE,5,4.3,22,6,0,0,1.04,4,2025_10079_21
Austin Gomber,10079,2025-09-12,2025,TOR,STL,1,4.3,15,3,1,1,1.0,10,2025_10079_22
Austin Gomber,10079,2025-09-16,2025,TOR,LAD,0,3.7,18,3,0,1,1.0,4,2025_10079_23
Austin Gomber,10079,2025-09-22,2025,TOR,MIA,3,5.7,22,6,1,1,1.0,6,2025_10079_24
Austin Gomber,10079,2025-09-26,2025,TOR,BAL,6,6.3,26,6,2,1,1.0,4,2025_10079_25
Antonio Senzatela,10081,2025-03-31,2025,PHI,TOR,7,5.7,25,7,2,1,1.01,5,2025_10081_0
Antonio Senzatela,10081,2025-04-06,2025,PHI,TBR,7,3.0,11,4,2,0,1.05,6,2025_10081_1
Antonio Senzatela,10081,2025-04-11,2025,PHI,DET,10,5.7,24,5,2,1,1.01,5,2025_10081_2
Antonio Senzatela,10081,2025-05-01,2025,PHI,TEX,1,5.3,23,6,2,1,1.01,20,2025_10081_3
Antonio Senzatela,10081,2025-05-02,2025,PHI,MIL,2,3.0,11,3,2,1,1.01,1,2025_10081_4
Antonio Senzatela,10081,2025-05-05,2025,PHI,COL,2,3.3,15,5,1,0,0.92,3,2025_10081_5
Antonio Senzatela,10081,2025-05-09,2025,PHI,HOU,2,5.0,17,5,1,0,1.02,4,2025_10081_6
Antonio Senzatela,10081,2025-05-10,2025,PHI,WSN,6,6.0,26,7,2,1,1.01,1,2025_10081_7
Antonio Senzatela,10081,2025-05-21,2025,PHI,WSN,2,3.3,16,4,2,1,1.01,11,2025_10081_8
Antonio Senzatela,10081,2025-05-31,2025,PHI,HOU,4,3.3,16,2,3,0,1.02,10,2025_10081_9
Antonio Senzatela,10081,2025-06-04,2025,PHI,CHC,1,5.0,19,4,3,1,1.01,4,2025_10081_10
Antonio Senzatela,10081,2025-06-22,2025,PHI,NYY,7,6.7,28,5,2,0,0.99,18,2025_10081_11
Antonio Senzatela,10081,2025-06-24,2025,PHI,TEX,2,4.3,24,5,2,1,1.01,2,2025_10081_12
Antonio Senzatela,10081,2025-07-04,2025,PHI,DET,12,4.3,15,5,1,0,1.0,10,2025_10081_13
Antonio Senzatela,10081,2025-07-11,2025,PHI,COL,1,4.7,22,7,1,1,1.01,7,2025_10081_14
Antonio Senzatela,10081,2025-07-18,2025,PHI,CHC,3,3.3,17,5,0,0,0.97,7,2025_10081_15
Antonio Senzatela,10081,2025-07-23,2025,PHI,LAD,7,5.7,25,8,2,1,1.01,5,2025_10081_16
Antonio Senzatela,10081,2025-07-26,2025,PHI,CHC,1,4.0,19,5,1,1,1.01,3,2025_10081_17
Antonio Senzatela,10081,2025-08-07,2025,PHI,COL,3,4.7,21,5,2,1,1.01,12,2025_10081_18
Antonio Senzatela,10081,2025-08-21,2025,PHI,CHW,4,4.0,14,4,4,1,1.01,14,2025_10081_19
Antonio Senzatela,10081,2025-08-23,2025,PHI,KCR,0,3.7,18,2,0,1,1.01,2,2025_10081_20
Antonio Senzatela,10081,2025-08-30,2025,PHI,LAD,4,3.0,11,2,1,0,1.03,7,2025_10081_21
Antonio Senzatela,10081,2025-09-03,2025,PHI,BAL,4,3.3,16,5,2,0,1.0,4,2025_10081_22
Antonio Senzatela,10081,2025-09-04,2025,PHI,DET,2,4.3,15,6,1,1,1.01,1,2025_10081_23
Antonio Senzatela,10081,2025-09-05,2025,PHI,LAA,1,5.0,21,7,2,1,1.01,1,2025_10081_24
Jose Urquidy,10083,2025-03-30,2025,PIT,MIN,7,5.3,27,5,1,1,1.0,5,2025_10083_0
Jose Urquidy,10083,2025-04-11,2025,PIT,WSN,6,4.3,19,5,1,1,1.0,12,2025_10083_1
Jose Urquidy,10083,2025-04-12,2025,PIT,BOS,11,4.7,16,5,0,1,1.0,1,2025_10083_2
Jose Urquidy,10083,2025-04-30,2025,PIT,LAD,13,6.7,27,7,1,1,1.0,18,2025_10083_3
Jose Urquidy,10083,2025-05-06,2025,PIT,TOR,4,4.7,17,4,1,1,1.0,6,2025_10083_4
Jose Urquidy,10083,2025-05-10,2025,PIT,WSN,14,5.3,23,6,1,0,1.01,4,2025_10083_5
Jose Urquidy,10083,2025-05-15,2025,PIT,CIN,15,6.7,29,6,1,1,1.0,5,2025_10083_6
Jose Urquidy,10083,2025-05-28,2025,PIT,SDP,10,5.3,20,3,3,1,1.0,13,2025_10083_7
Jose Urquidy,10083,2025-06-05,2025,PIT,NYY,5,7.0,30,8,3,1,1.0,8,2025_10083_8
Jose Urquidy,10083,2025-06-09,2025,PIT,OAK,9,6.3,29,6,2,1,1.0,4,2025_10083_9
Jose Urquidy,10083,2025-06-12,2025,PIT,CLE,20,8.0,33,9,5,1,1.0,3,2025_10083_10
Jose Urquidy,10083,2025-06-27,2025,PIT,NYY,13,4.7,16,7,2,1,1.0,15,2025_10083_11
Jose Urquidy,10083,2025-07-09,2025,PIT,CIN,11,5.3,24,6,3,1,1.0,12,2025_10083_12
Jose Urquidy,10083,2025-07-10,2025,PIT,ATL,12,6.3,29,8,1,1,1.0,1,2025_10083_13
Jose Urquidy,10083,2025-07-16,2025,PIT,OAK,8,7.3,26,7,4,1,1.0,6,2025_10083_14
Jose Urquidy,10083,2025-07-19,2025,PIT,LAD,10,7.0,31,6,3,1,1.0,3,2025_10083_15
Jose Urquidy,10083,2025-08-01,2025,PIT,SEA,10,5.7,19,6,3,0,1.04,13,2025_10083_16
Jose Urquidy,10083,2025-08-08,2025,PIT,PHI,20,8.7,33,10,3,1,1.0,7,2025_10083_17
Jose Urquidy,10083,2025-08-11,2025,PIT,TBR,7,6.7,28,7,2,1,1.0,3,2025_10083_18
Jose Urquidy,10083,2025-08-12,2025,PIT,SFG,8,6.3,27,8,2,0,1.03,1,2025_10083_19
Jose Urquidy,10083,2025-08-14,2025,PIT,ARI,2,3.7,15,3,1,0,1.03,2,2025_10083_20
Jose Urquidy,10083,2025-08-17,2025,PIT,NYY,11,7.3,31,9,4,0,0.99,3,2025_10083_21
Jose Urquidy,10083,2025-08-18,2025,PIT,CHC,9,6.7,29,6,3,1,1.0,1,2025_10083_22
Jose Urquidy,10083,2025-08-21,2025,PIT,NYY,4,5.0,19,6,2,0,0.99,3,2025_10083_23
Jose Urquidy,10083,2025-08-22,2025,PIT,HOU,14,6.0,23,8,3,0,1.02,1,2025_10083_24
Jose Urquidy,10083,2025-08-26,2025,PIT,NYM,16,7.7,32,9,1,0,1.06,4,2025_10083_25
Jose Urquidy,10083,2025-08-28,2025,PIT,KCR,9,9.0,35,9,3,1,1.0,2,2025_10083_26
Jose Urquidy,10083,2025-09-06,2025,PIT,MIN,4,6.0,25,7,1,1,1.0,9,2025_10083_27
Jose Urquidy,10083,2025-09-17,2025,PIT,LAD,16,6.3,30,7,2,1,1.0,11,2025_10083_28
Yoan Lopez,10084,2025-03-31,2025,TOR,PHI,7,5.3,23,5,1,0,1.01,5,2025_10084_0
Yoan Lopez,10084,2025-04-01,2025,TOR,SEA,2,4.7,17,6,2,0,1.04,1,2025_10084_1
Yoan Lopez,10084,2025-04-02,2025,TOR,DET,8,5.0,17,4,1,1,1.0,1,2025_10084_2
Yoan Lopez,10084,2025-04-04,2025,TOR,MIA,8,7.3,30,8,3,1,1.0,2,2025_10084_3
Yoan Lopez,10084,2025-04-23,2025,TOR,TEX,2,4.3,19,7,1,0,0.99,19,2025_10084_4
Yoan Lopez,10084,2025-05-11,2025,TOR,CLE,6,4.7,21,3,2,1,1.0,18,2025_10084_5
Yoan Lopez,10084,2025-05-12,2025,TOR,SEA,5,3.3,15,1,2,0,1.04,1,2025_10084_6
Yoan Lopez,10084,2025-05-17,2025,TOR,CHC,5,6.0,25,6,2,0,0.97,5,2025_10084_7
Yoan Lopez,10084,2025-05-27,2025,TOR,NYY,1,4.3,16,5,1,1,1.0,10,2025_10084_8
Yoan Lopez,10084,2025-06-06,2025,TOR,ATL,5,7.0,28,8,4,1,1.0,10,2025_10084_9
Yoan Lopez,10084,2025-06-19,2025,TOR,BAL,1,3.0,14,2,1,1,1.0,13,2025_10084_10
Yoan Lopez,10084,2025-06-20,2025,TOR,CHC,5,4.7,22,5,1,0,0.97,1,2025_10084_11
Yoan Lopez,10084,2025-06-22,2025,TOR,STL,7,6.0,22,7,3,1,1.0,2,2025_10084_12
Yoan Lopez,10084,2025-06-25,2025,TOR,CLE,2,5.3,23,6,2,1,1.0,3,2025_10084_13
Yoan Lopez,10084,2025-07-05,2025,TOR,MIA,4,5.3,20,8,2,1,1.0,10,2025_10084_14
Yoan Lopez,10084,2025-07-23,2025,TOR,CIN,1,6.7,31,4,3,0,1.0,18,2025_10084_15
Yoan Lopez,10084,2025-08-06,2025,TOR,CIN,4,6.7,28,7,3,1,1.0,14,2025_10084_16
Yoan Lopez,10084,2025-08-29,2025,TOR,NYY,2,4.0,18,4,0,1,1.0,23,2025_10084_17
Yoan Lopez,10084,2025-09-03,2025,TOR,PHI,1,7.0,29,7,2,1,1.0,5,2025_10084_18
Yoan Lopez,10084,2025-09-07,2025,TOR,KCR,3,5.0,23,6,1,1,1.0,4,2025_10084_19
Yoan Lopez,10084,2025-09-09,2025,TOR,CIN,3,5.7,26,5,1,0,1.0,2,2025_10084_20
Yoan Lopez,10084,2025-09-27,2025,TOR,CIN,6,7.7,27,9,2,1,1.0,18,2025_10084_21
Jake Irvin,10085,2025-04-13,2025,KCR,WSN,3,5.3,26,6,1,1,0.96,5,2025_10085_0
Jake Irvin,10085,2025-04-17,2025,KCR,LAD,4,6.3,28,7,2,1,0.96,4,2025_10085_1
Jake Irvin,10085,2025-04-18,2025,KCR,SDP,2,7.0,32,6,2,1,0.96,1,2025_10085_2
Jake Irvin,10085,2025-04-25,2025,KCR,CLE,10,5.0,19,5,1,0,1.04,7,2025_10085_3
Jake Irvin,10085,2025-04-28,2025,KCR,STL,4,7.0,32,7,2,1,0.96,3,2025_10085_4
Jake Irvin,10085,2025-05-18,2025,KCR,CLE,1,4.3,19,5,1,1,0.96,20,2025_10085_5
Jake Irvin,10085,2025-05-21,2025,KCR,COL,3,4.7,18,6,0,0,0.92,3,2025_10085_6
Jake Irvin,10085,2025-05-22,2025,KCR,TBR,5,6.3,24,5,0,0,1.05,1,2025_10085_7
Jake Irvin,10085,2025-05-31,2025,KCR,CHC,3,7.0,29,9,2,0,0.97,9,2025_10085_8
Jake Irvin,10085,2025-06-09,2025,KCR,COL,2,5.3,19,4,2,1,0.96,9,2025_10085_9
Jake Irvin,10085,2025-06-15,2025,KCR,MIN,1,6.0,27,6,3,1,0.96,6,2025_10085_10
Jake Irvin,10085,2025-06-19,2025,KCR,COL,5,6.0,21,5,3,0,0.92,4,2025_10085_11
Jake Irvin,10085,2025-06-20,2025,KCR,SEA,9,4.7,26,5,1,0,1.04,1,2025_10085_12
Jake Irvin,10085,2025-06-24,2025,KCR,TOR,4,6.0,27,4,2,1,0.96,4,2025_10085_13
Jake Irvin,10085,2025-07-01,2025,KCR,LAD,10,7.3,34,6,2,1,0.96,7,2025_10085_14
Jake Irvin,10085,2025-07-02,2025,KCR,NYY,1,3.7,15,2,2,0,0.99,1,2025_10085_15
Jake Irvin,10085,2025-07-05,2025,KCR,TOR,4,6.0,28,7,3,1,0.96,3,2025_10085_16
Jake Irvin,10085,2025-07-16,2025,KCR,COL,6,5.7,22,6,2,1,0.96,11,2025_10085_17
Jake Irvin,10085,2025-07-20,2025,KCR,PHI,4,6.7,26,5,2,0,1.01,4,2025_10085_18
Jake Irvin,10085,2025-08-05,2025,KCR,LAD,5,5.3,21,3,0,0,1.03,16,2025_10085_19
Jake Irvin,10085,2025-08-18,2025,KCR,TOR,3,5.0,18,5,0,1,0.96,13,2025_10085_20
Jake Irvin,10085,2025-09-13,2025,KCR,ATL,2,5.3,19,5,0,0,1.02,26,2025_10085_21
Jake Irvin,10085,2025-09-14,2025,KCR,CIN,8,7.7,36,10,2,0,1.0,1,2025_10085_22
Jake Irvin,10085,2025-09-15,2025,KCR,COL,5,4.0,15,2,0,1,0.96,1,2025_10085_23
Jake Irvin,10085,2025-09-17,2025,KCR,MIL,7,6.0,27,6,2,1,0.96,2,2025_10085_24
Jake Irvin,10085,2025-09-21,2025,KCR,ATL,6,4.7,22,5,1,1,0.96,4,2025_10085_25
Jake Irvin,10085,2025-09-25,2025,KCR,LAA,5,5.7,27,7,2,0,0.99,4,2025_10085_26
Jake Irvin,10085,2025-09-28,2025,KCR,BAL,5,7.0,25,9,3,1,0.96,3,2025_10085_27
Reese Olson,10086,2025-04-08,2025,WSN,DET,9,6.7,28,8,3,0,1.0,5,2025_10086_0
Reese Olson,10086,2025-04-12,2025,WSN,STL,10,8.3,33,9,3,0,1.0,4,2025_10086_1
Reese Olson,10086,2025-04-15,2025,WSN,TBR,14,8.7,39,9,3,1,1.01,3,2025_10086_2
Reese Olson,10086,2025-04-22,2025,WSN,CLE,13,5.7,24,3,3,1,1.01,7,2025_10086_3
Reese Olson,10086,2025-05-02,2025,WSN,CIN,5,5.0,19,6,1,0,1.0,10,2025_10086_4
Reese Olson,10086,2025-05-06,2025,WSN,MIL,20,9.0,34,8,4,0,1.05,4,2025_10086_5
Reese Olson,10086,2025-05-14,2025,WSN,BAL,10,8.0,38,9,3,0,1.0,8,2025_10086_6
Reese Olson,10086,2025-05-23,2025,WSN,KCR,6,5.7,22,7,1,1,1.01,9,2025_10086_7
Reese Olson,10086,2025-05-28,2025,WSN,ARI,7,7.0,26,5,3,1,1.01,5,2025_10086_8
Reese Olson,10086,2025-05-31,2025,WSN,SEA,5,7.3,28,8,3,0,1.04,3,2025_10086_9
Reese Olson,10086,2025-06-07,2025,WSN,SDP,8,8.0,33,7,2,0,1.08,7,2025_10086_10
Reese Olson,10086,2025-06-17,2025,WSN,ATL,13,6.3,26,6,2,1,1.01,10,2025_10086_11
Reese Olson,10086,2025-06-18,2025,WSN,BAL,12,7.7,32,10,3,0,1.0,1,2025_10086_12
Reese Olson,10086,2025-06-23,2025,WSN,CLE,14,5.7,23,5,3,1,1.01,5,2025_10086_13
Reese Olson,10086,2025-06-28,2025,WSN,ARI,9,5.7,20,5,3,0,1.03,5,2025_10086_14
Reese Olson,10086,2025-06-29,2025,WSN,CIN,14,9.0,35,8,3,1,1.01,1,2025_10086_15
Reese Olson,10086,2025-07-01,2025,WSN,CLE,4,3.7,20,3,1,1,1.01,2,2025_10086_16
Reese Olson,10086,2025-07-06,2025,WSN,CLE,5,7.7,33,8,1,1,1.01,5,2025_10086_17
Reese Olson,10086,2025-07-09,2025,WSN,KCR,10,7.0,29,9,2,1,1.01,3,2025_10086_18
Reese Olson,10086,2025-07-19,2025,WSN,STL,6,7.3,31,9,3,0,1.0,10,2025_10086_19
Reese Olson,10086,2025-07-20,2025,WSN,SFG,8,6.7,29,4,2,0,1.03,1,2025_10086_20
Reese Olson,10086,2025-07-24,2025,WSN,SDP,15,9.0,37,9,4,1,1.01,4,2025_10086_21
Reese Olson,10086,2025-07-27,2025,WSN,CHC,8,6.0,23,5,2,0,0.97,3,2025_10086_22
Reese Olson,10086,2025-08-11,2025,WSN,LAA,13,8.0,35,7,2,1,1.01,15,2025_10086_23
Reese Olson,10086,2025-08-23,2025,WSN,CHC,11,6.7,29,6,2,0,0.97,12,2025_10086_24
Reese Olson,10086,2025-08-25,2025,WSN,DET,12,8.0,33,9,1,1,1.01,2,2025_10086_25
Reese Olson,10086,2025-09-04,2025,WSN,PHI,13,7.0,28,8,2,1,1.01,10,2025_10086_26
Reese Olson,10086,2025-09-08,2025,WSN,STL,20,6.7,28,9,2,1,1.01,4,2025_10086_27
Reese Olson,10086,2025-09-10,2025,WSN,NYY,2,6.7,28,5,2,0,0.99,2,2025_10086_28
Reese Olson,10086,2025-09-12,2025,WSN,PIT,20,8.0,32,8,3,0,1.0,2,2025_10086_29
Reese Olson,10086,2025-09-25,2025,WSN,STL,7,7.3,33,7,3,0,1.0,13,2025_10086_30
Reese Olson,10086,2025-09-28,2025,WSN,BOS,12,7.0,28,9,3,1,1.01,3,2025_10086_31
Cade Cavalli,10087,2025-03-31,2025,PIT,MIL,6,5.3,21,5,3,0,1.05,5,2025_10087_0
Cade Cavalli,10087,2025-04-22,2025,PIT,CLE,9,6.7,29,8,2,0,1.04,22,2025_10087_1
Cade Cavalli,10087,2025-04-27,2025,PIT,PHI,4,6.0,26,9,2,0,1.01,5,2025_10087_2
Cade Cavalli,10087,2025-04-28,2025,PIT,CIN,4,5.3,22,4,1,1,1.0,1,2025_10087_3
Cade Cavalli,10087,2025-04-29,2025,PIT,NYY,1,4.7,20,4,2,1,1.0,1,2025_10087_4
Cade Cavalli,10087,2025-05-11,2025,PIT,BAL,2,4.0,20,5,2,1,1.0,12,2025_10087_5
Cade Cavalli,10087,2025-05-17,2025,PIT,PHI,5,8.0,34,11,4,0,1.01,6,2025_10087_6
Cade Cavalli,10087,2025-05-18,2025,PIT,LAA,1,4.0,17,4,1,0,0.99,1,2025_10087_7
Cade Cavalli,10087,2025-06-19,2025,PIT,LAA,3,5.0,21,7,2,1,1.0,30,2025_10087_8
Cade Cavalli,10087,2025-06-27,2025,PIT,CHW,2,5.3,25,5,1,1,1.0,8,2025_10087_9
Cade Cavalli,10087,2025-07-10,2025,PIT,SDP,1,3.0,17,1,0,1,1.0,13,2025_10087_10
Cade Cavalli,10087,2025-07-18,2025,PIT,MIA,0,3.0,10,3,0,1,1.0,8,2025_10087_11
Cade Cavalli,10087,2025-08-01,2025,PIT,CIN,2,4.7,20,7,2,1,1.0,14,2025_10087_12
Cade Cavalli,10087,2025-08-24,2025,PIT,BAL,5,6.7,30,5,2,1,1.0,23,2025_10087_13
Cade Cavalli,10087,2025-08-25,2025,PIT,HOU,2,4.3,20,5,1,0,1.02,1,2025_10087_14
Cade Cavalli,10087,2025-09-04,2025,PIT,BOS,4,5.0,22,5,2,0,0.98,10,2025_10087_15
Cade Cavalli,10087,2025-09-07,2025,PIT,LAA,0,4.7,17,6,1,0,0.99,3,2025_10087_16
Cade Cavalli,10087,2025-09-17,2025,PIT,ATL,5,5.3,25,6,2,1,1.0,10,2025_10087_17
Cade Cavalli,10087,2025-09-18,2025,PIT,SEA,5,5.3,18,5,3,0,1.04,1,2025_10087_18
Cade Cavalli,10087,2025-09-22,2025,PIT,HOU,2,3.7,15,7,1,0,1.02,4,2025_10087_19
Cade Cavalli,10087,2025-09-23,2025,PIT,HOU,1,3.0,10,5,1,1,1.0,1,2025_10087_20
JP France,10089,2025-04-01,2025,MIL,NYM,6,4.7,23,4,1,1,1.05,5,2025_10089_0
JP France,10089,2025-04-07,2025,MIL,NYY,2,5.3,22,6,2,1,1.05,6,2025_10089_1
JP France,10089,2025-04-11,2025,MIL,KCR,4,3.7,12,3,0,0,0.96,4,2025_10089_2
JP France,10089,2025-05-08,2025,MIL,OAK,9,5.0,21,3,2,1,1.05,27,2025_10089_3
JP France,10089,2025-05-12,2025,MIL,CHW,5,3.3,16,4,1,0,0.99,4,2025_10089_4
JP France,10089,2025-05-13,2025,MIL,CHW,1,3.7,12,0,1,1,1.05,1,2025_10089_5
JP France,10089,2025-05-30,2025,MIL,SFG,7,5.0,23,4,3,0,1.03,17,2025_10089_6
JP France,10089,2025-06-03,2025,MIL,NYY,5,6.0,23,5,2,1,1.05,4,2025_10089_7
JP France,10089,2025-06-04,2025,MIL,HOU,4,5.7,26,7,2,0,1.02,1,2025_10089_8
JP France,10089,2025-06-18,2025,MIL,CLE,1,7.0,27,8,0,0,1.04,14,2025_10089_9
JP France,10089,2025-06-21,2025,MIL,TEX,7,6.0,24,6,1,0,0.99,3,2025_10089_10
JP France,10089,2025-06-22,2025,MIL,SDP,9,6.0,23,6,2,0,1.08,1,2025_10089_11
JP France,10089,2025-06-24,2025,MIL,SEA,2,5.3,23,7,2,1,1.05,2,2025_10089_12
JP France,10089,2025-07-06,2025,MIL,NYY,1,7.0,31,9,2,1,1.05,12,2025_10089_13
JP France,10089,2025-07-14,2025,MIL,KCR,5,3.3,13,3,2,0,0.96,8,2025_10089_14
JP France,10089,2025-07-20,2025,MIL,KCR,3,6.0,26,5,1,0,0.96,6,2025_10089_15
JP France,10089,2025-07-24,2025,MIL,STL,4,6.0,29,7,2,1,1.05,4,2025_10089_16
JP France,10089,2025-07-29,2025,MIL,CHC,3,5.0,19,5,1,0,0.97,5,2025_10089_17
JP France,10089,2025-07-31,2025,MIL,DET,4,5.3,21,4,1,1,1.05,2,2025_10089_18
JP France,10089,2025-08-04,2025,MIL,MIA,4,6.3,32,8,4,0,0.98,4,2025_10089_19
JP France,10089,2025-08-10,2025,MIL,LAD,6,5.3,23,7,1,1,1.05,6,2025_10089_20
JP France,10089,2025-08-29,2025,MIL,TEX,5,6.0,27,7,2,0,0.99,19,2025_10089_21
JP France,10089,2025-08-30,2025,MIL,PHI,1,4.7,16,5,1,1,1.05,1,2025_10089_22
JP France,10089,2025-09-02,2025,MIL,SEA,5,5.3,21,5,0,1,1.05,3,2025_10089_23
JP France,10089,2025-09-07,2025,MIL,HOU,2,4.3,16,3,1,0,1.02,5,2025_10089_24
JP France,10089,2025-09-09,2025,MIL,CIN,3,3.0,16,4,1,0,1.0,2,2025_10089_25
JP France,10089,2025-09-15,2025,MIL,BAL,8,5.3,23,6,3,0,1.0,6,2025_10089_26
JP France,10089,2025-09-18,2025,MIL,ARI,3,5.7,21,6,1,0,1.03,3,2025_10089_27
JP France,10089,2025-09-22,2025,MIL,SEA,3,5.7,19,5,0,1,1.05,4,2025_10089_28
JP France,10089,2025-09-25,2025,MIL,STL,6,6.0,23,5,1,0,1.0,3,2025_10089_29
JP France,10089,2025-09-27,2025,MIL,SFG,4,6.0,22,8,1,0,1.03,2,2025_10089_30
JP France,10089,2025-09-30,2025,MIL,BOS,4,4.3,17,3,1,0,0.98,3,2025_10089_31
